BANC,FAFB,MCNS
720575941521520307,720575940640830453,10376
720575941452157818,720575940619084891,35422
720575941502355691,720575940645808931,530738
720575941573059400,720575940612615833,536998
720575941562295720,720575940635032986,26519
720575941610664621,720575940630137655,515950
720575941589948390,720575940625054647,263851661
720575941645396424,720575940630296428,167050
720575941580041041,720575940604524465,344177
720575941520171959,720575940617043713,61116
720575941574851510,720575940630012663,16542
720575941450620494,720575940618095892,928701
720575941462437264,720575940614956072,56207
720575941351775792,720575940632237534,104990
720575941624479996,720575940630002908,10706
720575941593802091,720575940634714804,192465
720575941524109027,720575940623799335,220219
720575941463953421,720575940633881645,26005
720575941603367865,720575940616735675,147661
720575941651370261,720575940629896183,83344
720575941506197026,720575940631233581,540247
720575941651618069,720575940629098540,29386
720575941610928870,720575940633178872,556667
720575941542361180,720575940659307649,40743
720575941437742559,720575940623461709,109717
720575941552880190,720575940624106340,150277
720575941519241176,720575940645352814,10582
720575941432137313,720575940616964509,109982
720575941541896540,720575940642691744,31036
720575941484123066,720575940629824378,218513
720575941518593452,720575940631650066,92392
720575941452606074,720575940622344216,205974
720575941508937762,720575940630420281,82816
720575941525113956,720575940620306648,33349
720575941508788258,720575940638542936,173565
720575941628077625,720575940616010530,86452
720575941645373857,720575940622340137,536275
720575941633329568,720575940626252062,148931
720575941518234222,720575940613428008,249245
720575941559532559,720575940622706653,11239
720575941688660492,720575940610683342,86737
720575941547512500,720575940627397386,185978
720575941514111564,720575940615323298,14554
720575941559757038,720575940612462307,19229
720575941505765761,720575940620263558,76465
720575941603098814,720575940616813858,18670
720575941574724361,720575940630054735,16850
720575941515951459,720575940614648273,14567
720575941479677519,720575940627634929,14707
720575941548675188,720575940629317450,517257
720575941478637792,720575940613710511,118069
720575941418949908,720575940659150977,226164
720575941519164782,720575940647121972,189142
720575941563548160,720575940632512703,191906
720575941476087326,720575940616111243,15303
720575941533379416,720575940622917876,23421
720575941470004445,720575940621319156,11352
720575941569258866,720575940613052330,59876
720575941528165304,720575940628266578,99410
720575941653750740,720575940623144340,40760
720575941652757489,720575940627062088,15302
720575941466974550,720575940623535029,810541
720575941429640073,720575940629102891,512190
720575941688242328,720575940611807795,35345
720575941408001071,720575940635667607,173799
720575941546755464,720575940617912536,197180
720575941450913402,720575940621255011,148054
720575941489207605,720575940614963359,217516
720575941458103280,720575940636703977,22867
720575941506429605,720575940625818426,266102935
720575941566144814,720575940620947981,49752
720575941551963527,720575940628642216,78063
720575941655107540,720575940622717683,135899
720575941518593134,720575940630899513,306404
720575941554345985,720575940617517661,42619
720575941603028665,720575940613537686,26026
720575941486574598,720575940613668620,33333
720575941449002933,720575940617182365,32169
720575941565144374,720575940625680074,182225468
720575941499218401,720575940611984114,250249
720575941656710736,720575940615659521,15509
720575941651758613,720575940612692963,129936
720575941477411636,720575940623728647,15569
720575941564494994,720575940645564183,309407
720575941434601870,720575940605834882,15430
720575941535264746,720575940629001935,157770
720575941548745332,720575940614602655,42475
720575941393538966,720575940616749661,98879
720575941515541507,720575940628896299,648663099
720575941535237898,720575940621590250,121769
720575941575021725,720575940618402489,63344
720575941450011317,720575940627821553,346302680
720575941411357355,720575940636886639,18673
720575941614366995,720575940640601563,13491
720575941654617817,720575940627750647,544736
720575941526854477,720575940611645333,66550
720575941590374199,720575940617253666,173605
720575941643776850,720575940623151565,176066484
720575941553295899,720575940630930373,172904
720575941563642624,720575940625841214,794490506
720575941536109578,720575940627431311,590394
720575941645342369,720575940604988332,344928887
720575941613447443,720575940614596795,199328457
720575941489489973,720575940613042403,106828
720575941585995910,720575940621689584,73386
720575941490535600,720575940639919824,19570
720575941431561057,720575940636311130,307621
720575941564134242,720575940647523705,160324150
720575941542468956,720575940614595643,47659
720575941504158039,720575940631639097,739955728
720575941442352591,720575940628787944,21819
720575941520735411,720575940620473547,12869
720575941459451807,720575940605023008,523027
720575941441776987,720575940629097078,76141
720575941411777647,720575940626571592,165341
720575941410351019,720575940619954091,205908
720575941605893997,720575940629233884,157978
720575941519146350,720575940626485514,14222
720575941631922117,720575940619679471,157603
720575941670391207,720575940613897890,249310
720575941660769336,720575940607961283,122162
720575941441572443,720575940624107081,52572
720575941390795012,720575940623435239,104321
720575941626434412,720575940628143345,511762
720575941588131652,720575940632081439,300535
720575941644236961,720575940634229871,48265
720575941574418171,720575940622368792,10767
720575941542614876,720575940626348218,804941
720575941524328191,720575940608863241,191675
720575941574778875,720575940630131663,208886
720575941574346397,720575940639212632,194889
720575941504597186,720575940625960360,47819
720575941574918031,720575940628953591,52110
720575941493458096,720575940627221763,13874
720575941534113880,720575940609065774,519546
720575941580917369,720575940621508336,275117
720575941560643175,720575940603266592,522761
720575941590508840,720575940630671953,80549
720575941568317230,720575940614511614,46875
720575941532689125,720575940622301191,42800
720575941431421944,720575940624702698,531581
720575941624252924,720575940607168725,47202
720575941480917187,720575940627234069,13852
720575941624812187,720575940604772576,59042
720575941587993399,720575940611277293,375384
720575941474512955,720575940622723059,48377
720575941555706451,720575940625665405,516902
720575941476250164,720575940612366322,55370
720575941652800273,720575940626417997,102093
720575941569055602,720575940619977398,55081
720575941477713770,720575940632161311,10822
720575941611967452,720575940635463275,143060
720575941470835264,720575940628074711,90679
720575941449101149,720575940618057921,825098
720575941513308236,720575940624091061,316132
720575941476039274,720575940620220698,529459
720575941478675818,720575940627611142,52029
720575941547251124,720575940636501428,172286
720575941515592538,720575940630057039,520168
720575941645584840,720575940619176094,12563
720575941492629680,720575940617598779,60159
720575941642394213,720575940604908972,144747
720575941577489241,720575940618668198,18906
720575941603177462,720575940637080154,159834
720575941551922238,720575940611521778,22736
720575941570720926,720575940635590324,94905
720575941566662503,720575940644528163,176608
720575941392487428,720575940629522474,93128
720575941515913571,720575940632735545,83319
720575941590612478,720575940612398515,57918
720575941623967690,720575940626117904,101048
720575941505120050,720575940621157140,75676
720575941449614429,720575940630797113,553738738
720575941520197303,720575940634800759,74548
720575941414131092,720575940638919485,69938
720575941656223450,720575940609080412,192346
720575941543962629,720575940624124109,36631
720575941440014047,720575940617951291,46785
720575941559950863,720575940617689816,293452
720575941604048830,720575940632463890,229702
720575941527729284,720575940609453013,271794
720575941565823895,720575940617339973,144256
720575941525316685,720575940619395494,83730
720575941408797487,720575940631882636,54408
720575941593229608,720575940615792946,159653
720575941471503479,720575940607339971,57934
720575941538173416,720575940626755783,131344
720575941512481279,720575940619354945,533913
720575941540544637,720575940634320319,115221
720575941434224526,720575940613656231,21403
720575941536044570,720575940628530487,155194
720575941566865511,720575940604581152,84729
720575941564186007,720575940624967463,523773
720575941515909635,720575940631091407,22047
720575941431652015,720575940629009786,921951
720575941508588834,720575940626784868,12660
720575941431373999,720575940610896338,21261
720575941527086873,720575940625003152,14541
720575941459360070,720575940649024121,24709
720575941532215013,720575940620408353,57555
720575941493233790,720575940615151870,101152
720575941612758957,720575940617518548,115982
720575941432172046,720575940633996911,88023
720575941431582345,720575940633033133,207455
720575941531528421,720575940624431288,85220
720575941473687904,720575940641486032,12356
720575941506545980,720575940659323521,80663
720575941437724460,720575940620424641,69175
720575941521872051,720575940641639309,28715
720575941655061977,720575940622657285,525349
720575941411460779,720575940618748929,12308
720575941466194454,720575940604954289,802401
720575941458928031,720575940624117245,520151
720575941625175498,720575940613950530,130973
720575941553697363,720575940618076244,116889
720575941539349141,720575940642328736,67355
720575941598964416,720575940628695056,12985
720575941655095001,720575940614340502,206633
720575941474357290,720575940631368544,430178
720575941716033067,720575940627490663,942168
720575941501976825,720575940619152811,131538
720575941480406402,720575940603984486,146923
720575941401766435,720575940644494752,10800
720575941413923729,720575940621548897,41491
720575941502516530,720575940604974368,115198
720575941495626951,720575940636855871,205021
720575941534435338,720575940615043368,12306
720575941579626577,720575940618659008,41598
720575941454918707,720575940627758135,559107
720575941630478818,720575940631293092,529709
720575941546771636,720575940628716360,513662
720575941499743138,720575940610236740,934247
720575941431459759,720575940619453831,182074
720575941572999419,720575940629472638,108235
720575941440835163,720575940640352334,30437
720575941567161850,720575940637238505,22302
720575941652845041,720575940617884692,10087
720575941492122800,720575940625455134,95970
720575941560578163,720575940630835195,923628
720575941497437769,720575940620445318,102291
720575941570584990,720575940636852294,556759
720575941472966698,720575940621127851,103982
720575941518945459,720575940634525303,48565
720575941533059301,720575940636359275,17614
720575941625519468,720575940625119271,88166
720575941415807260,720575940611810531,71610
720575941476707380,720575940626772357,57545
720575941466587478,720575940645865092,457710
720575941568018676,720575940629795331,61303
720575941687421302,720575940630297292,14952
720575941537142810,720575940622448008,33117
720575941575474319,720575940629020675,878712549
720575941536850368,720575940622549324,190071
720575941681314237,720575940625734714,511993
720575941572171166,720575940644438039,524761
720575941539490941,720575940633925788,81238
720575941640115743,720575940615258163,135172
720575941633806011,720575940620020827,521023
720575941497371721,720575940629854671,27544
720575941456881389,720575940643403208,296771
720575941469682443,720575940631305467,68852
720575941534254570,720575940626093720,26378
720575941539254514,720575940645180360,49962
720575941552326279,720575940603339232,94866
720575941650985493,720575940625565368,397749
720575941516115802,720575940628225034,530860
720575941602236345,720575940624384037,37050
720575941429194633,720575940623388198,53762
720575941453010247,720575940627988306,41799
720575941586104710,720575940629925207,27782
720575941516877715,720575940635736183,115755
720575941574859017,720575940615219417,32069
720575941564632674,720575940621521422,47521
720575941480969123,720575940625003653,28967
720575941507526213,720575940625519633,344038
720575941690766555,720575940629361346,23891
720575941553130779,720575940630043599,154416
720575941480177487,720575940629704297,92774
720575941531584203,720575940624762382,139458
720575941465015830,720575940629516793,99942
720575941499391713,720575940635425893,208587231
720575941598765212,720575940614808386,524242
720575941565741622,720575940626609128,209528
720575941501374699,720575940612053221,114443
720575941572956232,720575940602447328,129436
720575941654719700,720575940631735265,81419
720575941645571784,720575940605781449,54017
720575941454033971,720575940628433511,85141
720575941491766247,720575940617387732,58243
720575941606929261,720575940652083190,13411
720575941540585933,720575940612264817,12567
720575941513096012,720575940626162890,12850
720575941505088023,720575940625835278,20535
720575941588595012,720575940622981902,52575
720575941438015506,720575940629835419,419239
720575941515893859,720575940609002360,165017
720575941540213965,720575940632129848,13180
720575941494597758,720575940611199698,82562
720575941479077738,720575940614623455,156733
720575941598243776,720575940622559882,168653
720575941498702971,720575940616673366,19285
720575941486706896,720575940605706686,231544
720575941452009338,720575940628675151,47027
720575941477242929,720575940640714192,202892
720575941566646375,720575940625923527,25411
720575941609764781,720575940645179592,27052
720575941441815899,720575940630662737,325080
720575941563349906,720575940638357813,84031
720575941439800287,720575940621715550,230378
720575941433311502,720575940632246546,92760
720575941457181766,720575940644994436,54324
720575941480021472,720575940635694015,518104
720575941509014401,720575940623043939,517674
720575941574515126,720575940627206140,28260
720575941508471824,720575940645556334,516930
720575941531609061,720575940617771521,103832
720575941565174167,720575940629366332,118234
720575941625295259,720575940622785062,18015
720575941612757165,720575940630925330,403791
720575941689370264,720575940616287645,516564
720575941537092840,720575940631619384,55094
720575941519617646,720575940609365828,14309
720575941494960254,720575940627210568,40447
720575941702256090,720575940613868511,55985
720575941477468980,720575940632004549,49326
720575941412975471,720575940618467485,940825
720575941680537789,720575940638888819,72145
720575941473849952,720575940620320193,166331476
720575941448154132,720575940631698340,22607
720575941452429690,720575940609082180,16885
720575941680255933,720575940610261346,572394633
720575941507077399,720575940627313180,21662
720575941410505583,720575940606352050,142491
720575941558380815,720575940625876099,33797
720575941595489750,720575940625492152,192419
720575941702824666,720575940617982800,65712
720575941498736034,720575940603374624,111439
720575941560946791,720575940632880173,516218
720575941604006134,720575940636574527,13037
720575941564707328,720575940631796803,22671
720575941504235095,720575940644591668,543849
720575941392954884,720575940640536408,12854
720575941557372708,720575940624049338,147908
720575941511378130,720575940624713660,83783
720575941503947863,720575940623090412,308517
720575941466906134,720575940634126949,17414
720575941595592325,720575940632010567,88655
720575941617613269,720575940615067688,39861
720575941556498660,720575940608683477,521152
720575941575324061,720575940623983504,500083
720575941533800170,720575940631130655,104825
720575941460661188,720575940605188542,53097
720575941657270808,720575940616423366,107361
720575941504221746,720575940640238032,539142
720575941416261916,720575940616071563,31246
720575941499893154,720575940614501672,530448
720575941470236023,720575940631968599,14152
720575941440787803,720575940621741094,28394
720575941559125007,720575940621051501,407325
720575941413955729,720575940617063325,435333
720575941485303693,720575940622510323,455924920
720575941598800576,720575940636997744,520895
720575941411616683,720575940628966912,513717
720575941408604078,720575940621957381,57992
720575941586218374,720575940637555288,18668
720575941723443770,720575940623988971,85753
720575941511236306,720575940630105687,542228
720575941488344528,720575940623212170,54845
720575941632007611,720575940613315301,65084
720575941532854501,720575940627855620,53581
720575941553699994,720575940617091302,158196
720575941437085759,720575940626131528,90987
720575941474552372,720575940637013349,34683
720575941431868408,720575940623199880,37910
720575941579212121,720575940612243313,500269
720575941545167721,720575940600124169,104365
720575941553366555,720575940619090548,17303
720575941615448473,720575940610435441,102258
720575941483553478,720575940648646532,10750
720575941517239724,720575940626801551,94516
720575941505707173,720575940607926229,516668
720575941668053681,720575940620181486,85850
720575941503410007,720575940614310050,17241
720575941470950464,720575940634181984,523980024
720575941555461377,720575940621181066,12393
720575941653931225,720575940635537271,67378
720575941688161142,720575940629644375,938975
720575941626744793,720575940630654539,939616
720575941479488224,720575940626427529,524016
720575941477411614,720575940629351161,90902
720575941480684674,720575940645240116,84698
720575941633108155,720575940617037510,91828
720575941508437598,720575940621776410,112824
720575941658886736,720575940622148490,229545
720575941437536556,720575940618266459,527408
720575941547852680,720575940611758834,84999
720575941531329483,720575940611002737,66564
720575941498055291,720575940634607511,76676
720575941451001466,720575940639047514,20145
720575941491808743,720575940629607276,531984
720575941578629465,720575940639139187,21478
720575941667611057,720575940639161472,130667
720575941485332742,720575940614740655,350714
720575941474311264,720575940627126889,119210
720575941598627776,720575940631217782,246478
720575941497788322,720575940636551086,180905
720575941550210621,720575940615184863,18387
720575941497822075,720575940621201092,58394
720575941556379108,720575940629304702,11737
720575941435510414,720575940616404820,55305
720575941687240460,720575940614919709,238902
720575941459023430,720575940620953254,65469
720575941529446347,720575940628840574,55743
720575941472070720,720575940631990359,17804
720575941491196878,720575940630435525,15911
720575941523364683,720575940640850317,511754
720575941502721003,720575940637431613,200512
720575941537417341,720575940622155290,59703
720575941430255864,720575940623001736,545702226
720575941565554439,720575940620766497,86732
720575941508506914,720575940626860487,215871
720575941560266478,720575940613374879,197172
720575941556439524,720575940627090521,425802
720575941654502361,720575940627978782,76869
720575941474379067,720575940627043197,64986
720575941547071849,720575940615451042,394595
720575941533492355,720575940631289135,19661
720575941586670814,720575940627735422,533162
720575941481583811,720575940613034602,24829
720575941517968300,720575940635527322,70482
720575941553097243,720575940635696535,43867
720575941614372115,720575940627836354,21877
720575941498513787,720575940611982997,666801768
720575941440457045,720575940623143060,62238
720575941566388790,720575940627552125,519267
720575941612233830,720575940619661888,31712
720575941563716096,720575940645303918,195397
720575941411649963,720575940618833624,12225
720575941564842903,720575940614066483,58971
720575941536149770,720575940605597385,18484
720575941598831260,720575940618173787,317223538
720575941662983224,720575940618550699,71633
720575941546397033,720575940627707753,38188
720575941565178471,720575940608067029,71311
720575941625455771,720575940640130432,932780
720575941402440995,720575940617219933,553895
720575941592759915,720575940624574100,25354
720575941414086292,720575940630607756,237046948
720575941548122173,720575940625161008,26520
720575941462748560,720575940616481397,512186
720575941523188043,720575940626093553,908793
720575941629414438,720575940620171796,76217
720575941439787983,720575940630625593,61102
720575941440534613,720575940637291197,23405
720575941554589185,720575940625201241,79417
720575941500196747,720575940625886360,29348
720575941564493831,720575940640002071,24427
720575941536620314,720575940607718101,54492
720575941563670882,720575940628874395,531241
720575941574902685,720575940625823280,15236
720575941603313849,720575940625871949,522745
720575941598950556,720575940619757366,11475
720575941540365005,720575940635690391,20140
720575941447594004,720575940654008737,524133
720575941472190987,720575940614927989,25108
720575941472958093,720575940637844157,213211
720575941578850385,720575940645603095,51397
720575941392918788,720575940626140164,19880
720575941470826251,720575940625938831,62240
720575941477257281,720575940619465904,545375
720575941413485201,720575940629952374,94310
720575941633291936,720575940623585208,519930
720575941461664452,720575940626702159,108941
720575941553098267,720575940624537836,95167
720575941510571536,720575940625491556,1033806156
720575941723362106,720575940628238023,514053
720575941569036282,720575940637583216,108900
720575941503828715,720575940639442595,475469
720575941593430486,720575940632803223,61398
720575941456888813,720575940611516586,127773554
720575941688129775,720575940626572802,11253
720575941503923543,720575940624911548,16058
720575941655161561,720575940624996298,20393
720575941503879147,720575940624106948,500091
720575941535485528,720575940624889323,17249
720575941508575361,720575940625358157,438727
720575941483182790,720575940625595696,15570
720575941507068229,720575940615512130,42549
720575941565431047,720575940634065087,18358
720575941412731028,720575940630502162,21962
720575941611673702,720575940629407020,19984
720575941448048404,720575940611201998,536469
720575941590223358,720575940616851286,120303
720575941588582468,720575940622209574,129576
720575941450197853,720575940618738853,297455
720575941561291565,720575940610580377,79522
720575941633736123,720575940616055858,23602
720575941593660267,720575940614611142,151629
720575941627083577,720575940620571953,10969
720575941460712592,720575940624485828,56320
720575941436676140,720575940630786242,38269
720575941629983526,720575940622970515,521987
720575941546501300,720575940634441102,51682
720575941566308406,720575940640660029,17071
720575941643606866,720575940633411155,50811
720575941477559604,720575940611504869,259299
720575941568806770,720575940620382400,49983
720575941512359500,720575940620225313,142761
720575941450777934,720575940619898197,44949
720575941474247722,720575940624434616,119570
720575941544677637,720575940626961694,26602
720575941518818220,720575940617089241,1051062549
720575941515485443,720575940626270236,251085475
720575941474129760,720575940628204008,166304
720575941483384774,720575940609825033,516953
720575941593323813,720575940634877620,35166
720575941595605029,720575940610309034,43730
720575941535162712,720575940633123539,523644
720575941524781643,720575940627502338,10003
720575941560788851,720575940618606040,12458
720575941687968374,720575940635280495,34684
720575941559350766,720575940627209990,103364
720575941645177720,720575940622880525,804351
720575941552229887,720575940622779076,268363
720575941512634444,720575940627197190,49539
720575941491300041,720575940625737971,22420
720575941625452699,720575940620715789,215151
720575941549997629,720575940626676869,298089
720575941479079075,720575940616968059,56398
720575941604008694,720575940617720221,205314
720575941551740478,720575940637881432,13973
720575941564810496,720575940616739485,140742
720575941566927610,720575940627588218,107860
720575941481564495,720575940631684321,514929
720575941566123415,720575940618615381,169455
720575941435842348,720575940632607127,27747
720575941526379341,720575940614909579,81233
720575941523574347,720575940628160617,148451
720575941435451790,720575940621449804,20631
720575941450039477,720575940615378399,33829
720575941489459943,720575940613710061,52456
720575941595840113,720575940635185315,150621
720575941554501459,720575940641285877,321015
720575941527078681,720575940626953049,43697
720575941553210395,720575940607685700,525031
720575941494330750,720575940613608089,97985
720575941517220780,720575940621334989,50963
720575941515885315,720575940603201452,14543
720575941554766490,720575940640614363,63730
720575941352263984,720575940609010524,31161
720575941538221288,720575940610610841,11676
720575941671052455,720575940623890890,74368
720575941491473356,720575940621731475,62962
720575941448968029,720575940618519454,248583
720575941592622632,720575940634433887,88321
720575941538288533,720575940605431840,236035
720575941428274313,720575940614413685,228438
720575941573499464,720575940615637334,41746
720575941441905755,720575940611015958,22733
720575941526621517,720575940626362696,81700
720575941496292807,720575940635022527,535316
720575941595109334,720575940607401138,16936
720575941657915672,720575940627166632,39656
720575941655240153,720575940621268830,10624
720575941467776278,720575940617561669,10461
720575941479434720,720575940621767306,22190
720575941462876560,720575940620695243,23238
720575941574040329,720575940634756203,517881
720575941473184315,720575940622588165,91190
720575941596879516,720575940621916952,22603
720575941540434045,720575940626322746,33035
720575941548428916,720575940628245607,28387
720575941415744796,720575940630210682,189107
720575941531535333,720575940628783363,12859
720575941534264810,720575940619067374,29537
720575941652078577,720575940618003515,21234
720575941505412517,720575940619083349,918248
720575941471703819,720575940636927374,25491
720575941645422536,720575940631239076,525229
720575941608026733,720575940616965460,67556
720575941474646577,720575940634209376,154400
720575941481013923,720575940617975675,46584
720575941447461908,720575940633119149,35505
720575941632998853,720575940634761208,238209
720575941535087704,720575940609282825,10456
720575941555661139,720575940609499086,14604
720575941520393651,720575940626741013,92735
720575941691167640,720575940622309726,10898
720575941401648419,720575940623189739,205095020
720575941528189350,720575940626829992,520926
720575941663657084,720575940614973708,16866
720575941526649602,720575940631015255,32018
720575941517144292,720575940620024560,635198882
720575941429258671,720575940624081852,107583
720575941498978210,720575940619953391,127314
720575941551556967,720575940632302161,146756
720575941689238491,720575940628425475,50280
720575941533834162,720575940616738683,512536
720575941454716979,720575940616558405,103183
720575941474152544,720575940653183905,27371
720575941611028909,720575940628828688,975394666
720575941439711835,720575940633400986,149488
720575941689462747,720575940624999114,102929
720575941548166177,720575940632155207,542058
720575941542474269,720575940622690824,97083
720575941539335257,720575940629512966,289631
720575941541529436,720575940609843349,170865
720575941538877133,720575940625431122,105789
720575941485709776,720575940622409991,96161
720575941470772491,720575940618628443,148852
720575941579796561,720575940620715224,10826
720575941681144509,720575940629125996,21248
720575941578853877,720575940627357713,919429
720575941604137662,720575940615230175,273974394
720575941429537967,720575940631614924,66155
720575941652515825,720575940629856515,209656
720575941563219858,720575940610241860,407819
720575941523093495,720575940639096125,164099
720575941409350315,720575940623725385,138217
720575941614803865,720575940623071270,298517
720575941586736606,720575940635271086,25972
720575941550561341,720575940635210603,11632
720575941452943273,720575940625503321,25555
720575941450867271,720575940612305250,59511
720575941524301055,720575940626477839,108838
720575941597762752,720575940626494089,512329
720575941620062335,720575940611554034,26722
720575941671543463,720575940614944977,532655
720575941461560720,720575940624820861,171693
720575941564152722,720575940622674504,953893
720575941478044778,720575940636284762,169769
720575941531873227,720575940632698413,161755
720575941461498323,720575940630530635,22008
720575941613674716,720575940611035866,72051
720575941661385784,720575940626551707,34432
720575941434810510,720575940641921421,529072
720575941516069625,720575940616824965,111207
720575941527273316,720575940622447309,56630
720575941554139905,720575940633832628,144315
720575941459286598,720575940648290937,33476
720575941645268897,720575940622517530,339258
720575941595689765,720575940623147959,386909
720575941513865425,720575940620030384,214857
720575941476129585,720575940613681458,151224
720575941477274654,720575940617251545,102607
720575941527991462,720575940610617668,37313
720575941595156613,720575940623660740,74864
720575941632059372,720575940622008560,13030
720575941416673308,720575940624226707,38846
720575941630562018,720575940639908467,50229
720575941534372530,720575940641836232,122460
720575941391966212,720575940629837628,289180
720575941481142351,720575940621360264,126699
720575941411252907,720575940622903560,53198
720575941535535553,720575940615425314,71444
720575941546101081,720575940621461441,500057
720575941543357957,720575940637461389,209236
720575941590164478,720575940607416587,60330
720575941503053399,720575940608480836,24933
720575941459018480,720575940633410923,24525
720575941505509029,720575940612066600,49719
720575941671926183,720575940625136228,327161
720575941431112289,720575940630196588,925890
720575941573655561,720575940626426823,120187
720575941577866577,720575940626670620,69448
720575941585643142,720575940636487902,99603
720575941439305679,720575940617225565,13316
720575941476520222,720575940623931918,514897
720575941503889751,720575940637165987,26534
720575941513508049,720575940612207473,555144
720575941628903462,720575940627327938,520134
720575941544221538,720575940625336043,131772
720575941529653944,720575940626318878,197814
720575941450924366,720575940623013355,222240
720575941519494254,720575940639427416,105395
720575941626653834,720575940614259679,63772
720575941451023482,720575940625716357,35469
720575941436095788,720575940618440943,29310
720575941686930038,720575940640753104,149903
720575941645220728,720575940634523255,17645
720575941448056669,720575940618401605,164157
720575941504723906,720575940641229520,513968
720575941437971541,720575940621909739,27254
720575941430811384,720575940631687844,32196
720575941535084120,720575940631769845,145088940
720575941516698127,720575940613191591,436612
720575941464978710,720575940624124956,154348
720575941552643841,720575940617662438,78157
720575941545840217,720575940613609881,187630
720575941564283746,720575940623057642,184586
720575941565754722,720575940631468258,110756
720575941474079328,720575940621658971,20040
720575941554257380,720575940614574061,78626
720575941536879808,720575940623914851,129666
720575941431263919,720575940611736872,45802
720575941576536680,720575940623326443,18836
720575941652987889,720575940614434046,58999
720575941633550752,720575940619973211,925474
720575941566826066,720575940621143405,193907
720575941563655336,720575940623133223,909498
720575941558878479,720575940627776506,29208
720575941515808003,720575940603911340,216121
720575941652493524,720575940641781133,22474
720575941538975637,720575940614792554,60784
720575941528580811,720575940617816661,150027
720575941554285339,720575940611240627,206644
720575941538212082,720575940621614246,56639
720575941509704208,720575940625988751,35062
720575941506363452,720575940632473106,519901
720575941575098120,720575940613053146,19265
720575941585794694,720575940626142757,174962
720575941411405995,720575940622197313,23566
720575941524126978,720575940610453162,535347
720575941583888991,720575940623324087,148748
720575941507986782,720575940622115425,57338
720575941432201057,720575940613158142,178721
720575941541873756,720575940637041118,76490
720575941459391302,720575940637335694,56392
720575941612201062,720575940625811096,58482
720575941555612132,720575940621164720,142538
720575941590077438,720575940616169010,13313
720575941640794399,720575940617787293,13336
720575941452597626,720575940639467829,169131
720575941578687833,720575940629583914,77869
720575941481093027,720575940611738035,526311
720575941430250377,720575940606900354,12982
720575941477558580,720575940625367102,514543
720575941601022710,720575940646554659,44529
720575941515637338,720575940608483164,270708
720575941478736770,720575940642025357,106067
720575941529431992,720575940610175218,123648
720575941586238598,720575940615055144,41125
720575941393999900,720575940652738806,198956
720575941525998758,720575940646792739,151451
720575941575993448,720575940628394322,70663
720575941558031887,720575940625114877,103791775
720575941659568464,720575940633293794,265556305
720575941498998395,720575940613793170,30228
720575941439856095,720575940612526834,105454
720575941466509910,720575940629220828,30738
720575941669975975,720575940635398255,15112
720575941471377015,720575940624291149,532421
720575941670005425,720575940618574983,244397
720575941540498813,720575940605797222,27353
720575941703810522,720575940615620002,10537
720575941669398193,720575940623136717,10463
720575941610209453,720575940612620269,48276
720575941508141406,720575940618795911,102317176
720575941596573829,720575940604147633,71858
720575941519556568,720575940604330854,15874
720575941514326860,720575940620465172,37783
720575941548363656,720575940625616521,96267
720575941551774526,720575940616026939,11410
720575941615836629,720575940630996754,126078
720575941466637846,720575940622146698,226587
720575941687623948,720575940617815687,249842
720575941470861120,720575940631271235,55576
720575941659225168,720575940623748615,435343
720575941594682070,720575940623840589,928855
720575941436721440,720575940609486690,101279
720575941412617105,720575940640993525,133496
720575941410113451,720575940626279486,44319
720575941596727452,720575940631023980,108562
720575941476823092,720575940616784214,51250
720575941574016157,720575940650495609,101340
720575941487688144,720575940636408165,38229
720575941433253902,720575940635515744,13244
720575941571456328,720575940646088068,12113
720575941604703422,720575940621449933,103917697
720575941557275684,720575940620490093,72354
720575941533818712,720575940634954009,90763
720575941416297244,720575940645869188,28190
720575941441454271,720575940616121147,23617
720575941562404008,720575940615108714,32680
720575941427817300,720575940634771892,258421
720575941625465482,720575940635837797,518772
720575941536276673,720575940622931091,520440
720575941448448181,720575940628228251,50548
720575941586289118,720575940625025255,94434
720575941633116869,720575940610116757,31257
720575941452395898,720575940632045839,14409
720575941634167483,720575940611160952,922369
720575941668858535,720575940608903122,33627
720575941643436882,720575940615795359,26528
720575941563601462,720575940634893419,556502
720575941433116046,720575940627414887,22462
720575941430035119,720575940621762567,285743
720575941545498292,720575940612432021,97448
720575941497035643,720575940615360657,109328
720575941489638094,720575940630058752,14246
720575941535115096,720575940626257930,103428
720575941652874513,720575940622812799,42426
720575941494206846,720575940627085578,228917
720575941440583253,720575940618259269,532643
720575941531101925,720575940648418425,31563
720575941506142021,720575940635886057,176438
720575941465672214,720575940629008439,27882
720575941440862811,720575940623935588,31132
720575941552313883,720575940621398348,38245
720575941666267379,720575940649571961,131408
720575941498300795,720575940608971218,243283
720575941462885008,720575940624840679,27968
720575941536286400,720575940619599921,154850
720575941626032074,720575940625887207,13034
720575941690884827,720575940624955367,524975
720575941613478675,720575940613664874,32864
720575941534995994,720575940624433027,60056
720575941430163887,720575940627209734,71357
720575941523217143,720575940624604560,786482749
720575941587018462,720575940611372714,494162309
720575941600594729,720575940629046377,19122
720575941506427461,720575940609903602,83289
720575941593124203,720575940623230733,529269
720575941475712571,720575940623105719,101761
720575941511470034,720575940621568767,514377
720575941491055820,720575940630671734,35630
720575941547452084,720575940625747812,11298
720575941435952416,720575940616613009,75415
720575941502274187,720575940639278781,529498
720575941486825990,720575940628994524,220220516
720575941462504592,720575940628412944,76614
720575941540559309,720575940628213385,11358
720575941625632876,720575940632076751,26856
720575941508261922,720575940611939290,13499
720575941578384629,720575940621401222,10601
720575941491965415,720575940637416078,14697
720575941546079668,720575940626844815,37894
720575941516536825,720575940640263989,409246
720575941562682624,720575940607434564,91538
720575941620037759,720575940604122982,252053
720575941654105049,720575940625532689,70235
720575941591683212,720575940627881728,54604
720575941554110235,720575940630385000,15658
720575941600746793,720575940619064065,20733
720575941591627900,720575940647383428,16012
720575941703392730,720575940638892351,11773
720575941611704422,720575940629176663,463048
720575941633463712,720575940623706365,100551
720575941623100668,720575940623643832,124624
720575941458271903,720575940633675603,14833
720575941525888100,720575940609768149,44665
720575941460102340,720575940618855883,12469
720575941526979684,720575940633299743,35689
720575941655042777,720575940621298523,513767
720575941552547226,720575940623650023,54365
720575941447227061,720575940620386981,21944
720575941536838898,720575940609037432,20621
720575941586232454,720575940616629051,11854
720575941484170381,720575940622408542,511987
720575941406854447,720575940639831411,96469
720575941477612906,720575940622833577,369074
720575941595505189,720575940628823299,37282
720575941558369907,720575940609664963,35873
720575941461729476,720575940637022271,32305
720575941548762722,720575940628218129,126130
720575941544629353,720575940634667371,49292
720575941560753523,720575940628394578,11043
720575941658897944,720575940629955915,151777
720575941404016240,720575940635063135,117446
720575941690325467,720575940618420417,55258
720575941439522783,720575940625955877,62314
720575941549983549,720575940641489141,133318818
720575941529376388,720575940635460270,26380
720575941579680889,720575940618160273,546731
720575941573761275,720575940629677655,175274
720575941574163464,720575940618319444,201624
720575941515630947,720575940629421159,800845
720575941545731945,720575940640204477,15493
720575941466779222,720575940640779379,25626
720575941586700254,720575940619998228,390191
720575941527119782,720575940629298679,512899
720575941644405192,720575940620257216,79679
720575941519295598,720575940629248044,922423
720575941550034493,720575940659996033,215878
720575941484575554,720575940632357187,105422
720575941536420362,720575940629887695,511976
720575941511863250,720575940623863614,21870
720575941651434261,720575940610458926,126740
720575941503718450,720575940615225055,493774068
720575941538659989,720575940632027975,513764
720575941408828719,720575940647087492,84934
720575941689476827,720575940632361111,556071
720575941452919721,720575940625972879,516846
720575941481904570,720575940629495631,49773
720575941550242420,720575940638406205,556682
720575941478700256,720575940606025318,25307
720575941540207389,720575940633374116,121008
720575941610518886,720575940634057151,33752
720575941617813375,720575940616584607,25203
720575941436680224,720575940620702746,177924
720575941504675522,720575940615513995,513553
720575941449693818,720575940612896485,45735
720575941628710694,720575940602534112,25046
720575941432035031,720575940625360784,180317
720575941535396586,720575940610073412,12919
720575941644172370,720575940631337519,72591
720575941352944432,720575940620107585,32094
720575941431111087,720575940617953241,24966
720575941565566215,720575940622442409,62772
720575941552726407,720575940619332944,10236
720575941619283839,720575940627429907,454027165
720575941586591710,720575940635076344,36295
720575941688490392,720575940619649109,99248
720575941476854324,720575940619872238,55565
720575941480815555,720575940628565391,67066
720575941565243287,720575940625349680,52767
720575941471550475,720575940630780589,14642
720575941461525715,720575940627275090,14761
720575941653858065,720575940616661465,11957
720575941574352783,720575940606745289,67809
720575941572573512,720575940620206068,298220
720575941431124321,720575940630750279,331154
720575941558421742,720575940611154162,39606
720575941431063822,720575940630471695,123894
720575941595021425,720575940619197899,71469
720575941638242165,720575940622713638,95713
720575941601297705,720575940620749807,13366
720575941438206431,720575940615964485,542621
720575941546307945,720575940626907383,268762
720575941477378590,720575940627126727,47178
720575941596546693,720575940612628195,44167
720575941431034249,720575940616167744,76000
720575941626474092,720575940637391582,506819
720575941486639366,720575940626565528,127498
720575941597304768,720575940609221641,80394
720575941597581724,720575940624988304,537128
720575941479416544,720575940615613396,38800
720575941502142187,720575940617947702,123503
720575941643637861,720575940612374501,156682
720575941572911944,720575940624005572,94086
720575941439464255,720575940629605327,40641
720575941586628062,720575940627444746,73992
720575941522572791,720575940638722138,19623
720575941460141638,720575940611327129,57892
720575941542469724,720575940619114918,524518
720575941550194292,720575940653703841,28725
720575941681647293,720575940612860273,10818
720575941461816531,720575940635609975,508478
720575941538460565,720575940612071130,37552
720575941454335539,720575940631161570,26102
720575941511189836,720575940616356672,90710
720575941637710197,720575940626477208,95099
720575941414785564,720575940637104710,112804
720575941480236111,720575940622948028,129014
720575941645918152,720575940617448331,402239
720575941392768004,720575940635114347,321054
720575941487186384,720575940635276144,43964
720575941537490813,720575940634333338,64257
720575941613501916,720575940617317819,102915
720575941658542928,720575940619266183,535513
720575941477785921,720575940638225597,543429
720575941539715826,720575940625449971,244156
720575941529222840,720575940625724803,144399
720575941480487904,720575940638871128,304961
720575941504762306,720575940621610572,59497
720575941538336381,720575940635166571,188947
720575941541839389,720575940625449554,515775
720575941576285878,720575940636740270,86755
720575941492588976,720575940630803727,10979
720575941555321601,720575940643683744,13465
720575941486797574,720575940620343345,21970
720575941519192792,720575940612387474,227788
720575941632362656,720575940610634666,45711
720575941502081419,720575940613213736,85570
720575941546346653,720575940616203067,752011430
720575941490983399,720575940617018183,90567
720575941506795077,720575940621117684,64591
720575941392015254,720575940604947680,237321
720575941462098116,720575940618267339,307879
720575941471447159,720575940625488156,180082
720575941491134156,720575940621587324,33291
720575941438901333,720575940619434432,31584
720575941486073040,720575940623418185,27067
720575941440379733,720575940626562833,10810
720575941456826608,720575940628138005,91158
720575941527295910,720575940614102930,173031
720575941450039221,720575940611297649,14127
720575941685691375,720575940620287820,30777
720575941458912752,720575940626605200,100485
720575941533578177,720575940623968612,151406
720575941691431320,720575940645791028,48392
720575941476883230,720575940629476199,80797
720575941536659349,720575940616545793,21911
720575941439427669,720575940605755424,512975
720575941522552823,720575940623210445,514625
720575941731700523,720575940634294111,201419
720575941447393717,720575940625566188,17751
720575941473987168,720575940626951513,21803
720575941652228337,720575940621818858,22293
720575941505165506,720575940623817715,16485
720575941503783874,720575940626088281,32721
720575941453274025,720575940617423105,30921
720575941556844452,720575940618797120,85807
720575941556195300,720575940645537902,12874
720575941480231107,720575940629455415,111245
720575941649909233,720575940626494210,34719
720575941439505887,720575940614327442,157524
720575941567443450,720575940616941969,30005
720575941631976864,720575940619373703,520068
720575941599054272,720575940607301131,514647
720575941652614641,720575940626046083,17579
720575941461959620,720575940631321618,710176974
720575941552443135,720575940625829386,542371
720575941644099528,720575940627047912,35598
720575941453401415,720575940634731188,514904
720575941548669729,720575940629501003,511796
720575941544021858,720575940624930485,173757
720575941436428332,720575940616176852,99107
720575941525946724,720575940637562469,76330
720575941516332378,720575940625415043,124321
720575941505755159,720575940629106438,18286
720575941451172686,720575940629167612,116232
720575941546753724,720575940622406694,555301
720575941590962572,720575940621436325,149430
720575941503770603,720575940611336421,114704
720575941603319542,720575940618973765,31919
720575941591061246,720575940614569944,79897
720575941669864113,720575940624974473,217233
720575941574378249,720575940624809805,54160
720575941549764129,720575940634307553,13311
720575941530093752,720575940622161366,14628
720575941520327603,720575940629938127,30590
720575941517637292,720575940604630240,142769
720575941498903675,720575940620847342,539006
720575941479399587,720575940638065571,21540
720575941690682075,720575940637143359,77392
720575941531570563,720575940623815100,25648
720575941512554060,720575940633367377,68734
720575941596704133,720575940612181106,36581
720575941410768811,720575940638936629,136581
720575941480760143,720575940630461265,101792
720575941539524813,720575940623325993,473437
720575941504890753,720575940613514098,565157
720575941594954454,720575940622958059,514032
720575941625388908,720575940606452681,76898
720575941645103224,720575940624700674,95015
720575941543231261,720575940622156148,18586
720575941474921258,720575940620555013,136416
720575941504707010,720575940633983639,245127
720575941515922778,720575940624977847,11859
720575941412065391,720575940619475376,76455
720575941586118622,720575940646880820,126302
720575941506964759,720575940639895003,517819
720575941597042309,720575940643791304,274169
720575941563551656,720575940619891591,13578
720575941609735242,720575940617608053,59204
720575941547774088,720575940605083838,142189
720575941576038248,720575940626011576,40105
720575941579420149,720575940613348271,550660
720575941655471321,720575940627233435,76948
720575941649827093,720575940616417090,526904
720575941462005904,720575940626112774,105092
720575941447935764,720575940632512156,10578
720575941413291668,720575940622056572,53662
720575941491176142,720575940630209658,921227
720575941535143000,720575940636944966,140776
720575941619003263,720575940637619007,370737
720575941554283803,720575940623984677,85756
720575941572408136,720575940631004728,519358
720575941511336402,720575940621325034,514021
720575941429552009,720575940630541050,47032
720575941644727713,720575940619822942,522975
720575941537754600,720575940605421442,547655
720575941536507162,720575940608269102,156076
720575941482675910,720575940617938334,527331
720575941467865878,720575940631837507,513713
720575941505410876,720575940627403578,15450
720575941470195723,720575940624874983,13514
720575941568371246,720575940619074049,12254
720575941644114770,720575940615660613,16718
720575941401231907,720575940614884502,26422
720575941519872984,720575940621930710,370273
720575941526484190,720575940622332540,453549
720575941667615219,720575940644255255,11546
720575941631088610,720575940628684154,54019
720575941483175421,720575940635951295,546183
720575941479328675,720575940638465443,94947
720575941643182674,720575940620477556,274149
720575941428748681,720575940625841351,30803
720575941450103930,720575940612546991,41263
720575941614730393,720575940637606982,31138
720575941525923149,720575940623708135,918924
720575941493209982,720575940609762094,96134
720575941439190572,720575940620977740,524695
720575941454820659,720575940638639838,78555
720575941445707284,720575940613527021,14501
720575941614043868,720575940636992686,192611
720575941564813063,720575940616639837,57128
720575941507894366,720575940628387663,550221
720575941536440808,720575940603637438,17860
720575941611548137,720575940637353193,15289
720575941578886225,720575940626847765,86803
720575941546037692,720575940607924098,542313
720575941435109262,720575940631368652,142100
720575941503790059,720575940611811704,17060
720575941555367681,720575940619511345,66146
720575941578106101,720575940640612480,12032
720575941617538773,720575940622668031,83619
720575941490117068,720575940630219851,30623
720575941514749587,720575940628308218,135216
720575941530577355,720575940626665489,36721
720575941663086972,720575940624021325,517448
720575941660948348,720575940622996579,10923
720575941730332715,720575940633201400,36172
720575941582268025,720575940629495100,923862580
720575941732549163,720575940622067165,16864
720575941630984172,720575940621044701,109871
720575941579718481,720575940628478823,15472
720575941583462110,720575940622805700,19691
720575941512630348,720575940605173705,529563
720575941416322332,720575940633515420,31073
720575941496195783,720575940630759485,387514
720575941507241495,720575940609417995,15394
720575941447940372,720575940631201932,69901
720575941483713021,720575940644151752,110911
720575941549640481,720575940650033654,513900
720575941573417117,720575940627303699,127742
720575941624706506,720575940627184446,32941
720575941532422322,720575940629273130,98952
720575941519604846,720575940630359290,18007
720575941577656565,720575940616245446,46871
720575941629925414,720575940618856896,519875
720575941574706953,720575940630391639,524156
720575941485059394,720575940624359241,36415
720575941657079632,720575940619716961,114482
720575941559176942,720575940653310198,11479
720575941520145591,720575940636772698,54556
720575941440460885,720575940622828682,54837
720575941663295100,720575940616000342,541498
720575941619966591,720575940623437547,513223
720575941586720734,720575940619849654,49089
720575941595923333,720575940645611652,183009
720575941599321385,720575940644598324,235061
720575941631554976,720575940626470226,55326
720575941402863216,720575940607193986,522704
720575941569630458,720575940623449382,14670
720575941595305329,720575940637622629,83432
720575941533760387,720575940603152998,58708
720575941574177181,720575940624606140,316798582
720575941650002709,720575940626416442,42031
720575941732563243,720575940624625388,21476
720575941495644871,720575940615847005,75908
720575941468022749,720575940615965323,59429
720575941415567388,720575940626815826,837029745
720575941564295125,720575940624180628,292488
720575941732710443,720575940622413552,42754
720575941530909643,720575940627745641,24606
720575941645192056,720575940618335961,55066
720575941516320761,720575940614370610,41852
720575941626346634,720575940630749523,17998
720575941539327065,720575940606392497,500086
720575941568738036,720575940642468644,51494
720575941504157675,720575940626628507,64272
720575941655117012,720575940621817326,15568
720575941560503155,720575940629586417,10354
720575941527126438,720575940626972420,71209
720575941513918307,720575940622007944,85268
720575941484864262,720575940627910021,19210
720575941499708745,720575940610236514,11332
720575941519656814,720575940629812346,10416
720575941512957393,720575940614721110,250291
720575941479489359,720575940621522458,21165
720575941525745229,720575940631024977,200345
720575941576521832,720575940627928698,79715
720575941574690043,720575940635731063,49777
720575941593795435,720575940627992582,63840
720575941606177901,720575940622759059,53729
720575941454785005,720575940622620874,125846
720575941562829736,720575940640856205,46558
720575941520363511,720575940621765846,557817
720575941573158302,720575940647081860,519946
720575941671007911,720575940631082819,524733
720575941603849657,720575940615241010,724236497
720575941518693230,720575940630411535,155793
720575941512905425,720575940637630783,944907
720575941604111862,720575940659331713,112909
720575941528663940,720575940610101210,93593
720575941468551645,720575940609496782,69141
720575941562531496,720575940633279827,38812
720575941507913601,720575940629977559,521430
720575941655662292,720575940622348156,10553
720575941610087199,720575940631555090,181258
720575941569599602,720575940626268761,22356
720575941564570624,720575940635962254,64924
720575941461545229,720575940639817947,16628
720575941526111234,720575940634690411,103518
720575941435540768,720575940623509256,261548
720575941533034627,720575940629301248,121378
720575941634314939,720575940616909981,173010
720575941482330819,720575940622828780,16103
720575941526978125,720575940628365211,18632
720575941441936731,720575940626701886,70522
720575941588980023,720575940627075407,252837
720575941703299290,720575940628778490,524469
720575941478719850,720575940631625979,289691
720575941642868050,720575940619889729,88922
720575941524979019,720575940634419040,745668454
720575941563338664,720575940611905177,24522
720575941536133146,720575940616829481,56581
720575941534424242,720575940625305240,31900
720575941652645873,720575940629573647,36233
720575941580115189,720575940633611490,41657
720575941598070720,720575940624293564,58920
720575941574753545,720575940618096321,218722
720575941402741788,720575940611913570,169649
720575941508632449,720575940604566449,512217
720575941516392364,720575940629506012,20969
720575941644780193,720575940629566251,38082
720575941450205109,720575940630073145,28901
720575941514837347,720575940620584497,524612
720575941556347172,720575940624244922,27566
720575941408856879,720575940616098354,23168
720575941652984049,720575940642866317,29970
720575941558535716,720575940624691600,22572
720575941517926316,720575940620783898,203974
720575941589066308,720575940630144719,101209
720575941475625246,720575940626814512,110613
720575941550716990,720575940644479598,26827
720575941598026944,720575940622076952,116783
720575941564808802,720575940625510402,131515
720575941632191212,720575940623435701,24712
720575941480121474,720575940631437988,140224
720575941553280027,720575940631919976,26643
720575941605509054,720575940637957446,17378
720575941512322892,720575940616769051,15837
720575941490777033,720575940622831740,518028
720575941431808431,720575940634032796,188862
720575941565685302,720575940608010453,42566
720575941533515139,720575940620390054,13901
720575941545221481,720575940637905478,18506
720575941655223769,720575940627425276,75614
720575941574748681,720575940606913202,21549
720575941499101153,720575940617123814,11272
720575941661452412,720575940628827335,116318
720575941590787724,720575940619986352,36025
720575941540353229,720575940614813334,96075
720575941551871806,720575940612547442,77939
720575941509262546,720575940640313763,111032
720575941477678145,720575940611292339,192870
720575941688006156,720575940639282008,32504
720575941536695066,720575940641702304,24888
720575941628237625,720575940606607234,11256
720575941579736913,720575940629268986,158343
720575941668331953,720575940633929908,61948
720575941686962806,720575940611050649,26880
720575941547427764,720575940624511049,151677
720575941733273899,720575940631418617,185489
720575941632198560,720575940620860766,42685
720575941730147371,720575940644808227,92611
720575941530135755,720575940616852763,62188
720575941516185690,720575940626813010,67573
720575941480491488,720575940627252798,145261
720575941660885048,720575940607474443,53440
720575941519801710,720575940635084639,99567
720575941513131843,720575940624114494,93288
720575941478103873,720575940634107290,32765
720575941628272441,720575940631311660,15332
720575941589510711,720575940636282431,51977
720575941547810952,720575940646604932,116553
720575941450239325,720575940614945036,72406
720575941624474364,720575940612589170,525235
720575941668398579,720575940615056081,44199
720575941546367412,720575940614636950,304399
720575941524905218,720575940626451081,24710
720575941456093936,720575940627717676,817526
720575941545831010,720575940615262570,199062
720575941564933639,720575940605756081,100586
720575941392950532,720575940634952299,22256
720575941459097299,720575940625987059,68847
720575941502277259,720575940627146186,12644
720575941521518003,720575940604624998,36130
720575941563199912,720575940621969249,97235
720575941548292744,720575940634619060,30853
720575941485604749,720575940617398557,19716
720575941536032232,720575940621337880,47450
720575941597959324,720575940616042681,533309
720575941563551957,720575940628692815,194972
720575941663498108,720575940632286816,41779
720575941541590301,720575940611223445,170189
720575941611716966,720575940621398254,423539
720575941452820551,720575940625801415,37061
720575941459169439,720575940619676507,25456
720575941514915065,720575940614784918,140883
720575941575316381,720575940623937976,518375
720575941611420134,720575940617492939,33729
720575941643518565,720575940634407263,309610
720575941439853844,720575940611849178,538117
720575941732761899,720575940626881991,53108
720575941471603467,720575940629508478,29112
720575941486151888,720575940638434749,29566
720575941640505375,720575940624231143,17198
720575941559355693,720575940624012692,18755
720575941569804914,720575940609066030,86437
720575941563518262,720575940617236667,511846
720575941438463276,720575940615572597,28826
720575941612916956,720575940620205225,131775
720575941614833817,720575940624999370,54517
720575941470040843,720575940607902682,78739
720575941624489468,720575940615983833,155446
720575941439595093,720575940628933275,280660
720575941490285006,720575940634295191,19753
720575941438410514,720575940617032716,10711
720575941546666376,720575940645288740,73812
720575941392159236,720575940627020933,72433
720575941518658264,720575940630571515,515297
720575941552896830,720575940636538340,18804
720575941400896291,720575940637731817,215843
720575941670036401,720575940625169296,523044
720575941572795208,720575940637122111,518006
720575941564721664,720575940618532011,524005
720575941408351406,720575940611673586,112294
720575941429767343,720575940618625671,18970
720575941554490369,720575940635188343,56480
720575941645348769,720575940637335012,25051
720575941666761715,720575940637334244,58642
720575941508688257,720575940622950844,53799
720575941443480234,720575940626545410,523712
720575941505814588,720575940606388060,314801
720575941460012358,720575940622252031,31488
720575941641675877,720575940623227283,115422
720575941573897481,720575940621308540,317827504
720575941547810184,720575940635339127,31471
720575941591022846,720575940623940622,31514
720575941604029686,720575940614002143,190400
720575941613905171,720575940642533156,529337
720575941667891955,720575940626458897,18733
720575941655907284,720575940637876814,155787
720575941532650469,720575940614217709,25632
720575941593409064,720575940633853559,53514
720575941525208141,720575940612499662,22510
720575941629179362,720575940626225182,109081
720575941536216858,720575940612067034,79911
720575941504875058,720575940627113544,515754
720575941486413709,720575940626901136,10361
720575941642365522,720575940603538348,36075
720575941463127565,720575940621595051,34046
720575941569785458,720575940631878820,52449
720575941514547267,720575940609811977,34123
720575941414126737,720575940625253705,111833
720575941490318286,720575940617911104,42409
720575941527204354,720575940635510623,530358
720575941436452396,720575940627034042,35508
720575941580043601,720575940645401635,530536
720575941690107867,720575940640000464,15997
720575941560343155,720575940647033396,14826
720575941472153152,720575940617192148,499904
720575941433089934,720575940622986219,49630
720575941560261102,720575940623166284,11901
720575941639746079,720575940618709158,23098
720575941488264144,720575940632179148,16020
720575941503315799,720575940644465568,11435
720575941413961361,720575940626327720,812109902
720575941611443932,720575940633283609,59280
720575941539325821,720575940631023099,195264
720575941529378948,720575940614151976,104704
720575941535420387,720575940632231193,135135
720575941611986918,720575940624330281,10942
720575941562968402,720575940635180395,202348
720575941548307517,720575940627676798,29359
720575941570691742,720575940638430185,89286
720575941450770503,720575940615040943,94023
720575941555006035,720575940614572742,37587
720575941558505198,720575940618562496,191345
720575941605102782,720575940616207628,42730
720575941556189924,720575940622109769,75379
720575941483436029,720575940629534458,515363
720575941432332641,720575940627372090,19709
720575941407379630,720575940632059673,193259
720575941687377903,720575940616204059,26859
720575941526099622,720575940623341240,121297
720575941533912586,720575940615202134,52386
720575941537836003,720575940623053493,23199
720575941539670933,720575940624037052,399456
720575941597236124,720575940609871371,46140
720575941572387656,720575940634575711,125399
720575941595402454,720575940621583367,228534
720575941652189457,720575940632611399,71382
720575941560131054,720575940628190663,30349
720575941507123746,720575940621840297,146502
720575941628810790,720575940636498907,332877
720575941554247652,720575940630721150,28621
720575941546899636,720575940640353920,87349
720575941571671709,720575940628599803,93812
720575941723326778,720575940604134577,549362
720575941531374309,720575940638076733,536360
720575941626281580,720575940622805431,44380
720575941584654943,720575940659229057,43240
720575941563624082,720575940615954827,55862
720575941644554184,720575940625111223,11482
720575941511104784,720575940642602203,13152
720575941644298066,720575940626935838,70439
720575941435905042,720575940629642693,531475
720575941502710155,720575940643779380,500034
720575941552745534,720575940654647457,50057
720575941645231480,720575940621613695,47269
720575941570481822,720575940631665837,45145
720575941580654201,720575940633816986,169850
720575941554623130,720575940634126711,30889
720575941467002198,720575940629167042,22567
720575941515051619,720575940631378892,27396
720575941459112863,720575940613133718,522757
720575941688171788,720575940646094359,521463
720575941588281668,720575940635789935,90552
720575941669442737,720575940620339068,36175
720575941575762792,720575940618927024,93165
720575941652466905,720575940610499570,76146
720575941554057095,720575940634562917,22615
720575941515805539,720575940608971989,43250
720575941615362773,720575940622857801,86850
720575941472095808,720575940630591506,46209
720575941538995349,720575940606920643,29356
720575941691308440,720575940622219190,987123564
720575941407932180,720575940614842262,127894
720575941513594577,720575940616017269,500163
720575941491997616,720575940637172201,53385
720575941505877564,720575940630765047,83653
720575941414466449,720575940628074365,81697
720575941512113873,720575940620718575,165111
720575941506745950,720575940631403996,18309
720575941508695646,720575940638212166,345940
720575941507388997,720575940620460272,17485
720575941502213515,720575940616541585,17554
720575941567808626,720575940646237060,50470
720575941555133267,720575940621771402,170650
720575941438462482,720575940624392171,16326
720575941527888806,720575940638102384,48037
720575941539692510,720575940635899640,229910
720575941407686830,720575940641217664,79488
720575941703035354,720575940617612689,500229
720575941490930997,720575940607818965,242344
720575941629107170,720575940630581323,38240
720575941530832869,720575940623440639,90321
720575941543804189,720575940615719252,253152
720575941513950028,720575940611357081,539591
720575941514246467,720575940621008895,772366874
720575941413206895,720575940621548882,113318
720575941453538473,720575940622633716,11797
720575941623311612,720575940606986691,17362
720575941411560363,720575940650876150,79101
720575941439366747,720575940615687380,536264
720575941653476369,720575940619159233,18986
720575941596248177,720575940627146756,62055
720575941547978557,720575940610814682,117828
720575941412829585,720575940628955648,516980
720575941556072356,720575940612971157,28862
720575941646005960,720575940644122990,97642
720575941632309740,720575940634588953,40212
720575941635732185,720575940628044560,921014
720575941410568619,720575940620508875,30199
720575941463160208,720575940618614254,136203
720575941604577726,720575940623543309,51016
720575941471152651,720575940624229322,152118
720575941688236044,720575940627429397,53381
720575941620098431,720575940622186376,20384
720575941491549872,720575940627902979,31964
720575941594183207,720575940633908124,72913
720575941597547676,720575940622348725,18625
720575941555357156,720575940611223794,954471
720575941526141160,720575940634755041,535840645
720575941629937702,720575940627194174,11967
720575941644731218,720575940606864561,14539
720575941526676045,720575940620760692,12453
720575941589421879,720575940645958196,110786
720575941549156980,720575940617498507,26079
720575941474654267,720575940628838850,29900
720575941395464289,720575940637526845,39871
720575941506595388,720575940625926858,142932
720575941545489513,720575940612687346,111749
720575941562723218,720575940617999680,113496
720575941611449930,720575940615093398,327352
720575941538119922,720575940621853353,71128
720575941512047313,720575940610464376,108618
720575941506417687,720575940619317441,11367
720575941410171051,720575940630399995,122631
720575941688979318,720575940613530093,358750
720575941469941771,720575940616735489,30207
720575941491057614,720575940639301747,515767
720575941514070106,720575940638749412,92216
720575941480461280,720575940625050256,51658
720575941578726489,720575940620771521,19127
720575941652878553,720575940612029081,559265
720575941575120054,720575940612796786,53592
720575941551408538,720575940641679501,132923
720575941498832763,720575940615509734,47409
720575941481885382,720575940623554748,61938
720575941486614338,720575940628314667,11047
720575941607851117,720575940622929847,30688
720575941564730880,720575940618340057,10448
720575941625739675,720575940604033708,57252
720575941574778806,720575940644870167,61704
720575941546239156,720575940624175653,518980
720575941588689548,720575940631412778,521656
720575941589513982,720575940608433476,77219
720575941506363813,720575940622309045,26893
720575941537772771,720575940626769304,257477
720575941522509303,720575940630879548,14671
720575941598153152,720575940608716483,518073
720575941526121753,720575940626627580,229434
720575941611051750,720575940646212996,912379
720575941669856945,720575940631662648,27373
720575941448551605,720575940629794700,104602
720575941484182157,720575940611960274,31684
720575941407108399,720575940632695204,64256
720575941438496274,720575940621442601,62463
720575941597970880,720575940623291945,516604
720575941475007803,720575940617865280,151977
720575941596206236,720575940616542277,45134
720575941496981888,720575940610754162,37639
720575941702775770,720575940627291402,112870
720575941549171005,720575940627293457,28732
720575941528277380,720575940610048558,17629
720575941562476434,720575940627887888,107876
720575941447826708,720575940633791599,67529
720575941413642268,720575940611956197,11098
720575941625836746,720575940607158025,28027
720575941622574076,720575940628791317,29171
720575941454124781,720575940625872688,22128
720575941562846888,720575940630588101,38711
720575941516779923,720575940619054433,152604
720575941591771276,720575940614474407,28013
720575941430212344,720575940613335975,32335
720575941573939613,720575940636767856,532767
720575941545480709,720575940623838477,220831
720575941633569184,720575940629075191,593224
720575941685680623,720575940626498898,514108
720575941461947844,720575940617323803,195369
720575941543586163,720575940631299884,71548
720575941481447107,720575940623235848,178763
720575941456844269,720575940611916274,926818612
720575941543661085,720575940631393823,193203
720575941567343098,720575940608369859,87673
720575941474189627,720575940625095813,343346
720575941461850308,720575940618977365,152473
720575941559674995,720575940616957585,44309
720575941411445615,720575940637688639,90900
720575941549577588,720575940621276650,20573
720575941663805052,720575940617892635,38134
720575941503811010,720575940628886020,48297
720575941414723988,720575940611423411,54780
720575941474496571,720575940620791028,433407
720575941535485930,720575940618150736,113074
720575941564380519,720575940623035742,50197
720575941576832104,720575940626438738,194114
720575941452982599,720575940621775130,524643
720575941662317436,720575940632887891,81670
720575941639820319,720575940623808805,527526
720575941598584768,720575940624117528,10738
720575941435955500,720575940626267261,141883
720575941613632921,720575940627458570,15745
720575941409274795,720575940627173578,55412
720575941548192136,720575940630044409,224922
720575941482912454,720575940624490483,519065
720575941475341610,720575940615058216,20414
720575941612691558,720575940629179898,819871
720575941525010946,720575940607982466,37915
720575941553594778,720575940614351477,176004
720575941560088335,720575940622604543,513581
720575941569808754,720575940622351996,19946
720575941483793338,720575940610716770,53919
720575941526712932,720575940623776458,814923
720575941516238426,720575940619954693,46710
720575941600474921,720575940624175615,22014
720575941508132702,720575940620929345,152763
720575941559657198,720575940616040587,195470070
720575941450697850,720575940620301990,23930
720575941410517931,720575940630940943,23509
720575941582788959,720575940630706247,141515
720575941565381986,720575940622559476,14013
720575941629726246,720575940622550089,11513
720575941651731473,720575940609663812,117871
720575941554888676,720575940611498419,14801
720575941598618268,720575940624966076,16157
720575941522657015,720575940625967132,113858
720575941553614746,720575940634733537,590460
720575941537818344,720575940628130325,14042
720575941400967715,720575940626858831,124536
720575941524774681,720575940622628104,88980
720575941625132746,720575940638271302,16339
720575941514936579,720575940619319512,171283
720575941478601834,720575940617520413,28227
720575941442118607,720575940626975754,541570
720575941609181514,720575940615252642,65767
720575941576795062,720575940632234157,196694
720575941579351486,720575940659479937,942076
720575941484239357,720575940614827183,21171
720575941510974930,720575940616450940,35665
720575941498987938,720575940610082514,114723
720575941564923239,720575940620913345,43905
720575941542749788,720575940613632997,10592
720575941431189601,720575940620664675,100253
720575941632888736,720575940613118610,177417
720575941478199776,720575940608295032,36063
720575941551955199,720575940605154988,524245
720575941462088973,720575940611118126,61130
720575941626338924,720575940629681278,555875
720575941545848418,720575940633147439,214639
720575941482001850,720575940615088894,138214
720575941557512307,720575940626399588,19631
720575941487488821,720575940637671552,14193
720575941610215142,720575940605384736,115893
720575941470090615,720575940603768497,814684
720575941507811422,720575940624082788,215118
720575941457084141,720575940621359273,117337
720575941572467209,720575940633070732,135832
720575941556787620,720575940631694050,53449
720575941467897878,720575940606271618,35169
720575941633366213,720575940620903412,515831
720575941540196637,720575940617920670,29044
720575941568889332,720575940617716566,13878
720575941575116957,720575940622462685,513559
720575941483356090,720575940610116570,55129
720575941628256825,720575940631425361,791416133
720575941589333303,720575940623108134,89017
720575941511502802,720575940625718576,824754191
720575941439681087,720575940615892374,11985
720575941644331169,720575940628098203,13554
720575941497372539,720575940631255656,100217
720575941454364979,720575940642737824,60104
720575941612634387,720575940628523580,98631
720575941650717717,720575940637143262,138186
720575941612005549,720575940627424531,60987
720575941642842785,720575940622528951,43580
720575941532908931,720575940611361486,40292
720575941667403953,720575940635095141,136908
720575941629899490,720575940621306956,17176
720575941468862583,720575940611610670,19450
720575941430307977,720575940630775891,132649
720575941535106526,720575940614016150,101297
720575941574844425,720575940635221172,20977
720575941413264017,720575940615021864,59823
720575941502717122,720575940611509966,129469
720575941651979797,720575940618609317,87007
720575941450924622,720575940632571583,25927
720575941441156187,720575940624004843,53367
720575941567820334,720575940608604484,519368
720575941534638680,720575940631829010,26553
720575941537826792,720575940634682263,35492
720575941573739848,720575940619960478,36330
720575941653723860,720575940622314534,517999
720575941469925131,720575940632649567,21966
720575941431071113,720575940631269843,17490
720575941519560108,720575940617393625,58277
720575941596102513,720575940632511759,44533
720575941651778581,720575940626287336,144334
720575941611402570,720575940625733453,16674
720575941512596812,720575940619781914,183575
720575941628099641,720575940638668659,523317
720575941459958980,720575940614489128,40850
720575941493828784,720575940620688832,182263
720575941507046529,720575940631621843,50012
720575941484965698,720575940626339130,13780
720575941497461666,720575940604967270,517264
720575941544710405,720575940623490026,128197
720575941574642683,720575940626390018,18814
720575941470584128,720575940620404044,153337
720575941452913735,720575940652114422,40260
720575941584708486,720575940632574946,14842
720575941732836395,720575940638637475,534081
720575941546397108,720575940621325338,552780
720575941546535612,720575940631847763,87837
720575941606873197,720575940617466395,152997
720575941548114237,720575940631365203,74987
720575941478210625,720575940644940232,37926
720575941572711070,720575940616037014,53667
720575941641074207,720575940621563841,15062
720575941614379795,720575940617676405,30852
720575941659328592,720575940624910128,14121
720575941431443704,720575940608253891,288640
720575941437329708,720575940632339425,10313
720575941431357359,720575940607641010,21743
720575941585137247,720575940621163802,20065
720575941473041248,720575940604031678,88940
720575941572407710,720575940659356545,13888
720575941591151500,720575940626278129,94838
720575941437663807,720575940632934030,146948
720575941584783326,720575940630340474,12735
720575941590092855,720575940633290603,15991
720575941435013664,720575940623793741,251420
720575941400856099,720575940620700769,105264
720575941553083649,720575940614661749,58412
720575941483785213,720575940633146961,20033
720575941523257591,720575940608874564,55311
720575941436428818,720575940623137818,30780
720575941472819296,720575940626102628,70322
720575941615327641,720575940632361035,83858
720575941546105276,720575940605076140,122800
720575941612569261,720575940653330678,11165
720575941557681572,720575940638421582,27659
720575941437446418,720575940621066776,511778
720575941624214780,720575940631041956,136369
720575941499192289,720575940630956601,242173
720575941584337118,720575940616539878,39282
720575941657743184,720575940618775629,46718
720575941667696371,720575940638169917,41916
720575941412795759,720575940608887235,23755
720575941650373653,720575940629420362,133491
720575941564804503,720575940618396609,19621
720575941559734510,720575940628126571,112812
720575941514259290,720575940626392701,68576
720575941644009810,720575940625373733,523808
720575941492383975,720575940619518667,918039
720575941552623873,720575940628493572,14507
720575941521131447,720575940619641771,54203
720575941613014291,720575940617375883,23758
720575941632732064,720575940639806296,18142
720575941437185042,720575940631639404,28100
720575941645242744,720575940629557292,223471
720575941484965186,720575940623743892,11443
720575941589212215,720575940660224641,17195
720575941448632654,720575940625912713,46669
720575941508358750,720575940636607886,26292
720575941467991830,720575940628438427,522360
720575941533268056,720575940618366528,113100
720575941441900479,720575940637993542,17549
720575941589609612,720575940624238640,20874
720575941590200631,720575940640036480,89945
720575941603828670,720575940616293087,74419
720575941582729311,720575940615894246,67622
720575941564363015,720575940619652033,46096
720575941505868055,720575940619454379,112775
720575941564700928,720575940626230780,18911
720575941670236849,720575940622134285,160284
720575941430208393,720575940637919295,149913
720575941560144911,720575940621733364,39598
720575941691373208,720575940654057889,917934
720575941465978646,720575940629315900,168378
720575941553260954,720575940623522915,61281
720575941498626427,720575940633021338,151805
720575941467117398,720575940626960386,535220
720575941620217471,720575940639073882,30604
720575941449745333,720575940615537041,12868
720575941495594112,720575940622346180,513646
720575941445097898,720575940628071409,75260
720575941529370808,720575940614416018,75347
720575941574744329,720575940625345584,28905
720575941439677503,720575940622607069,517804
720575941560024847,720575940630609170,14899
720575941542373149,720575940636077919,533835
720575941500151714,720575940622976520,533022
720575941467920861,720575940631933771,87984
720575941496794496,720575940621593972,31055
720575941542853980,720575940644758638,143425
720575941473933664,720575940640723315,12781
720575941484131837,720575940651230454,59026
720575941554188315,720575940618193921,164149
720575941639142261,720575940628766415,21470
720575941614115737,720575940631846698,39872
720575941450180189,720575940621218380,181443
720575941645147809,720575940627515816,12780
720575941489826766,720575940625344612,52850
720575941552524094,720575940604324017,32782
720575941510704400,720575940629710444,342961
720575941598191808,720575940613725371,141369
720575941634353851,720575940613520351,11756
720575941586241670,720575940618694480,15245
720575941428365193,720575940638810677,22080
720575941645322913,720575940644545060,40465
720575941592649835,720575940619903215,153849
720575941650041073,720575940620104070,57835
720575941610654538,720575940628826172,423427
720575941623743996,720575940607863561,129680
720575941516220259,720575940625408796,433166791
720575941594448342,720575940638976233,33995
720575941557489060,720575940610306146,45483
720575941460087251,720575940618723303,121748
720575941515445059,720575940617942336,47433
720575941535834088,720575940646982964,104507
720575941452039802,720575940631152440,292082
720575941498062754,720575940621696094,120175
720575941449875893,720575940619116061,96106
720575941467615709,720575940644355351,49349
720575941553792410,720575940638630563,530021
720575941661428280,720575940605075116,62884
720575941477535262,720575940635449230,32059
720575941640996895,720575940630504279,80012
720575941551771015,720575940626435728,31826
720575941610317020,720575940618424235,265275
720575941575439798,720575940634381454,42529
720575941486700354,720575940623696362,23301
720575941574681608,720575940611260110,32426
720575941595774341,720575940632114658,44647
720575941638862879,720575940623849196,69048
720575941509180801,720575940614775592,512273
720575941494526846,720575940632891417,514743
720575941658109008,720575940609937476,76378
720575941446801333,720575940617757269,67951
720575941639531125,720575940612512146,30346
720575941468974813,720575940634004892,52513
720575941431469304,720575940627993752,520643
720575941507387426,720575940619055969,69507
720575941668955123,720575940629753807,511914
720575941702043354,720575940622577300,149788
720575941449558094,720575940628406828,145026
720575941431062959,720575940632960813,26241
720575941416742172,720575940631356235,74742
720575941470058507,720575940625751102,202122
720575941433516558,720575940621678686,526560
720575941509452816,720575940644045335,135531
720575941452994631,720575940608336514,13953
720575941441227099,720575940626993001,89707
720575941603685817,720575940641824200,67239
720575941445638932,720575940625599304,34735
720575941438020908,720575940631106664,512516
720575941594557398,720575940624401968,91983
720575941503141867,720575940629342458,73970
720575941502262411,720575940625641402,12619
720575941481335887,720575940629963855,516097
720575941492312039,720575940609366467,188949
720575941461298615,720575940618011426,61110
720575941491038695,720575940621870079,121698
720575941485705478,720575940615301009,78620
720575941644447352,720575940649953913,19853
720575941438588223,720575940628424010,16077
720575941659116368,720575940630311183,529517
720575941508493662,720575940624530372,524428
720575941570168820,720575940612238632,39678
720575941432546775,720575940631347108,31613
720575941428068180,720575940626615738,120537
720575941631177196,720575940626795909,107672
720575941687378927,720575940609561646,89222
720575941585258462,720575940623068308,168459
720575941397901665,720575940616891878,527994
720575941500348066,720575940623546549,531862
720575941440671829,720575940645441828,44987
720575941482387651,720575940635460448,11639
720575941658327320,720575940644449480,508737
720575941624357578,720575940620475339,58012
720575941547718461,720575940620632369,67107
720575941476826929,720575940640289368,58535
720575941638621301,720575940617932101,87830
720575941459601734,720575940609998805,63036
720575941569768670,720575940608565003,201435
720575941572583944,720575940615718027,64109
720575941613770259,720575940627378950,12770
720575941644760993,720575940628436839,11848
720575941491418316,720575940622961604,209833
720575941474955057,720575940619857054,78142
720575941514542227,720575940614311474,517564
720575941495069310,720575940659916417,127917
720575941450627406,720575940625990808,513782
720575941515636371,720575940628290618,134960
720575941546562409,720575940641093595,88860
720575941610946406,720575940626773009,323027797
720575941480766338,720575940624023539,61817
720575941552865854,720575940621866108,521162
720575941632665580,720575940631997381,100977
720575941669171377,720575940630058827,68438
720575941553924231,720575940615261073,174444965
720575941652820721,720575940614741485,46954
720575941542424349,720575940621077253,535965
720575941432492247,720575940637208718,10075
720575941567617582,720575940626807344,107293
720575941614494361,720575940604866476,141776
720575941550619252,720575940621730557,10438
720575941564997783,720575940622176550,36692
720575941436534048,720575940614273233,122608
720575941490654924,720575940615513086,44147
720575941732764971,720575940625370194,10841
720575941611588525,720575940613598617,52509
720575941469896157,720575940629658583,17531
720575941602753782,720575940618260293,518862
720575941599063232,720575940639137955,16918
720575941489052981,720575940642663584,166528
720575941483277309,720575940629413436,512660
720575941581895801,720575940625799513,238356252
720575941654166996,720575940638428998,107945
720575941481488207,720575940628140309,65980
720575941561680296,720575940604907710,62455
720575941577375065,720575940605029250,78997
720575941592036392,720575940617654818,249601
720575941690538648,720575940640168637,12564
720575941508416546,720575940623978242,62326
720575941519594606,720575940621312773,10830
720575941662402360,720575940618600246,14780
720575941517902252,720575940619416881,224061
720575941578868725,720575940623880427,38503
720575941526507998,720575940620909761,237929
720575941410151851,720575940624629948,42813
720575941479627427,720575940629964591,16138
720575941519649134,720575940623924007,137224
720575941515501667,720575940625128067,105447
720575941514337626,720575940622159117,108436
720575941533346794,720575940624593982,62890
720575941496950656,720575940639080526,559285
720575941494925182,720575940619173534,11881
720575941531191499,720575940614303441,26158
720575941588152261,720575940630282039,19286
720575941528329860,720575940623500692,167799
720575941545473122,720575940606806193,81067
720575941429316331,720575940607471829,127200
720575941527028646,720575940633250530,232340
720575941505983813,720575940624113993,25474
720575941519311064,720575940623521318,280106
720575941530788069,720575940613479074,53842
720575941553647239,720575940629490135,25605
720575941614459923,720575940623217577,579647
720575941478529642,720575940627377863,113898
720575941582059615,720575940615943313,36081
720575941416875804,720575940617453083,145898
720575941440240335,720575940627236629,17456
720575941625714826,720575940611528410,249396
720575941639023733,720575940617504027,875638914
720575941602242750,720575940634111351,40302
720575941628138041,720575940625776272,39400
720575941688524150,720575940626925480,556393
720575941427890772,720575940609382155,20486
720575941636531573,720575940619389680,804883
720575941534000259,720575940606612937,552035
720575941731817515,720575940605355966,74157
720575941499080009,720575940633540447,55175
720575941438627116,720575940628429626,519387
720575941537064178,720575940640218941,44006
720575941559611118,720575940626800145,84594
720575941610083871,720575940615669109,223853
720575941687965196,720575940650522614,22070
720575941454983731,720575940631458529,121916
720575941486940557,720575940629253376,107969133
720575941560366451,720575940619794598,96370
720575941439027135,720575940627106173,398883
720575941489042382,720575940624412222,50508
720575941534684186,720575940615966918,84104
720575941515297534,720575940632116687,185012
720575941644553377,720575940608413451,51681
720575941474265374,720575940625584783,76367
720575941499076987,720575940631083833,18572
720575941624826476,720575940624322599,78503
720575941392923798,720575940637002574,920382
720575941471341687,720575940626143806,161711
720575941611626570,720575940611437973,550890
720575941535513522,720575940629980790,54248
720575941464753430,720575940620015787,22247
720575941441016015,720575940614037533,353000
720575941553749402,720575940622878477,66105
720575941524422219,720575940604701374,126401
720575941730836779,720575940609927653,26407
720575941597308060,720575940630204098,137533
720575941553978395,720575940609191177,29767
720575941602323897,720575940612899990,10924
720575941478501482,720575940613713010,52588
720575941614579475,720575940628478736,21751
720575941538200050,720575940632741276,58001
720575941352539440,720575940616356281,464775
720575941570172660,720575940621694401,18388
720575941518359662,720575940625206549,55257
720575941448062484,720575940624335689,23867
720575941669519527,720575940624634040,157110
720575941452211834,720575940640486488,14247
720575941503432939,720575940621467212,545611
720575941539885437,720575940619487110,200660
720575941559625743,720575940621588741,15674
720575941619873407,720575940632126412,16593
720575941573497526,720575940617346718,580950
720575941576812648,720575940628237647,52326
720575941516282458,720575940627283176,12984
720575941404941680,720575940628890024,61060
720575941490713653,720575940619621285,79910
720575941643406024,720575940631167535,103346
720575941539393266,720575940610470724,550745
720575941568455674,720575940639443328,550998
720575941508728449,720575940624094793,49228
720575941408198318,720575940623380616,188141
720575941526546713,720575940619116885,156427
720575941526917965,720575940624019992,81466
720575941631642860,720575940625946567,14239
720575941525121881,720575940623928525,500045
720575941439669567,720575940634442091,524851
720575941569365242,720575940618426021,558778
720575941410921387,720575940637862318,60782
720575941688093167,720575940629428695,519717
720575941447846837,720575940614839714,77662
720575941702050266,720575940637225798,50746
720575941515202883,720575940624807205,164454
720575941659236176,720575940628529156,559817
720575941532385509,720575940643613856,54801
720575941626427338,720575940630853663,51717
720575941625014154,720575940640628432,48808
720575941514725779,720575940623356493,118204
720575941573526600,720575940616913339,554008
720575941473764667,720575940617407705,102845
720575941614011868,720575940631106767,19090
720575941430661039,720575940620088414,62650
720575941613694428,720575940606688779,123359
720575941639530101,720575940608617411,23648
720575941573606216,720575940630931999,15950
720575941353180976,720575940627400522,24283
720575941477640257,720575940611439587,62587
720575941426325588,720575940614529386,64540
720575941652614129,720575940627139530,11002
720575941593530407,720575940621166972,69345
720575941564690742,720575940614952594,202183
720575941522667511,720575940637852590,100866
720575941512954321,720575940629103468,26621
720575941527738534,720575940631408604,25012
720575941643393185,720575940635534704,29524
720575941543234845,720575940604824236,65109
720575941668473843,720575940611294426,20827
720575941573781755,720575940614636661,42624
720575941688800731,720575940617654341,35876
720575941520125623,720575940637612095,142423
720575941573846941,720575940620804566,26652
720575941702892250,720575940631776855,21154
720575941519098028,720575940621823073,21907
720575941569311858,720575940630420730,88725
720575941609024850,720575940628908670,200535
720575941451146106,720575940616064546,62123
720575941555017555,720575940610015586,956012
720575941545100476,720575940639166197,934425
720575941632828869,720575940614435178,410443
720575941439298367,720575940631425700,526062
720575941550244157,720575940615952221,35281
720575941477764417,720575940612225814,549019
720575941450886990,720575940626301317,52493
720575941490939852,720575940622585224,160450
720575941535540312,720575940623136243,33201
720575941505393980,720575940621321706,199469
720575941593944177,720575940607968523,44027
720575941550234685,720575940618802811,20223
720575941506777765,720575940635515232,542987
720575941467215126,720575940635082091,153314
720575941493513904,720575940642729376,89472
720575941595679089,720575940621332150,527461
720575941462813328,720575940623160583,31439
720575941550266996,720575940624186185,516967
720575941547387316,720575940626744921,86087
720575941658799640,720575940627261190,52504
720575941432086369,720575940625343690,98477
720575941574989160,720575940626463869,87522
720575941598460864,720575940639421043,12734
720575941545073669,720575940643977070,292875
720575941576351158,720575940629047162,54309
720575941550226804,720575940617781383,12728
720575941604111606,720575940620605745,87434
720575941585315718,720575940619159105,28944
720575941517869484,720575940620348769,15791
720575941661233976,720575940622437671,24466
720575941588955276,720575940620835316,29358
720575941651316245,720575940627554604,177410
720575941530553547,720575940610842005,37321
720575941519433139,720575940621371557,46145
720575941441816923,720575940626775824,100241
720575941543031069,720575940604110513,34924
720575941486452034,720575940623455868,14682
720575941566459702,720575940618380491,15090
720575941542125853,720575940615171003,516329
720575941592595670,720575940629484791,78087
720575941627884838,720575940620073069,24197
720575941580028025,720575940617529669,46866
720575941449340341,720575940628531194,66278
720575941537981155,720575940636348152,524893
720575941644009592,720575940611985174,210140
720575941459469638,720575940624355051,177248
720575941599105728,720575940622323382,16687
720575941430592504,720575940619294964,25044
720575941453960499,720575940636643406,85781
720575941555196929,720575940614909506,12705
720575941566729460,720575940620809599,14379
720575941652111377,720575940628454522,530029
720575941454836973,720575940627020069,67372
720575941468787520,720575940618548244,228714
720575941441325659,720575940645552948,175174
720575941560216079,720575940623368375,18373
720575941517111150,720575940614421702,551659
720575941505950629,720575940611985448,70909
720575941535724522,720575940626672058,12470
720575941611054310,720575940626480124,432746
720575941643276488,720575940615010454,555769
720575941688806412,720575940615030568,15454
720575941625737068,720575940627857384,76309
720575941544540521,720575940619927105,55671
720575941534561880,720575940632635475,93644
720575941438817503,720575940620622272,85880
720575941643111288,720575940620923606,98959
720575941614125977,720575940611432306,50593
720575941461544403,720575940619403655,525203
720575941438972735,720575940625714634,68950
720575941584451167,720575940619127472,39026
720575941668591091,720575940622251242,135321
720575941411848047,720575940629510518,548469
720575941574549768,720575940639740368,32127
720575941526874212,720575940628966150,534132
720575941441178319,720575940607272649,13272
720575941518030508,720575940622445097,43628
720575941687950555,720575940615438521,209300
720575941515870979,720575940628668009,13460
720575941625583771,720575940626818250,115114
720575941449848245,720575940618370171,26756
720575941450163790,720575940623026876,137936
720575941598598812,720575940627410944,11275
720575941521581491,720575940649154681,257013
720575941667975155,720575940606958859,168823
720575941452764585,720575940625003582,26178
720575941732333355,720575940614726261,24783
720575941508427536,720575940633551540,69022
720575941545964393,720575940616020795,34385
720575941624580972,720575940658689153,27533
720575941499756706,720575940634361336,67484
720575941536148746,720575940627061050,113866
720575941508023169,720575940623312876,46857
720575941579295477,720575940608606475,523552
720575941410885803,720575940627960442,157771
720575941513203665,720575940628238217,15028
720575941688313307,720575940621441494,21798
720575941613704924,720575940639368270,42420
720575941478584938,720575940614998166,526948
720575941576997431,720575940604355872,555234
720575941548829473,720575940619249648,150463
720575941431487224,720575940622234326,519346
720575941502450315,720575940620795784,523673
720575941490712885,720575940607575051,22102
720575941477099313,720575940634862943,13278
720575941689913051,720575940611300570,549223
720575941514548627,720575940615422514,27021
720575941524239359,720575940623166600,500103
720575941590551592,720575940633781217,15847
720575941475202865,720575940654453153,14817
720575941474364256,720575940629993167,20378
720575941668952241,720575940627685864,262241
720575941536014312,720575940611586546,134386
720575941579737845,720575940606123209,321572
720575941497248073,720575940614509458,72616
720575941651808753,720575940619134493,15671
720575941536452890,720575940622611082,70722
720575941477600820,720575940622713929,20783
720575941408347054,720575940621231966,62029
720575941583655263,720575940622638153,27027
720575941540059597,720575940607838473,55957
720575941563183623,720575940617473748,42908
720575941510648848,720575940622241160,559410
720575941591186316,720575940626893189,61589
720575941476367937,720575940626849546,19214
720575941565406306,720575940635228152,142022
720575941479329615,720575940626730127,45009
720575941702505690,720575940640625280,18145
720575941539583966,720575940639647421,105859
720575941433435534,720575940643558692,21932
720575941652073201,720575940626354057,36164
720575941644264786,720575940621734126,10002
720575941483960973,720575940613480159,60512
720575941473268266,720575940659399809,513118
720575941518314412,720575940622584298,62720
720575941603785913,720575940628441862,11424
720575941497091195,720575940634716823,526864
720575941554288155,720575940622673387,24485
720575941508586625,720575940626530564,212914
720575941499430473,720575940610137050,129330
720575941533180650,720575940631588260,33430
720575941611457098,720575940633995181,24517
720575941519115692,720575940616923281,522335
720575941643562597,720575940630560056,26899
720575941574835048,720575940645167560,49393
720575941393212310,720575940630265401,129947
720575941580025333,720575940628151772,18854
720575941653606617,720575940615611148,102380
720575941612082150,720575940617013554,12943
720575941555120467,720575940629139708,173292
720575941500534946,720575940630306151,200578
720575941603732921,720575940626336784,53059
720575941437444927,720575940631445591,14650
720575941653284825,720575940603596972,41769
720575941633803451,720575940615084339,555340
720575941486653325,720575940639032125,22228
720575941565694262,720575940610872014,12894
720575941500129931,720575940619915246,24253
720575941544943365,720575940607167580,43143
720575941574924392,720575940627999098,55041
720575941471605312,720575940634801844,500207
720575941460382534,720575940631184441,106873
720575941624699291,720575940643866568,107888
720575941662678072,720575940628861188,13303
720575941589078340,720575940623153405,85031
720575941476752180,720575940621539113,520709
720575941476013162,720575940641369296,112109
720575941456754672,720575940633665903,902646
720575941569480692,720575940625381397,71593
720575941500185995,720575940639239652,47738
720575941535207361,720575940609750482,15886
720575941722383930,720575940629494543,80274
720575941438235154,720575940634857583,22274
720575941459099844,720575940630169764,156120
720575941436850143,720575940625479370,10922
720575941448826037,720575940617109597,588642
720575941486914370,720575940624931564,522957
720575941493755312,720575940631595562,519247
720575941429650057,720575940604196064,580417
720575941483127738,720575940627109123,23149
720575941536900800,720575940613719038,190237
720575941552589055,720575940632632474,43153
720575941651866901,720575940623537485,42102
720575941598989504,720575940611203733,147358
720575941685802735,720575940627954375,145371
720575941563901184,720575940612819891,92162
720575941550747391,720575940620534710,58419
720575941535698610,720575940628584783,181797
720575941453034567,720575940635618711,23850
720575941438547167,720575940628116183,127217
720575941535275186,720575940646753412,12846
720575941479224288,720575940627906536,130324
720575941414483604,720575940625175059,52419
720575941432905943,720575940626088835,23341
720575941535743410,720575940628192764,29732
720575941661502008,720575940634154140,11990
720575941612311981,720575940619411327,28929
720575941436092434,720575940632626146,45239
720575941554178075,720575940631576546,40884
720575941614913555,720575940627828552,103807
720575941538256355,720575940613120721,515131
720575941516222042,720575940630694092,265899
720575941649119544,720575940620296641,199308
720575941535196648,720575940630826271,20491
720575941548179060,720575940633298380,82421
720575941524339787,720575940629271352,18882
720575941559690734,720575940604893868,26111
720575941593996327,720575940613372979,106182
720575941441684315,720575940627299227,30522
720575941576543848,720575940617822301,14792
720575941596431749,720575940635464343,15072
720575941448779086,720575940639277000,60806
720575941504546839,720575940619476126,55527
720575941626190282,720575940629023870,57382
720575941426506836,720575940620989556,175014
720575941492506544,720575940643398180,90296
720575941639525493,720575940629678331,32644
720575941510604048,720575940621335167,13017
720575941489083596,720575940622910188,516667
720575941504533810,720575940625070650,86646
720575941516320659,720575940625967546,517726
720575941530183423,720575940618655286,183195
720575941518708140,720575940623047629,26147
720575941489358793,720575940612909037,143138
720575941486126989,720575940625888560,92045
720575941576650856,720575940640559165,79631
720575941603607481,720575940622859021,13165
720575941596635505,720575940638191679,943463
720575941626796938,720575940626718952,93911
720575941688250998,720575940632648868,15286
720575941523776843,720575940625031426,12397
720575941514738067,720575940617009735,100146
720575941553784711,720575940620723126,13601
720575941681153469,720575940640432701,535214
720575941431233673,720575940620720112,22397
720575941650554865,720575940624111763,16917
720575941436077856,720575940624064253,580334
720575941545087493,720575940622123981,14700
720575941426997076,720575940627975017,71863
720575941453422761,720575940622785207,26019
720575941650842097,720575940616393053,112077
720575941595658533,720575940650033910,35782
720575941353147440,720575940610637786,180875
720575941540575869,720575940616921152,556022
720575941503951410,720575940617804171,49318
720575941473858849,720575940637587557,517535
720575941638476405,720575940610280115,76475
720575941644735137,720575940619251416,207122
720575941449850549,720575940615999489,11457
720575941489524169,720575940616522726,14635
720575941514486339,720575940627278723,62376
720575941690920411,720575940635739743,76226
720575941568417582,720575940613579943,12031
720575941571698184,720575940609764721,85566
720575941568494894,720575940620010093,155394
720575941671473063,720575940647055395,68488
720575941589862654,720575940626482521,43500
720575941496932224,720575940619368768,55548
720575941404804976,720575940638352547,166832
720575941595917957,720575940638036806,118529
720575941722612538,720575940605476994,62596
720575941488663861,720575940633908148,35534
720575941497709691,720575940618491485,37110
720575941498704251,720575940604030176,529228
720575941598579868,720575940637293146,14737
720575941499060193,720575940624176056,517846
720575941495331454,720575940606894722,520510
720575941668456691,720575940622892045,30169
720575941504117483,720575940622317823,522397
720575941590964876,720575940638364750,46221
720575941564516615,720575940628884486,21023
720575941658915608,720575940629024591,513992
720575941638580085,720575940618915823,39966
720575941550411581,720575940615584671,100854
720575941536180490,720575940616644582,15106
720575941514619820,720575940617469657,51118
720575941652017173,720575940633191891,133529
720575941438902101,720575940619871597,96044
720575941543164445,720575940616198715,75453
720575941399612700,720575940627160266,49966
720575941505260055,720575940615903894,33527
720575941529583236,720575940617837542,66826
720575941496166784,720575940621020893,79535
720575941687655542,720575940612012566,22844
720575941624688539,720575940624008376,44299
720575941563622759,720575940615677090,110249
720575941679486141,720575940623784428,59733
720575941657572432,720575940617636609,127542
720575941732720939,720575940644864535,192036
720575941462784912,720575940606757041,166316
720575941542115357,720575940638668878,20989
720575941575196854,720575940627311108,922342
720575941440650325,720575940630982711,96265
720575941431423329,720575940647977524,30454
720575941469097335,720575940631025219,518604
720575941482970310,720575940617296029,13022
720575941563348370,720575940615660650,27908
720575941545528425,720575940639056061,106882
720575941563430824,720575940629580252,541766
720575941440714075,720575940605915872,519246
720575941589129028,720575940622800653,54345
720575941574757992,720575940612190161,68859
720575941509371602,720575940628211081,45120
720575941638266399,720575940609713710,12673
720575941451871913,720575940618430694,28206
720575941508449886,720575940613149849,802295
720575941643981138,720575940621862405,945591
720575941506462373,720575940631705569,524244
720575941433290254,720575940627424199,549582
720575941569828090,720575940628526735,125080
720575941486323206,720575940619194277,29453
720575941472159552,720575940635325551,117211
720575941614483475,720575940621274845,26824
720575941558561139,720575940653770913,48679
720575941467773462,720575940628695043,74794
720575941545008901,720575940638563968,57490
720575941490608359,720575940630436603,521781
720575941499961250,720575940613871046,31891
720575941602691518,720575940609593806,50619
720575941563048872,720575940617989686,38484
720575941593059624,720575940618975726,15473
720575941401511971,720575940631468831,969739619
720575941411876523,720575940636645624,634745126
720575941479236320,720575940611881395,12720
720575941574412189,720575940628875735,384438
720575941452016199,720575940639539840,21589
720575941526887524,720575940614218346,63942
720575941478705770,720575940634458719,10223
720575941447434165,720575940608065987,210510
720575941573358587,720575940626518474,37803
720575941489802697,720575940628971008,202300
720575941506110307,720575940622635517,354071
720575941519140023,720575940634424056,111294
720575941543139357,720575940607848649,66864
720575941624788123,720575940628084224,169420
720575941500041890,720575940629437054,11675
720575941477545012,720575940609919897,475202322
720575941502097202,720575940622569827,77285
720575941496731042,720575940626179614,14854
720575941565417223,720575940613530636,36325
720575941571722142,720575940610170586,199295
720575941564030055,720575940657611393,66446
720575941601533414,720575940638249917,75932
720575941577837301,720575940617866385,141931
720575941413063828,720575940637034330,533230
720575941536003314,720575940624154604,26385
720575941560256371,720575940622667013,18742
720575941461672403,720575940633185567,66710
720575941522305783,720575940621009773,29485
720575941448886109,720575940622312472,132828
720575941442331343,720575940627704392,167313
720575941721644602,720575940623330192,523602
720575941565023591,720575940626507408,24920
720575941666502131,720575940611502968,103988
720575941469297271,720575940613394073,30009
720575941472708493,720575940628267767,284053
720575941448326837,720575940626252746,198808
720575941456463263,720575940612807830,195138
720575941519389806,720575940618941025,21182
720575941453086535,720575940622467113,16569
720575941520204727,720575940639686973,35439
720575941478429802,720575940632524559,10967
720575941531495115,720575940609602936,516079
720575941594996263,720575940613120741,88474
720575941527264025,720575940640747683,19814
720575941520688819,720575940621307230,138213
720575941658916944,720575940622478341,20089
720575941433075470,720575940637842246,222154
720575941453291945,720575940615750318,308087
720575941488834357,720575940628570871,23686
720575941499419361,720575940633988633,39257
720575941353462832,720575940630664273,464464
720575941643705701,720575940635513751,21276
720575941573147387,720575940616798784,151710
720575941450625614,720575940626681146,85147
720575941460796336,720575940634512992,435223099
720575941471101504,720575940623498634,43665
720575941476285505,720575940611275310,36421
720575941525982489,720575940631621145,549033
720575941733259563,720575940625053939,272229
720575941563484818,720575940620218977,43698
720575941458890992,720575940622920074,11594
720575941580483573,720575940605121452,522395
720575941532999361,720575940618423899,54923
720575941577772121,720575940620862273,48912
720575941574925455,720575940623023069,141869
720575941626508682,720575940626741379,19559
720575941577894389,720575940633265844,60828
720575941295377572,720575940613106611,172374
720575941431680215,720575940612422002,428438
720575941482104003,720575940620359606,50152
720575941509077889,720575940613509343,72950
720575941474240298,720575940620339438,87610
720575941577210193,720575940627935610,521635
720575941507161413,720575940619234241,105012
720575941632427168,720575940628837124,542754
720575941486694210,720575940613481256,389641
720575941598510784,720575940616067890,83113
720575941486336578,720575940617622219,53101
720575941591965820,720575940624166141,527430
720575941504481701,720575940609873163,35432
720575941414396564,720575940639256704,11284
720575941457859231,720575940624967561,512929
720575941472074048,720575940625006480,26601
720575941565192758,720575940654491553,70396
720575941416809500,720575940620707750,39729
720575941581367673,720575940645524003,104431
720575941626892426,720575940621065967,78224
720575941652815857,720575940644791918,16829
720575941510759440,720575940614254860,28371
720575941459154416,720575940612194611,558353
720575941655152345,720575940609518946,47273
720575941563713846,720575940645199924,18334
720575941505239717,720575940628876741,30574
720575941600796713,720575940635958895,28730
720575941502857451,720575940628711631,101490
720575941552226331,720575940622333097,66924
720575941633849019,720575940628897385,19827
720575941352202800,720575940623067114,138439
720575941593578280,720575940620527798,192523
720575941554304795,720575940619870656,21448
720575941552168447,720575940630354169,144206
720575941572738462,720575940635870831,34896
720575941471139191,720575940644279319,14399
720575941516073107,720575940621762330,88899
720575941604210934,720575940621914392,903058532
720575941483780282,720575940641977229,12508
720575941596205425,720575940660269185,16471
720575941593856039,720575940613132178,20331
720575941611521001,720575940619021272,14823
720575941477783617,720575940610000964,564193
720575941631437804,720575940623222185,17094
720575941496873289,720575940622024957,535725
720575941572907336,720575940612107762,52728
720575941625946681,720575940627255811,52269
720575941545123433,720575940631653317,53179
720575941458939551,720575940622836460,120123
720575941655633364,720575940623288467,29608
720575941477786177,720575940629470838,30489
720575941412803183,720575940638200910,31077
720575941436508972,720575940624599700,66600
720575941541477917,720575940632533864,54887
720575941519124396,720575940616440537,83827
720575941474889521,720575940644932131,536106
720575941628271417,720575940627302908,24022
720575941408680110,720575940625017034,163323
720575941455152691,720575940614669707,29690
720575941612873692,720575940632628122,82353
720575941432016225,720575940624067581,369423058
720575941566567271,720575940619093524,181683
720575941601836790,720575940605010609,522955
720575941514456569,720575940623132621,10976
720575941448275988,720575940629730064,113974
720575941576336310,720575940645989655,529069
720575941599075008,720575940622160460,523515
720575941439450175,720575940611623859,24492
720575941540747645,720575940644419784,36677
720575941689803416,720575940621216982,133019
720575941556420516,720575940631416877,33710
720575941645572040,720575940615775771,146273
720575941562999303,720575940605572064,132483
720575941558268943,720575940628997123,17495
720575941593860566,720575940619140262,513703
720575941573055631,720575940613988242,60682
720575941533807082,720575940618827910,16399
720575941489420750,720575940618674203,72107
720575941626516618,720575940617476052,19314
720575941441312719,720575940624376712,133769
720575941626036891,720575940621275341,207192
720575941564818322,720575940619811638,10630
720575941414665876,720575940620199284,37503
720575941439631583,720575940621273460,52196
720575941596690624,720575940626873000,33439
720575941632488684,720575940627019004,31746
720575941574627067,720575940620818158,64883
720575941569682034,720575940634000979,11908
720575941614417305,720575940610946070,123421
720575941436488236,720575940626073098,40726
720575941412075375,720575940609812489,73667
720575941479890083,720575940617901447,914071
720575941566364982,720575940647031860,13135
720575941503003842,720575940623840392,513862
720575941483783677,720575940613093010,71555
720575941625115803,720575940623891943,72171
720575941555505747,720575940627758833,35440
720575941632762555,720575940624689336,60498
720575941633737915,720575940644623396,40473
720575941462261188,720575940618574749,10482
720575941669058035,720575940622140680,203325
720575941537538280,720575940630989354,13198
720575941439430463,720575940639003470,109450
720575941592808299,720575940621751690,183181
720575941523043063,720575940620774388,529104
720575941547680801,720575940615799697,27189
720575941487149378,720575940618594022,10713
720575941477578801,720575940621434913,58579
720575941659000400,720575940631922489,27859
720575941461964996,720575940620358012,181891
720575941477311774,720575940618900144,137702
720575941644268626,720575940612648106,516215
720575941413972628,720575940634642658,49765
720575941586499718,720575940639453685,532403
720575941612301158,720575940625397022,24027
720575941556056292,720575940643318052,215643
720575941547583368,720575940627416263,28005
720575941554605083,720575940623363598,176189
720575941652156437,720575940612815597,17942
720575941685508079,720575940610488213,86569
720575941527343106,720575940629075697,104738
720575941614068188,720575940622193432,500289
720575941625648522,720575940620826571,23448
720575941526795085,720575940605704550,526836
720575941624291836,720575940610462930,74404
720575941565654494,720575940627629114,190676
720575941624419324,720575940615066310,13427
720575941452077639,720575940637019974,19180
720575941557630686,720575940635195290,89978
720575941658266648,720575940629105658,322016
720575941688421784,720575940618050776,157558
720575941625723244,720575940626347848,152346
720575941550175092,720575940621037296,1050111955
720575941604127478,720575940630969939,165295
720575941554138651,720575940623312107,20411
720575941538218216,720575940636761926,26232
720575941498132553,720575940620589838,338530985
720575941427944276,720575940637783155,86062
720575941447451924,720575940626236041,20407
720575941532913795,720575940629921067,18596
720575941462925837,720575940614841666,24365
720575941580007761,720575940636832879,12488
720575941559104813,720575940633543531,302599
720575941509734866,720575940614792744,23087
720575941691633304,720575940616243266,46671
720575941353112880,720575940619507184,14586
720575941671923623,720575940636242153,17188
720575941441299803,720575940633355468,124912
720575941595971441,720575940609742382,62355
720575941535312922,720575940625962568,531712
720575941507377698,720575940617859486,242879
720575941687730956,720575940624020723,106050
720575941410923119,720575940611902674,75527
720575941662605112,720575940627125520,14027
720575941554841683,720575940632400409,37549
720575941688091766,720575940633218956,48795
720575941575370639,720575940629792018,466614
720575941630971372,720575940628065852,22916
720575941559576947,720575940622378474,80315
720575941661143676,720575940631939415,17502
720575941483785725,720575940631542732,19478
720575941643215717,720575940628759596,121674
720575941565461607,720575940628755023,101133
720575941476632385,720575940620746478,513783
720575941527768486,720575940622267539,89443
720575941555438564,720575940619785492,145148
720575941571664712,720575940619398981,154065
720575941544875452,720575940633608343,46464
720575941633343904,720575940616866587,136729
720575941510762256,720575940627951376,513949
720575941555484161,720575940633626337,31723
720575941564561298,720575940626075517,270082
720575941533543402,720575940627064420,516294
720575941405291120,720575940636893493,40698
720575941400290851,720575940631299855,514489
720575941480693187,720575940614398570,90850
720575941574838280,720575940627125842,13378
720575941496789632,720575940628897662,31669
720575941477707572,720575940623003653,30276
720575941480909254,720575940637366350,37233
720575941589330743,720575940626559055,152565
720575941412001940,720575940624554170,16361
720575941549109281,720575940618940752,28424
720575941450599005,720575940625695928,54684
720575941645731272,720575940614959675,48949
720575941529139844,720575940641173632,33335
720575941590979838,720575940631638841,42071
720575941415800092,720575940630760771,45192
720575941474540062,720575940634046399,24671
720575941566484839,720575940618703636,11157
720575941630300396,720575940614052136,119369
720575941574888457,720575940623208269,53344
720575941645256609,720575940628995884,48123
720575941555162778,720575940618756657,10505
720575941535285426,720575940627073448,98104
720575941578713689,720575940635974335,217533
720575941513925196,720575940622286262,14272
720575941574335592,720575940617024562,14291
720575941574145949,720575940632659938,30944
720575941481379151,720575940645362467,83832
720575941447874229,720575940620625067,114793
720575941630695394,720575940628912390,109103
720575941644050040,720575940623463562,43312
720575941501128331,720575940643594007,96296
720575941429890697,720575940627154063,512829
720575941509512914,720575940617692305,59084
720575941633333152,720575940632260409,116557
720575941453100339,720575940610501093,68243
720575941516100089,720575940607218780,220987
720575941541075069,720575940632517028,24050
720575941550533236,720575940623533351,234503195
720575941523079671,720575940626799920,514025
720575941536252353,720575940626569018,15101
720575941653848537,720575940614869387,43899
720575941565381218,720575940632634413,62538
720575941468982795,720575940629438508,15796
720575941507706903,720575940614047890,15943
720575941508592162,720575940611671153,218843
720575941502022231,720575940638766013,75808
720575941430470648,720575940634839487,73296
720575941567486254,720575940629602090,116144
720575941566351414,720575940634315115,43417
720575941602284278,720575940659856001,160606
720575941499557961,720575940661325697,50159
720575941539300850,720575940627849994,17978
720575941433208846,720575940637748294,91134
720575941407907246,720575940637175349,23137
720575941576250806,720575940623482748,142436
720575941410050731,720575940637983814,103466
720575941564189026,720575940622976845,143861
720575941477842794,720575940615174075,52951
720575941547469748,720575940629791504,24439
720575941471561312,720575940608601412,44544
720575941532683237,720575940617018086,151988
720575941526661890,720575940619048315,23067
720575941438676242,720575940612150225,46530
720575941449329077,720575940639811469,12614
720575941655805140,720575940625964184,512350
720575941442192079,720575940637376740,11321
720575941455125555,720575940620356116,12344
720575941589934590,720575940629387902,441056
720575941483038394,720575940638955864,31920
720575941504788037,720575940621700190,110338
720575941486662978,720575940619589217,13321
720575941505657916,720575940626988053,32628
720575941514024657,720575940633702511,117712
720575941407648174,720575940633220423,43487
720575941519584947,720575940627716081,64837
720575941483198918,720575940618887217,375038
720575941626272411,720575940611401938,13328
720575941581140345,720575940628073085,19599
720575941508461406,720575940616341563,66639
720575941611468205,720575940630005622,18926
720575941501771619,720575940619938217,408508
720575941538664397,720575940610554547,52596
720575941391230212,720575940635608983,35987
720575941611188554,720575940623203805,11014
720575941597617820,720575940621633195,39083
720575941427051348,720575940604414636,925991362
720575941503100907,720575940612106905,103630
720575941659442256,720575940616020544,40404
720575941658841112,720575940638013274,11647
720575941530218725,720575940615419019,54253
720575941471794443,720575940643100301,15905
720575941458376432,720575940626556177,20271
720575941509353426,720575940605238705,140699
720575941626810937,720575940622052301,515479
720575941548493857,720575940626993950,12180
720575941470424951,720575940605443017,86091
720575941540929229,720575940626649098,16428
720575941507437381,720575940624943504,11089
720575941451201193,720575940624998192,94219
720575941391786646,720575940622784380,58671
720575941482272195,720575940619219264,60207
720575941411667883,720575940630831185,29702
720575941490383561,720575940637811059,43656
720575941545312005,720575940631225996,11872
720575941545209689,720575940633253805,87863
720575941527018317,720575940616464340,515461
720575941525761613,720575940623438571,126002
720575941595015537,720575940637539647,19102
720575941671764135,720575940647954564,101203
720575941688345051,720575940626261480,24549
720575941451737927,720575940639960717,162384
720575941632356588,720575940621792438,26625
720575941686130294,720575940630844447,194305
720575941555468516,720575940621681321,121520
720575941537729256,720575940630914863,40086
720575941573907208,720575940627373086,63275
720575941658086224,720575940637054835,210632
720575941472727611,720575940638996413,42869
720575941469997175,720575940623637995,210111
720575941574654203,720575940606460849,15416
720575941611198282,720575940618298205,21022
720575941593807729,720575940626401380,524779
720575941568736500,720575940641251792,63110
720575941469900509,720575940612612757,15222
720575941611529705,720575940637081199,13668
720575941438219282,720575940620546053,182969
720575941447499284,720575940626024264,37038
720575941461304275,720575940623796272,61686
720575941580053749,720575940613839116,525224
720575941393341700,720575940621256384,523516
720575941506608956,720575940631499818,43797
720575941569415418,720575940616205405,145253
720575941473527867,720575940615313851,48761
720575941442538959,720575940627961340,198498
720575941569343090,720575940629114959,922113
720575941626148298,720575940625518736,11311
720575941458028447,720575940629202681,46169
720575941487419856,720575940632300973,20898
720575941480469984,720575940620346795,13058
720575941667969969,720575940632201291,23848
720575941564067584,720575940614803266,213338
720575941546584764,720575940640080437,27621
720575941563466152,720575940623302988,813689
720575941592764200,720575940626451088,24884
720575941474063402,720575940608983235,85837
720575941516001123,720575940627586091,171264
720575941449595485,720575940613984662,519894
720575941524721410,720575940618186982,530889
720575941449589838,720575940621978904,171881
720575941610507181,720575940623712973,56509
720575941536519194,720575940639190205,31952
720575941541397858,720575940621555309,212852
720575941531394251,720575940623360440,12125
720575941569583474,720575940621591477,30581
720575941490705865,720575940624791941,44847
720575941438710060,720575940633390175,61993
720575941569653362,720575940622209048,27779
720575941494295934,720575940622883853,48566
720575941519554776,720575940624457412,25381
720575941541343330,720575940628475816,156040
720575941590014775,720575940625063049,116739
720575941650918933,720575940625783897,53041
720575941503524914,720575940603456288,113323
720575941486369602,720575940603195494,35757
720575941617071317,720575940614553234,561487
720575941525263014,720575940640141965,128061
720575941521455287,720575940614484626,121446
720575941574467997,720575940642411917,48618
720575941612646502,720575940629244359,512745
720575941469828160,720575940616525073,102514
720575941441873599,720575940613529041,15344
720575941534896306,720575940617351990,179108
720575941565399394,720575940630530263,520628
720575941484250109,720575940607528971,29995
720575941657308184,720575940621678942,42956
720575941653745169,720575940653280502,59455
720575941432274647,720575940629669433,75140
720575941452601159,720575940614790550,52190
720575941435373600,720575940637788605,514994
720575941426612564,720575940638159472,45757
720575941469521216,720575940635701655,54278
720575941554658970,720575940609077828,22113
720575941352057904,720575940613748689,32961
720575941436595474,720575940611373226,70954
720575941404842352,720575940622135718,81431
720575941496188871,720575940627740009,518907
720575941574606696,720575940643740452,35802
720575941481487811,720575940623805223,62937
720575941552042046,720575940619530545,59970
720575941526094692,720575940610404581,526298
720575941436052000,720575940630137425,124578
720575941524359243,720575940619572673,29888
720575941507271703,720575940640722851,23897
720575941430713263,720575940611006170,171066
720575941525636633,720575940614430623,518095
720575941625912970,720575940631367264,530461
720575941576576950,720575940626599953,527594
720575941486683970,720575940616079060,180043
720575941482738618,720575940612144047,88339
720575941433415200,720575940615692690,12389
720575941527270169,720575940624112152,512746
720575941518026412,720575940628680177,70651
720575941589017143,720575940618019207,108171
720575941462378692,720575940622040419,13249
720575941402733852,720575940645786647,224926
720575941497560482,720575940625737776,524253
720575941495147719,720575940626985220,52450
720575941558034191,720575940608498780,40463
720575941515579747,720575940621923837,22390
720575941535811818,720575940622909124,514024
720575941565695639,720575940626476810,89464
720575941661019704,720575940618961773,92853
720575941439436991,720575940642699976,122939
720575941574640136,720575940621362835,353164
720575941507922014,720575940629681168,105720
720575941657880600,720575940620133729,29466
720575941547122824,720575940602829536,98462
720575941600766249,720575940608603657,60292
720575941528460966,720575940626017960,280052
720575941611640422,720575940632767383,104465393
720575941431339951,720575940621286405,400246414
720575941589095223,720575940628873295,268351
720575941550154082,720575940611097554,62721
720575941429954697,720575940636288357,129869
720575941434859296,720575940627645263,823201
720575941626323082,720575940615487449,125392
720575941560950131,720575940632408847,278442
720575941616476373,720575940622514695,171227
720575941456101613,720575940631595116,83032
720575941611314762,720575940614392949,58144
720575941589117508,720575940628350567,21910
720575941563499432,720575940627424584,522988
720575941459232159,720575940632160716,48960
720575941436340242,720575940627685509,93782
720575941631618028,720575940626401552,48445
720575941467453462,720575940624333802,11889
720575941569342452,720575940623125491,91310
720575941543038237,720575940645199748,48555
720575941532019685,720575940628077568,11703
720575941393212054,720575940608471563,144230
720575941462988944,720575940623135415,63637
720575941638670367,720575940631172665,110155
720575941480404899,720575940609250628,25704
720575941640668191,720575940611675634,15040
720575941512431436,720575940606142496,117572
720575941592212587,720575940630949203,37912
720575941581896569,720575940630444625,515234
720575941514279889,720575940614416039,15231
720575941447689053,720575940620874581,141079
720575941491533772,720575940628016387,512750
720575941538055400,720575940626522696,65014
720575941472084800,720575940610375214,532826
720575941445143210,720575940631158242,11509
720575941591484812,720575940630165007,39224
720575941430513289,720575940625396252,30161
720575941523289591,720575940611015122,142827
720575941670639271,720575940611070020,15333
720575941502743602,720575940635068046,121507
720575941572041630,720575940638210894,53550
720575941511281618,720575940612036837,11078
720575941547311808,720575940623698372,151738
720575941469187703,720575940623046548,513517
720575941552479806,720575940628584954,47061
720575941570111732,720575940622335331,14594
720575941521504179,720575940618362203,42720
720575941639528821,720575940616918843,521122
720575941485502726,720575940623145876,95889
720575941481252687,720575940624314468,20080
720575941569800954,720575940643188384,11660
720575941516521209,720575940629888530,89638
720575941432961550,720575940614180333,47900
720575941476978993,720575940624471683,92534
720575941595188261,720575940602313952,85298
720575941643279816,720575940630323303,19108
720575941518585772,720575940619750822,518731
720575941499162953,720575940615801430,84862
720575941690353371,720575940626111502,16634
720575941513957964,720575940628162832,21279
720575941485823810,720575940619893419,32805
720575941508426590,720575940651520246,20387
720575941504116459,720575940622457235,33077
720575941563541351,720575940625161530,515307
720575941604218558,720575940627448860,18659
720575941562171949,720575940625449108,183383
720575941469678557,720575940629139968,14432
720575941619186047,720575940651928566,15852
720575941439562815,720575940632889313,508381
720575941625662922,720575940613016104,47413
720575941671267239,720575940625699082,41600
720575941481212579,720575940628908038,95745
720575941568277294,720575940629707002,82165
720575941569208820,720575940613463954,513348
720575941548122248,720575940613943413,527647
720575941536851648,720575940623073809,182454
720575941508543522,720575940625969064,530445
720575941574962441,720575940631372764,110764
720575941579989881,720575940631579167,33870
720575941507864098,720575940618048724,28574
720575941611082826,720575940642027464,56214
720575941459883460,720575940620332577,32585
720575941542638365,720575940629161371,96566
720575941525186818,720575940633316307,11241
720575941653711121,720575940629878479,55851
720575941590435070,720575940626893882,19489
720575941519882862,720575940628951287,268100
720575941721638714,720575940616826380,11028
720575941535975873,720575940647029044,13130
720575941496695751,720575940621566844,12590
720575941484902978,720575940627784945,77263
720575941448018196,720575940629543409,11765
720575941539366386,720575940630878519,542403
720575941435251086,720575940630575375,92212
720575941535032242,720575940614067167,124182
720575941650793661,720575940629699322,223747
720575941482248643,720575940641260160,23002
720575941519121580,720575940644909347,17577
720575941454999533,720575940628891863,19550
720575941438448213,720575940628504337,153665
720575941643752530,720575940620742164,12235
720575941461792452,720575940617487477,24247
720575941537849576,720575940629127927,110361
720575941568894202,720575940614137907,11742
720575941574687592,720575940632879841,107105
720575941503319895,720575940624227509,218206
720575941565735734,720575940617496896,77255
720575941562342802,720575940627735050,102646
720575941557538319,720575940616349853,60413
720575941569153906,720575940642495524,182107
720575941513735756,720575940610856874,153083
720575941681318589,720575940627679765,11615
720575941486899974,720575940618822464,537435
720575941565030807,720575940631302956,32175
720575941626141804,720575940611905138,278658
720575941516101978,720575940622448166,36743
720575941573843464,720575940645527918,14237
720575941572468126,720575940618422875,74561
720575941565586695,720575940638163428,12690
720575941568585722,720575940633308371,39102
720575941642960997,720575940619983124,96461
720575941413686161,720575940638012016,12872
720575941432047201,720575940624125477,157315
720575941508607838,720575940621725168,125286
720575941500211106,720575940626665674,119912
720575941514479875,720575940627329798,34726
720575941533541720,720575940642875080,17832
720575941590046519,720575940618268376,15885
720575941495379442,720575940623948983,224816
720575941612468710,720575940615307154,20636
720575941652916977,720575940634601067,31171
720575941473540411,720575940625739266,55125
720575941514152953,720575940610697826,24276
720575941690827995,720575940623024909,48016
720575941516357881,720575940627924227,33788
720575941481086403,720575940620356468,215093
720575941639204469,720575940631985349,10327
720575941537830376,720575940639202467,513687
720575941514527043,720575940639645766,100670
720575941610651309,720575940627124746,117312
720575941608514122,720575940610157410,26739
720575941491649511,720575940619548799,19886
720575941608643488,720575940630758764,64705
720575941652008721,720575940640529752,41089
720575941575337737,720575940616677121,19476
720575941494214782,720575940640773283,112404
720575941445022634,720575940632732985,10453
720575941454764525,720575940612290969,98026
720575941414290577,720575940617033565,531869
720575941521305011,720575940607811420,120627
720575941589203780,720575940613120618,20401
720575941528644484,720575940626733032,71328
720575941486650576,720575940626097681,92161
720575941566181166,720575940629496954,127362
720575941559512046,720575940619812801,40215
720575941527531881,720575940626533220,108401
720575941519025068,720575940603943456,186822
720575941633045435,720575940630543980,105328
720575941607693421,720575940620300308,11222
720575941461697476,720575940634596834,26243
720575941526946050,720575940624982823,11246
720575941610370634,720575940625850938,23071
720575941492926384,720575940628658939,198572
720575941573548943,720575940621125255,53457
720575941595058469,720575940618057595,43861
720575941480772259,720575940630993194,521373
720575941702513626,720575940609187101,812634
720575941581063289,720575940615402869,63335
720575941569361658,720575940639152361,556570
720575941602664121,720575940626715377,530148
720575941566670074,720575940641634100,88005
720575941426986836,720575940621828084,18296
720575941528949892,720575940628920987,110282
720575941469282880,720575940608068035,45398
720575941624262858,720575940613926111,55573
720575941535366378,720575940616204352,229885
720575941555420929,720575940624705514,11515
720575941630277670,720575940653122465,35263
720575941535977226,720575940633933975,519797468
720575941688864475,720575940629209287,125024
720575941520591103,720575940647336068,90909
720575941560790317,720575940640608219,520641
720575941690066651,720575940612100374,54802
720575941564412050,720575940627454569,522756
720575941476053354,720575940621322634,428860
720575941558602788,720575940610258289,19863
720575941671641767,720575940618045776,23969
720575941552222599,720575940621945385,122734
720575941610761449,720575940622203597,95758
720575941552121087,720575940616154527,529411
720575941449914293,720575940620045259,524668
720575941578499573,720575940638285109,14037
720575941632399008,720575940629843986,43279
720575941436397344,720575940626522440,34851
720575941526204772,720575940631182592,122024
720575941662878844,720575940627245585,17225
720575941439560511,720575940617106994,14382
720575941503710807,720575940617876455,131792
720575941427708756,720575940637809326,11659
720575941536138433,720575940624928284,516642
720575941491422670,720575940616426869,148498
720575941534248280,720575940620473072,556461
720575941670919591,720575940627036232,73413
720575941489195724,720575940642926702,19441
720575941475292993,720575940631407068,39840
720575941515795043,720575940630569272,531900
720575941450746183,720575940621772148,540251
720575941461439376,720575940632123695,73196
720575941628323897,720575940628694394,15769
720575941572717576,720575940605306726,125440
720575941450935118,720575940632404555,10958
720575941404390000,720575940643259336,91870
720575941519083948,720575940622857364,39018
720575941444365994,720575940654927777,544826
720575941619726523,720575940621848496,40358
720575941555771364,720575940618368157,12591
720575941700648410,720575940640696539,21311
720575941398969123,720575940615679282,18183
720575941553050503,720575940631347011,14419
720575941566500455,720575940622093832,57190
720575941488249552,720575940641181136,542189
720575941658237264,720575940631708719,92601
720575941644059592,720575940614276271,143042
720575941585350878,720575940630696399,13650
720575941426024532,720575940621791237,129216
720575941440416341,720575940621396115,35130
720575941637616245,720575940624251836,70466
720575941703419610,720575940614714299,29710
720575941482950854,720575940626238666,66652
720575941501952651,720575940647369507,34407
720575941560998003,720575940627244200,16173
720575941478760298,720575940612586981,115617
720575941485127686,720575940619119006,113745
720575941399526435,720575940632993336,91939
720575941731768363,720575940638270808,152462
720575941563657984,720575940613942557,514426
720575941548854644,720575940629725711,77729
720575941485166477,720575940637404132,121183
720575941402030115,720575940621887197,93319
720575941467786518,720575940629422086,19267
720575941461735876,720575940622518197,221504
720575941688387084,720575940615650646,383372
720575941513620724,720575940614342506,539765
720575941639588127,720575940604103084,11438
720575941510491090,720575940604240416,34524
720575941560090669,720575940624834547,112413882
720575941502311659,720575940627428907,23148
720575941574520207,720575940618609799,53068
720575941515761987,720575940625447655,500017
720575941547274932,720575940645180196,34681
720575941551204158,720575940629476683,44929
720575941351919408,720575940623234567,14758
720575941476786974,720575940626187602,23657
720575941477736066,720575940628397138,197252
720575941503776491,720575940622734576,123157
720575941565616231,720575940624243982,68484
720575941614583193,720575940642478024,94844
720575941555977299,720575940628743441,15702
720575941615501465,720575940617187421,13669
720575941596476805,720575940612941991,66271
720575941471299959,720575940628060934,139008
720575941449112954,720575940615401945,210037
720575941565160546,720575940629299355,97724
720575941480046499,720575940629969111,100478
720575941612518502,720575940620217782,338571426
720575941613211033,720575940621753579,23792
720575941662754104,720575940628697961,22882
720575941671625895,720575940611784817,10392
720575941573283912,720575940618272797,111596
720575941690957787,720575940626625179,22432
720575941496211328,720575940631054610,102182
720575941562828032,720575940633516825,46022
720575941566389558,720575940634854554,10708
720575941631188450,720575940631100620,52823
720575941565390855,720575940635053468,179692
720575941645494689,720575940626161224,187771
720575941630950892,720575940608001219,190897
720575941681326781,720575940631917651,525303
720575941593398311,720575940631697000,98235
720575941572710046,720575940620846027,19349
720575941689393115,720575940632958178,106716
720575941551179519,720575940646789428,81385
720575941610936553,720575940620179160,86158
720575941628361273,720575940640015245,66149
720575941480952739,720575940617479169,394210
720575941483506618,720575940619206772,31387
720575941475960641,720575940621372748,51819
720575941487765968,720575940606774281,159211
720575941654047505,720575940630355218,537150
720575941554233171,720575940631742604,122044
720575941633155269,720575940633178252,16854
720575941408343855,720575940627782479,101274
720575941568528686,720575940644785096,23088
720575941465715030,720575940610485145,41690
720575941496767104,720575940636473006,123983
720575941546825404,720575940621226405,74808
720575941499209801,720575940614759029,153035
720575941589167940,720575940625800786,26087
720575941574979593,720575940619646037,521225
720575941414076052,720575940609898190,89582
720575941437687125,720575940626735100,24054
720575941592439403,720575940635242126,532378
720575941475793457,720575940623115015,58721
720575941472030987,720575940624938684,194006
720575941598433692,720575940660175745,157197
720575941654650068,720575940631406944,432633950
720575941453830637,720575940620297819,11820
720575941510044882,720575940622042662,50415
720575941535196650,720575940621413803,22964
720575941541999708,720575940634085112,28055
720575941569774450,720575940615257395,171087
720575941615390873,720575940625600284,35055
720575941530729957,720575940610002033,36098
720575941458930160,720575940617063963,10422
720575941480457952,720575940605384882,73244
720575941440880981,720575940630641183,520700
720575941536047370,720575940631177803,18406
720575941431305865,720575940616429825,15053
720575941512649681,720575940626966018,513097
720575941515710051,720575940623318566,512296
720575941627465273,720575940626132101,541643
720575941437432364,720575940627465032,40389
720575941613019155,720575940627684477,43985
720575941466791254,720575940628314668,118702
720575941571205704,720575940633498976,28326
720575941571526728,720575940617077772,37298
720575941545102597,720575940625218404,542131
720575941504261058,720575940612658602,201738
720575941571368862,720575940634736376,154952
720575941519211191,720575940639811662,27902
720575941496618624,720575940635911396,142427
720575941515917667,720575940610935410,27113
720575941559627279,720575940628862330,20157
720575941504552898,720575940626553993,69606
720575941609886950,720575940637671342,15366
720575941679151805,720575940647066932,114444
720575941596126853,720575940630075703,518549
720575941574230280,720575940630794767,112819175
720575941538554261,720575940609956547,76432
720575941469958155,720575940634663092,83893
720575941503321138,720575940612775958,109816
720575941658805840,720575940624351785,531838
720575941580019025,720575940622302758,38407
720575941585431006,720575940634043247,104852
720575941643892385,720575940625180803,35549
720575941643477960,720575940607174153,95082
720575941632928965,720575940624304423,18227
720575941612114140,720575940627588602,155035
720575941492178407,720575940622198664,150992197
720575941429552815,720575940605158572,512947
720575941590251575,720575940630991119,118271
720575941507494178,720575940627910160,81956
720575941603918009,720575940624468557,101055
720575941611890918,720575940616035990,28959
720575941642129528,720575940636674190,11934
720575941537715944,720575940616045497,93881
720575941412904047,720575940634923967,145642
720575941732112683,720575940623325932,154386
720575941537950435,720575940630191447,24309
720575941633775803,720575940618382292,57807
720575941573370696,720575940634198926,226016
720575941531739109,720575940620977773,25784
720575941477145393,720575940629240263,10304
720575941596133824,720575940623637396,25862
720575941596641413,720575940606649865,27024
720575941644838776,720575940623998563,53478
720575941560969950,720575940630805463,544400
720575941560954483,720575940626299082,126524
720575941574657019,720575940613238418,519933
720575941523694923,720575940624247787,25738
720575941644359544,720575940604456364,12406
720575941524636260,720575940628393042,27997
720575941631028962,720575940616597334,13570
720575941513114444,720575940629923883,161574
720575941529212600,720575940640589171,10135
720575941584665439,720575940613540350,521680
720575941595089189,720575940604081836,28866
720575941469969629,720575940607983317,133335
720575941503803883,720575940627978556,94128
720575941633271200,720575940622172042,117074
720575941430507145,720575940617216320,18842
720575941510080784,720575940622156799,520764
720575941475443252,720575940611863928,37828
720575941439741525,720575940628398786,51723
720575941607243885,720575940625404197,118507
720575941623921851,720575940620691794,209900
720575941668479475,720575940616156992,32336
720575941559704046,720575940632353611,143919
720575941589292100,720575940610593234,14688
720575941566666343,720575940619738863,517465
720575941626056556,720575940629806974,12601
720575941564748598,720575940626303565,51925
720575941441849691,720575940609116882,137114
720575941546567612,720575940616332338,190271
720575941408754350,720575940624602957,123681
720575941498035874,720575940630812022,142015
720575941644073633,720575940643544224,81143
720575941530083256,720575940623779327,12552
720575941456032493,720575940603792352,28363
720575941454543411,720575940620816961,120094
720575941571827272,720575940614082194,56550
720575941602066678,720575940614586349,33796
720575941516695289,720575940615734850,227415
720575941633180603,720575940631989189,109877
720575941483965693,720575940631547729,13238
720575941582819423,720575940631615545,10012
720575941570040052,720575940619069093,166967
720575941477662750,720575940631247431,185263
720575941415192604,720575940616133186,32170
720575941450206301,720575940631112223,903689
720575941549450301,720575940635837786,114184
720575941455160883,720575940638202852,922225
720575941430664329,720575940616144470,522714
720575941595422247,720575940612488341,514394
720575941454003763,720575940616439697,512833
720575941507510145,720575940644038180,183656
720575941463750413,720575940610219618,45394
720575941564354663,720575940639426293,38001
720575941562933858,720575940622917927,533760
720575941506143767,720575940627674630,321479
720575941442231759,720575940620123527,39772
720575941515888483,720575940627585918,91271
720575941671491751,720575940621405861,45694
720575941503871467,720575940628777371,57441
720575941560627157,720575940630497231,200074
720575941536595649,720575940622578985,42040
720575941504263874,720575940629932547,45914
720575941624781706,720575940615114914,531402
720575941502823730,720575940628145257,19529
720575941610561354,720575940624339652,33052
720575941547444404,720575940629730934,70985
720575941533380362,720575940616824709,140895
720575941437188575,720575940647524473,88111
720575941509529872,720575940634666466,565155
720575941519401911,720575940635764671,11888
720575941476235316,720575940629784108,122739
720575941526618212,720575940628570442,238050
720575941540708477,720575940632678496,112902
720575941477429022,720575940626567701,26815
720575941583929439,720575940630425285,534464626
720575941536347073,720575940646058094,514792
720575941507242309,720575940618395205,12548
720575941527231746,720575940641211520,150489
720575941535352554,720575940624773916,170454
720575941731940395,720575940620686761,521384
720575941637262965,720575940633888211,60319
720575941644062290,720575940614607675,205423
720575941471803403,720575940613254627,24594
720575941565439639,720575940621008213,111164
720575941503628887,720575940633772452,564824
720575941457082352,720575940618752853,122881
720575941537768675,720575940619969329,123737608
720575941688792182,720575940634315967,47662
720575941511464914,720575940629515258,25527
720575941595517989,720575940643396768,396307
720575941594940374,720575940629592143,18128
720575941624917612,720575940613645487,107122
720575941644556920,720575940631059501,26059
720575941451360078,720575940623406984,562806
720575941506550693,720575940629416266,46515
720575941481971709,720575940629325611,18661
720575941471211840,720575940616969029,60696
720575941438841311,720575940635677668,184141
720575941581882489,720575940624890296,553194
720575941491823308,720575940619309632,22883
720575941491761895,720575940638637501,11846
720575941534891864,720575940623729907,921952
720575941495864905,720575940640640061,10754
720575941645209208,720575940620069729,16583
720575941643276449,720575940607896009,23218
720575941514702170,720575940628197392,527639
720575941688239478,720575940629847436,342042
720575941517708142,720575940601206499,128768
720575941393735830,720575940617852299,24721
720575941577323097,720575940646927924,140647
720575941603755193,720575940637106295,51597
720575941595334693,720575940631635449,105359
720575941438684991,720575940620947695,75685
720575941627813158,720575940615553426,107939
720575941476737566,720575940620731608,30379
720575941529738955,720575940623264904,26066
720575941519682264,720575940624417427,124895
720575941524210763,720575940627812168,66284
720575941448582749,720575940626821182,234947
720575941455541811,720575940647945012,581710868
720575941703239898,720575940632805421,141105
720575941570128498,720575940644438551,10760
720575941626116298,720575940619575345,512492
720575941528014758,720575940617273273,60624
720575941688963852,720575940619882868,115648
720575941654968532,720575940626721835,11503
720575941414381460,720575940630330410,45894
720575941440546645,720575940627066757,29410
720575941640743967,720575940610439363,519129
720575941441382591,720575940619530944,24678
720575941583990623,720575940628833129,112742
720575941560064301,720575940612304226,30467
720575941522434551,720575940619246256,529400
720575941444451754,720575940653913505,230736
720575941490973644,720575940630426967,77612
720575941624434540,720575940659869057,147964
720575941542918941,720575940638457552,802126
720575941687263350,720575940618824256,514121
720575941572471454,720575940624897516,10520
720575941690171355,720575940616169787,379170143
720575941598148032,720575940627236410,22807
720575941650106901,720575940653367030,88083
720575941667913971,720575940625932944,51825
720575941521322423,720575940629640960,52526
720575941499177953,720575940632282449,46453
720575941482863869,720575940622168088,516899
720575941507457349,720575940613490841,22086
720575941517861804,720575940659866753,21203
720575941437623007,720575940611882725,144688
720575941471348032,720575940626005269,28248
720575941534970394,720575940620030191,59528
720575941530217912,720575940627575573,57094
720575941436526815,720575940603789228,35409
720575941668584691,720575940639226084,522797
720575941644596129,720575940630312954,36242
720575941620139135,720575940621907461,34386
720575941393657238,720575940630753662,25821
720575941514047052,720575940633157919,10671
720575941502199346,720575940616441410,519329
720575941491065653,720575940631082808,12348
720575941541964892,720575940619410671,30656
720575941601876470,720575940611926186,128986
720575941481419718,720575940615257300,25880
720575941589030199,720575940630539023,106814
720575941498639483,720575940625534986,155798
720575941414719124,720575940622843747,15273
720575941450031029,720575940630158140,29157
720575941506463909,720575940630311528,80462
720575941586973764,720575940632424722,204393
720575941555540964,720575940632323896,19233
720575941534271064,720575940626517129,43094
720575941486520205,720575940638303421,218382
720575941428264788,720575940613059993,139914
720575941523009867,720575940625013767,128689
720575941409063595,720575940624740185,42514
720575941482584506,720575940607154955,137995
720575941655283668,720575940632912409,25840
720575941430468600,720575940637354815,169145
720575941529333944,720575940650009977,500075
720575941482309827,720575940625053186,20890
720575941625100187,720575940623801276,192555
720575941536185793,720575940631930415,956023
720575941567293486,720575940612804209,512278
720575941513234499,720575940621365417,44756
720575941529643192,720575940631742156,980589689
720575941539686525,720575940626534226,222393
720575941543199261,720575940622457579,19671
720575941574939401,720575940612240355,81117
720575941555365377,720575940619173104,65023
720575941671337127,720575940632126860,12858
720575941553445459,720575940630833786,62138
720575941527905924,720575940611355438,331718
720575941450419805,720575940605928066,53669
720575941554637732,720575940628463823,121294
720575941483053510,720575940637568996,24254
720575941436052768,720575940627003179,33851
720575941645564872,720575940606953858,20835
720575941560650355,720575940626946033,529490
720575941535222706,720575940632117711,69261
720575941525655833,720575940622168052,10927
720575941496673920,720575940638124147,494761
720575941456772336,720575940629929211,30942
720575941447521373,720575940628508534,118303
720575941633159328,720575940622662896,158428
720575941458352624,720575940618729350,35061
720575941508582434,720575940626163837,515240
720575941587555652,720575940626185244,40603
720575941521972299,720575940624453868,127739
720575941688473718,720575940612593361,67027
720575941481579971,720575940635286958,92679
720575941539552717,720575940626238716,40959
720575941486127622,720575940611348373,36290
720575941471587424,720575940629468739,109866
720575941558311795,720575940637911118,41099
720575941557898276,720575940627075977,128562
720575941593613169,720575940645393175,16572
720575941540743772,720575940618914075,43144
720575941703327194,720575940636322367,173749
720575941612927251,720575940618658171,121509
720575941598975424,720575940637323071,519982
720575941558607396,720575940628884496,10989
720575941489678389,720575940628419527,22194
720575941537872253,720575940613834438,72021
720575941470149751,720575940622064041,81589
720575941530185983,720575940624376503,197408
720575941630583522,720575940604941234,64153
720575941470502007,720575940646913844,29226
720575941540598909,720575940643465838,27084
720575941458544083,720575940615097490,12127
720575941638844959,720575940628226697,27002
720575941619002751,720575940631494687,120657549
720575941496722816,720575940608163285,60137
720575941584228742,720575940620581748,518379
720575941461005508,720575940618359745,164216
720575941459141446,720575940624824248,131810
720575941550029629,720575940614564319,65522
720575941504329559,720575940618100308,183927
720575941626075850,720575940627479810,18011
720575941414729108,720575940626582218,56734
720575941513302604,720575940619997632,25742
720575941431362735,720575940623543303,133214
720575941536142346,720575940634531064,44968
720575941688425484,720575940613830722,58668
720575941438942738,720575940622912500,70636
720575941478745730,720575940633721058,101280
720575941498615931,720575940640179790,53371
720575941545039109,720575940648798073,63658
720575941448117012,720575940609806712,137495
720575941504579634,720575940626228329,36223
720575941550098548,720575940615841548,514945
720575941588123902,720575940614129617,21581
720575941428986872,720575940632484492,557838
720575941414279316,720575940621415382,24110
720575940985381810,720575940609314499,103487
720575941440039647,720575940630482503,93624
720575941594807921,720575940632680895,93294
720575941503565622,720575940621278166,134348
720575941466802969,720575940623472264,953976
720575941471768843,720575940611237594,15491
720575941483848189,720575940613901170,16831
720575941595448022,720575940623880013,236557
720575941644177490,720575940622124680,60160
720575941450185053,720575940609202244,125813
720575941448063764,720575940634332570,12933
720575941546792892,720575940639627334,70535
720575941579309689,720575940615967574,44321
720575941459314847,720575940608321458,48249
720575941560225295,720575940624776548,495695380
720575941562731154,720575940610822314,28816
720575941564343138,720575940630522193,156143
720575941548330888,720575940621640150,519186
720575941486700098,720575940623062515,11830
720575941499572961,720575940611225698,56477
720575941518841048,720575940630111628,179081
720575941489898471,720575940622939101,16606
720575941476842545,720575940632985261,512228
720575941573609288,720575940609881611,16064
720575941496208071,720575940613589167,15857
720575941626354028,720575940629733626,254366
720575941475822878,720575940619659861,163395
720575941508451362,720575940626022074,13259
720575941542989853,720575940658982017,35149
720575941470847095,720575940615324994,558964
720575941552013055,720575940622264444,28856
720575941666147059,720575940617906315,42485
720575941466988630,720575940626196732,16908
720575941507312151,720575940625532659,24358
720575941450263645,720575940632616908,530957
720575941578692697,720575940627652358,11177
720575941469745931,720575940611249528,29014
720575941578612057,720575940625080862,41298
720575941688582518,720575940634526560,25249
720575941553915546,720575940610505170,14427
720575941611099366,720575940629766649,581135
720575941578977781,720575940611094478,15081
720575941560831859,720575940631973089,18945
720575941667860723,720575940634140011,26524
720575941690864603,720575940632460951,146426
720575941585031263,720575940620958558,59499
720575941670062257,720575940618478749,16716
720575941653528276,720575940624015101,18599
720575941578708057,720575940617440802,513499
720575941503411138,720575940619130909,62938
720575941471747595,720575940635906958,22225
720575941615487385,720575940637696627,32297
720575941464808022,720575940621228992,98904
720575941624538506,720575940623026419,62698
720575941614152089,720575940606678795,37215
720575941435030670,720575940626823247,52077
720575941411139755,720575940617523174,247112
720575941669506481,720575940614124906,56638
720575941550649406,720575940611489754,43189
720575941533339779,720575940613003487,168586
720575941436486418,720575940634283616,57562
720575941594570117,720575940625154181,33978
720575941564369920,720575940622018217,519925
720575941490978736,720575940634100335,547554
720575941537583336,720575940630346860,11261
720575941414529169,720575940636181481,64447
720575941482268867,720575940608729795,36475
720575941554914276,720575940626835545,82047
720575941643638472,720575940620117268,57041
720575941643226981,720575940620415727,126306
720575941639777567,720575940625683077,73285
720575941598539420,720575940616177949,58632
720575941545733993,720575940633539103,83699
720575941489594062,720575940620433690,34092
720575941457047021,720575940635697765,128375
720575941659667792,720575940618604884,500154
720575941483304902,720575940629212887,15566
720575941547909044,720575940632023353,192103
720575941546533721,720575940624584712,185040
720575941634005691,720575940636961647,28216
720575941450006109,720575940624970987,45685
720575941575480758,720575940624224253,15180
720575941573030301,720575940632177453,156450
720575941504759858,720575940629940431,147396
720575941482816765,720575940645759523,76807
720575941483510269,720575940635846847,103505
720575941449995445,720575940624755088,47827
720575941585004127,720575940628614487,24115
720575941482115526,720575940627558082,226581
720575941619883135,720575940619519092,11687
720575941614789017,720575940609439698,212879
720575941485360848,720575940632180909,165623
720575941518780888,720575940630992896,184735
720575941480668034,720575940623451829,47753
720575941471219776,720575940619256558,29553
720575941586612446,720575940612970536,54163
720575941593613096,720575940644262935,954509
720575941515600474,720575940635932272,57559
720575941540582781,720575940635404143,19809
720575941598492457,720575940619074836,224753
720575941585556614,720575940620129694,155188
720575941575594678,720575940613338349,533917
720575941456874655,720575940646051694,100060
720575941498866299,720575940621581150,512969
720575941483577853,720575940626833158,228252
720575941632902304,720575940626240522,186039
720575941485816642,720575940625790352,33754
720575941549063167,720575940626582095,125949
720575941481122690,720575940617878306,25461
720575941435631502,720575940621047888,13697
720575941492178663,720575940606922674,415235681
720575941522186231,720575940615183755,33307
720575941533797507,720575940614837877,96223
720575941478585450,720575940623467527,13403
720575941488670517,720575940628784380,52727
720575941625691786,720575940633036371,782825749
720575941537137896,720575940632388171,52934
720575941454848563,720575940630990732,603410970
720575941575655311,720575940613772317,95652
720575941593781867,720575940615265843,88995
720575941527620484,720575940619014981,23394
720575941538837885,720575940628334159,128021
720575941615001813,720575940611937967,207692
720575941539448781,720575940628115561,12198
720575941612501523,720575940629262586,80008
720575941553477511,720575940627547210,44067
720575941610635497,720575940618036509,87232
720575941590739710,720575940617722507,181992
720575941511792204,720575940614923963,176645
720575941681317565,720575940624436580,24834
720575941597867420,720575940627860552,101008
720575941520133367,720575940627621628,557308
720575941467113238,720575940627768409,18909
720575941545642601,720575940643740872,14397
720575941352978224,720575940631624761,51430
720575941574878351,720575940628345610,12818
720575941652453105,720575940622448531,189319
720575941552893246,720575940628334342,21790
720575941651743729,720575940615451451,60146
720575941594551847,720575940629192975,15815
720575941535231832,720575940614075363,10151
720575941554028698,720575940637106032,27140
720575941487071952,720575940627444234,51964
720575941643355474,720575940622886413,66982
720575941592201000,720575940622406260,50885
720575941560332845,720575940606331996,141289
720575941536848872,720575940640374581,13043
720575941555507713,720575940628888375,213955
720575941619317375,720575940629343799,517352
720575941479617699,720575940639374243,125339
720575941496341703,720575940628372123,89277
720575941579347701,720575940626591875,521693
720575941430796937,720575940634548660,47677
720575941473896234,720575940618378832,20512
720575941479252960,720575940603455846,111220
720575941520162158,720575940633149357,247008
720575941439563583,720575940630135084,11965
720575941479650178,720575940626200457,111272
720575941541127772,720575940626315085,260823
720575941612201645,720575940621165951,722547202
720575941525991426,720575940621805261,58494
720575941650792125,720575940628423623,72081
720575941426991444,720575940633366127,148888
720575941594777302,720575940625016807,111773
720575941628153913,720575940614759149,13008
720575941512850252,720575940626143570,139662
720575941498554185,720575940619230288,556600
720575941644629624,720575940635831664,150931
720575941611607654,720575940620011502,80302
720575941547368628,720575940621613508,518644
720575941489822412,720575940636252408,49212
720575941540593789,720575940617518365,13924
720575941574158075,720575940620718472,13432
720575941531918565,720575940636186463,25504
720575941475347777,720575940625898983,68993
720575941651491857,720575940631176310,36154
720575941426470996,720575940615503803,727208803
720575941602810870,720575940645390468,84278
720575941568442362,720575940659164545,126837
720575941595424369,720575940627321755,511844
720575941610644969,720575940630754221,521548
720575941404810352,720575940618855035,159367
720575941498040393,720575940626049098,96958
720575941449927290,720575940621721838,124004
720575941350528560,720575940613214098,34226
720575941576549558,720575940637686079,19801
720575941662889084,720575940616580511,32190
720575941486711181,720575940621512445,22728
720575941575985241,720575940647022644,108261
720575941438719276,720575940620738403,20889
720575941604014070,720575940625690256,56277
720575941483262461,720575940644750116,19562
720575941547442612,720575940617997140,13035
720575941392524438,720575940615682246,157767
720575941511546578,720575940639454848,40316
720575941482046138,720575940630544348,36382
720575941500593058,720575940630909016,500182
720575941439577055,720575940613553202,22012
720575941429224623,720575940630818135,137449
720575941440341439,720575940624974266,781461741
720575941612353811,720575940616752155,39798
720575941606045293,720575940615954838,48923
720575941571534238,720575940627849463,131101
720575941597013893,720575940630735863,176548
720575941612177837,720575940641791989,15021
720575941605187262,720575940618366843,520034
720575941429873144,720575940628781333,133103
720575941550687805,720575940647586948,256420
720575941687160182,720575940620685153,40621
720575941493540478,720575940616794585,85503
720575941546851260,720575940637932766,516010
720575941504518594,720575940631639972,26665
720575941702419162,720575940613022367,55061
720575941461302724,720575940646030388,142915
720575941430607753,720575940606112940,11706
720575941579825489,720575940623158709,14206
720575941453033543,720575940630548751,17823
720575941507392802,720575940619469147,105904
720575941561762605,720575940635047068,13580
720575941703298266,720575940617203997,26228
720575941462748816,720575940630494795,26023
720575941641287269,720575940607573973,56443
720575941490035431,720575940614662815,57805
720575941535102808,720575940627578385,519318
720575941667623923,720575940622148391,25860
720575941546476476,720575940620742605,28105
720575941484113917,720575940627016766,15582
720575941581894265,720575940627216283,41608
720575941550401086,720575940637530084,16307
720575941526923341,720575940620272037,17559
720575941668397735,720575940629008655,126597
720575941498578249,720575940616561035,262853
720575941486950406,720575940606563249,130031
720575941591074046,720575940637331575,520931
720575941453308585,720575940622285082,85080
720575941493511038,720575940616149249,86986
720575941482295235,720575940620967846,107426
720575941535782337,720575940640277888,91089
720575941631020012,720575940624789652,215424
720575941496389243,720575940626665128,118003
720575941569581562,720575940627404858,19846
720575941534952474,720575940612553189,56909
720575941671706023,720575940654676385,14287
720575941631980524,720575940630454867,102366
720575941600629289,720575940622951687,512422
720575941611704284,720575940614267242,115340
720575941555304193,720575940612710371,85585
720575941529173124,720575940607590236,46143
720575941605154494,720575940612063602,108636
720575941596047237,720575940622312063,15869
720575941580166389,720575940620245268,17825
720575941525804065,720575940627989803,524402
720575941523803127,720575940620516544,226154
720575941450220381,720575940620860398,523482
720575941573512264,720575940624243006,34844
720575941506229889,720575940620915224,38848
720575941414803860,720575940631686737,513696
720575941610884329,720575940619828095,17965
720575941626500746,720575940640978048,10045
720575941479543776,720575940631959097,29086
720575941552913726,720575940617091414,41307
720575941578890585,720575940605393888,172452
720575941612074925,720575940610036834,514314
720575941470171613,720575940634073825,141054
720575941572203336,720575940620279131,110632
720575941610490698,720575940611966194,207243
720575941671610791,720575940631991266,511982
720575941476415796,720575940629331663,84708
720575941578679897,720575940617280657,14885
720575941516454547,720575940624302075,92462
720575941475191850,720575940633776301,27260
720575941491356622,720575940628895750,23469
720575941470086208,720575940623893128,42936
720575941515581795,720575940632946477,17734
720575941638477429,720575940617041728,70171
720575941614939923,720575940616137282,245079
720575941408690991,720575940645173960,515955
720575941511522770,720575940622738923,149366
720575941536700938,720575940619907032,257944
720575941534235736,720575940629947964,123322
720575941631278050,720575940621999228,70957
720575941472995168,720575940626984274,11478
720575941539169173,720575940622930456,34250
720575941512515907,720575940640962158,29930
720575941513217379,720575940619905404,543506
720575941547527860,720575940609920376,103021
720575941581353849,720575940625012005,86773
720575941574746781,720575940621543533,29303
720575941475473473,720575940617517622,67950
720575941572143944,720575940629500012,88591
720575941565550087,720575940636588430,520938
720575941480721026,720575940610913177,159410
720575941535623144,720575940618601729,74012
720575941657989712,720575940622195625,513875
720575941519178924,720575940612228630,62976
720575941504545730,720575940635417957,131703
720575941576778856,720575940620551105,79373
720575941593552421,720575940621354734,188018
720575941515977571,720575940620851777,30510
720575941657569048,720575940633851243,79299
720575941560752755,720575940639803445,542982
720575941663124092,720575940624535554,520238
720575941463704077,720575940622665544,78630
720575941523295223,720575940625912871,10510
720575941633695904,720575940636589669,205785
720575941519085484,720575940626529448,557870
720575941515488346,720575940623724007,514927
720575941515175770,720575940610334634,51057
720575941599842345,720575940616138123,16486
720575941526497817,720575940621133959,32848
720575941450043573,720575940628757110,514944
720575941533704067,720575940632189900,10249
720575941526277378,720575940614026193,10267
720575941526402982,720575940612082322,515572
720575941643178853,720575940625602597,350750
720575941496954496,720575940620909300,28290
720575941662422840,720575940623789704,43311
720575941619683967,720575940610909809,172901
720575941604071670,720575940630290302,540078
720575941457744031,720575940624385772,142711
720575941538066837,720575940603545190,39695
720575941613110492,720575940644044823,55135
720575941545502725,720575940624501747,812830130
720575941520366259,720575940618436847,31652
720575941474806570,720575940608929749,43988
720575941599102400,720575940631507937,53420
720575941560732717,720575940605042609,25298
720575941611962854,720575940624891645,68537
720575941553746660,720575940622296573,46590
720575941441387199,720575940627039781,28590
720575941490351049,720575940615219367,92731
720575941452055162,720575940630379223,13896
720575941526859010,720575940621654298,531701
720575941596195697,720575940619729286,17012
720575941515351107,720575940633744820,42963
720575941574428424,720575940611174041,49593
720575941524302335,720575940613576470,192091
720575941659139096,720575940610888056,82899
720575941438655506,720575940632486969,10163
720575941591688555,720575940610256846,52319
720575941514246723,720575940634859188,602736959
720575941573561595,720575940634763877,24810
720575941474658346,720575940604439072,220921
720575941537703144,720575940643817888,233071
720575941548250228,720575940620617009,36387
720575941565351943,720575940638604021,109626
720575941463713549,720575940627833347,31173
720575941404901488,720575940617234077,175933
720575941393883420,720575940629079811,217811
720575941643797093,720575940618271961,84351
720575941496896384,720575940626316606,22700
720575941513763537,720575940623542972,149792
720575941638407199,720575940631759663,10884
720575941438778815,720575940617286517,522355
720575941615459993,720575940654467233,51519
720575941492133095,720575940609774347,544217
720575941593164584,720575940647303300,19995
720575941533235890,720575940624287821,13786
720575941620207231,720575940634027455,518293
720575941652983313,720575940627471619,517600
720575941679872189,720575940611444633,13189
720575941662748796,720575940605619628,75307
720575941556611492,720575940623165636,162399
720575941551956763,720575940630466346,37009
720575941622333180,720575940629999119,69515
720575941445212330,720575940630622803,50271
720575941462555917,720575940636563630,140676
720575941642849480,720575940613326250,515298
720575941554109668,720575940629521655,13700
720575941518988471,720575940628181992,119204
720575941481487439,720575940626630673,17187
720575941565003520,720575940620727489,122304
720575941579080785,720575940632187729,39441
720575941643911250,720575940613668778,56861
720575941564504832,720575940628869648,555850
720575941493477296,720575940620381249,24206
720575941497092219,720575940646115636,515214
720575941408419375,720575940621434789,36795
720575941526350302,720575940617838310,229604331
720575941537991907,720575940629247682,519751
720575941592620583,720575940634414959,491190
720575941516021507,720575940624802250,29898
720575941549945343,720575940621215659,527122
720575941450261341,720575940628595944,14994
720575941599656745,720575940624335909,46874
720575941615875285,720575940622364254,86123
720575941471704587,720575940633227545,15614
720575941541652060,720575940610008132,163087
720575941595098838,720575940626986885,12164
720575941658109776,720575940628700571,309593
720575941553287195,720575940622252865,84305
720575941552831806,720575940629287484,514360
720575941461909700,720575940615953302,30895
720575941487848144,720575940616657409,34883
720575941688718348,720575940625886351,12749
720575941651852017,720575940616781713,45085
720575941564421015,720575940636822069,29234
720575941435032864,720575940618709371,388541892
720575941644283986,720575940622561063,169836
720575941663701884,720575940647560500,13803
720575941631420320,720575940630995340,137294
720575941538684053,720575940611085425,513397
720575941525972646,720575940605816288,154572
720575941543014917,720575940627426971,47975
720575941475578939,720575940629594106,520119
720575941668553971,720575940630732414,72597
720575941438338322,720575940634285560,238192
720575941452149882,720575940614921670,93765
720575941546284476,720575940631110487,66790
720575941516240474,720575940620736422,75228
720575941456935661,720575940604456108,119700
720575941481447075,720575940628978450,19590
720575941528338616,720575940615071675,67955
720575941463847181,720575940621887841,23603
720575941439735775,720575940622589892,517148
720575941507323671,720575940630600775,521075
720575941563540231,720575940652231158,72213
720575941568703738,720575940639647184,24989
720575941533365770,720575940633053847,45329
720575941597994688,720575940638170429,135099
720575941624552586,720575940619249061,42508
720575941596705413,720575940634698079,14843
720575941602455737,720575940618058982,128555
720575941560115983,720575940620244719,53089
720575941450592349,720575940635169888,534915
720575941451666298,720575940634949751,161671
720575941593461361,720575940636969182,529142
720575941453869619,720575940622786317,47383
720575941595786021,720575940608337522,148953
720575941539121021,720575940612628885,50310
720575941539271317,720575940617688389,542444
720575941485181702,720575940610991513,94735
720575941552602686,720575940628249938,40893
720575941645227169,720575940619160559,41795
720575941518431927,720575940628701015,114612
720575941494536062,720575940605007276,35108
720575941471696992,720575940635957872,34207
720575941407465902,720575940628267259,55591
720575941540469629,720575940639748816,18859
720575941625301915,720575940626648634,217221
720575941495703495,720575940627543370,14698
720575941487405776,720575940616688089,76777
720575941556898084,720575940621079661,98561
720575941515597891,720575940655000737,14777
720575941533709443,720575940614492397,11677
720575941585137503,720575940604964576,103738
720575941514836835,720575940635968942,47722
720575941629953830,720575940633693803,20603
720575941568906484,720575940626148354,929909
720575941547143304,720575940611887075,48429
720575941461234131,720575940636703374,25076
720575941554570011,720575940630650424,36304
720575941633032901,720575940613070632,20353
720575941407511599,720575940622643661,107950049
720575941531685067,720575940632604828,537797
720575941408067375,720575940620538246,881191049
720575941507605829,720575940610877077,26427
720575941540726397,720575940622117473,519343
720575941449139381,720575940644654752,23116
720575941610869734,720575940649228665,152860
720575941551911935,720575940633296052,118641
720575941593346600,720575940632396615,12260
720575941537859555,720575940616551897,114291
720575941652628977,720575940619598964,10827
720575941613408220,720575940633333729,74649
720575941604710334,720575940613243807,77796
720575941564757143,720575940624406986,558665
720575941570051572,720575940634695263,18108
720575941522326091,720575940612762074,535208
720575941475860020,720575940646039575,119288
720575941408125743,720575940620677336,10480
720575941481146498,720575940627561554,105781
720575941655194841,720575940630124908,19405
720575941482295037,720575940622693813,32420
720575941515813987,720575940619266987,121580
720575941570830494,720575940635081579,21238
720575941603056318,720575940604212838,47504
720575941491342025,720575940638775640,34589
720575941447291924,720575940612498129,19260
720575941439210463,720575940621167496,61290
720575941406137135,720575940638832512,39813
720575941529510788,720575940635920751,30874
720575941638404213,720575940623062349,535523
720575941589219212,720575940623986364,15170
720575941560265966,720575940620794790,40546
720575941483329789,720575940632219532,149500
720575941478726762,720575940624223888,492933218
720575941526886500,720575940611022515,17540
720575941438557202,720575940622513524,63848
720575941640436255,720575940616194443,17361
720575941445145514,720575940642968717,533431
720575941599114688,720575940617636725,600700832
720575941540075356,720575940635940447,81319
720575941492241328,720575940623004685,167201
720575941655750356,720575940638558953,17724
720575941458263024,720575940619657972,58667
720575941526909284,720575940629574615,90835
720575941643872101,720575940629375081,14990
720575941570138612,720575940625110967,16328
720575941688888950,720575940612870549,33011
720575941662627128,720575940630882131,18635
720575941527447940,720575940630144323,202114
720575941491469260,720575940623107509,17994
720575941601284393,720575940626485129,33635
720575941615507865,720575940614354326,15058
720575941571942139,720575940620889302,155211
720575941438445631,720575940612435454,166914
720575941686486767,720575940620357597,67526
720575941530464184,720575940620777315,56660
720575941468839389,720575940643339976,26301
720575941450213754,720575940629312759,96138
720575941473350954,720575940626272560,522891
720575941642414418,720575940622307248,149200
720575941633220768,720575940647804212,24565
720575941632473580,720575940619677342,16179
720575941554960026,720575940632773540,46825
720575941626078619,720575940621115312,109713
720575941585318534,720575940634879845,164420
720575941486302470,720575940619654149,30938
720575941474938154,720575940617614548,72212
720575941575772008,720575940617559481,48612
720575941526527746,720575940636247732,29911
720575941433327886,720575940612551594,13294
720575941547315124,720575940618995505,16198
720575941516862680,720575940622184701,102359
720575941599156672,720575940631509110,71195
720575941569105658,720575940621530117,10499
720575941437955858,720575940620898324,12182
720575941564453986,720575940626400125,14269
720575941430334167,720575940615965526,51687
720575941478341283,720575940629786103,140831
720575941579633489,720575940632068383,59818
720575941539895757,720575940626669957,47997
720575941495308416,720575940605799102,110650
720575941519188652,720575940651231478,523037
720575941534352106,720575940626308697,45245
720575941391204758,720575940612192730,109374
720575941471362679,720575940627426837,152391
720575941516166746,720575940627737073,1025832598
720575941516173059,720575940616107626,11548
720575941611719910,720575940634389390,38552
720575941651951893,720575940621111687,10634
720575941681019325,720575940622019333,111432
720575941537756136,720575940623396548,20893
720575941564822370,720575940627846915,45093
720575941450874958,720575940628352000,180111
720575941574750351,720575940625708336,91471
720575941514490179,720575940625619458,142010
720575941555833828,720575940620250294,243859
720575941450779470,720575940634559339,28228
720575941441012175,720575940626690120,173087
720575941642408018,720575940621268651,18326
720575941593907307,720575940621259875,18558
720575941552220222,720575940620029575,103957
720575941432664791,720575940658633089,60683
720575941596730501,720575940631537735,15458
720575941572690590,720575940633166617,131636
720575941545571177,720575940629014119,906350022
720575941512059345,720575940625648009,38083
720575941571900488,720575940617593157,14119
720575941560466477,720575940631179807,19990
720575941556231652,720575940617894429,526592
720575941560980525,720575940625667721,515687
720575941437733650,720575940618718235,50914
720575941556446436,720575940610610990,24997
720575941591069438,720575940648742777,25328
720575941596683712,720575940621111472,128412
720575941574513929,720575940640833013,49832
720575941506603836,720575940632615628,60131
720575941661508152,720575940634606490,62494
720575941572439453,720575940622123144,35220
720575941483765690,720575940621545408,516553
720575941408819247,720575940632205759,521328
720575941630033378,720575940621839086,74623
720575941554230170,720575940632880301,58593
720575941498312009,720575940623938795,512267
720575941360473635,720575940630995799,303314
720575941630105638,720575940607272715,13593
720575941472012608,720575940607351218,26752
720575941490053941,720575940633754707,15169
720575941586653062,720575940613170498,161450
720575941602479862,720575940626566931,25479
720575941408834734,720575940613188850,160820
720575941493527216,720575940647037492,23690
720575941469344631,720575940612621285,140822
720575941442115023,720575940630098284,12947
720575941508538497,720575940614958120,16638
720575941591028734,720575940626138701,46847
720575941459959507,720575940621650011,167622
720575941457805727,720575940629384271,21703
720575941565385570,720575940623953900,14033
720575941644188792,720575940644588324,139788
720575941619210879,720575940632640737,112700
720575941461636307,720575940631512376,211459
720575941629310502,720575940626873232,50164
720575941554453275,720575940627740432,66510
720575941537820658,720575940623543117,31338
720575941582526165,720575940644905751,500149
720575941578091097,720575940629148163,28761
720575941532803813,720575940627007019,530943
720575941506447013,720575940608076210,37245
720575941523362807,720575940637360730,17771
720575941480480963,720575940635355804,12771
720575941485384333,720575940638846080,98430
720575941593765672,720575940628635751,523539
720575941461909715,720575940626875976,124212
720575941490904012,720575940634451311,58493
720575941498972539,720575940626870846,15242
720575941630349094,720575940633548128,280938
720575941586099334,720575940631632012,12170
720575941508912656,720575940622280447,515304
720575941611943398,720575940645190510,37160
720575941438773036,720575940635052127,23241
720575941569193972,720575940618680304,55817
720575941449565518,720575940612613551,201756
720575941486532358,720575940636208888,555140
720575941572776349,720575940618172187,23171
720575941558406159,720575940614913843,26215
720575941625603995,720575940624805765,141234
720575941515542531,720575940619824075,513359
720575941509464530,720575940629090203,64648
720575941441917903,720575940621023526,65682
720575941565211446,720575940616336245,835949054
720575941557745572,720575940631253778,54392
720575941554777427,720575940630513022,13102
720575941352987696,720575940633807215,452754
720575941549936957,720575940628494587,57732
720575941508526370,720575940639494528,27249
720575941502835250,720575940638670397,77805
720575941517378476,720575940619296960,121040
720575941568692782,720575940634517856,85372
720575941488498892,720575940632237408,1059523511
720575941618986939,720575940610844678,187353
720575941427908692,720575940625800852,122107
720575941521659571,720575940619087269,24772
720575941569801586,720575940619038493,12628
720575941539293333,720575940616423647,54716
720575941480728032,720575940630575042,14240
720575941602245817,720575940620195719,31586
720575941535171304,720575940622341814,532560
720575941524324095,720575940642250997,175276
720575941439499231,720575940625842320,132980
720575941625154762,720575940633004383,71366
720575941632362912,720575940628142352,18994
720575941400000291,720575940638138601,140523
720575941501769099,720575940615719029,563630
720575941733201963,720575940610138026,88089
720575941510039056,720575940627878991,137775
720575941658666264,720575940610310339,32034
720575941508492417,720575940626524702,575669
720575941564432786,720575940632296519,555457
720575941643764129,720575940615226274,65288
720575941476179761,720575940631737005,927826
720575941491575500,720575940630907434,521358
720575941483260614,720575940604754534,99173
720575941590022711,720575940625334349,44225
720575941490513868,720575940617645652,564451
720575941527289881,720575940632088857,208160
720575941500927735,720575940615458060,35583
720575941656879696,720575940625343806,85106
720575941612182445,720575940617629387,89549
720575941521346487,720575940604088288,10082
720575941513456730,720575940641417869,36873
720575941560343790,720575940656062113,381148
720575941511499218,720575940621136961,34172
720575941446213396,720575940607786251,131498
720575941688674200,720575940614562207,26984
720575941471829568,720575940638396998,513531
720575941662495356,720575940644801060,25465
720575941620008575,720575940612488419,13711
720575941586273926,720575940623052728,152243
720575941441906779,720575940638858549,78114
720575941497748603,720575940639042394,581202
720575941611413993,720575940633394844,172025
720575941526191972,720575940633660316,20032
720575941608317037,720575940632834911,17695
720575941645080481,720575940622933765,13826
720575941566487655,720575940612429743,25985
720575941661772156,720575940611335666,63111
720575941536842688,720575940608182485,134128
720575941655749076,720575940620410945,88830
720575941569805170,720575940631038125,529455
720575941429227913,720575940606951893,23097
720575941701154266,720575940629343196,178714
720575941592864619,720575940608822226,31576
720575941592898667,720575940619844534,266098
720575941611476141,720575940607461899,513594
720575941519045292,720575940612251746,197844
720575941491943534,720575940638398773,173226
720575941545240937,720575940613537682,33456
720575941644307026,720575940638410611,145847
720575941553369171,720575940635435159,53571
720575941435538464,720575940632735033,26307
720575941527232514,720575940639295347,21035
720575941592219688,720575940624551056,39416
720575941571689118,720575940639040675,521089
720575941654195417,720575940623977545,67828
720575941437525804,720575940626579593,110198
720575941605139390,720575940630608467,167376
720575941689073304,720575940629109079,72791
720575941553285438,720575940661193345,186930
720575941486434310,720575940621194561,110365
720575941436395820,720575940629210292,96424
720575941496127943,720575940630244763,261819
720575941540466381,720575940628498161,518177
720575941505132850,720575940605871561,82110
720575941434526862,720575940634635115,59245
720575941611500006,720575940611036643,544664
720575941691021720,720575940631283267,13096
720575941722778170,720575940628495622,40176
720575941547317940,720575940631508598,514197
720575941569677562,720575940613435890,521451
720575941480656035,720575940639747416,361541
720575941559946478,720575940619315888,38416
720575941524592205,720575940628834151,12623
720575941549422113,720575940644686388,45919
720575941477269556,720575940619103910,142032
720575941626180921,720575940628337103,36845
720575941472025696,720575940632574253,76759
720575941525922148,720575940617084673,15190
720575941552168959,720575940613796806,411507
720575941702652890,720575940624349990,61701
720575941506529701,720575940622066615,36272
720575941644943777,720575940635658420,516108
720575941653810193,720575940622090316,58779
720575941489611317,720575940645497140,20060
720575941553101907,720575940607573001,54391
720575941722224186,720575940630016761,514952
720575941575880886,720575940639566901,78103
720575941535088306,720575940622810119,53244
720575941527018009,720575940638907108,27702
720575941536634906,720575940637436638,20254
720575941435160864,720575940632113871,76425
720575941527105794,720575940629933354,19160
720575941546216628,720575940613977706,112210
720575941402045987,720575940632062931,530914
720575941533600899,720575940639675088,83735
720575941489928393,720575940621612159,47203
720575941716825131,720575940611345813,101318
720575941507443841,720575940627738679,154274
720575941687586316,720575940654227105,16458
720575941668202995,720575940634336887,34864
720575941627499833,720575940646216227,45218
720575941596419185,720575940631212575,24636
720575941574079389,720575940616012518,25576
720575941477220660,720575940612752101,500089
720575941568410926,720575940639161763,19037
720575941505720866,720575940644410990,56882
720575941493431166,720575940614639015,58216
720575941595585575,720575940628846530,84067
720575941602182585,720575940632358674,127269
720575941449635677,720575940615373398,60329
720575941525022029,720575940612340520,512453
720575941469345245,720575940614300383,542574
720575941626220396,720575940634538080,164459
720575941482623162,720575940622102763,85017
720575941490919221,720575940624880055,100455
720575941569373178,720575940628994063,87309
720575941463152528,720575940617763046,32523
720575941491012809,720575940645972276,11288
720575941512930636,720575940635733172,18151
720575941559740973,720575940623941134,37370
720575941514918905,720575940611450134,78155
720575941550625369,720575940620662866,121870
720575941438776620,720575940621947357,146116
720575941390510486,720575940637645894,64770
720575941590002430,720575940612277090,19635
720575941611937709,720575940630174033,17124
720575941519830126,720575940610929379,21485
720575941679800765,720575940628818023,246573
720575941436433440,720575940657630337,234225
720575941474788138,720575940634702967,579728
720575941460096326,720575940627543171,138592
720575941539240853,720575940624190413,39814
720575941540951325,720575940624173641,87976
720575941509646034,720575940629696323,41839
720575941610938797,720575940607909899,14794
720575941442375375,720575940637044799,514747
720575941524198143,720575940645526068,106138
720575941533847730,720575940629030927,76782
720575941547251380,720575940611650533,53131
720575941556450212,720575940610430254,114522
720575941642433874,720575940643192205,115084
720575941632039109,720575940632718291,222130
720575941574939830,720575940623289831,139919
720575941440649045,720575940618330041,30511
720575941439620415,720575940615292895,13586
720575941540803453,720575940622036044,77346
720575941478506090,720575940617931449,21010
720575941688909686,720575940609722436,17501
720575941472044352,720575940614843275,68005
720575941576219062,720575940603977062,584042
720575941652750321,720575940621926669,13483
720575941560655731,720575940619877396,11179
720575941498983074,720575940609406985,537139
720575941620230527,720575940628552699,16983
720575941477302302,720575940620454848,21099
720575941671067303,720575940627126538,65653
720575941546539444,720575940612888231,43388
720575941536167434,720575940615058956,42123
720575941495164800,720575940613013246,44871
720575941574434811,720575940604852326,518904
720575941415332124,720575940619643190,34253
720575941617664469,720575940629791563,31319
720575941560049523,720575940630657271,10782
720575941488835785,720575940624499947,94567
720575941519857079,720575940619987777,64186
720575941687276812,720575940624703979,151364
720575941631239328,720575940627200812,106512
720575941392905220,720575940635054072,12040
720575941460974276,720575940622060551,42547
720575941503613675,720575940631643437,88033
720575941592386088,720575940613222195,33108
720575941575367350,720575940635550783,24468
720575941539104125,720575940629233393,23001
720575941434410528,720575940618306776,161150
720575941553075006,720575940632081036,72767
720575941475968030,720575940626075079,66038
720575941513857100,720575940614815199,14162
720575941462734480,720575940622281904,519944
720575941506917436,720575940614500392,336619
720575941505379237,720575940629911084,68254
720575941546746969,720575940622279629,500007
720575941666585843,720575940626211472,20627
720575941561517480,720575940619636160,57679
720575941536601793,720575940642414837,81970
720575941576146614,720575940631461674,29366
720575941460902157,720575940625426469,23953
720575941482713341,720575940632626402,27143
720575941494611070,720575940629388027,152649
720575941508239906,720575940636272270,106496
720575941440280767,720575940609488942,10837
720575941526843138,720575940624116041,136878
720575941456503024,720575940628212796,18633
720575941563120903,720575940629497088,533649
720575941523242999,720575940638642654,517230
720575941592570408,720575940618728705,28035
720575941533344690,720575940613791185,59175
720575941565321314,720575940630269689,20602
720575941585180806,720575940616449858,37842
720575941546479292,720575940621341300,31893
720575941576583769,720575940611793817,91454
720575941495710407,720575940622569001,138182
720575941515372025,720575940614822742,524809
720575941489992908,720575940606996354,99902
720575941595114023,720575940611166706,39351
720575941657859290,720575940630183927,209144
720575941432439137,720575940619996582,840000381
720575941721197370,720575940616476372,525697
720575941572645534,720575940616196898,122920
720575941488176181,720575940624818434,38571
720575941433779598,720575940629910011,43342
720575941549233185,720575940643817838,108535
720575941655129556,720575940641240205,54692
720575941564469248,720575940637258206,182763658
720575941533641603,720575940633243640,118264
720575941437448255,720575940647586681,104366
720575941456837613,720575940613708812,516500
720575941595504167,720575940643867940,530245
720575941510645970,720575940621946945,15688
720575941617728383,720575940630868793,11393
720575941515508314,720575940622513268,20216
720575941633145541,720575940629568300,37316
720575941523017207,720575940618126203,19153
720575941485870402,720575940624987529,36981
720575941574129928,720575940630539794,24732
720575941626539210,720575940627759016,89100
720575941564569600,720575940618702676,29804
720575941430108809,720575940621180457,106214
720575941655627988,720575940623548135,62675
720575941588447287,720575940607510876,35791
720575941495888000,720575940632808249,76635
720575941574250653,720575940619943796,918481
720575941521366195,720575940632310940,33211
720575940800758834,720575940632361490,96188
720575941625162442,720575940626628629,512544
720575941526384294,720575940635090457,97438
720575941585639902,720575940640199357,18760
720575941458728944,720575940633792595,139382
720575941564410112,720575940622347784,24058
720575941491584716,720575940626597960,58258
720575941644756168,720575940623446860,10237
720575941531737035,720575940611964366,73518
720575941523175671,720575940626730058,956014
720575941486270214,720575940627767568,107821
720575941624372938,720575940631212115,47599
720575941658256464,720575940619623083,536309
720575941437168447,720575940614305233,99951
720575941553823111,720575940619245191,81078
720575941404900464,720575940634325916,431420
720575941645316040,720575940612331618,23975
720575941516043866,720575940617990454,54372
720575941594544423,720575940643325069,105544
720575941657278032,720575940630534418,61627
720575941545968316,720575940616088991,43428
720575941471953472,720575940622436980,24355
720575941483998138,720575940621127815,66956
720575941475039786,720575940621596587,516572
720575941451190906,720575940632164772,74834
720575941439485151,720575940607345365,258443
720575941432807182,720575940638770595,57120
720575941529063352,720575940652813217,12655
720575941402493219,720575940636492663,285915
720575941589444151,720575940617304404,42126
720575941440072655,720575940631264140,26811
720575941629766182,720575940628928772,552768
720575941628993830,720575940617497437,12209
720575941572941051,720575940604729312,26743
720575941688443254,720575940612773338,96835
720575941659095888,720575940635873946,13196
720575941564437090,720575940634429039,136233
720575941455901933,720575940610366050,28097
720575941596069489,720575940623685193,16749
720575941628166201,720575940626229849,16142
720575941618895231,720575940630758418,10759
720575941565158919,720575940651804918,15539
720575941499200585,720575940645534516,13218
720575941611611494,720575940612988901,34666
720575941403106416,720575940658529665,59197
720575941619267199,720575940621529215,63097
720575941543777724,720575940619780973,67019
720575941521285047,720575940628337511,17873
720575941435627918,720575940627715721,17111
720575941459454704,720575940623457535,556449
720575941612747740,720575940640044752,65207
720575941596601733,720575940636231525,28016
720575941442137807,720575940617085504,512232
720575941644739272,720575940631083053,15870
720575941551102782,720575940622223487,89313
720575941529294468,720575940608186307,67612
720575941552600575,720575940621845530,58554
720575941569367540,720575940638812531,529842
720575941571760542,720575940616923195,118508
720575941569013106,720575940621695983,86262
720575941640408863,720575940624838899,30188
720575941551993735,720575940617779781,78507
720575941580074485,720575940605076401,14521
720575941603119294,720575940628991504,28497
720575941516257882,720575940622746637,26775
720575941609932575,720575940631185915,52606
720575941633009349,720575940637475773,58316
720575941541832733,720575940640998875,55899
720575941471120704,720575940624574717,580948
720575941619958143,720575940624382727,298521
720575941411106671,720575940619935829,49390
720575941668123569,720575940628922186,26884
720575941563261703,720575940640890968,45241
720575941569715570,720575940639725987,183205
720575941494793342,720575940624007056,44033
720575941723934010,720575940632489064,157200
720575941667645683,720575940645676579,63017
720575941516074586,720575940614723189,55891
720575941497660539,720575940629920056,15597
720575941687751692,720575940623164429,515725
720575941642079845,720575940620877147,515722
720575941471240256,720575940639151960,20456
720575941560004653,720575940617945649,53896
720575941480338595,720575940627469315,21338
720575941502814258,720575940624885429,137594
720575941461347027,720575940630808827,12210
720575941612075622,720575940617387549,55428
720575941442021071,720575940625686842,57074
720575941481149775,720575940622783368,95978
720575941499099617,720575940618478913,524527
720575941563738770,720575940631307053,52318
720575941528327300,720575940616005009,29291
720575941645130872,720575940617216379,62553
720575941632238277,720575940616023382,57497
720575941520363959,720575940610108002,552278
720575941576427624,720575940635203747,177356
720575941588611520,720575940630308567,97950
720575941612943324,720575940614339043,41961
720575941476477492,720575940651341558,11955
720575941470664055,720575940630800066,154825
720575941530954955,720575940615127091,68656
720575941567929714,720575940612201586,45007
720575941538543090,720575940643812296,49967
720575941406603055,720575940618800225,30914
720575941514278211,720575940628683063,12651
720575941428797944,720575940624570957,140961
720575941597558684,720575940607489970,95260
720575941532830083,720575940636804927,47709
720575941432857742,720575940625773752,17773
720575941540852060,720575940626893770,52621
720575941465029462,720575940614514444,137286
720575941458665887,720575940613996959,203234
720575941508876929,720575940620227264,81745
720575941571591070,720575940607071106,34125
720575941575744655,720575940648654468,47693
720575941530244069,720575940621318084,63015
720575941535852522,720575940613749702,42681
720575941559798387,720575940632851993,63399
720575941532658405,720575940617337413,23643
720575941598982185,720575940626729349,32828
720575941595520039,720575940620757748,37310
720575941546493785,720575940630851383,230573
720575941467636246,720575940635776760,397041555
720575941412612719,720575940632727577,531312
720575941623701691,720575940639688320,197415
720575941565096802,720575940622625485,38350
720575941658896152,720575940625871132,22881
720575941408674990,720575940611577493,17200
720575941435340430,720575940635668622,16697
720575941569943546,720575940635184485,181265
720575941623687370,720575940617985309,69344
720575941454800877,720575940616476884,94135
720575941528951428,720575940627062424,56260
720575941573381960,720575940629519403,154123
720575941539183090,720575940638161973,123951
720575941560184302,720575940622705415,512047
720575941529237688,720575940626745193,108133
720575941583863518,720575940629137196,55413
720575941526946562,720575940623019544,11233
720575941679120317,720575940618765637,539328
720575941591937164,720575940623968236,122715
720575941518702775,720575940613152423,544496
720575941585538438,720575940642185691,57558
720575941508682625,720575940661309057,31757
720575941475601723,720575940635468991,10305
720575941507336517,720575940633677167,17684
720575941691381211,720575940631273287,244510
720575941439834709,720575940635841637,20281
720575941584670303,720575940626692666,59882
720575941409836459,720575940625388873,521114
720575941563463848,720575940636586164,111352
720575941462221968,720575940626504752,27708
720575941539203989,720575940626913161,521351
720575941503515883,720575940633553820,912272687
720575941479520898,720575940617693264,88408
720575941438350380,720575940629806807,51729
720575941506289175,720575940606805705,34575
720575941600790569,720575940638704512,49196
720575941391186436,720575940616596308,48229
720575941614224915,720575940642181005,512087
720575941577390417,720575940611591907,43769
720575941619673215,720575940624802435,152767
720575941450177373,720575940624860855,261784
720575941641679461,720575940612099986,525062
720575941456625567,720575940610231509,10160
720575941543173405,720575940617539355,14579
720575941458838943,720575940620055089,31807
720575941490616526,720575940612992986,12013
720575941532423299,720575940627778137,165116
720575941585783006,720575940617974941,18815
720575941544900869,720575940621781825,83889
720575941401786403,720575940605009097,17019
720575941589986359,720575940652104694,12451
720575941618730879,720575940624868485,46961
720575941430610095,720575940636671886,37683
720575941466743894,720575940615121350,72782
720575941671591591,720575940629828151,10435
720575941563279762,720575940618131928,216034
720575941523447883,720575940604984678,238699
720575941661576504,720575940640986075,910863
720575941612195501,720575940614384757,13508
720575941401981475,720575940643337508,575818
720575941553314658,720575940628294666,175231
720575941451958343,720575940611765032,66518
720575941508212514,720575940616308597,73006
720575941534482610,720575940615290279,34175
720575941569353722,720575940621573161,36705
720575941571900232,720575940620182181,342502
720575941658864920,720575940623366102,11644
720575941489110476,720575940636471220,49314
720575941588377412,720575940606722150,18826
720575941584596831,720575940630896953,114681
720575941462585232,720575940622631500,34500
720575941475556574,720575940624578795,177139
720575941518951091,720575940639159029,24232
720575941545506696,720575940611849826,19973
720575941510918610,720575940621128432,532441
720575941480780451,720575940638206773,15063
720575941473101866,720575940605249154,18013
720575941543990789,720575940645023268,30680
720575941556437732,720575940619153136,530686
720575941425474644,720575940620182305,67116
720575941471317111,720575940610517443,513824
720575941518828760,720575940618358597,105615
720575941539592434,720575940623353488,171518
720575941596779141,720575940624992007,12074
720575941473345120,720575940627004459,37258
720575941526939394,720575940612456359,62111
720575941564726016,720575940635572592,33396
720575941612263782,720575940611219826,228432
720575941518853848,720575940633555425,901811
720575941626206619,720575940617671285,17790
720575941472160011,720575940655587489,10446
720575941408201646,720575940625480250,166161
720575941406763950,720575940614279867,28648
720575941539529950,720575940629986295,56281
720575941411885935,720575940604985265,88470
720575941478581610,720575940617035521,514004
720575941614012892,720575940632632607,14234
720575941535335178,720575940627464979,24324
720575941461854864,720575940627575825,100583
720575941630522850,720575940618405686,12581
720575941607669869,720575940609941515,62787
720575941504693698,720575940615973388,107999
720575941575606671,720575940626865148,29435
720575941663313020,720575940616159861,147912
720575941613406172,720575940633345561,98425
720575941573267784,720575940615288276,515804
720575941513713401,720575940639768053,16144
720575941449384885,720575940625489160,12405
720575941506372773,720575940615526466,19949
720575941484999565,720575940623828884,512268
720575941508298786,720575940611772083,13633
720575941600688681,720575940614808150,13270
720575941522269431,720575940626375785,127912
720575941650801649,720575940609826884,120320
720575941470933824,720575940620879552,13047
720575941629426982,720575940619031837,88236
720575941477232449,720575940623220372,145062
720575941609539146,720575940617068066,159956
720575941496746112,720575940635202155,524406
720575941594413425,720575940630298471,88324
720575941520912823,720575940641227136,16469
720575941533354418,720575940632424779,136401
720575941549999137,720575940605583136,517548
720575941576777832,720575940622451753,93056
720575941551062590,720575940622204808,169636
720575941464350989,720575940615407583,512555
720575941454079539,720575940645528430,511990
720575941542425180,720575940615660033,228085
720575941460730579,720575940628787052,73420
720575941565185543,720575940626509673,75018
720575941651772181,720575940608508718,580218
720575941474996027,720575940634014637,162717
720575941546602345,720575940634750871,12218
720575941624291580,720575940638615155,94448
720575941690694875,720575940617288226,916034
720575941526916354,720575940612685162,34539
720575941410371755,720575940627190466,25804
720575941542391644,720575940647714425,73721
720575941552505627,720575940616406239,512320
720575941461975748,720575940632267112,25410
720575941626909753,720575940609334025,135647
720575941463742733,720575940626949519,29771
720575941522788444,720575940621862605,789169797
720575941580020561,720575940626471198,165452
720575941601965814,720575940623116582,112745
720575941587867959,720575940614965691,12401
720575941546586729,720575940616674909,39645
720575941469768669,720575940614636450,107233
720575941566666855,720575940632525026,569353
720575941656035028,720575940631469610,530206
720575941596600709,720575940640140733,29059
720575941565393927,720575940631417057,48633
720575941451082830,720575940624648067,126945
720575941456825325,720575940627649641,136800
720575941576784488,720575940634764468,21029
720575941587200324,720575940640445272,40873
720575941403071088,720575940623255369,86507
720575941620053375,720575940618260500,18455
720575941530119864,720575940605523558,143638
720575941589290564,720575940615592409,524274
720575941537710824,720575940623338281,10959
720575941525418061,720575940637321870,17123
720575941653816081,720575940630992813,10765
720575941352631600,720575940620633309,530301
720575941507791745,720575940631999080,19296
720575941631203525,720575940622912124,56913
720575941471266624,720575940624529229,68378
720575941440888155,720575940616778038,23764
720575941585541086,720575940641560205,41401
720575941497114752,720575940629708997,79382
720575941643117394,720575940622953727,167414
720575941483968509,720575940614059882,10912
720575941590914558,720575940625150443,130534
720575941482293699,720575940625107504,511790
720575941578747481,720575940627437841,148784
720575941473714730,720575940632930711,17446
720575940571078541,720575940628550677,138712
720575941564966759,720575940634221935,33125
720575941546724232,720575940624786954,54999
720575941492360679,720575940628692055,60372
720575941574975901,720575940604970430,521689
720575941477743646,720575940620539563,29908
720575941491833063,720575940633183628,40072
720575941579072501,720575940623362380,116012
720575941624749706,720575940621264010,80279
720575941459006192,720575940614604962,17669
720575941525685273,720575940627012881,240002
720575941431417592,720575940616777099,17142
720575941590154295,720575940610981362,451940
720575941508604962,720575940621291852,422690
720575941556443876,720575940618897693,43363
720575941458943216,720575940633203783,17144
720575941565008384,720575940616986310,89412
720575941564613479,720575940624137513,49573
720575941408661934,720575940616274619,13815
720575941569479930,720575940629670723,73864
720575941481744207,720575940609013769,175115
720575941633317024,720575940611415770,19113
720575941625900746,720575940617527297,314238106
720575941585755102,720575940630174208,223975
720575941546668988,720575940639242303,20418
720575941624363372,720575940623969779,74120
720575941542733573,720575940621392086,11232
720575941599119040,720575940615060895,133569
720575941513827427,720575940634365364,51571
720575941654891481,720575940628420264,12534
720575941545138356,720575940621633889,174671
720575941498310985,720575940613087218,13125
720575941472161291,720575940635582827,93836
720575941470408971,720575940609598418,148291
720575941502973015,720575940635368092,132845
720575941668308145,720575940612019569,521749
720575941536796096,720575940644033646,212151
720575941601607670,720575940640133941,22402
720575941539358869,720575940637611365,11181
720575941554232859,720575940630734587,429336
720575941493620167,720575940612267470,25875
720575941575622799,720575940617493078,10511
720575941586775518,720575940634743999,10212
720575941547432116,720575940626227774,28683
720575941410750123,720575940616403771,519153
720575941448810318,720575940613967839,134908
720575941481812666,720575940606114476,43548
720575941467873302,720575940614344354,12012
720575941589853950,720575940630274459,12480
720575941540548733,720575940637943374,12309
720575941515629667,720575940621739503,10025
720575941481031075,720575940614013382,47996
720575941552078471,720575940632462417,47310
720575941565044322,720575940625929765,762295104
720575941414424977,720575940629170250,803433
720575941633214651,720575940620577652,47834
720575941545274117,720575940632961376,107837
720575941543495965,720575940617467485,15439
720575941441350235,720575940625140755,534480
720575941578048089,720575940621597679,49988
720575941407103791,720575940632264040,55973
720575941556150500,720575940628843458,515675
720575941428136276,720575940615858747,48198
720575941633098949,720575940629443626,511996
720575941438668562,720575940633119127,110035
720575941514406291,720575940636030185,18167
720575941545667260,720575940631962705,80114
720575941539922813,720575940640589683,81334
720575941352965936,720575940650857337,31605
720575941494105287,720575940616352953,77990
720575941593653867,720575940624597995,179689
720575941429210799,720575940634682487,74385
720575941504489266,720575940614760298,82149
720575941562384040,720575940625037861,151970
720575941533782360,720575940603479910,162487
720575941455107891,720575940627206842,12870
720575941554494948,720575940635980139,107379
720575941554147611,720575940624470044,526901
720575941471402763,720575940640314190,12541
720575941539455613,720575940623938196,190589
720575941540563837,720575940621425532,79669
720575941595593767,720575940633617356,98266
720575941593917547,720575940625904359,147295
720575941538066403,720575940615879995,71984
720575941506260293,720575940628832004,530836
720575941477551156,720575940636267236,187144
720575941702483930,720575940617978789,30661
720575941578689369,720575940619726507,86673
720575941652797425,720575940618927429,55498
720575941590944908,720575940618839472,86679
720575941456956656,720575940612125923,33574
720575941511439058,720575940630496374,10495
720575941496591483,720575940641213824,22034
720575941458969414,720575940618366447,119914
720575941546748761,720575940631485711,362596
720575941563489704,720575940616276829,75501
720575941427950676,720575940615443805,24155
720575941439331647,720575940629033977,149821
720575941473897002,720575940622785891,16175
720575941502420786,720575940629840207,35641
720575941553539355,720575940619320046,48290
720575941592276520,720575940626319902,544278
720575941578803025,720575940619403942,516170
720575941393069718,720575940623777065,526521
720575941482271427,720575940627402058,27311
720575941478768234,720575940632394777,42666
720575941514049027,720575940625046861,58321
720575941572615838,720575940623247300,12627
720575941517750188,720575940625758980,222954
720575941548350344,720575940621125866,104164
720575941492970878,720575940609533394,47139
720575941474543931,720575940615929373,42148
720575941513272643,720575940628262699,31010
720575941495904199,720575940621513036,92003
720575941566503478,720575940622982588,112676
720575941564885095,720575940628636098,66630
720575941629815846,720575940635189134,560878
720575941570006772,720575940611177586,232880
720575941481070243,720575940633996444,11507
720575941652113429,720575940622300429,14950
720575941688559734,720575940620821333,21331
720575941431311630,720575940616741121,33210
720575941526928898,720575940631308615,80843
720575941405938735,720575940630199963,513284
720575941456852208,720575940635586222,47670
720575941643128933,720575940609179331,72939
720575941487116098,720575940623877475,295346
720575941454739437,720575940622012748,121505
720575941593392679,720575940617376985,107621
720575941513454289,720575940634040730,156615
720575941504857538,720575940615015976,420561
720575941451250503,720575940619701231,36076
720575941401079843,720575940621611302,28839
720575941472457024,720575940615952790,525319
720575941466150486,720575940617026587,29715
720575941644344225,720575940625686538,18846
720575941703161306,720575940614642491,31103
720575941643657317,720575940613706866,29090
720575941516830636,720575940628953559,91204
720575941644815048,720575940620054101,80702
720575941612187309,720575940632905663,51900
720575941515619427,720575940613558509,12362
720575941541652572,720575940637455593,196031
720575941530969573,720575940633550431,291345
720575941598547648,720575940639585085,41071
720575941513173969,720575940620802548,62053
720575941472121664,720575940634141596,14022
720575941577785169,720575940618069077,112231
720575941483596474,720575940622988582,51084
720575941636577909,720575940626622339,36812
720575941493545136,720575940620946957,21073
720575941568903026,720575940617825563,157520
720575941406036527,720575940613685418,87630
720575941515022947,720575940604027168,522754
720575941537808872,720575940629382700,20698
720575941539188885,720575940627841871,83696
720575941553122587,720575940614147178,151472
720575941471606336,720575940618146619,90549
720575941482764474,720575940630317415,71932
720575941596770949,720575940633978963,129548
720575941470693643,720575940626002494,562916
720575941659300944,720575940614735372,436473
720575941512554961,720575940621505404,95985
720575941655117273,720575940630882263,506608
720575941532002533,720575940619818876,24700
720575941572631710,720575940610718131,76153
720575941515875331,720575940616909083,15016
720575941603744697,720575940618663838,11063
720575941441633883,720575940620082512,11575
720575941483947773,720575940612569194,56343
720575941505695767,720575940609474766,27854
720575941612982425,720575940616420150,32392
720575941612418662,720575940625950052,516799
720575941626509514,720575940624313834,10869
720575941588955703,720575940643202327,24666
720575941479489154,720575940636553390,160889
720575941668124659,720575940627511582,19834
720575941551381304,720575940617113717,158472
720575941681308349,720575940637934308,515015
720575941432699662,720575940623229368,84360
720575941527244569,720575940631274770,12837
720575941632165356,720575940626179658,15466
720575941564830208,720575940618832950,19258
720575941626110602,720575940624783091,42101
720575941482666950,720575940617797169,64365
720575941437786412,720575940620543110,515514
720575941595062897,720575940612023983,534786
720575941588028228,720575940625925892,66246
720575941661502520,720575940619630207,85389
720575941631226850,720575940623499957,529253
720575941610961897,720575940625605257,152784
720575941483399165,720575940629885456,121537
720575941486334928,720575940624751630,151167
720575941452938409,720575940615111261,17696
720575941491656679,720575940609685717,214309
720575941662260092,720575940633378274,141719
720575941596525445,720575940626462184,43289
720575941481470883,720575940620096171,14716
720575941499050977,720575940624576253,21199
720575941686419439,720575940633272147,110906
720575941578964305,720575940624342309,545433
720575941476495646,720575940624573671,521004
720575941611665325,720575940613151911,102878
720575941528309124,720575940634299071,11666
720575941460581331,720575940625910354,160400
720575941472131392,720575940618595894,525406
720575941654235153,720575940623023143,207779
720575941687786358,720575940606698882,390433
720575941595708455,720575940648731513,121571
720575941483585789,720575940612133489,48907
720575941495218119,720575940610396258,21997
720575941528111748,720575940628538679,82789
720575941540482429,720575940627069416,14021
720575941553173787,720575940622294808,62003
720575941642603090,720575940627677258,133348431
720575941537542376,720575940619655814,106293
720575941505758373,720575940642329140,48469
720575941564496023,720575940618924965,182780
720575941546023612,720575940618456157,163887
720575941507065111,720575940612058543,15485
720575941468977419,720575940619200960,52253
720575941563446440,720575940605842656,13556
720575941499159881,720575940620271636,15145
720575941463746317,720575940629909804,48978
720575941625794186,720575940625094325,523378
720575941596744581,720575940631921239,131696
720575941439161567,720575940623788519,21484
720575941435143456,720575940627467087,52931
720575941435342734,720575940629471196,129826
720575941722719802,720575940625827476,111860
720575941603888825,720575940628241307,84220
720575941570639518,720575940646897796,180910
720575941652225265,720575940631238284,43971
720575941612022445,720575940629758459,30732
720575941564099682,720575940618394453,48443
720575941541142876,720575940625811402,92654
720575941458503750,720575940610918468,276371
720575941598999488,720575940632921144,169741
720575941513743363,720575940641256912,29894
720575941538548210,720575940638227253,10137
720575941439695451,720575940633962853,106531
720575941525217892,720575940617556153,152496
720575941437591084,720575940622776013,136046
720575941450710350,720575940613550495,100451
720575941480852166,720575940610358990,12066
720575941639703327,720575940627808122,281132698
720575941548680308,720575940631372369,25184
720575941574095611,720575940630033270,24310
720575941542820956,720575940634721528,530980
720575941507751447,720575940632307025,10834
720575941505108293,720575940616155707,34722
720575941573473758,720575940615145011,491526
720575941516237817,720575940627771279,63701
720575941640953887,720575940607969289,41543
720575941480106831,720575940622683491,169061
720575941506469541,720575940638559440,546406
720575941452319866,720575940614281578,64891
720575941644690376,720575940639884878,40841
720575941574971913,720575940626191306,25783
720575941545249468,720575940625429647,109707
720575941462725008,720575940625506570,37118
720575941585532126,720575940624597228,86180
720575941428670968,720575940625780026,575476
720575941506443298,720575940639253311,529554
720575941645296289,720575940635807130,12176
720575941563490962,720575940630183163,28306
720575941645244792,720575940612004209,66445
720575941522636023,720575940603045804,102283
720575941438773548,720575940634253281,11876
720575941560566799,720575940636706118,79556
720575941574411259,720575940620993193,176180
720575941463840269,720575940621433641,131401
720575941561290285,720575940612096370,302827
720575941574410747,720575940616621497,22442
720575941412246127,720575940624742414,567409
720575941517159596,720575940624901925,86314
720575941563323048,720575940610923618,16834
720575941624808074,720575940624810270,17628
720575941595495975,720575940630024259,47109
720575941532797157,720575940629852419,18185
720575941671438247,720575940620026864,17210
720575941475817777,720575940642442184,19820
720575941591580556,720575940609414468,522749
720575941573235209,720575940610871475,28562
720575941440590015,720575940638376792,28299
720575941437622239,720575940632789785,14123
720575941594072689,720575940623773576,156183
720575941516151299,720575940628154562,15685
720575941703384026,720575940630106309,10700
720575941611473385,720575940620664000,21897
720575941524630603,720575940641096144,521627
720575941433654048,720575940637966424,15483
720575941553707748,720575940624619036,27031
720575941548903741,720575940621393573,20906
720575941519180204,720575940626562409,19300
720575941572841629,720575940634809230,105406
720575941599739433,720575940615611793,149866
720575941557817124,720575940628741319,131294
720575941542948953,720575940630242048,500115
720575941625751916,720575940623982058,109069
720575941557361828,720575940632511884,581151
720575941535924968,720575940616632891,79409
720575941569304434,720575940618535303,429088
720575941510599122,720575940629199619,54133
720575941515329017,720575940630214564,516424
720575941470533131,720575940615715003,10577
720575941631077573,720575940607976457,39381
720575941565294646,720575940640896856,44324
720575941578950233,720575940626886025,75212
720575941568882802,720575940631115368,68133
720575941496482171,720575940631248891,47394
720575941526308096,720575940620075873,87430
720575941440570453,720575940624122908,56300
720575941533530546,720575940628023296,62529
720575941568914290,720575940633243949,91732
720575941591285132,720575940623758669,29242
720575941452266291,720575940657604737,213643
720575941486817286,720575940645057828,522972
720575941463914253,720575940624788372,13074
720575941527945400,720575940641647668,81015
720575941452393287,720575940618742864,162170
720575941552291390,720575940640293760,25981
720575941491724750,720575940625487546,123061
720575941450743623,720575940632643885,43165
720575941629714982,720575940613006590,56087
720575941461344452,720575940616576473,35242
720575941546500028,720575940613554242,198119
720575941463757069,720575940628018691,74569
720575941431300783,720575940607237810,30630
720575941539280789,720575940642321549,59290
720575941529519288,720575940623432682,92627
720575941504630066,720575940614573674,69858
720575941528663428,720575940611370616,47238
720575941630020134,720575940631914783,16297
720575941630753004,720575940635542452,104218
720575941504610866,720575940616063291,13329
720575941639139189,720575940640624216,25698
720575941535605786,720575940627038961,48256
720575941730533675,720575940604831264,118996
720575941567654388,720575940629135607,52632
720575941593030184,720575940617811013,188780
720575941610685670,720575940627807877,51243
720575941612736019,720575940642173600,18411
720575941474844475,720575940631453101,16522
720575941477726826,720575940608512046,83164
720575941526759780,720575940622619018,100764
720575941451361102,720575940620293652,224261
720575941451896954,720575940628174608,68887
720575941431172015,720575940616910749,52194
720575941515239235,720575940617528209,34780
720575941437764396,720575940621624491,531647
720575941593609767,720575940646245923,134058
720575941533165802,720575940628110854,93390
720575941651815445,720575940638088511,11600
720575941603556086,720575940638081855,523874
720575941512309580,720575940618831576,21628
720575941465956886,720575940621827789,113042
720575941459902916,720575940626082855,64906
720575941663174012,720575940610653462,18028
720575941456921581,720575940616079035,12061
720575941578599257,720575940629055227,128611
720575941508608385,720575940624351273,20123
720575941592600534,720575940644440100,43253
720575941633252256,720575940622655709,24482
720575941518637491,720575940610590869,81718
720575941519837550,720575940654924961,98081
720575941410809711,720575940632766824,46877
720575941513811532,720575940608402524,13615
720575941554171546,720575940632481249,195836
720575941662688636,720575940634281442,107162
720575941534457432,720575940630587410,43330
720575941471703563,720575940616618053,22379
720575941482956998,720575940610083682,19043
720575941403978864,720575940635404724,43842
720575941505479703,720575940612840615,38458
720575941511606994,720575940612119758,77997
720575941450261831,720575940624057525,67946
720575941610769126,720575940624624176,38730
720575941569233266,720575940630535030,13789
720575941617815765,720575940615914613,285042
720575941566121111,720575940625147645,68658
720575941599070144,720575940638978749,18703
720575941574790664,720575940636308075,14537
720575941539887309,720575940635628695,30596
720575941496056007,720575940631116815,17909
720575941688603611,720575940622085389,168875
720575941540569213,720575940631050538,18660
720575941467080726,720575940628671488,96605
720575941506655292,720575940613751186,41407
720575941514535244,720575940639843035,19411
720575941436671711,720575940615138397,172264
720575941513116762,720575940628252751,26452
720575941492380135,720575940617145300,126689
720575941557565348,720575940626989861,38984
720575941502806251,720575940628708139,257650
720575941577104985,720575940627030790,41389
720575941502211211,720575940638054719,24985
720575941514051148,720575940631985069,24486
720575941463716109,720575940616688930,39462
720575941482069133,720575940623274935,201369
720575941554124115,720575940626580879,97480
720575941667949043,720575940625579022,515903
720575941575964264,720575940639051078,64219
720575941554697370,720575940631528566,34071
720575941452986025,720575940628970716,49789
720575941652078869,720575940628844712,12794
720575941503818987,720575940612180337,97331
720575941552603966,720575940631925156,564864
720575941552997459,720575940633394861,153891
720575941556283876,720575940623637226,539234
720575941490815086,720575940624668908,19768
720575941480632259,720575940606216905,31433
720575941556449764,720575940624615206,48820
720575941612399836,720575940631594809,118041
720575941506174373,720575940618002644,22772
720575941487196994,720575940629985900,207190
720575941574965405,720575940628378440,66118
720575941542846812,720575940627522106,133441
720575941436025644,720575940612869555,59778
720575941604293310,720575940613747734,13103
720575941515983203,720575940635786217,82379
720575941505867799,720575940611318169,27291
720575941634017723,720575940608877266,113166
720575941481861373,720575940633552685,20334
720575941527160601,720575940622263873,41144
720575941574252795,720575940660229505,24451
720575941450254941,720575940631481645,109349
720575941612079334,720575940614109586,524224
720575941480107650,720575940622873095,25242
720575941595237157,720575940613706546,52112
720575941628720610,720575940627254856,28381
720575941604241337,720575940632786586,521273
720575941498701947,720575940630958673,417046
720575941480613711,720575940619443694,23164
720575941624203419,720575940621811494,33906
720575941589623436,720575940623529479,139878
720575941555504467,720575940621399174,14989
720575941586609886,720575940612692889,13952
720575941732788011,720575940616140475,73426
720575941632078533,720575940619674840,174215
720575941491584743,720575940632305711,38071
720575941490812873,720575940644907543,42373
720575941477787498,720575940634530155,205907
720575941642931813,720575940617112989,28563
720575941486919309,720575940619903664,196862
720575941536582682,720575940624335367,21362
720575941624224876,720575940628318024,525730
720575941657318168,720575940643696676,118502
720575941416567580,720575940622276673,35317
720575941686968076,720575940623312381,32833
720575941586298246,720575940629039660,19798
720575941438060511,720575940631984610,53998
720575941497290368,720575940633182092,530363
720575941581747295,720575940619968892,217691
720575941441489103,720575940637863342,162457
720575941626570122,720575940637538958,282924
720575941619242111,720575940659296385,47875
720575941430057976,720575940630936131,44751
720575941679255485,720575940629933561,142172
720575941478105986,720575940622840300,191647
720575941540391629,720575940614476434,517532
720575941536219107,720575940638153449,14469
720575941432532951,720575940618901231,118682
720575941597164480,720575940605523145,78009
720575941552851006,720575940624056829,25723
720575941603458750,720575940625065786,14600
720575941591783804,720575940633919423,104914
720575941515476729,720575940628967168,162211
720575941485907010,720575940628526636,164849
720575941489930185,720575940635878042,31427
720575941482835642,720575940636928398,15519
720575941474554410,720575940633855789,542962
720575941506592641,720575940622010956,122790
720575941513987331,720575940628693248,536368
720575941432551694,720575940626468178,321434386
720575941590977022,720575940623041523,95412
720575941617891541,720575940626248250,521256
720575941481212858,720575940624364474,580761
720575941537419250,720575940617272020,136820
720575941479092330,720575940652918774,116396
720575941491988199,720575940630020345,25552
720575941470584695,720575940624861072,522969
720575941411233707,720575940631951959,126786
720575941430667479,720575940631876577,559554
720575941468352790,720575940628243953,54296
720575941611793129,720575940617266722,520449
720575941440672853,720575940632402588,16303
720575941564904551,720575940625313881,56803
720575941703302874,720575940611934674,38324
720575941624303754,720575940626897964,119218
720575941527161881,720575940622947080,83186
720575941499778722,720575940620681837,104620
720575941439576917,720575940610408643,555322
720575941620476031,720575940614548253,948367089
720575941546981256,720575940652809889,17078
720575941526832717,720575940620178299,29223
720575941519831512,720575940616915753,577902084
720575941614515475,720575940630773585,18482
720575941502736779,720575940635197291,513169
720575941505196709,720575940637685476,237248
720575941595124182,720575940618804603,79740
720575941438999359,720575940612208274,20337
720575941652716305,720575940634357867,47468
720575941590123063,720575940629424195,275236444
720575941534191041,720575940624556263,154939
720575941610087401,720575940624051381,91065
720575941721494586,720575940611945170,46932
720575941687704076,720575940626859080,13736
720575941555499009,720575940630737516,12544
720575941495128446,720575940620149836,40773
720575941459306655,720575940624203972,515901
720575941411719279,720575940615520159,28522
720575941555839878,720575940628246842,138232
720575941605165758,720575940608118283,14472
720575941533864114,720575940606665564,47404
720575941536754714,720575940620979149,14681
720575941579928697,720575940640138355,22893
720575941555660371,720575940622479732,42731
720575941544685061,720575940616943572,563656
720575941568780282,720575940612992479,18466
720575941515880035,720575940614768168,531866
720575941557943155,720575940634428058,11500
720575941410191275,720575940623253994,150781
720575941574092027,720575940635129952,37938
720575941687084527,720575940626939737,13359
720575941516312825,720575940611561965,34140
720575941454607411,720575940627303697,33545
720575941433359118,720575940607880713,13661
720575941548247924,720575940631086407,61884
720575941691005080,720575940628586071,90051
720575941600464937,720575940633656255,175340
720575941457685663,720575940635888180,100827
720575941623407050,720575940626877639,17471
720575941565527047,720575940629720958,155162
720575941552224062,720575940637275226,148921
720575941659261520,720575940632737081,529549
720575941668743923,720575940632181585,55677
720575941546980788,720575940604929894,52666
720575941589144887,720575940638874064,18404
720575941471784459,720575940625822809,72228
720575941687335798,720575940631570733,108099
720575941506840705,720575940633350798,143937
720575941546623676,720575940632943277,14657
720575941540893981,720575940616343953,107906
720575941595488295,720575940630983471,925495
720575941643829861,720575940629910777,147650
720575941431917326,720575940606864341,64196
720575941525530137,720575940645919284,57980
720575941575302665,720575940626811153,19321
720575941553773191,720575940631214556,51252
720575941509261522,720575940622981325,124468
720575941462062532,720575940615257342,559500
720575941503438827,720575940618393812,62312
720575941501310551,720575940624611018,127661
720575941564588800,720575940637951814,53687
720575941439645247,720575940628358675,20272
720575941589704260,720575940609522461,758504623
720575941508453136,720575940625143396,50297
720575941638372469,720575940639100248,42140
720575941701141210,720575940621145821,20917
720575941573748818,720575940621109613,177395
720575941502628695,720575940623431351,11215
720575941607119725,720575940615671106,11127
720575941550036513,720575940615310604,23893
720575941558038354,720575940635885759,204114
720575941524481794,720575940644238496,140582
720575941502729707,720575940626741265,450901253
720575941633664443,720575940617440539,43682
720575941610283850,720575940622150152,206151
720575941567148026,720575940623318280,20205
720575941574836745,720575940614583618,712732813
720575941585735390,720575940628523113,22557
720575941645213048,720575940623014695,16245
720575941467254237,720575940618473920,180214
720575941626356844,720575940620303713,146863
720575941589129982,720575940628527095,16461
720575941609747743,720575940627148388,370577
720575941632353260,720575940622368294,535134
720575941435787052,720575940645126020,102277
720575941546517337,720575940628541190,101551
720575941508055646,720575940619172254,127140
720575941404136560,720575940631319311,13382
720575941655023065,720575940638288447,10472
720575941407892527,720575940631059730,181133
720575941538276757,720575940608341806,31397
720575941626282634,720575940627419676,16623
720575941407701807,720575940630915791,514805
720575941473206587,720575940606764734,49375
720575941514076409,720575940623509206,37864
720575941574444701,720575940620636656,48896
720575941491568332,720575940639944155,54572
720575941432011479,720575940629316651,352775
720575941535120106,720575940604023980,22547
720575941546433160,720575940635093785,126330
720575941553678675,720575940631943767,74264
720575941593353430,720575940617573922,105998
720575941511270610,720575940616376287,62405
720575941486589250,720575940623131319,43681
720575941432552663,720575940620552897,12776
720575941593605669,720575940610014674,96565
720575941556417252,720575940632618157,415265
720575941628201017,720575940623820725,160311
720575941486761990,720575940630733884,534040
720575941538004195,720575940638237662,46177
720575941564094464,720575940617478725,291322
720575941593161256,720575940629016364,105852
720575941644347297,720575940629129342,21834
720575941514753539,720575940611597298,11574
720575941644106872,720575940628863292,141121
720575941477892929,720575940627559623,38942
720575941393898134,720575940609171524,57885
720575941604342201,720575940618371613,115378
720575941640947231,720575940638456227,35616
720575941556337124,720575940609503074,61578
720575941528092344,720575940621121159,257825
720575941401901347,720575940626672158,134130
720575941482586365,720575940626951178,59585
720575941458283935,720575940631057209,117936
720575941565424226,720575940625779655,33168
720575941586070662,720575940615592961,36472
720575941574697871,720575940628221655,50732
720575941458105072,720575940643991319,514646
720575941430795735,720575940641591248,29648
720575941520432307,720575940631108179,130580
720575941409217327,720575940619524555,15898
720575941484630669,720575940612165859,72772
720575941433211662,720575940629502172,163924
720575941687602415,720575940622948243,57754
720575941571989150,720575940631469964,27379
720575941562009490,720575940621882308,54327
720575941561907368,720575940614588968,39319
720575941515911171,720575940643045911,533531
720575941504037826,720575940631099091,15786
720575941654822361,720575940618818580,102834
720575941478252138,720575940624847034,121967
720575941462523149,720575940614775238,23626
720575941414534801,720575940611352538,572057
720575941619382655,720575940631408557,103448
720575941600640809,720575940631401698,65170
720575941478980291,720575940617438016,17887
720575941619116671,720575940615857691,89542
720575941577385973,720575940613941042,86153
720575941506543906,720575940620991582,26274
720575941656420688,720575940626314061,523775
720575941630049762,720575940618870113,23715
720575941612070374,720575940620775645,27295
720575941504555570,720575940634224540,23826
720575941536167946,720575940630374219,94040
720575941607342957,720575940611719378,10677
720575941486814214,720575940629926159,17052
720575941508191582,720575940646811444,133707
720575941414650516,720575940629399370,28703
720575941552164095,720575940611638258,521527
720575941506949154,720575940635000215,129450
720575941454918195,720575940633142831,19457
720575941562215469,720575940630810486,10394
720575941555619812,720575940630778050,12048
720575941564356242,720575940617167262,48279
720575941546490556,720575940625712985,956123
720575941564974855,720575940620506704,115444
720575941432068193,720575940618401445,522347
720575941535873770,720575940614808017,17849
720575941504129586,720575940644196808,86859
720575941644761032,720575940633125540,137747
720575941655623892,720575940620574001,84735
720575941487737040,720575940649451129,62751
720575941479319715,720575940620423518,164401
720575941499334729,720575940639693373,33638
720575941590885374,720575940626833764,80597
720575941604103158,720575940630165463,555803
720575941539971533,720575940628041042,515574
720575941662654008,720575940615382751,531643
720575941410701739,720575940626199562,162408
720575941483753146,720575940622862324,518920
720575941539280021,720575940631737593,27814
720575941474608170,720575940617873201,178516
720575941441458879,720575940621097712,45629
720575941441883995,720575940621171806,91953
720575941624456700,720575940627051407,38216
720575941416867868,720575940632432184,877969460
720575941457294576,720575940619775582,60203
720575941690741467,720575940625596181,43625
720575941442180815,720575940621625349,216778
720575941544021509,720575940644400675,521236
720575941480067523,720575940612570993,33813
720575941549077309,720575940623322697,207158
720575941549681012,720575940618714351,142270
720575941515923546,720575940619073620,904854
720575941536768282,720575940625520412,424050443
720575941480804806,720575940639697486,59045
720575941406987311,720575940620537153,10855
720575941503841879,720575940608982084,59322
720575941658581584,720575940642439669,126426
720575941559541293,720575940615135998,92197
720575941560351789,720575940625780648,61962
720575941557473572,720575940613307033,17967
720575941629974310,720575940632679727,67569
720575941593450198,720575940627019688,40125
720575941455063091,720575940637718912,12229
720575941407622959,720575940630771959,53161
720575941458935280,720575940616117179,15426
720575941528684932,720575940631549231,570638945
720575941441261759,720575940631952715,22160
720575941551844664,720575940614697183,139342
720575941554511070,720575940614226915,200329
720575941504621506,720575940641728712,35136
720575941525873689,720575940631589919,164791
720575941453258547,720575940635986522,26996
720575941645057912,720575940633202479,28284
720575941584545631,720575940642288269,98499
720575941528536708,720575940640014936,169707
720575941655791060,720575940625978882,46958
720575941475023902,720575940623368629,37383
720575941541835356,720575940626051386,78510
720575941534124120,720575940623209703,514424
720575941528320952,720575940621065301,10885
720575941462126224,720575940626371347,155275
720575941501937547,720575940630411894,98901
720575941516897171,720575940623836967,106252
720575941478055274,720575940639409627,17048
720575941597958300,720575940624693287,48021
720575941520797107,720575940632527571,66404
720575941655207124,720575940618214360,42993
720575941611420137,720575940607233987,84474
720575941591488140,720575940611844210,29858
720575941615492249,720575940625408333,17430
720575941526873090,720575940631590943,536466
720575941546486964,720575940617859288,53734
720575941530295013,720575940646443316,513056
720575941401962787,720575940631282194,12249
720575941546590388,720575940627284935,249752
720575941645350049,720575940614907601,21450
720575941431795927,720575940617208065,447301
720575941516174179,720575940611998578,96257
720575941495366270,720575940635774303,17031
720575941620273535,720575940627482114,11486
720575941461247172,720575940628976956,41097
720575941495736448,720575940617440029,518733
720575941477362481,720575940624728044,563728
720575941567849262,720575940620623725,71095
720575941662091832,720575940623210008,83931
720575941548169608,720575940636651376,524146
720575941565262390,720575940613739410,25755
720575941505773125,720575940627186813,62091
720575941641686629,720575940607736521,22989
720575941471642891,720575940628343143,28118
720575941469475703,720575940629761146,100924
720575941586652382,720575940644528238,66428
720575941516717459,720575940628440570,155375
720575941413784977,720575940629938731,42898
720575941452699049,720575940619119921,52198
720575941552688702,720575940612730538,108285
720575941627910694,720575940614373023,26333
720575941628267321,720575940627754496,37876
720575941568988666,720575940635063663,70889
720575941412846959,720575940626408454,23237
720575941475661121,720575940624159783,115881
720575941573617736,720575940639080164,44030
720575941627354169,720575940619197318,18900
720575941555160986,720575940628744023,823433
720575941575542120,720575940617150878,12918
720575941474146090,720575940612227441,42082
720575941643705189,720575940642253275,23668
720575941577784665,720575940623891600,72579
720575941560906029,720575940614808844,307175
720575941481418691,720575940641137293,64228
720575941596115077,720575940627277498,160244
720575941393646742,720575940646547844,54457
720575941435837070,720575940659770497,268396
720575941571394811,720575940621522190,42199
720575941448344245,720575940630653515,105725
720575941471805963,720575940617663093,13507
720575941656984600,720575940627724456,122333
720575941553161499,720575940624083484,43183
720575941430333103,720575940614090803,520222
720575941392807062,720575940637321079,103456
720575941452130426,720575940615655611,17140
720575941467817750,720575940619077460,40590
720575941656992592,720575940629254518,41693
720575941511476690,720575940632495135,12157
720575941486257218,720575940625830032,120988
720575941552146431,720575940630734895,153106
720575941578889049,720575940626312478,519652
720575941512609091,720575940621103743,12765
720575941559011620,720575940626621317,522918
720575941610870886,720575940616934203,107117
720575941564928822,720575940633766495,74995
720575941497920225,720575940624215245,23231
720575941529156484,720575940631950679,105556
720575941508394018,720575940627427859,13282
720575941558647923,720575940617861755,120943
720575941611698250,720575940617528693,10541
720575941497766818,720575940621978117,15999
720575941476679476,720575940615625053,521462
720575941567626484,720575940628206439,540260
720575941492061415,720575940622560094,18718
720575941407656622,720575940621448357,31835
720575941550076733,720575940604395436,16418
720575941469324919,720575940618110621,93730
720575941439569119,720575940616113291,34758
720575941476041521,720575940627963947,75938
720575941472064096,720575940625251476,47239
720575941473621051,720575940617514397,53121
720575941632778693,720575940630366012,50520
720575941458975472,720575940612875560,152053
720575941665230067,720575940603600230,99545
720575941689127576,720575940611843186,18244
720575941460893139,720575940620463536,43351
720575941605685613,720575940615893249,39745
720575941527978662,720575940632401745,525688
720575941468218589,720575940624180519,10199
720575941625984411,720575940625813081,175062
720575941633149637,720575940624608442,22900
720575941551991295,720575940645047831,10177
720575941626526602,720575940621823999,58339
720575941401338403,720575940614383978,178416
720575941452838471,720575940613145366,59724
720575941614085139,720575940634132634,500242
720575941508447070,720575940622977799,204580
720575941510944722,720575940621648225,109397
720575941458940144,720575940614662517,25353
720575941520319667,720575940611961878,23147
720575941502734475,720575940632422219,10649
720575941554354259,720575940627814522,22757
720575941614474649,720575940620621665,566251
720575941565131159,720575940633292708,27193
720575941536007178,720575940622213853,51632
720575941436541228,720575940622805854,35086
720575941626388106,720575940630691958,555256
720575941621893116,720575940609735363,135697
720575941518477484,720575940608020491,160227
720575941477169514,720575940617048550,14597
720575941626202267,720575940622013564,47901
720575941491291367,720575940639421555,139636
720575941560578663,720575940631204163,912111327
720575941528151206,720575940627933946,42149
720575941628627257,720575940630713029,513222
720575941552142727,720575940611385806,519624
720575941506151518,720575940645579556,12084
720575941633297595,720575940623082595,91316
720575941507073303,720575940620468718,10117
720575941502156171,720575940625703114,49600
720575941573034312,720575940620437628,75664
720575941576343222,720575940614668347,15144
720575941452481658,720575940611939314,565848
720575941429924745,720575940606077570,36548
720575941459120031,720575940624714057,22913
720575941438690834,720575940625557893,14832
720575941445202346,720575940628109559,25384
720575941547293108,720575940622166998,42334
720575941548340104,720575940618398878,20398
720575941609615206,720575940611211542,60370
720575941589593143,720575940621749375,48971
720575941493947006,720575940634595951,810937
720575941481209423,720575940653599478,90391
720575941626150508,720575940622660490,34049
720575941576238440,720575940619976001,72632
720575941487218128,720575940630815545,21956
720575941593196651,720575940619108299,130821
720575941515072147,720575940645022260,41080
720575941535770290,720575940636776037,120877
720575941630997986,720575940612578962,79634
720575941588993604,720575940618617173,560574
720575941567928178,720575940625220937,58347
720575941581658745,720575940615624994,13267
720575941634323131,720575940635611060,180267
720575941474287200,720575940621755124,45313
720575941481726973,720575940620830448,43237
720575941601287465,720575940625985464,58637
720575941474588768,720575940616162235,516605
720575941574289807,720575940617145361,96300
720575941515453530,720575940624100075,62574
720575941511963212,720575940628889551,28400
720575941477866305,720575940626781565,14639
720575941441129935,720575940627368250,36725
720575941688177420,720575940631237433,109321
720575941730684971,720575940620020694,521812
720575941431277705,720575940612935317,524152
720575940495782130,720575940615151522,544189
720575941535855386,720575940621170196,26205
720575941472485216,720575940635213157,111980
720575941596580485,720575940634263706,154101
720575941663758460,720575940620362587,48688
720575941604106430,720575940614184671,927197
720575941537560296,720575940611946194,29791
720575941518404974,720575940607378633,142338522
720575941537931747,720575940628780309,10563
720575941536043530,720575940616410566,522791
720575941461236420,720575940613168554,38298
720575941506516037,720575940618475992,514996
720575941556376292,720575940620110964,21570
720575941450202702,720575940627951528,109838
720575941460797616,720575940621033477,87594
720575941474277216,720575940622483060,26541
720575941643960737,720575940624761331,41204
720575941732597291,720575940633560095,232971
720575941564303414,720575940610483930,55533
720575941460124486,720575940620451916,523630
720575941658284112,720575940616466260,516135
720575941491410124,720575940631968855,30446
720575941471738379,720575940620133568,955939
720575941429871457,720575940631084751,51382
720575941515868931,720575940638743667,14286
720575941528167590,720575940658655873,11161
720575941542611036,720575940623396075,32412
720575941516990355,720575940628771436,808454
720575941530045624,720575940622443007,18627
720575941610560358,720575940621309110,88982
720575941487346128,720575940624164133,78732
720575941507434053,720575940615250850,17508
720575941569000698,720575940630755835,124105
720575941506304828,720575940622276744,13503
720575941535734506,720575940627889033,22374
720575941475101482,720575940609137500,10475
720575941513003852,720575940615271124,71389
720575941657858328,720575940635681198,12289
720575941467045142,720575940622192141,68938
720575941656211412,720575940620926657,171728
720575941556002276,720575940624917799,44956
720575941515776611,720575940611215513,32268
720575941431298318,720575940610949034,43518
720575941430638217,720575940638840629,93328
720575941477186097,720575940624739929,14186
720575941598314025,720575940631291106,105206
720575941514118403,720575940612211240,514289
720575941503751659,720575940623585255,520573
720575941568422770,720575940623179703,80540
720575941416369948,720575940608606556,53378
720575941631434437,720575940644521582,535233
720575941520739063,720575940620924875,49553
720575941457562694,720575940627372165,10554
720575941524725325,720575940627100176,44805
720575941505566814,720575940611710322,31966
720575941474943786,720575940637673961,95233
720575941660284472,720575940622785285,20186
720575941523788363,720575940603926188,104734
720575941652525297,720575940629418199,521061
720575941516885395,720575940617094208,362381
720575941641215589,720575940623553260,520642
720575941404924016,720575940625312698,49680
720575941555637331,720575940626806046,513643
720575941527113572,720575940612623474,157134
720575941569976153,720575940630251791,50850
720575941625997420,720575940615929584,84766
720575941583759494,720575940609166148,29691
720575941547430836,720575940626083356,514337
720575941576256872,720575940609941653,62471
720575941608305261,720575940622999688,12702
720575941644477896,720575940625051725,76725
720575941412851823,720575940621285452,225552
720575941481728186,720575940624157675,55083
720575941432162145,720575940651646966,26146
720575941445211050,720575940632545834,521520
720575941543888901,720575940622200233,163597
720575941689799899,720575940637485146,51506
720575941460150995,720575940614686943,18508
720575941433327374,720575940615903605,17792
720575941431370633,720575940645495587,16944
720575941515503171,720575940625989904,22149
720575941474054496,720575940620294420,514525
720575941640610335,720575940609570258,27157
720575941565758615,720575940644096366,63665
720575941471698752,720575940608646665,514395
720575941527930278,720575940624774275,48750
720575941573446472,720575940629858346,73931
720575941596702597,720575940627541954,21140
720575941625553354,720575940639970392,534437
720575941535209906,720575940631288915,22202
720575941451397191,720575940616040153,40437
720575941490015948,720575940640664125,57599
720575941558586148,720575940631793183,14749
720575941574914717,720575940643795492,12624
720575941553227291,720575940626324755,23333
720575941466665814,720575940618819974,202737
720575941534400010,720575940645308196,20979
720575941594823537,720575940647882548,11020
720575941645295480,720575940643177495,66695
720575941571838110,720575940611848874,580803
720575941482008506,720575940631666124,43035
720575941504703938,720575940616936226,12767
720575941500093090,720575940630183286,10397
720575941404097392,720575940616564534,55967
720575941520288183,720575940625354904,79199
720575941552747143,720575940615894173,135993
720575941565801831,720575940631575599,92040
720575941519369070,720575940606615474,65247
720575941639244405,720575940626533063,22892
720575941624469500,720575940625914501,23623
720575941518234734,720575940604811692,145420
720575941568296494,720575940625663468,532817
720575941598979008,720575940638642560,220234
720575941404754544,720575940620262621,39082
720575941353199152,720575940633455723,16148
720575941475794225,720575940630511953,56149
720575941645581000,720575940614250961,134582
720575941603354297,720575940621962219,33913
720575941579775313,720575940625301629,539194
720575941462831504,720575940615409150,13024
720575941533614211,720575940620277686,40702
720575941448562510,720575940632676377,34121
720575941459345567,720575940630609090,40365
720575941623915931,720575940623429645,64055
720575941435785004,720575940637855104,33720
720575941486708290,720575940618886449,16497
720575941507453313,720575940632871961,907674
720575941589394244,720575940632078988,541635
720575941645854152,720575940628346634,10815
720575941552611583,720575940642163341,54078
720575941652433393,720575940615502604,165031
720575941596230769,720575940618732481,51364
720575941584424926,720575940623559523,251184
720575941575119880,720575940627904125,27710
720575941413138324,720575940629549178,134052
720575941545822652,720575940615235751,46288
720575941482694342,720575940625624464,522306
720575941554459393,720575940617986089,915497
720575941514914627,720575940623041732,46894
720575941469722487,720575940628413952,540383
720575941609866982,720575940623620586,14643
720575941542610437,720575940639428174,532050
720575941644367442,720575940638422387,936218495
720575941546020284,720575940634978935,113500
720575941688239884,720575940627915090,130815
720575941493551280,720575940625666964,38272
720575941566919250,720575940616817013,152437
720575941533292778,720575940632475449,23929
720575941571901000,720575940611877841,11869
720575941416681244,720575940623311630,149335
720575941483291528,720575940641701328,25385
720575941564537344,720575940618541995,23616
720575941483554189,720575940614572906,20234
720575941645317793,720575940630464824,72873
720575941495329223,720575940638774606,31083
720575941591191659,720575940603885856,35120
720575941535970275,720575940623442190,31755
720575941638562933,720575940623773171,40201
720575941586229894,720575940617416256,512457
720575941611140170,720575940622682564,545366
720575941496280007,720575940611246810,25483
720575941498562427,720575940638776227,17805
720575941431875832,720575940624404872,518309
720575941628678182,720575940619944513,23581
720575941437811679,720575940650450934,52329
720575941630940652,720575940621538431,67544
720575941597126044,720575940605020337,32183
720575941540562893,720575940636013966,1006207930
720575941484212221,720575940615453438,12832
720575941521193395,720575940611213810,42179
720575941456584685,720575940627501417,25984
720575941687089164,720575940615630247,96981
720575941626531466,720575940608799556,73706
720575941603116985,720575940627296396,196388
720575941654136849,720575940616534338,10608
720575941502059403,720575940630658627,127007
720575941477915700,720575940621031006,10823
720575941428950008,720575940623370966,68506
720575941591512972,720575940632530913,14498
720575941617770197,720575940628455942,519132
720575941617731285,720575940623120222,13724
720575941455096883,720575940640802675,15362
720575941412963220,720575940630500394,64668
720575941439609919,720575940630984443,126218
720575941574118139,720575940634670693,46956
720575941652801241,720575940616539990,521535
720575941612614163,720575940614344598,24278
720575941535375850,720575940622446085,549208
720575941431241609,720575940626856220,82291
720575941489133769,720575940616915468,134574
720575941518966126,720575940640956123,145832
720575941472966186,720575940638135359,134692
720575941542534236,720575940619486891,10458
720575941453389619,720575940615865233,28366
720575941632460192,720575940654083233,135790
720575941505767970,720575940637648485,15673
720575941535097578,720575940625871408,524190
720575941540487629,720575940627572484,16334
720575941491009228,720575940637751524,83531
720575941543150109,720575940635085919,63534
720575941514028108,720575940623972610,524229
720575941613418716,720575940638204137,12647
720575941408534319,720575940628351314,26598
720575941612469734,720575940621568892,500339
720575941668385011,720575940607472988,19427
720575941574478237,720575940613987946,29355
720575941401077795,720575940644238871,48117
720575941618246783,720575940623601193,54522
720575941549093236,720575940639088885,220770
720575941519850862,720575940628777980,166437
720575941520572855,720575940621041488,30698
720575941507605573,720575940635869285,121830
720575941541699676,720575940605676210,28209
720575941557445796,720575940639414144,70739
720575941514381900,720575940631097159,530366
720575941519462766,720575940623503318,12189
720575941514312851,720575940612887523,17961
720575941533611651,720575940612808086,521303
720575941650269461,720575940623887288,25169
720575941392184068,720575940628356102,13219
720575941598556608,720575940635934456,210611
720575941540370893,720575940629148315,231285
720575941690083224,720575940633265820,80986
720575941561641773,720575940638114357,20792
720575941620218495,720575940605604030,15158
720575941732717611,720575940640643536,115408
720575941519354990,720575940608233941,126350
720575941392873476,720575940633813309,165795
720575941493764784,720575940610697262,129529
720575941495967969,720575940619904380,128531
720575941572793083,720575940631896376,131351
720575941477889310,720575940615942924,524083
720575941461786256,720575940606680450,542560
720575941513010755,720575940618299712,180728
720575941476691562,720575940615637846,39264
720575941584214662,720575940622285183,35744
720575941601983990,720575940615147571,107303
720575941476802154,720575940627466066,131337
720575941507541573,720575940631716409,63209
720575941461459411,720575940603692256,127589
720575941535579585,720575940634401471,102978
720575941530112715,720575940636687215,46749
720575941436610578,720575940638698880,21426
720575941620250751,720575940629055447,517417
720575941496210304,720575940620745825,80565
720575941590048823,720575940627743577,523024
720575941465803798,720575940630560719,90856
720575941620258431,720575940606739390,10771
720575941686186735,720575940609349730,36613
720575941616608469,720575940630170421,32651
720575941526919757,720575940635992718,561332
720575941569635698,720575940611503509,61982
720575941574435579,720575940627662608,98676
720575941560638579,720575940612981997,17133
720575941459611076,720575940633397146,27609
720575941613315804,720575940626649832,30695
720575941529158020,720575940629090754,16417
720575941515908355,720575940624094973,43368
720575941593818993,720575940616045524,111503
720575941503349298,720575940628624956,52622
720575941606876269,720575940633220492,166169
720575941504834213,720575940615155910,62710
720575941661639992,720575940627741562,102457
720575941483911933,720575940632273233,40383
720575941502823915,720575940614789791,29806
720575941502802226,720575940614582765,54154
720575941639606815,720575940621463699,364582
720575941577655797,720575940623506134,133154
720575941687239180,720575940615345164,163141
720575941486910470,720575940631839047,18305
720575941436012832,720575940627001637,20891
720575941537381874,720575940627020008,65354
720575941643689317,720575940636990064,17114
720575941514897923,720575940632256481,33409
720575941580468213,720575940619269029,512216
720575941484142733,720575940619792566,80967
720575941496410235,720575940639476864,117105
720575941480490882,720575940623781611,512751
720575941574706696,720575940630037079,29600
720575941503550039,720575940619169349,141509
720575941467820765,720575940618791515,515737
720575941551531803,720575940629605996,227350
720575941569885178,720575940609880900,31630
720575941476877598,720575940615548319,96158
720575941588957239,720575940620254796,160013
720575941494312391,720575940623844280,65900
720575941562021677,720575940615362558,21003
720575941568595826,720575940618911901,44846
720575941425384532,720575940621229962,81707
720575941502197643,720575940628539735,526576
720575941579948277,720575940622039551,497471
720575941627921190,720575940623549734,183057
720575941563013218,720575940636144752,61396
720575941431973217,720575940621810415,114587
720575941633125536,720575940615840980,173056
720575941459100319,720575940644306592,13339
720575941632957344,720575940627708815,53253
720575941590202878,720575940629820239,15941
720575941632379116,720575940617355993,557197
720575941509055698,720575940615444882,47271
720575941463977229,720575940622644872,513814
720575941598909632,720575940610938902,107008
720575941471278455,720575940618144635,532872
720575941411344811,720575940621420097,530998
720575941563153927,720575940617143611,44375
720575941480456928,720575940611112818,29139
720575941491702247,720575940624920757,27307
720575941576168296,720575940629557957,76850
720575941553078938,720575940633366498,110253
720575941642966629,720575940621339713,515978
720575941478473066,720575940607687260,16083
720575941549116193,720575940628971513,129084
720575941732722219,720575940609850436,73963
720575941542410269,720575940620308416,524231
720575941480714626,720575940630404311,18134
720575941519459950,720575940610487410,32608
720575941460882445,720575940638644096,21220
720575941508453410,720575940631425965,31905
720575941552862270,720575940604458668,11413
720575941502667243,720575940624336316,112756
720575941447838996,720575940613590579,15448
720575941486692493,720575940617952034,11259
720575941623464956,720575940629241675,524148
720575941324429104,720575940634201195,518677
720575941611540042,720575940645782068,58678
720575941496464256,720575940605475296,125406
720575941653180913,720575940610456014,154574
720575941584492639,720575940626617084,13764
720575941560507763,720575940625502308,574015
720575941633351584,720575940629657103,22492
720575941653653265,720575940617470137,53334
720575941549487476,720575940633502125,147985
720575941649570837,720575940629295888,64011
720575941586648198,720575940604891360,514413
720575941413821844,720575940621192436,624308414
720575941611487974,720575940638698842,90609
720575941553709651,720575940606992395,42358
720575941431436024,720575940645108936,134712
720575941448034580,720575940636008366,519284
720575941416724764,720575940606324402,523547
720575941564594432,720575940636572152,81199
720575941473001568,720575940629561347,11450
720575941655579604,720575940627957719,512615
720575941407274158,720575940636643832,123245
720575941514255683,720575940627108625,827600769
720575941486670914,720575940616845030,21537
720575941490416181,720575940613019541,10717
720575941619132347,720575940617324317,134990
720575941560526095,720575940614999336,519111
720575941445341098,720575940615590361,152068
720575941450031738,720575940615648315,32917
720575941548225652,720575940638607167,103008
720575941477750836,720575940632024109,37078
720575941545040729,720575940633465369,94942
720575941627205177,720575940624305643,152159
720575941459240863,720575940614688479,96900
720575941563639815,720575940616337181,24784
720575941574889225,720575940616501877,61849
720575941536543381,720575940620567045,30801
720575941411393195,720575940626224280,555502
720575941557931172,720575940620818358,353303
720575941519029420,720575940644916532,104669
720575941480452832,720575940636536756,35652
720575941515373971,720575940622010700,197153
720575941627692326,720575940632900503,106797
720575941621865468,720575940628306114,15836
720575941481615814,720575940618286882,39935
720575941432605966,720575940612983445,107623
720575941447752980,720575940628453946,58550
720575941507491934,720575940629773276,81151
720575941527139684,720575940615181735,138396
720575941650604565,720575940628561111,207353
720575941483745277,720575940619615355,40863
720575941624224411,720575940624388756,106916
720575941535811521,720575940624211202,817088
720575941546138044,720575940618944414,149339
720575941538911125,720575940618697757,194886
720575941507449367,720575940611558242,30283
720575941537857507,720575940635112952,71635
720575941574850205,720575940618344606,13166
720575941438212114,720575940641216976,531620
720575941526430029,720575940623934955,186328
720575941630993093,720575940631189295,558840
720575941531116261,720575940611048154,24654
720575941409411243,720575940615907902,130386
720575941568671220,720575940620101870,75099
720575941603506622,720575940624005834,113457
720575941653195220,720575940611735002,115992
720575941585466334,720575940627311106,33474
720575941457039174,720575940611871919,60041
720575941505261874,720575940619093163,35377
720575941478666882,720575940648554116,70738
720575941491612110,720575940629028807,60420
720575941450290613,720575940629988099,52063
720575941594912037,720575940635960183,34859
720575941631284640,720575940631697633,75841
720575941488602318,720575940620805046,20770
720575941528159910,720575940644474391,48656
720575941554096385,720575940624813129,111380
720575941503459890,720575940620746662,170919
720575941527175757,720575940646095982,24672
720575941566165302,720575940628125715,12169
720575941609795817,720575940636935390,119876
720575941619082111,720575940615908795,525973
720575941557360292,720575940614489511,41653
720575941502677442,720575940605115936,35395
720575941687936219,720575940610595442,135600
720575941564602002,720575940624964789,36299
720575941658936144,720575940617809181,10957
720575941633209248,720575940631312428,20269
720575941643287240,720575940638822205,534456
720575941487876560,720575940605173792,513235
720575941537795560,720575940606431921,36350
720575941438576914,720575940624448796,71733
720575941529735883,720575940621947653,512468
720575941502360459,720575940621286053,218542
720575941429535992,720575940617755220,518252
720575941449983581,720575940625870640,513052
720575941563433384,720575940617551409,20143
720575941652792049,720575940622306736,139913
720575941509685458,720575940625249618,71719
720575941431360137,720575940611988391,12450
720575941563284392,720575940627731206,15351
720575941602703350,720575940627692677,60028
720575941657482520,720575940624210824,96149
720575941687985135,720575940631591199,216960
720575941486919565,720575940616713473,383889
720575941527322278,720575940647199779,30044
720575941552619775,720575940608389468,500066
720575941524971341,720575940637817670,138318
720575941566381913,720575940639075647,63026
720575941669447335,720575940618851425,28094
720575941596218225,720575940629742718,237936
720575941525079833,720575940628829148,109758
720575941490674229,720575940628940994,92734
720575941401901859,720575940611426161,20741
720575941550239037,720575940620689517,533590
720575941595393317,720575940628035331,63184
720575941645180280,720575940633471584,14191
720575941590623372,720575940616911262,52402
720575941452254842,720575940615513490,392816
720575941588907332,720575940612421101,75125
720575941476509726,720575940617079737,16359
720575941553979546,720575940622860426,903403
720575941517040019,720575940628781828,11287
720575941430753417,720575940641585096,15241
720575941507919198,720575940610536290,17551
720575941589427767,720575940630112411,27976
720575941595134247,720575940612423026,165047904
720575941533582723,720575940626600067,27470
720575941461813971,720575940616944251,97172
720575941535270744,720575940624186602,22354
720575941431800078,720575940622803859,47608
720575941615525785,720575940621629867,53676
720575941506870853,720575940613619090,83613
720575941592733142,720575940633554636,13237
720575941481899261,720575940623824713,129076
720575941550142013,720575940609171395,70615
720575941610625001,720575940610041050,30063
720575941626133817,720575940623088678,33019
720575941565712023,720575940634702431,184224
720575941461093316,720575940618310229,19915
720575941571792030,720575940616702262,123544
720575941562622098,720575940639806909,96117
720575941445088682,720575940614368483,24697
720575941574356219,720575940619299054,147184
720575941516087043,720575940625606916,34148
720575941595882609,720575940623901415,12897
720575941562831616,720575940612461774,121045
720575941491949543,720575940639410291,23846
720575941491563212,720575940619114048,13528
720575941538028949,720575940613606041,30225
720575941595353302,720575940632828441,74250
720575941535618842,720575940628201259,583883
720575941564994407,720575940609643531,130514
720575941505872965,720575940632815199,517755
720575941631448992,720575940633655694,155386
720575941658065488,720575940630684943,58941
720575941552694170,720575940613099938,49809
720575941459272863,720575940636313701,52798
720575941573413960,720575940629749308,17959
720575941562319250,720575940628682752,66368
720575941687403759,720575940640331995,205282
720575941688757772,720575940608193475,69999
720575941412137839,720575940610519747,544739
720575941549980671,720575940625066987,533023
720575941553187226,720575940609592674,25267
720575941404874352,720575940626557442,14157
720575941577395801,720575940611394019,111655
720575941528001958,720575940622444780,45366
720575941559986803,720575940626797841,54308
720575941593663595,720575940626607802,72459
720575941576516790,720575940622790071,513898
720575941644001224,720575940620913243,151982
720575941639797109,720575940606108034,24870
720575941558335524,720575940639711566,513811
720575941638860831,720575940643820654,126297
720575941554726810,720575940619436225,514666
720575941510443986,720575940628039034,18672
720575941436577056,720575940626632450,144942
720575941609806569,720575940627305658,29103
720575941525726374,720575940650937078,86896
720575941507102081,720575940625602818,18623
720575941435080846,720575940608927534,127189
720575941537308392,720575940606515292,60708
720575941549011060,720575940657585025,111872
720575941508680976,720575940611194390,49094
720575941416815132,720575940613691559,29050
720575941580693881,720575940626258448,520754
720575941606888813,720575940620972813,61829
720575941564643840,720575940620189790,12152
720575941436087328,720575940620649641,919061
720575941536162586,720575940621815549,147352
720575941611023081,720575940631108303,12498
720575941535862506,720575940627787609,10442
720575941531771365,720575940630923551,35751
720575941593004584,720575940612010961,173186
720575941580632309,720575940629806206,91617
720575941544725509,720575940637396851,541503
720575941652590065,720575940624349993,513184
720575941490697676,720575940623987469,71700
720575941549606945,720575940629778554,440899
720575941521870071,720575940621402388,104869
720575941505435196,720575940623171315,199106
720575941631771040,720575940637682573,134558
720575941445136810,720575940619696731,16793
720575941565005831,720575940626690588,70306
720575941688684812,720575940609905220,84604
720575941640775455,720575940631483695,12027
720575941505937061,720575940619589492,137113
720575941557126159,720575940614001595,271536
720575941555805924,720575940630683729,29682
720575941451223674,720575940625990277,30919
720575941722291770,720575940628891774,943302
720575941438639634,720575940624017812,23737
720575941540205517,720575940624008586,24128
720575941565413639,720575940621921285,15506
720575941479951523,720575940626943491,37590
720575941531996645,720575940615092019,10091
720575941574614793,720575940629859371,59594
720575941536932323,720575940610680274,555319
720575941499086409,720575940615723682,99450
720575941574713096,720575940626681886,532745
720575941545049861,720575940624982792,95415
720575941454455603,720575940648981881,45175
720575941439559765,720575940624402204,23771
720575941390400260,720575940622318085,10381
720575941546770521,720575940633169177,188577
720575941687533430,720575940640698064,187078
720575941611724390,720575940631576351,44587
720575941603718841,720575940640347355,67635
720575941507602782,720575940618709487,55319
720575941452980551,720575940615210975,26720
720575941409023662,720575940626693769,17479
720575941480956034,720575940610767602,57799
720575941436516882,720575940637557645,92054
720575941432388961,720575940639279679,86000
720575941460927172,720575940620622691,54307
720575941542484509,720575940621092487,517030
720575941591165836,720575940626748232,373925118
720575941569403898,720575940636839280,58501
720575941617767893,720575940605662822,516367
720575941574456840,720575940628221227,61796
720575941595079126,720575940627117193,249306
720575941533149669,720575940608221891,40304
720575941643539301,720575940638085695,516824
720575941666361075,720575940634604895,83500
720575941542084700,720575940630798893,132009
720575941690792344,720575940614257986,184468
720575941506395301,720575940626183049,49436
720575941526870628,720575940653617910,30789
720575941542898205,720575940619945931,11931
720575941655444436,720575940614518690,87956
720575941514678883,720575940620572125,158246
720575941545915836,720575940626952537,516239
720575941586756830,720575940618522673,522732
720575941483980474,720575940648342905,50639
720575941482336963,720575940626998769,94487
720575941569298546,720575940611657881,102719
720575941598602396,720575940628164222,56234
720575941475902750,720575940624931530,25316
720575941564476818,720575940635984239,580907
720575941534099393,720575940624983531,59070
720575941643940257,720575940637050089,141652
720575941449518685,720575940614711080,93495
720575941631238882,720575940622252097,68419
720575941561868544,720575940612267518,32592
720575941537846165,720575940633852046,78831
720575941526330189,720575940615736693,570508
720575941485788678,720575940641704077,26164
720575941688447756,720575940616502175,14871
720575941474063968,720575940628437291,11573
720575941609866726,720575940625544069,36160
720575941496725120,720575940615522922,11463
720575941605176254,720575940637079407,10669
720575941510187024,720575940625555348,85728
720575941514451779,720575940613598105,21849
720575941592450856,720575940612758934,133334
720575941564549010,720575940607184329,50151
720575941573610056,720575940609862411,526320
720575941658812952,720575940611639445,56322
720575941486074178,720575940627116699,119406
720575941550190397,720575940618715421,524419
720575941516604250,720575940636267383,180576
720575941540630477,720575940623590663,62364
720575941530742475,720575940611740569,20182
720575941440906581,720575940615506399,65174
720575941458897392,720575940640934363,17158
720575941474068064,720575940631964729,196908
720575941639527797,720575940636110943,142263
720575941732111659,720575940629185039,48629
720575941560456051,720575940628958842,639917279
720575941723377978,720575940626669355,15188
720575941688817420,720575940609834052,511957
720575941645286008,720575940624435128,10929
720575941489951177,720575940626430280,581331
720575941537638627,720575940637608560,13410
720575941627843110,720575940627221071,41291
720575941578883929,720575940628848122,511805
720575941450568519,720575940627574921,47689
720575941644346824,720575940628121287,119852
720575941529494660,720575940618203707,11369
720575941505689404,720575940603067360,47077
720575941475557681,720575940625963432,18556
720575941525453412,720575940614930107,55272
720575941651770897,720575940606077374,51604
720575941491648999,720575940618942721,15550
720575941631205100,720575940607923721,77370
720575941688302966,720575940621988684,133290
720575941491410382,720575940629725033,25114
720575941549707297,720575940630042508,27712
720575941469952887,720575940609902546,61515
720575941508461441,720575940614918924,26499
720575941580158197,720575940622863850,83598
720575941409225902,720575940621626394,10710
720575941632216773,720575940611674265,18716
720575941451997562,720575940630791597,200336
720575941498434683,720575940623498876,41346
720575941569592690,720575940639654515,20344
720575941533437930,720575940626070714,189882
720575941501713291,720575940626982799,153065
720575941438501973,720575940617815225,17786
720575941516480110,720575940659703937,45906
720575941490835175,720575940630906179,78483
720575941490463541,720575940651808758,39941
720575941441890907,720575940625558515,520605
720575941509718544,720575940626902602,134322
720575941536082442,720575940622907687,34819
720575941486666125,720575940636033001,40158
720575941483594938,720575940651478518,155569
720575941662497916,720575940660921985,69106
720575941518532012,720575940626972676,54741
720575941553668379,720575940622547208,27524
720575941477577524,720575940623142536,105616
720575941732119851,720575940624841703,118318
720575941488460496,720575940630044354,141402
720575941457462431,720575940629814103,16074
720575941452557619,720575940606173630,54626
720575941574979229,720575940627629598,11948
720575941486650690,720575940630659535,514036
720575941567686590,720575940639536718,184834
720575941533691267,720575940609641284,53720
720575941411922543,720575940629371735,26663
720575941392233622,720575940629729787,49908
720575941579302737,720575940642041032,24925
720575941471102016,720575940613810174,139670
720575941497264763,720575940630256402,16214
720575941610872906,720575940636569434,828816343
720575941548374388,720575940642908813,96404
720575941565205767,720575940642368160,27507
720575941531298021,720575940631872339,532027
720575941505929506,720575940625144061,295340
720575941565625442,720575940616386449,38438
720575941569581170,720575940614976662,140146
720575941688971638,720575940621453504,979067112
720575941583759711,720575940617634772,135846
720575941450294877,720575940624784115,29604
720575941492759984,720575940651272950,60490
720575941532746981,720575940641278965,10813
720575941548240957,720575940624903753,44510
720575941436503359,720575940625947335,161298
720575941536806426,720575940609125641,56908
720575941490249166,720575940607452594,44315
720575941492685232,720575940626180638,56218
720575941688959451,720575940608895427,132299
720575941412529007,720575940628993900,162742
720575941661688120,720575940619069953,41729
720575941570319092,720575940637212894,108664
720575941411354539,720575940616355028,38578
720575941532972931,720575940619718209,32699
720575941519453550,720575940632472850,10732
720575941555752531,720575940627102280,11126
720575941477186353,720575940625777594,146768
720575941670791335,720575940640792539,35898
720575941552912155,720575940614606061,301710
720575941535350104,720575940616422367,128581
720575941530093496,720575940628796780,15667
720575941560433267,720575940644022551,16544
720575941609437613,720575940636098367,10156
720575941690130584,720575940627585286,65379
720575941595189029,720575940618440000,10048
720575941538963698,720575940631687332,136705
720575941654698452,720575940611845034,220439
720575941476473409,720575940619744728,102970
720575941649782293,720575940628546888,529832
720575941499167817,720575940615049565,21378
720575941430143881,720575940625769530,109282
720575941436684576,720575940619358885,20539
720575941561877037,720575940653171702,25428
720575941603247033,720575940631829279,62594
720575941459898564,720575940628343173,176895
720575941465926998,720575940636716718,118048
720575941600662825,720575940637515182,13067
720575941589364791,720575940621948637,109431
720575941499161569,720575940635632888,523843
720575941589126980,720575940606734182,67241
720575941544214021,720575940620096238,11295
720575941514528332,720575940618808491,160256
720575941668914609,720575940638094911,16118
720575941481234767,720575940622438634,79839
720575941593498920,720575940621390806,32125
720575941617199573,720575940622853258,45686
720575941669605297,720575940632584877,106921
720575941622726396,720575940608165298,47704
720575941595339889,720575940625762708,101416
720575941630052066,720575940618681168,110372
720575941569367546,720575940641791904,903466
720575941659223888,720575940622137443,17524
720575941659254096,720575940618609112,531732
720575941582780255,720575940615794335,30890
720575941477437492,720575940618397598,23555
720575941484678797,720575940619719668,28471
720575941504685762,720575940618184896,116137
720575941573560502,720575940625084474,120735
720575941498999777,720575940648665977,103283
720575941595116246,720575940624919228,20721
720575941513997521,720575940634921140,531169
720575941435539488,720575940608461251,37726
720575941668531443,720575940628147718,47732
720575941596462213,720575940617784118,512362
720575941518448088,720575940626745387,20495
720575941582431839,720575940608618197,96884
720575941486693517,720575940628819516,23160
720575941461337357,720575940637558618,82293
720575941514575194,720575940639786915,15611
720575941566335286,720575940646433059,26848
720575941457163757,720575940629144572,580777
720575941412858479,720575940624364848,108992
720575941554021530,720575940613126835,25893
720575941431354761,720575940626692355,519784
720575941508589953,720575940620508912,517643
720575941573288712,720575940617708885,51898
720575941558580260,720575940631103744,10044
720575941670106279,720575940632593735,108516
720575941432119905,720575940632963042,40714
720575941526654285,720575940637372221,342387
720575941536634394,720575940617114418,129624
720575941484311362,720575940626073637,13402
720575941543706141,720575940606584766,10067
720575941504258866,720575940629380559,599670920
720575941535513578,720575940627283545,53778
720575941440655551,720575940644466711,64218
720575941687321100,720575940620905638,66035
720575941579224913,720575940621623334,519281
720575941562287202,720575940629941507,19124
720575941611992493,720575940613358450,12133
720575941481654979,720575940608543580,52917
720575941518730862,720575940626094887,24150
720575941517456856,720575940617097814,157506
720575941442204111,720575940611639978,24608
720575941612042669,720575940629202626,66154
720575941599086784,720575940633990812,20049
720575941514787907,720575940611881139,16079
720575941555664211,720575940627333378,16300
720575941471454583,720575940608735241,11951
720575941502375106,720575940637943630,140612
720575941392459524,720575940616470417,195587
720575941565913910,720575940621349590,283181
720575941564022114,720575940628945145,38581
720575941554487194,720575940626189630,21264
720575941526324482,720575940628600143,103706
720575941575586152,720575940644211912,51082
720575941663505276,720575940630786105,69480
720575941537764584,720575940630937171,120915
720575941437046034,720575940604885350,57108
720575941526526052,720575940636818574,55497
720575941703096282,720575940638664576,26448
720575941441799771,720575940651208694,99781
720575941477239345,720575940628137713,13860
720575941483112646,720575940625464762,241175
720575941546650556,720575940631293202,11932
720575941531394507,720575940644053271,12849
720575941593764645,720575940646118276,531187
720575941662590076,720575940611088942,10566
720575941645125240,720575940603352748,559918
720575941538233330,720575940605190078,36772
720575941623448219,720575940635319407,172232
720575941688273270,720575940607891979,147486
720575941439667263,720575940626001182,24319
720575941638346015,720575940618306469,25359
720575941623162108,720575940616833669,30624
720575941594463013,720575940609610564,15639
720575941535925018,720575940618692779,19433
720575941617683413,720575940621047943,12328
720575941604774253,720575940603595366,516109
720575941573333135,720575940628314167,25708
720575941437666092,720575940637746520,72234
720575941538630130,720575940628723578,20172
720575941526749442,720575940628810512,21661
720575941392812548,720575940627732361,515575
720575941531609829,720575940639726555,104940
720575941570679454,720575940637832878,89989
720575941632492485,720575940630273444,51486
720575941505560343,720575940623129769,46987
720575941564649216,720575940619451989,16703
720575941554122394,720575940606776585,107492
720575941653042449,720575940618254750,28401
720575941691253912,720575940640864675,46924
720575941633332640,720575940626742532,48579
720575941490050357,720575940634422880,103779
720575941547120161,720575940612888178,519878
720575941552554814,720575940606667977,60227
720575941504066391,720575940613977315,59185
720575941478707562,720575940621087777,520487
720575941559397589,720575940610676906,172046
720575941650294037,720575940636074853,128364
720575941515668995,720575940636008559,25047
720575941610421734,720575940634098356,31728
720575941564705431,720575940628074199,151517
720575941569556980,720575940616775622,27322
720575941505433916,720575940625529477,96721
720575941488843980,720575940624204996,131176
720575941481672902,720575940628906540,79985
720575941517397139,720575940625494093,500328
720575941651629077,720575940633703649,139577
720575941511886412,720575940626447848,31988
720575941502273419,720575940632900665,11596
720575941476762945,720575940640158939,48122
720575941561840296,720575940632146340,140619
720575941440498879,720575940626726458,523392
720575941479320483,720575940623736103,89127
720575941655665108,720575940659379073,36477
720575941594143446,720575940637354047,12844
720575941516926936,720575940637761112,54235
720575941516943982,720575940613581378,526663
720575941609992621,720575940625524455,132511
720575941662719356,720575940638291133,136628
720575941566866478,720575940618121506,39459
720575941686748172,720575940633212316,83483
720575941644267681,720575940635268471,80560
720575941566366774,720575940623112957,21971
720575941589207607,720575940630384635,19508
720575941490858444,720575940633224519,32899
720575941611865619,720575940623852873,513033
720575941513918929,720575940619011749,75955
720575941518280876,720575940624031946,81501
720575941640075551,720575940627099338,519839
720575941643056466,720575940611755640,56824
720575941631632544,720575940612138792,29773
720575941489375797,720575940616261844,156614
720575941529082244,720575940611500762,139391
720575941593699797,720575940605349804,85185
720575941595190053,720575940618192694,41184
720575941431644152,720575940629208987,38591
720575941430736632,720575940624309518,25220
720575941547012232,720575940632414738,55447
720575941471955264,720575940632539788,524470
720575941516472410,720575940626057097,523866
720575941406848430,720575940623408883,49801
720575941546747225,720575940625161509,193998
720575941587293508,720575940621779497,68188
720575941508609153,720575940626522155,15659
720575941626178715,720575940618674648,11883
720575941568260346,720575940619723979,84446
720575941452481863,720575940623219719,15138
720575941414309268,720575940622716961,539506
720575941461502675,720575940625314964,517464
720575941546546265,720575940626613622,193987
720575941527145497,720575940634631342,83968
720575941602974649,720575940626165489,58581
720575941476304177,720575940639467136,110293
720575941607857517,720575940635679127,575914
720575941480655746,720575940653093793,159797
720575941477013825,720575940606461216,519400
720575941480174275,720575940626645434,35682
720575941671488167,720575940622074109,53996
720575941544234940,720575940609745777,87442
720575941585735134,720575940635520489,20434
720575941510642192,720575940623468691,523329
720575941535860746,720575940610043571,55537
720575941611942374,720575940617392733,165901
720575941477263681,720575940612355763,141560
720575941414030737,720575940625959667,10836
720575941626733881,720575940609274819,112186
720575941408170799,720575940623706405,185977
720575941495343047,720575940620721286,542578
720575941579609589,720575940621166719,162830
720575941414677908,720575940632258468,199034
720575941506643772,720575940613272799,85986
720575941563779991,720575940640775843,86613
720575941652082417,720575940616824550,96352
720575941541620322,720575940608910345,131872
720575941510965970,720575940605318880,32975
720575941490717390,720575940620711334,10460
720575941525735938,720575940610877098,32451
720575941590241591,720575940613686442,54597
720575941539189593,720575940661165953,63203
720575941416849692,720575940623997949,10915
720575941547415476,720575940631290082,127975
720575941586045918,720575940618776833,87437
720575941527363330,720575940626995559,74389
720575941566738998,720575940627764497,21222
720575941392916996,720575940623737525,12346
720575941554325843,720575940623088565,65054
720575941560205583,720575940624959496,512309
720575941591759244,720575940626602288,191319
720575941441461183,720575940623953845,84407
720575941448342197,720575940631440697,60470
720575941483362502,720575940628131778,557092
720575941436975404,720575940625668878,88815
720575941594434085,720575940625102224,36064
720575941577415991,720575940624216359,410963
720575941440399445,720575940629015040,15291
720575941569414132,720575940630353682,30669
720575941633699232,720575940648102020,182510
720575941431388152,720575940632949529,19598
720575941563002485,720575940630367196,319274
720575941535528370,720575940622218778,23748
720575941670032817,720575940640333109,11128
720575941572671240,720575940627977415,128424
720575941653208081,720575940624988168,129919
720575941654344665,720575940621163277,515124
720575941571806971,720575940632988351,20678
720575941652159449,720575940634814832,82900
720575941568368884,720575940614721534,99013
720575941491396814,720575940635707534,103112
720575941411934379,720575940630650130,994082949
720575941484987398,720575940631254588,43301
720575941536216346,720575940625630993,64405
720575941613635804,720575940606731977,63736
720575941532990437,720575940623139610,10556
720575941632209900,720575940635539263,27805
720575941626374026,720575940625873560,514626
720575941514025562,720575940615775647,69256
720575941402062115,720575940630095045,14850
720575941498589257,720575940615711638,73821
720575941484216762,720575940634588642,533449
720575941430688431,720575940637321444,527453
720575941518739310,720575940625823656,101669
720575941463900429,720575940606949042,228766
720575941560791341,720575940627798266,168481
720575941460095428,720575940621942021,889139056
720575941569716338,720575940618519710,11265
720575941430869935,720575940618190238,72141
720575941596926853,720575940635681966,144543
720575941519126700,720575940643700640,512248
720575941490883020,720575940617362772,72467
720575941594341590,720575940633184908,39984
720575941550386237,720575940635103001,25613
720575941588369662,720575940637660733,55546
720575941630081574,720575940630071583,33007
720575941466973526,720575940613168090,15220
720575941412103535,720575940628797608,109150
720575941436521760,720575940614061521,188489
720575941483855357,720575940630704211,88903
720575941552460543,720575940637113277,39281
720575941537853160,720575940619861345,20545
720575941645230200,720575940610397845,534785
720575941403315312,720575940618627669,109846
720575941689245336,720575940603402412,48143
720575941471414391,720575940613637785,19064
720575941668003249,720575940637958709,33694
720575941445163690,720575940621808227,159185
720575941565212823,720575940621643773,526388
720575941652616433,720575940637195895,43028
720575941504619458,720575940635840233,22400
720575941590798590,720575940640354638,101484
720575941480059010,720575940619996598,555732
720575941688300662,720575940625572240,150732
720575941590112040,720575940624604547,67824
720575941493785776,720575940616351298,512114
720575941437674540,720575940636928090,543891
720575941542458204,720575940622262493,13883
720575941669921713,720575940634505720,58188
720575941486608450,720575940632625837,85186
720575941453444265,720575940609799470,11626
720575941539570557,720575940630864170,515096
720575941569704050,720575940625962920,24844
720575941480616527,720575940637332851,61294
720575941460634052,720575940623289578,57888
720575941573752146,720575940616829627,239115
720575941481138630,720575940631912495,109766
720575941498554235,720575940616546902,512909
720575941519880115,720575940621488225,196157
720575941452030535,720575940610501730,52455
720575941475609630,720575940604121278,156124
720575941589174583,720575940625845647,39717
720575941507805569,720575940618566657,47047
720575941528020313,720575940613872680,219030
720575941609660393,720575940630832428,245841
720575941599679017,720575940611785585,88844
720575941481376847,720575940632787863,41152
720575941529667204,720575940631431542,535614
720575941652156657,720575940635170484,12762
720575941595030897,720575940622450056,29430
720575941507475234,720575940638243645,923831
720575941458451184,720575940620199872,20690
720575941549964404,720575940629362795,141468
720575941617996159,720575940627852563,20175
720575941654192852,720575940640305115,22286
720575941610798569,720575940622403542,121817
720575941519052972,720575940632636959,60241
720575941419569433,720575940632415800,27967
720575941644485202,720575940622081057,25434
720575941437682143,720575940629121527,48341
720575941500251298,720575940646424964,15250
720575941670305969,720575940631017795,82514
720575941456180461,720575940604470956,14804
720575941415900444,720575940631153920,103979
720575941515928931,720575940631301079,519122
720575941575292936,720575940626986877,28508
720575941596723589,720575940632936332,13943
720575941535131224,720575940623380556,13863
720575941546582873,720575940630285051,112666
720575941519368627,720575940628137577,108555
720575941471588619,720575940655774113,79720
720575941568719918,720575940624913191,80657
720575941663394428,720575940611700942,151704
720575941515951619,720575940640922331,516450
720575941629425446,720575940626216573,53756
720575941531454923,720575940616195467,85165
720575941595499377,720575940630435468,38587
720575941667036081,720575940614780219,137843
720575941575226038,720575940631455140,134177
720575941519604078,720575940631054634,10786
720575941437176594,720575940626669114,63314
720575941406699311,720575940608907100,59563
720575941538539157,720575940629743609,516828
720575941519182958,720575940617767990,21832
720575941547654177,720575940628237415,38541
720575941538505182,720575940638460735,118746
720575941624387018,720575940621454501,48546
720575941633342405,720575940629067996,177619
720575941688329996,720575940623911753,23775
720575941503617340,720575940621587396,56545
720575941466929238,720575940631620318,102343
720575941531369675,720575940619759041,105327
720575941535975617,720575940618737954,24534
720575941546350524,720575940633280537,29225
720575941498041979,720575940628707858,69315
720575941535812033,720575940621011696,124458
720575941515192899,720575940622779519,34596
720575941559678958,720575940625368976,69646
720575941507683909,720575940624033584,70730
720575941475824961,720575940616166685,26915
720575941657879576,720575940611644529,10584
720575941503824578,720575940633972847,556307
720575941575353999,720575940616318045,16097
720575941500335522,720575940638441269,31323
720575941476740417,720575940637803891,83143
720575941537763277,720575940620979638,17626
720575941482284739,720575940630392879,24340
720575941458856262,720575940611263602,62821
720575941524539467,720575940633176749,18918
720575941593392421,720575940604511776,105634
720575941515074883,720575940617750070,529568
720575941504121394,720575940617446449,224051
720575941581772153,720575940616414859,12700
720575941447543477,720575940617315189,29107
720575941469953600,720575940652330230,121639
720575941572855439,720575940606552450,204507
720575941535544152,720575940608037298,525188
720575941483557574,720575940610316130,84975
720575941477009217,720575940615821981,13093
720575941479556320,720575940609775115,30611
720575941557932815,720575940630398551,85331
720575941507736901,720575940609068809,49658
720575941495899465,720575940628428443,15590
720575941549510461,720575940643031240,51302
720575941609395786,720575940620203764,451851712
720575941499166281,720575940624537284,15720
720575941526979917,720575940621226917,521546
720575941464135693,720575940624327828,24958
720575941455744496,720575940629473067,512880
720575941543536901,720575940612696854,124835
720575941519402456,720575940621088500,512070
720575941633736379,720575940617903617,123308
720575941549180449,720575940635171263,59160
720575941589428990,720575940619932608,64913
720575941645569992,720575940624263655,27999
720575941392946180,720575940626495238,91112
720575941658613784,720575940630119532,13994
720575941499230177,720575940613184362,69262
720575941603984057,720575940627047185,32924
720575941437592082,720575940626990086,20544
720575941438819090,720575940630233916,104018476
720575941659046992,720575940618884299,63635
720575941515959299,720575940624587447,515142
720575941514509123,720575940603909804,44641
720575941412591508,720575940637649380,119034
720575941611917158,720575940634720248,85143
720575941597582784,720575940633292769,521359
720575941615516313,720575940623956941,19837
720575941492948656,720575940615694009,191658
720575941516150106,720575940616211174,65040
720575941480174978,720575940628188359,33884
720575941640748063,720575940603693158,109066
720575941555414273,720575940617299131,11345
720575941504754226,720575940646427012,14041
720575941543203613,720575940623802151,49518
720575941612041446,720575940642266509,10357
720575941536043457,720575940616551307,345432
720575941502645810,720575940632028216,15679
720575941415072540,720575940628934915,56205
720575941640487199,720575940603979488,34654
720575941480293856,720575940639506776,264660
720575941401375011,720575940622136573,82131
720575941564395922,720575940631842360,10297
720575941540583293,720575940622520908,16181
720575941632467104,720575940618093497,37721
720575941563477160,720575940624330537,27435
720575941681075389,720575940630705170,26671
720575941392577284,720575940632725708,14644
720575941668250099,720575940619662144,39513
720575941565517975,720575940630763724,18589
720575941535791338,720575940610612850,278337
720575941402014499,720575940615557460,518976
720575941532484581,720575940610001220,64916
720575941551870855,720575940621365313,150144
720575941413091988,720575940607649922,136517
720575941538969586,720575940621373680,99612
720575941452171335,720575940614738444,19787
720575941496095431,720575940628319335,52104
720575941471732576,720575940602483424,12678
720575941466780438,720575940629343959,133318
720575941486956429,720575940638183795,75677
720575941671784103,720575940610558357,17729
720575941546896820,720575940626082693,131898
720575941559650575,720575940636246008,83013
720575941671547303,720575940627942391,535437
720575941429345711,720575940614492968,176056
720575941686516975,720575940651950070,140437
720575941564539399,720575940630686060,27737
720575941564422290,720575940624403843,556847
720575941392641430,720575940623808693,61120
720575941543051805,720575940631566700,29536
720575941499328225,720575940622773444,23365
720575941611390893,720575940624592217,14149
720575941691341720,720575940611396266,18402
720575941558510884,720575940630751031,10235
720575941534438834,720575940634144875,34228
720575941627257657,720575940619487414,55998
720575941515968099,720575940626015640,40580
720575941548028276,720575940636702174,524945
720575941537264882,720575940640379507,86837
720575941485425104,720575940622922504,139602
720575941567504430,720575940631933767,518902
720575941495247230,720575940622235969,14268
720575941567639641,720575940628072188,77818
720575941449780405,720575940635055039,11084
720575941589746756,720575940633304601,521550
720575941479787906,720575940621925417,552553
720575941491057383,720575940613425570,22641
720575941567089908,720575940615076418,555991
720575941456257261,720575940608481372,513465
720575941460032326,720575940628729722,121400
720575941507163205,720575940633001016,125945
720575941543964761,720575940629315371,342123
720575941604073974,720575940613711614,12674
720575941500851595,720575940628436810,410617
720575941573982365,720575940616837277,304167
720575941569821810,720575940627629315,241890
720575941462042768,720575940644478260,32047
720575941548170120,720575940625172750,11739
720575941644362952,720575940635304110,521258
720575941602114494,720575940651932150,564865
720575941723564858,720575940615944337,13639
720575941392737174,720575940636077413,48928
720575941612982169,720575940630829563,40792
720575941502522967,720575940630016855,34538
720575941449307741,720575940613422860,16667
720575941595578757,720575940628783632,87958
720575941569855090,720575940628012903,521069
720575941439852479,720575940630454263,119506
720575941408882094,720575940634729652,88804
720575941591036670,720575940645999139,13699
720575941460757188,720575940619029589,272841
720575941574679560,720575940624176381,41258
720575941552408347,720575940625548520,90275
720575941520092343,720575940606436128,162655
720575941568903538,720575940629974058,40193
720575941605382334,720575940622775907,81469
720575941554120475,720575940636082936,531184
720575941505453335,720575940631084589,65584
720575941476601665,720575940608434883,15129
720575941594828071,720575940622683561,529966
720575941410854571,720575940609782997,123269
720575941560268270,720575940620833901,10692
720575941524728322,720575940638208627,95518
720575941533243826,720575940633351322,55063
720575941535279026,720575940624980261,429689
720575941488255184,720575940614445983,17632
720575941413808273,720575940637626084,590508
720575941404915824,720575940624543013,95310
720575941490060494,720575940619123870,90832
720575941483850749,720575940629748606,27346
720575941435309856,720575940627141066,64805
720575941547115625,720575940616313940,96906
720575941577624665,720575940628023685,11566
720575941629487084,720575940632423442,159660
720575941545677756,720575940615896989,78589
720575941478281834,720575940629379194,126570
720575941559559951,720575940615390119,521690
720575941535176882,720575940638689001,26860
720575941534627610,720575940611750618,63636
720575941668013555,720575940629202167,129892
720575941588183620,720575940614296938,218878
720575941487163714,720575940622305553,122098
720575941537165800,720575940620589296,47717
720575941467931414,720575940632842963,136957
720575941478990243,720575940614919878,42452
720575941503056107,720575940639105488,28915
720575941614384403,720575940614901142,41506
720575941489943753,720575940622919876,103370
720575941401076003,720575940621435045,39584
720575941543179549,720575940609362898,79464
720575941627263270,720575940658541697,59135
720575941412241519,720575940625894658,24483
720575941563343623,720575940619283591,89748
720575941478387306,720575940620983902,16506
720575941543630621,720575940635117167,40876
720575941433316622,720575940616455261,13362
720575941541125724,720575940617729977,55100
720575941494260167,720575940636488667,519458
720575941538633677,720575940621281485,63149
720575941527174054,720575940633300193,16927
720575941505744444,720575940626781522,27191
720575941679854013,720575940619619675,522440
720575941612329133,720575940631983277,20231
720575941555384868,720575940622450924,515061
720575941496743552,720575940626717573,529710
720575941651800853,720575940617566110,78230
720575941620315007,720575940613552947,524524
720575941560561902,720575940625695269,17990
720575941513570124,720575940629229586,29270
720575941431248303,720575940609607890,556261
720575941532690149,720575940634414231,301842
720575941471712523,720575940622497791,36202
720575941469822941,720575940627212796,515424
720575941611498342,720575940622622502,104078
720575941488104144,720575940619138373,12483
720575941414183060,720575940642839092,52677
720575941504679106,720575940637126007,10575
720575941576760680,720575940625878861,15292
720575941626533002,720575940620593780,19584
720575941505911877,720575940612757922,40597
720575941510137616,720575940623809533,24382
720575941623042044,720575940626767618,129034
720575941609792586,720575940616230815,71202
720575941434847776,720575940624487146,47230
720575941431184559,720575940606425033,12750
720575941473328170,720575940628699560,18478
720575941460943315,720575940630321464,22800
720575941504361010,720575940607606852,50191
720575941523229687,720575940632742225,23376
720575941653566932,720575940633711028,556522
720575941565710743,720575940616503157,41740
720575941515885411,720575940651694326,524364
720575941537945059,720575940623655605,343840
720575941491927406,720575940624845200,64964
720575941439739359,720575940620982437,17268
720575941529585592,720575940625237891,13209
720575941553036033,720575940637381466,40016
720575941603310521,720575940632598343,24122
720575941565408354,720575940631682764,529204
720575941674628315,720575940620407943,219699
720575941564393728,720575940648817017,63802
720575941668001457,720575940648920953,45606
720575941467350237,720575940627538434,13649
720575941528127416,720575940625844664,65304
720575941631637740,720575940618814342,12432
720575941575526582,720575940637584240,32082
720575941653173977,720575940634711544,78377
720575941499772066,720575940618594117,58229
720575941553314561,720575940617588198,120019
720575941551640575,720575940620918113,120798
720575941526723609,720575940633014635,21712
720575941613613276,720575940624150857,178611
720575941471271031,720575940633953049,129289
720575941554701722,720575940639634304,12622
720575941552130303,720575940624887324,48657
720575941481907642,720575940616360788,89797
720575941572998045,720575940646080803,67003
720575941428050004,720575940630824236,46701
720575941407316142,720575940634690529,48901
720575941605147757,720575940629757994,131237
720575941518399404,720575940632549346,19676
720575941533093354,720575940638137140,97475
720575941429706671,720575940624728504,19227
720575941477326900,720575940643837988,11198
720575941459927366,720575940606541065,42211
720575941412456593,720575940626729871,39156
720575941687097100,720575940620608950,20533
720575941489994293,720575940627828296,58896
720575941544424892,720575940625737162,131148
720575941662597688,720575940616644235,535136
720575941639030901,720575940621529309,58400
720575941651042577,720575940633519514,122334
720575941659123792,720575940619369688,15379
720575941408793135,720575940628808708,14908
720575941460704467,720575940606066306,532689
720575941440323157,720575940645698084,162208
720575941652643313,720575940613522413,14561
720575941549648161,720575940610137969,65657
720575941654926297,720575940630602579,76047
720575941580371065,720575940629185084,513906
720575941451607930,720575940603197408,530033
720575941469932509,720575940613527761,215064
720575941513224035,720575940625013144,164248
720575941609764838,720575940631121227,129140
720575941478438506,720575940617022036,256464
720575941633010875,720575940625778428,11102
720575941572980987,720575940610985189,40684
720575941723440954,720575940623444676,63722
720575941554469147,720575940613007474,134710
720575941392903940,720575940606739634,32463
720575941391126276,720575940612081777,137006
720575941585539294,720575940628442385,132959
720575941593644651,720575940625025680,22706
720575941525346148,720575940621319924,519705
720575941577822809,720575940638557312,512795
720575941624462332,720575940620356545,19672
720575941552842579,720575940623013564,220941
720575941448167956,720575940632410828,10769
720575941526511070,720575940632050986,500205
720575941589556791,720575940607049941,21398
720575941625993371,720575940612698287,71953
720575941402006819,720575940631668793,154070
720575941518473388,720575940610290162,43866
720575941568145658,720575940617712214,94485
720575941691012827,720575940630309391,12793
720575941591407244,720575940624836124,31070
720575941563905122,720575940614952635,123316
720575941507403845,720575940632409500,15699
720575941655370196,720575940617374950,132019
720575941430788600,720575940618822429,533468
720575941575615375,720575940622499819,35588
720575941560463149,720575940631954251,64504
720575941506514597,720575940641361104,525541
720575941546015112,720575940617023174,29526
720575941516320403,720575940633007928,61226
720575941471804736,720575940623093197,38573
720575941462017936,720575940616455746,90824
720575941431033737,720575940628799439,65358
720575941456195309,720575940623295271,71199
720575941433341710,720575940625662360,47058
720575941438716895,720575940631256168,60172
720575941427238484,720575940626844218,41903
720575941703437274,720575940622382320,17693
720575941563669672,720575940631931183,182918
720575941613798876,720575940628061573,32497
720575941658787352,720575940636137079,533783
720575941519130284,720575940611177701,12101
720575941485886672,720575940621068996,125886
720575941572470779,720575940637631046,44228
720575941654225364,720575940628028163,518632
720575941651139349,720575940611462885,22404
720575941486228621,720575940636709477,159397
720575941565855842,720575940630247243,33670
720575941546927961,720575940635929695,117833
720575941527653048,720575940609268491,17375
720575941651890449,720575940630484811,155280
720575941642732626,720575940632429416,92380
720575941613710556,720575940603460640,19733
720575941732482603,720575940619953172,30046
720575941471724299,720575940628800811,57778
720575941579239413,720575940627558188,113759
720575941439748699,720575940628223570,123760
720575941533708675,720575940625323962,18749
720575941484493965,720575940627174090,26131
720575941511647564,720575940628915718,67807
720575941442159567,720575940621123113,512883
720575941402677360,720575940628613372,56915
720575941480860323,720575940618277184,524207
720575941491223502,720575940625897572,543772
720575941496116352,720575940647447161,15906
720575941427819348,720575940616653030,527361
720575941430676655,720575940626376600,50660
720575941539075314,720575940630670893,30904
720575941521263607,720575940623021897,121093
720575941481059663,720575940603767473,908760
720575941430524631,720575940632501668,96463
720575941497310080,720575940630133110,22006
720575941393181846,720575940625737859,56264
720575941527347737,720575940633580384,20976
720575941669801905,720575940648188548,512614
720575941611303657,720575940627101512,75004
720575941633591483,720575940636436916,331721
720575941478897258,720575940606236683,53074
720575941414742676,720575940622078934,75861
720575941510290448,720575940632745186,97065
720575941595381031,720575940622880588,802014155
720575941628219961,720575940631587641,26785
720575941558807411,720575940616400470,13178
720575941594359847,720575940603050668,37860
720575941503729899,720575940625962152,21229
720575941438701535,720575940632351457,77858
720575941574395913,720575940613052131,61324
720575941527935142,720575940626831356,38953
720575941658318928,720575940609393506,63107
720575941583229023,720575940618569885,122034
720575941562610901,720575940615695071,225193
720575941515581177,720575940622693414,143928
720575941564176482,720575940621800798,17168
720575941532974002,720575940634166242,16959
720575941547145096,720575940616541341,25472
720575941519246296,720575940627847752,12752
720575941498576251,720575940630357319,519412
720575941441439423,720575940615615929,27274
720575941689580507,720575940605280201,105365
720575941559433005,720575940615758130,98238
720575941507876421,720575940624104888,83055
720575941515969123,720575940631168057,11374
720575941553503259,720575940627721154,29031
720575941572689054,720575940620551259,89871
720575941534130202,720575940632988973,95615
720575941559562511,720575940626255381,77639
720575941611313129,720575940628708868,33215
720575941431640279,720575940627436554,521929
720575941670463921,720575940643619863,18727
720575941625520074,720575940615645841,137777
720575941661072952,720575940643829102,25547
720575941519464046,720575940626730883,13805
720575941633602501,720575940611782874,13257
720575941505988165,720575940616167986,14387
720575941475880222,720575940627466319,77040
720575941466059798,720575940612096462,100103
720575941597981888,720575940622080865,92696
720575941632132283,720575940615885766,67181
720575941554092033,720575940614393250,131936
720575941556302308,720575940618156381,512269
720575941458707155,720575940610440049,133953
720575941544574725,720575940617712438,260295
720575941496043392,720575940623417895,49169
720575941515360659,720575940612040419,532228
720575941559188013,720575940622757247,46374
720575941453027143,720575940612882355,133449
720575941569767026,720575940625804574,25806
720575941624041098,720575940611564506,97634
720575941450713678,720575940618032930,129073
720575941549701665,720575940645823876,16110
720575941586252934,720575940609079854,517012
720575941556628414,720575940614058280,38792
720575941557738355,720575940626407820,40390
720575941508862046,720575940624946183,206934
720575941486278864,720575940631247932,68108
720575941652853521,720575940627218882,17830
720575941574883510,720575940632666020,65512
720575941445100458,720575940622475525,59911
720575941459606342,720575940614872738,45990
720575941618940603,720575940630378327,187448
720575941523820619,720575940614984927,92847
720575941517218476,720575940613054887,33001
720575941524421451,720575940629964856,112339
720575941415889180,720575940617552057,14290
720575941440658773,720575940627168784,17642
720575941435460640,720575940618931846,523497
720575941518525910,720575940627727848,85099
720575941489377737,720575940624397582,25535
720575941550779903,720575940637478234,65887
720575941535567448,720575940606655874,20575
720575941575484598,720575940611765201,37071
720575941612079590,720575940618902100,12760
720575941460051270,720575940620282906,14727
720575941627618617,720575940643063200,44024
720575941564283702,720575940625127728,38639
720575941539131285,720575940625018119,513560
720575941517386924,720575940618873501,130074
720575941479785411,720575940615856267,96724
720575941628261945,720575940630973125,57130
720575941468474077,720575940631575889,21686
720575941506190942,720575940629336631,19999
720575941609669706,720575940619252718,37178
720575941537969128,720575940625951774,21051
720575941626125514,720575940645097838,41805
720575941503603947,720575940622357965,533045
720575941610565478,720575940627801737,34266
720575941440354645,720575940623497340,44960
720575941544226821,720575940630345925,40973
720575941579995381,720575940629393207,16274
720575941474705201,720575940621603750,34352
720575941449309533,720575940628678991,24626
720575941542533405,720575940623171847,61126
720575941611973862,720575940615185291,25132
720575941654262289,720575940618606676,500021
720575941552902974,720575940630813994,12668
720575941550786303,720575940630981796,41954
720575941690050968,720575940616748756,16914
720575941554572954,720575940622789611,61943
720575941614543891,720575940628838006,69733
720575941544142185,720575940607641867,44411
720575941459870278,720575940626894394,801204
720575941528556984,720575940645730852,64355
720575941468221149,720575940611510765,102965
720575941538266237,720575940630734393,26194
720575941535286616,720575940616467061,529668
720575941615624089,720575940622038622,122082
720575941550283380,720575940625985380,17051
720575941491451312,720575940631550250,101373
720575941537599464,720575940625360670,529344
720575941431419384,720575940621589999,522916
720575941518725811,720575940624188365,58020
720575941662655032,720575940606308286,17888
720575941432248334,720575940606139564,70298
720575941662630200,720575940609586500,117083
720575941539226866,720575940625345511,10384
720575941468551901,720575940618267227,20808
720575941469412829,720575940626081176,34908
720575941644363602,720575940630116345,94954
720575941513597772,720575940641099149,51967
720575941552239103,720575940622087009,555772
720575941609448937,720575940629531139,80145
720575941525832450,720575940609685624,620383895
720575941642880613,720575940628933380,85070
720575941404154992,720575940640645621,31863
720575941563823762,720575940623769783,19842
720575941436636946,720575940619986676,59999
720575941427512404,720575940648768377,152788
720575941452051783,720575940623403900,27028
720575941488256976,720575940627245992,72959
720575941594240295,720575940626007573,129625
720575941732115755,720575940645570327,51828
720575941506454844,720575940624861642,32994
720575941432389079,720575940622253704,48315
720575941661557304,720575940626618696,177450
720575941455118387,720575940624348168,40393
720575941506442556,720575940623303411,94470
720575941557368484,720575940646446212,51915
720575941510109968,720575940636278379,172837
720575941417035548,720575940630607478,514877
720575941520706999,720575940608014549,17000
720575941686633228,720575940618700849,28153
720575941593093334,720575940639852085,59942
720575941490503655,720575940609428178,22646
720575941502229899,720575940629108332,111335
720575941574105609,720575940629187065,512085
720575941652339221,720575940633803104,185437
720575941496548731,720575940640369883,51332
720575941722970426,720575940627824912,916989
720575941551300670,720575940603930046,114151
720575941637268597,720575940632074669,99628
720575941615910869,720575940631275863,128917
720575941639868277,720575940633251320,52665
720575941569333236,720575940626238972,58405
720575941644827474,720575940611684787,530572
720575941658862616,720575940634883179,515724975
720575941616624853,720575940618531099,100728
720575941542579804,720575940633687391,78342
720575941480759971,720575940633996883,12085
720575941550260084,720575940618543873,107259
720575941581614713,720575940632745320,42063
720575941515382851,720575940627084905,17752
720575941515598179,720575940629609457,40306
720575941484742466,720575940626520305,58090
720575941579635445,720575940609836868,170626
720575941640791327,720575940605118142,515772
720575941545533628,720575940620956173,303093
720575941519340723,720575940621050759,543332
720575941564454498,720575940618635072,531137
720575941632489376,720575940628600592,29211
720575941462430221,720575940634385945,140743
720575941563388584,720575940625345328,12053
720575941554573313,720575940629111490,107729
720575941579305809,720575940604847392,230056
720575941642943845,720575940606938034,50738
720575941477111345,720575940625376329,43556
720575941625664620,720575940617732537,55091
720575941408363950,720575940623351295,15884
720575941618535039,720575940628013562,41222
720575941430543023,720575940658674049,87077
720575941688304758,720575940618817262,145719
720575941505167554,720575940617504581,525064
720575941516023699,720575940611810001,71443
720575941570050810,720575940623451272,147432
720575941516604844,720575940626832386,14984
720575941651470869,720575940620880333,52972
720575941656130840,720575940628209152,24837
720575941625543306,720575940625460261,16664
720575941471382903,720575940616058079,13868
720575941549076001,720575940604285105,175884
720575941442114767,720575940614326499,27946
720575941475256884,720575940624354125,72162
720575941452889415,720575940619908510,522194
720575941461276612,720575940614566598,94897
720575941477159729,720575940621696747,13725
720575941482766266,720575940644747828,152044
720575941449857351,720575940635579839,122341
720575941587854660,720575940623047438,148364
720575941535613450,720575940636909790,90569
720575941570409374,720575940632876708,537102
720575941490063157,720575940628640079,76531
720575941595786279,720575940606756198,50241
720575941639384949,720575940627962844,22592
720575941482140413,720575940619398278,26685
720575941607836013,720575940643127319,31634
720575941462417040,720575940623277035,66142
720575941624097644,720575940632474425,85254
720575941513839180,720575940633888608,205526
720575941609737449,720575940606952028,60217
720575941636998517,720575940646209059,110224
720575941580077813,720575940632308684,186020
720575941687538159,720575940621649345,168887
720575941644249938,720575940611403730,67396
720575941688220534,720575940631166012,195878
720575941472426048,720575940625809852,124730
720575941431354543,720575940609194082,41757
720575941654753236,720575940624020323,524506
720575941439531999,720575940622790661,60605
720575941546848700,720575940636461710,157370
720575941514331203,720575940616284955,145085
720575941431331832,720575940628545406,54871
720575941528256422,720575940640659800,547566
720575941585597918,720575940635356828,52146
720575941484652354,720575940621041005,170601
720575941482952445,720575940622330582,19794
720575941722101306,720575940615764061,518830
720575941498108539,720575940645635636,68608
720575941478672490,720575940621832397,12475
720575941585620870,720575940631856429,58819
720575941515954531,720575940611027246,73303
720575941595537703,720575940613895934,17635
720575941681384637,720575940642198747,25205
720575941722622778,720575940625040053,43216
720575941639064607,720575940618687508,25707
720575941461494483,720575940639789475,924571
720575941452945735,720575940613640429,556760
720575941457688223,720575940613445101,83454
720575941499895458,720575940610831509,128670
720575941549933117,720575940631096082,88295
720575941513762371,720575940624131848,128149
720575941433535246,720575940645454116,29128
720575941557485988,720575940635125103,18274
720575941585165781,720575940620971644,172160
720575941506480805,720575940632535756,19366
720575941519653815,720575940605147057,86824
720575941537055720,720575940612429994,69747
720575941496325760,720575940627570600,151869
720575941452364103,720575940621712152,64092
720575941537564899,720575940627962238,35019
720575941691660952,720575940628091803,37823
720575941484083965,720575940614061479,559501
720575941440547925,720575940629184000,79032
720575941516271450,720575940604783136,12621
720575941431279118,720575940637718094,111293
720575941514336579,720575940622116705,24883
720575941539258866,720575940627710480,96077
720575941567598962,720575940630334586,34012
720575941450897486,720575940604763326,519315
720575941630111526,720575940617939797,63605
720575941553742619,720575940632381613,64536
720575941544010245,720575940644644387,69237
720575941578222673,720575940627359107,17611
720575941569743986,720575940634990271,918192
720575941470033629,720575940640757107,110821
720575941563799047,720575940625824899,115636
720575941655597017,720575940611057506,383609
720575941440768959,720575940651404278,29865
720575941463950093,720575940629229020,10479
720575941549998369,720575940623056422,24808
720575941504657346,720575940621353793,26285
720575941626523244,720575940619557473,553227783
720575941478668906,720575940655011489,905567
720575941659273040,720575940622227213,12295
720575941403052912,720575940612627106,34984
720575941527644600,720575940634617952,20354
720575941473428576,720575940628545643,50973
720575941581164409,720575940624456586,534673
720575941538998421,720575940628026112,513999
720575941522430967,720575940635818175,34877
720575941494903166,720575940634007647,98708
720575941625952923,720575940606224318,14656
720575941528108198,720575940613869777,11583
720575941514658906,720575940611603502,11867
720575941617780437,720575940632403986,523591
720575941613674393,720575940638575192,158741
720575941520379319,720575940609739733,48784
720575941516147546,720575940652606881,54115
720575941556613092,720575940642940045,98640
720575941401905955,720575940634331036,40766
720575941505622076,720575940649428601,957077
720575941429827832,720575940629661381,15893
720575941652410129,720575940621587846,203683
720575941615312537,720575940618951883,19145
720575941622566908,720575940629386204,40614
720575941537715688,720575940616929241,193139
720575941526523906,720575940611839893,80826
720575941532896088,720575940616114132,90589
720575941613678812,720575940640645949,55277
720575941604096502,720575940639368782,226132
720575941668075953,720575940617763707,60347
720575941467728406,720575940619974193,521484
720575941567669038,720575940615374731,25126
720575941703775194,720575940613236147,186718
720575941451021946,720575940628405882,92013
720575941605050558,720575940637846947,151762
720575941609648617,720575940635722597,44638
720575941441720667,720575940625339981,18757
720575941471528512,720575940642878368,519277
720575941570151412,720575940621268907,13675
720575941481306310,720575940615393447,19731
720575941586586846,720575940621777390,11588
720575941564909568,720575940630299084,61729
720575941572556702,720575940642745248,77918
720575941551932222,720575940621314124,73163
720575941473327393,720575940628489516,522357
720575941661742904,720575940624056624,108122
720575941551658495,720575940610586597,541479
720575941576677333,720575940634352540,175009
720575941554812243,720575940636160319,58085
720575941497022025,720575940614348511,61587
720575941483100358,720575940634069940,117392
720575941546627260,720575940616980381,44015
720575941439634239,720575940640150235,92517
720575941556808676,720575940625534285,500380
720575941471919456,720575940631166208,126832
720575941506819422,720575940626196313,532644
720575941595802405,720575940624072967,500135
720575941514491539,720575940633256599,517329
720575941573054646,720575940614128593,43649
720575941572674206,720575940611904997,33204
720575941537823208,720575940633848312,519350
720575941598964928,720575940617796642,15232
720575941518368216,720575940616812217,26220
720575941559980047,720575940617656532,167791
720575941545593524,720575940618798040,53482
720575941548210977,720575940631809091,76140
720575941549757473,720575940639635840,25208
720575941446789908,720575940630219055,129903
720575941611169254,720575940631558191,513602
720575941507182615,720575940603714272,81161
720575941516247130,720575940631617017,10127
720575941603869369,720575940623126200,16422
720575941625739628,720575940635149198,49037
720575941534476120,720575940633876013,178932
720575941626118252,720575940616449093,13026
720575941578678617,720575940632298669,12334
720575941631156194,720575940631805869,17988
720575941549641761,720575940619913221,22923
720575941484040400,720575940616795478,516278
720575941723290426,720575940612708323,521299
720575941472341344,720575940620885158,16570
720575941431367087,720575940618636112,44925
720575941596944517,720575940620377588,85318
720575941440592981,720575940614426799,262892
720575941607576173,720575940629041790,55185
720575941527449732,720575940622703692,39481
720575941416736796,720575940611332722,155171
720575941598798016,720575940622844810,147996
720575941581771897,720575940627371322,702682768
720575941526545886,720575940617035788,500087
720575941409335467,720575940634599269,49664
720575941504674754,720575940628400650,32886
720575941591369356,720575940613857130,33082
720575941458142022,720575940638968920,32257
720575941425675348,720575940638070505,56905
720575941572736926,720575940638223174,513935
720575941662473784,720575940623730634,21269
720575941516390547,720575940629354455,52868
720575941409746603,720575940615239285,98911
720575941609291082,720575940623676600,31162
720575941657721624,720575940621227173,517915
720575941658923800,720575940631787587,16371
720575941486808070,720575940630318533,12951
720575941497776713,720575940626430339,80027
720575941550649599,720575940623854276,14968
720575941617168597,720575940620337012,29757
720575941509832914,720575940613752547,24272
720575941572575240,720575940629161334,54929
720575941441901759,720575940620463732,20106
720575941511142354,720575940613228018,24362
720575941653710297,720575940615121501,228354
720575941496983424,720575940639025742,48299
720575941619856767,720575940621821787,132618
720575941523007479,720575940622742049,74817
720575941497884322,720575940619390086,57742
720575941578442741,720575940612547698,50240
720575941643440033,720575940626510789,97792
720575941688189935,720575940625878160,10654
720575941543092060,720575940640747352,11065
720575941668230131,720575940618382529,519265
720575941479855234,720575940625423290,21515
720575941564349842,720575940616412738,15104
720575941534778394,720575940620826900,138345
720575941559304942,720575940633797530,32163
720575941464459094,720575940619296365,61845
720575941578636377,720575940633090771,517783
720575941574446601,720575940624039108,43962
720575941590718718,720575940617370297,120435
720575941483704762,720575940623717639,18313
720575941643585618,720575940619946325,146732
720575941566154599,720575940604801993,11987
720575941490357966,720575940634574943,27950
720575941563355143,720575940614255922,33620
720575941482223299,720575940613864401,18493
720575941568157554,720575940637663907,71833
720575941481643706,720575940630793413,55586
720575941701010394,720575940630799810,42921
720575941472130315,720575940610198442,72797
720575941431730647,720575940623374058,522966
720575941573438216,720575940615628967,306289
720575941594494757,720575940621677702,129124
720575941442616271,720575940632664268,18325
720575941427606612,720575940624688362,517368
720575941493751166,720575940633803877,90354
720575941631389932,720575940637967194,123618
720575941528237444,720575940634127456,33646
720575941633064389,720575940623755312,13827
720575941519582168,720575940615006248,14694
720575941527338265,720575940620633076,87836
720575941518881240,720575940629112060,48421
720575941496230528,720575940607245186,119769
720575941529807288,720575940619684299,535798
720575941564351586,720575940617124865,17869
720575941663006520,720575940638027497,520338
720575941519664600,720575940619435655,23446
720575941700696026,720575940622391019,122182
720575941480976035,720575940607466435,25271
720575941575419401,720575940628885160,12299
720575941480749135,720575940631176877,22306
720575941461961412,720575940616026555,31155
720575941562273704,720575940628117118,229440
720575941580022773,720575940631347596,515960
720575941671577511,720575940610734449,18631
720575941538448370,720575940634856543,111777
720575941520009907,720575940614310627,72364
720575941612199270,720575940622082913,519988
720575941559279119,720575940631835673,45032
720575941485295245,720575940631056184,49425
720575941652379097,720575940620417797,64325
720575941604343998,720575940615803698,158481
720575941669292977,720575940619432129,28900
720575941521636531,720575940623125069,74486
720575941578771537,720575940631216682,91595
720575941570794142,720575940630562268,95779
720575941433158670,720575940625312356,34198
720575941571703966,720575940632703388,49021
720575941669516977,720575940623449676,807932
720575941507439383,720575940609479689,15651
720575941571726664,720575940627621501,92215
720575941392849924,720575940638337845,518513
720575941485704400,720575940638677411,24016
720575941485358733,720575940621071495,16257
720575941585188486,720575940647034676,513286
720575941611660390,720575940621659046,41315
720575941467352854,720575940617533268,542579
720575941526892644,720575940607227228,521634
720575941603791350,720575940605950496,14154
720575941490765774,720575940638154805,39557
720575941632876960,720575940628355198,58112
720575941519421144,720575940617166993,761372278
720575941436266016,720575940638879651,53845
720575941473760554,720575940625893372,57720
720575941411413163,720575940607848661,19313
720575941629940518,720575940622449800,28079
720575941645601992,720575940629513478,21465
720575941534110730,720575940621353392,156576
720575941430114991,720575940621384212,511784
720575941564571648,720575940624632980,28625
720575941548284296,720575940627632745,23141
720575941558479375,720575940619646191,518476
720575941539767900,720575940620320214,71722
720575941496287943,720575940628818492,142636
720575941491537356,720575940625793317,102548
720575941536184330,720575940622240355,29186
720575941667594417,720575940622672324,539353
720575941645127544,720575940622916075,201931
720575941495120000,720575940621739184,96823
720575941671579303,720575940629403959,18121
720575941538567293,720575940627502342,526253
720575941568679418,720575940625390979,25125
720575941514364739,720575940632879586,27729
720575941601114102,720575940607118275,800932
720575941410567083,720575940606039072,57913
720575941590317054,720575940619091201,144776
720575941450583374,720575940607367125,930760
720575941565259271,720575940623132510,12070
720575941410682479,720575940628826128,10331
720575941620219263,720575940622770410,68332
720575941428138666,720575940632709945,154095
720575941554589412,720575940642459021,111964
720575941412778863,720575940624498439,15499
720575941583985759,720575940624123536,56267
720575941462672909,720575940632183121,71299
720575941666950131,720575940628241649,40825
720575941470844279,720575940621653718,49223
720575941440948415,720575940623930153,74130
720575941519865710,720575940612506595,50731
720575941524433227,720575940607657308,25498
720575941449248437,720575940615476166,103350
720575941569813618,720575940628848900,116251
720575941573849608,720575940619549867,518776
720575941455074099,720575940611872149,38007
720575941497911625,720575940617688267,515233
720575941507249221,720575940625863728,15326
720575941490107367,720575940614991997,112150
720575941556172627,720575940627363356,52652
720575941550596095,720575940633178764,55595
720575941633662139,720575940629068741,281674
720575941655074521,720575940618078331,111738
720575941539527037,720575940621595328,141733
720575941662665084,720575940625583121,28341
720575941533082755,720575940621683494,24579
720575941411479979,720575940606649376,531354
720575941603845817,720575940629439043,18054
720575941643338657,720575940616016385,54157
720575941482587587,720575940638190414,111451471
720575941625019756,720575940614761026,549323
720575941668424947,720575940617252642,132232
720575941511801420,720575940619059438,99884
720575941564633600,720575940604762028,41228
720575941498075465,720575940651812342,67657
720575941594976551,720575940630866939,242202
720575941414645396,720575940629421164,517515
720575941464975190,720575940628849668,20694
720575941461355475,720575940631639567,26570
720575941486607312,720575940615688404,17769
720575941455063859,720575940636578014,37290
720575941573279570,720575940623576211,101637
720575941477498932,720575940618544208,25781
720575941534222770,720575940616293855,12069
720575941632599532,720575940614871336,182223
720575941596586097,720575940631190016,934019
720575941564625815,720575940638124656,31860
720575941689997787,720575940636934007,26944
720575941515944803,720575940609376707,11310
720575941519453144,720575940617486552,31498
720575941568137460,720575940618251225,39359
720575941472329568,720575940618195254,526505
720575941442046927,720575940622020940,22834
720575941504385340,720575940626200522,65696
720575941517986158,720575940629817849,41881
720575941512600140,720575940634599615,51188
720575941474844731,720575940640267608,117189
720575941492323303,720575940625653223,515933
720575941671445927,720575940615721309,142979
720575941427770452,720575940617010905,76185
720575941592896363,720575940619785131,156079
720575941575413352,720575940616731665,95390
720575941430641033,720575940618578150,87708
720575941510774226,720575940606694758,33010
720575941576250550,720575940644122903,19080
720575941590349352,720575940652733089,185711
720575941414971164,720575940643876718,88322
720575941404855408,720575940630046767,519633
720575941432830862,720575940614966214,14975
720575941467794966,720575940635583607,192829
720575941593068584,720575940635632023,28146
720575941680393149,720575940620455616,123532
720575941453182003,720575940632677090,97890
720575941594090023,720575940623428937,95266
720575941579969873,720575940619638592,95273
720575941480948354,720575940610825458,122080
720575941459040196,720575940634040244,163407
720575941668336883,720575940617918021,36593
720575941444696746,720575940623302669,193625
720575941489706293,720575940609313092,139750
720575941669225393,720575940621233157,42811
720575941486646850,720575940618978645,48228
720575941620628332,720575940622990942,539529
720575941450215261,720575940626044418,18445
720575941400283171,720575940619832188,191750
720575941469183709,720575940628837436,582095
720575941454260275,720575940640676413,13891
720575941552245787,720575940633087535,52217
720575941506919553,720575940619061851,41930
720575941572512763,720575940628627432,89826
720575941542980101,720575940638796102,97409
720575941400285475,720575940605658033,12485
720575941670562481,720575940623166733,34725
720575941445133994,720575940629961219,14986
720575941414623772,720575940621709132,89841
720575941503084523,720575940629476081,84995
720575941505915682,720575940645697828,517268
720575941534508376,720575940639227224,556812
720575941513908995,720575940626716401,48576
720575941643428178,720575940637066047,36184
720575941573819791,720575940638839529,108822
720575941516131674,720575940618902326,11376
720575941591198760,720575940635276895,146248
720575941539389938,720575940623286271,17169
720575941561414034,720575940636805958,511810
720575941513882321,720575940640771547,98744
720575941501432811,720575940614914107,518439
720575941430797409,720575940631307212,118785
720575941456838893,720575940629839947,525609
720575941495151230,720575940635776101,54238
720575941535055848,720575940614330258,28031
720575941534105882,720575940616069777,68663
720575941516868243,720575940635554958,35746
720575941510562576,720575940631081785,505338
720575941578751321,720575940628646160,12940
720575941554120987,720575940625442429,39396
720575941549448225,720575940626097482,36371
720575941574817384,720575940611495214,80104
720575941507274775,720575940617615702,11769
720575941531964133,720575940626456582,39767
720575941604188150,720575940612273575,26402
720575941574322427,720575940627137540,17788
720575941590069559,720575940610658766,36274
720575941527220761,720575940623132040,20193
720575941452472391,720575940624214798,19636
720575941606083181,720575940626973201,512861
720575941535142488,720575940635967886,10867
720575941552168987,720575940619168216,48288
720575941472902698,720575940626474889,67581
720575941517524952,720575940610732130,123726
720575941669314225,720575940641766875,84207
720575941574865000,720575940627179389,105304
720575941731191339,720575940633782753,138577
720575941433183246,720575940631626783,195691
720575941542412229,720575940620464331,25237
720575941404813680,720575940621700789,30827
720575941547036092,720575940621605146,175010
720575941578674777,720575940628340040,11929
720575941535266738,720575940630300434,35621
720575941462546957,720575940632171535,18462
720575941596827840,720575940634431339,63956
720575941519186348,720575940624019431,178860
720575941625378156,720575940638719907,33467
720575941596628613,720575940613162919,36587
720575941485697090,720575940615645625,145663
720575941408844847,720575940612488142,520379
720575941565381942,720575940620540507,11988
720575941536870120,720575940623087859,54559
720575941669726129,720575940621628582,518563
720575941629361702,720575940634839964,12574
720575941564631394,720575940622287228,72367
720575941539603349,720575940629228535,513554
720575941643336530,720575940627410770,68627
720575941414491028,720575940616498742,34590
720575941478871715,720575940624321865,107858
720575941543321861,720575940614273534,62505
720575941546819464,720575940621537908,184015
720575941483910909,720575940612067242,17671
720575941625587308,720575940621042270,28088
720575941482535366,720575940624229925,274021
720575941486685250,720575940622994312,522430
720575941589186871,720575940616642790,90364
720575941610924774,720575940631627843,57171
720575941507594053,720575940633886871,35685
720575941569031674,720575940649865718,204303
720575941549444980,720575940616630557,155395
720575941459946948,720575940624755742,26574
720575941534006538,720575940630109660,189591
720575941506242583,720575940628087887,24633
720575941689681560,720575940624331312,20303
720575941527250820,720575940611540270,59546
720575941551269887,720575940631994728,46013
720575941558869540,720575940627424299,536997
720575941507185221,720575940615101452,88109
720575941558605092,720575940628791573,16748
720575941661542200,720575940615855499,154161
720575941564642304,720575940623871015,22518
720575941643577445,720575940609695683,18607
720575941500037026,720575940639594355,521363
720575941631687404,720575940623634876,51759
720575941515668058,720575940609234130,38890
720575941578379345,720575940642643252,98193
720575941460805843,720575940639383605,581122
720575941504637490,720575940614159010,25085
720575941662441016,720575940622602760,116045
720575941569748850,720575940622304243,154603
720575941435860012,720575940626371898,514184
720575941530185727,720575940629387014,189913
720575941440826971,720575940644175895,556706
720575941667009011,720575940609742347,20499
720575941491158478,720575940611631333,155372
720575941546739545,720575940606712497,500350
720575941667205553,720575940623371920,41114
720575941585597406,720575940636735198,20070
720575941431207087,720575940623404109,178252
720575941569755550,720575940616729211,47264
720575941598913577,720575940637379517,33713
720575941516698771,720575940633938349,12338
720575941407265071,720575940612648561,239832
720575941432146273,720575940621574109,534524
720575941482557638,720575940628404227,15622
720575941535140362,720575940627825923,10141
720575941525141348,720575940615404812,50950
720575941554220571,720575940618518766,95022
720575941553860506,720575940606672486,34931
720575941414667412,720575940620541422,58460
720575941434061856,720575940653998497,104051
720575941450250845,720575940615481598,14571
720575941574978447,720575940630079685,534319
720575941581361017,720575940622946282,60718
720575941430975329,720575940632379071,30957
720575941438636818,720575940617319097,25378
720575941555710547,720575940629312300,522432
720575941452506537,720575940615044502,37436
720575941545047045,720575940627507185,19026
720575941351343408,720575940624808171,84463
720575941569523450,720575940636635054,67711
720575941452025159,720575940631333955,93253
720575941579223129,720575940619514246,160108
720575941642584165,720575940622812808,64809
720575941521267379,720575940624872179,11759
720575941546903641,720575940641785589,92966
720575941564765447,720575940614379114,27181
720575941493468286,720575940637823578,52774
720575941608145695,720575940611441966,194442
720575941581271161,720575940633521828,18450
720575941460190534,720575940617224093,513133
720575941554563044,720575940622836970,29934
720575941528669572,720575940630780463,36979
720575941628832294,720575940611343853,128819
720575941473602875,720575940604706592,50002
720575941450999367,720575940643527112,92938
720575941566679598,720575940626625546,23747
720575941701235930,720575940629866283,10527
720575941549554721,720575940626023001,16651
720575941495946439,720575940636441200,112493
720575941628220473,720575940620420544,19018
720575941526409438,720575940624955322,111659
720575941732220203,720575940636447630,96274
720575941689578203,720575940615311628,514416
720575941644658632,720575940631839827,11197
720575941484212666,720575940626248837,349549
720575941536733210,720575940626394767,531592
720575941612188589,720575940638092634,12457
720575941441372111,720575940650516214,53352
720575941510805008,720575940615592821,150301
720575941554160923,720575940644971299,125927
720575941475456827,720575940641237632,21031
720575941499030601,720575940623957432,42884
720575941609731245,720575940619259456,59514
720575941445222570,720575940625419495,11741
720575941688158447,720575940624461576,26471
720575941462808720,720575940630007237,29978
720575941536996890,720575940621825630,529126
720575941523591927,720575940638377705,178578
720575941595419687,720575940612033253,61474
720575941512258892,720575940624362227,77177
720575941539560946,720575940619631343,120698
720575941558714127,720575940620759136,132004
720575941510284754,720575940614341938,45211
720575941555334401,720575940627583290,49251
720575941492496304,720575940631985751,80751
720575941590576382,720575940633877985,98849
720575941467829526,720575940604747878,16402
720575941613695708,720575940613690530,34039
720575941520777719,720575940626053907,32450
720575941552407687,720575940620346305,82042
720575941507368005,720575940631505711,22480
720575941572713224,720575940624083470,44716
720575941526342110,720575940622040486,215052
720575941415121180,720575940620237648,33244
720575941567584302,720575940604643872,518222
720575941491369422,720575940610649294,14725
720575941611254858,720575940615990614,15931
720575941504669975,720575940621922925,65915
720575941514035449,720575940633973587,67207
720575941592973608,720575940615032130,524902
720575941626518666,720575940607017993,81557
720575941508585744,720575940627168003,71041
720575941568543482,720575940629247555,513395
720575941527163929,720575940632873261,14912
720575941573696520,720575940628897280,182914
720575941410265003,720575940623422844,33097
720575941644514642,720575940622556457,130147
720575941483767482,720575940617570008,50892
720575941626337162,720575940641366517,12675
720575941438470741,720575940620002068,78528
720575941515082586,720575940648341113,33557
720575941654273753,720575940611080410,55845
720575941496802176,720575940649045369,515549
720575941458079216,720575940616792354,31782
720575941594862375,720575940605407846,126602
720575941496283008,720575940627050021,16277
720575941572752286,720575940628558074,82923
720575941634384827,720575940631758393,14182
720575941623894218,720575940618090433,94065
720575941488307920,720575940628924676,560839
720575941507351169,720575940618629592,42300
720575941561960917,720575940624971353,429596
720575941541646178,720575940605468640,197213
720575941450717097,720575940635696023,32396
720575941483869882,720575940625952345,15400
720575941540958845,720575940635679327,520392
720575941680166333,720575940623962430,18278
720575941419273707,720575940611622002,35672
720575941579788533,720575940628422139,30660
720575941528323972,720575940626277382,118504
720575941450696782,720575940627480648,133524
720575941583785055,720575940622224934,117534
720575941535864803,720575940622739529,56268
720575941508517761,720575940647036724,14026
720575941554673306,720575940612677142,556399
720575941506196247,720575940629390123,10162
720575941553809435,720575940623725773,146739402
720575941639844213,720575940616723549,81506
720575941555684516,720575940627942994,55940
720575941612401510,720575940626843194,13004
720575941456796397,720575940623865232,42347
720575941611291625,720575940615377041,17470
720575941535525976,720575940627810347,187776
720575941564353170,720575940629330426,15079
720575941496697216,720575940612557994,14846
720575941520954615,720575940638946805,88258
720575941481054659,720575940611286990,63814
720575941461352659,720575940632934751,42792
720575941529660875,720575940621050038,42631
720575941533039747,720575940632084141,48849
720575941603784889,720575940621067952,46904
720575941540483277,720575940626311882,532026
720575941655632340,720575940626488914,50719
720575941638577951,720575940619207606,24908
720575941458884592,720575940636632895,195276
720575941598526620,720575940622919943,52113
720575941439893711,720575940633013355,19420
720575941448035604,720575940621106721,17159
720575941445096362,720575940605029036,20397
720575941408581547,720575940624037863,125212
720575941584765023,720575940629906425,535896
720575941532960178,720575940621953285,35532
720575941491287497,720575940646160948,521776
720575941506713623,720575940610825130,518488
720575941430069641,720575940620231590,13133
720575941470625035,720575940621943018,530095
720575941477456948,720575940615593522,38647
720575941566732590,720575940645078984,91498
720575941595402353,720575940619673222,525836
720575941723350074,720575940604418988,11449
720575941563465826,720575940616999541,130105
720575941499022049,720575940611775717,14014
720575941500465547,720575940620706486,15354
720575941550751231,720575940637591622,34443
720575941451681402,720575940615626018,16882
720575941480020866,720575940657858433,34464
720575941471957088,720575940643736776,74505
720575941470212928,720575940622489235,27211
720575941586111878,720575940603620268,36678
720575941586630110,720575940611478954,40025
720575941703244762,720575940643259277,523017
720575941414095505,720575940632005195,58292
720575941471931403,720575940624273919,10161
720575941536118282,720575940623925774,21299
720575941557808164,720575940619035003,10691
720575941515783523,720575940639065472,140820
720575941408133294,720575940608187314,63659
720575941488209104,720575940607948483,213187
720575941565786334,720575940638730310,156216
720575941479720066,720575940653093025,90014
720575941561461037,720575940626368168,23398
720575941583817311,720575940630883897,60187
720575941632202693,720575940612668834,81239
720575941518944216,720575940638786118,58983
720575941691379163,720575940627537930,471655
720575941482663107,720575940636160112,197219
720575941478542560,720575940632735699,46223
720575941515220217,720575940627138888,63483
720575941544159833,720575940623723858,552718
720575941481443747,720575940605844913,154116
720575941573658511,720575940623194845,19539
720575941607130221,720575940624344516,96821
720575941593759269,720575940642076576,35103
720575941552020103,720575940630724222,49955
720575941603904441,720575940627027087,35619
720575941478686058,720575940624879655,19079
720575941594141291,720575940611827298,939901
720575941503693035,720575940623905255,132767
720575941544923909,720575940627243267,568738
720575941407841071,720575940617034565,11704
720575941653670929,720575940632308644,521360
720575941547969313,720575940624644277,84528
720575941487659984,720575940632037224,203146
720575941427934548,720575940624766700,12885
720575941470024715,720575940615350284,21205
720575941533603562,720575940611600226,530438
720575941598922908,720575940627077834,56476
720575941507083102,720575940613686434,136698
720575941510526992,720575940634270388,148166
720575941525858916,720575940632862177,68672
720575941574731272,720575940623582867,13245
720575941559765486,720575940608889902,532438
720575941565390434,720575940622597078,79077
720575941613016851,720575940619883124,35787
720575941486862402,720575940642198491,14684
720575941565905206,720575940632351513,141122
720575941679394749,720575940623040263,39797
720575941456580845,720575940622047514,57433
720575941435470478,720575940630601759,87898
720575941703228634,720575940617674053,32930
720575941490070734,720575940640133053,67895
720575941448907086,720575940629669531,32946
720575941565519714,720575940629285625,31581
720575941624295164,720575940633844962,210031
720575941448036628,720575940630655007,196917
720575941586757342,720575940639023706,511956
720575941512496716,720575940623847181,516904
720575941565751959,720575940635709295,531861
720575941560612979,720575940639822755,247067
720575941658829080,720575940633916333,529681
720575941413350804,720575940626930186,161706
720575941590480638,720575940655446689,40263
720575941403959920,720575940611853265,171800
720575941688653068,720575940627641841,13865
720575941621891836,720575940610228186,303829
720575941588762935,720575940611448243,125060
720575941470014941,720575940643756704,21851
720575941515522147,720575940613764817,29523
720575941560263981,720575940619007296,51159
720575941504241202,720575940613096089,18897
720575941437532434,720575940604103200,147589
720575941528122244,720575940628012332,94018
720575941612887315,720575940628465452,47671
720575941553786503,720575940629490476,10090
720575941504443074,720575940644570932,42428
720575941432169687,720575940636086244,138316
720575941461297860,720575940626376841,28728
720575941521483703,720575940631368076,14520
720575941503090519,720575940658442625,42028
720575941599661097,720575940625167852,41166
720575941541342686,720575940620362876,106635
720575941453125939,720575940621733853,45897
720575941569491188,720575940637345862,149232
720575941723283770,720575940616622731,55532
720575941691716248,720575940621443137,199325
720575941535258802,720575940625184782,11944
720575941478654176,720575940623160757,51180
720575941475531806,720575940610585208,110386
720575941391928580,720575940619565648,391902
720575941496221568,720575940637415086,81332
720575941450704762,720575940628484201,519975
720575941440672597,720575940631062543,13299
720575941574628360,720575940632723364,31116
720575941569478394,720575940607854531,32223
720575941572659870,720575940659523969,18164
720575941643550881,720575940659723137,38862
720575941603063225,720575940614942610,522984
720575941658693656,720575940619916293,26206
720575941539160525,720575940616987426,26249
720575941612456422,720575940623249944,102780
720575941526410206,720575940626819091,967550825
720575941628516409,720575940640715392,12211
720575941430048175,720575940628254263,54202
720575941603036601,720575940623707575,14158
720575941690996443,720575940619992997,50541
720575941611080678,720575940626804632,127891
720575941352587056,720575940629430602,80947
720575941429579913,720575940604839084,108639
720575941402279971,720575940630598671,67038
720575941466690326,720575940627948111,203780
720575941568818938,720575940629481516,115666
720575941441234111,720575940621481450,56138
720575941445607082,720575940622617748,817283
720575941407048366,720575940654680993,68977
720575941484639117,720575940622903309,82034
720575941515257923,720575940620678772,11405
720575941557877875,720575940611091780,142689
720575941353100336,720575940658101889,16360
720575941614196755,720575940648360580,14971
720575941535563096,720575940630815735,28336
720575941436339244,720575940638607326,101398
720575941546854836,720575940612828926,60481
720575941652822257,720575940638285696,155619
720575941496622049,720575940610505701,526552
720575941489583052,720575940626879119,36017
720575941643076728,720575940638227072,131821
720575941509352976,720575940637424547,26842
720575941510475536,720575940629327659,523769
720575941609482413,720575940623887422,814345
720575941541551196,720575940608242756,90331
720575941510361298,720575940603786686,30929
720575941408671791,720575940629772842,26788
720575941524721739,720575940642506459,13613
720575941475379259,720575940610776818,44274
720575941449520506,720575940623373606,578754
720575941549563197,720575940625635074,66893
720575941503788779,720575940621787371,39580
720575941701672666,720575940617990228,16935
720575941440429141,720575940626874442,531884
720575941506603429,720575940626916936,21721
720575941687220975,720575940612953714,40888
720575941454969395,720575940649809273,10033
720575941463844365,720575940634475616,44165
720575941536089626,720575940619173848,531062
720575941537536227,720575940623151496,65995
720575941651589397,720575940640554741,61410
720575941515576675,720575940652563361,35920
720575941633176773,720575940638624189,12171
720575941593063894,720575940618264925,42516
720575941508451422,720575940620936030,87397
720575941470818679,720575940645077527,24854
720575941633041861,720575940631950161,513228
720575941602295225,720575940614582946,22847
720575941564655158,720575940615279419,61192
720575941504611351,720575940630335596,41715
720575941598907072,720575940616286175,525960
720575941663432828,720575940624832743,11828
720575941516252762,720575940635157355,35187
720575941535478104,720575940616087967,519807
720575941470992651,720575940623773709,80074
720575941463384845,720575940634124430,53443
720575941504806565,720575940619263937,12384
720575941680759741,720575940629849148,85919
720575941558599972,720575940624402173,10286
720575941448767822,720575940631270556,103460
720575941427833684,720575940616490129,40036
720575941519288755,720575940627424072,42832
720575941475698491,720575940627828306,63748
720575941514382329,720575940622448884,78558
720575941642476645,720575940633500185,13842
720575941632038341,720575940611664281,75149
720575941552068743,720575940628460968,72214
720575941591624332,720575940611477657,520587
720575941508828289,720575940631562065,14754
720575941408647727,720575940627103484,524677
720575941406768302,720575940624186407,39795
720575941535232488,720575940635954318,20729
720575941520423091,720575940614688059,84624
720575941505384508,720575940618259766,25872
720575941468513399,720575940616743749,66895
720575941650433521,720575940620145318,107364
720575941428962441,720575940612605667,14722
720575941578563921,720575940606505090,18579
720575941644654280,720575940626626895,31301
720575941519016046,720575940625790778,20007
720575941483750586,720575940627930630,513287
720575941551736894,720575940614858399,14019
720575941432369367,720575940626809109,13502
720575941477886017,720575940628131371,33887
720575941579187321,720575940619953065,73606
720575941560377971,720575940616351233,290991
720575941565768246,720575940622005025,104490
720575941625467338,720575940614684834,190960183
720575941617765333,720575940622473608,34473
720575941477585950,720575940628939087,183106
720575941510861328,720575940616217403,13258
720575941690788827,720575940606633248,21149
720575941497573794,720575940603235500,22932
720575941497276489,720575940614377890,58794
720575941564922519,720575940621435597,66198
720575941626144202,720575940638853693,81103
720575941441396415,720575940626326121,57936
720575941535234994,720575940617244049,195446
720575941446537236,720575940612100314,154376
720575941506805573,720575940621581121,37597
720575941598707612,720575940620321728,11268
720575941439002847,720575940622505156,208566
720575941511557586,720575940607155890,182805
720575941454569523,720575940631498925,36260
720575941497291233,720575940639160920,156265
720575941438317612,720575940627887354,83770
720575941506514757,720575940620814145,520152
720575941438211647,720575940622202077,55325
720575941480419919,720575940633791935,513647
720575941475187761,720575940621114650,31598
720575941416709404,720575940642397128,19549
720575941592448808,720575940619550708,145530
720575941688156534,720575940630598159,38162
720575941506445733,720575940618116693,32054
720575941459320646,720575940614392682,46026
720575941526118822,720575940610615876,20069
720575941633508539,720575940625864424,30212
720575941546054233,720575940633486955,224304
720575941490245324,720575940622425271,27023
720575941531631589,720575940631211831,22972
720575941596345457,720575940617037969,38582
720575941516124163,720575940619624795,29095
720575941610784220,720575940625508500,14816
720575941553728666,720575940613355423,88262
720575941596173445,720575940607632306,66965
720575941441180507,720575940609777476,84217
720575941430153976,720575940618447238,140194
720575941516702355,720575940634991551,50078
720575941526389762,720575940638556735,30970
720575941626222218,720575940605041330,20753
720575941562886656,720575940620368043,123201
720575941547960609,720575940637794163,169954
720575941465355862,720575940637461134,14489
720575941539217813,720575940644645412,519331
720575941440494421,720575940619010507,112599
720575941571755016,720575940621924103,39655
720575941588847870,720575940615481461,72025
720575941483701178,720575940630221509,12435
720575941642291557,720575940625950553,50439
720575941598868009,720575940614923314,48333
720575941534831704,720575940625760017,147334
720575941519603672,720575940611121557,41567
720575941701859802,720575940622392260,535761
720575941526054658,720575940629612344,19618
720575941468546013,720575940617801265,41970
720575941519690456,720575940630393797,89098
720575941520339635,720575940625490569,102650
720575941566767207,720575940612586905,21512
720575941552862014,720575940623383432,14588
720575941540592509,720575940615624961,23140
720575941428612527,720575940617113910,16529
720575941391084804,720575940627623467,44360
720575941689045467,720575940622744414,23729
720575941436132384,720575940622810697,192086
720575941476335668,720575940642561243,73803
720575941397591393,720575940651619318,130617
720575941662488632,720575940627314009,44184
720575941655207897,720575940629446138,17392
720575941540728445,720575940612418019,38776
720575941466825558,720575940618433073,519010
720575941523236171,720575940621304004,34830
720575941449808053,720575940618492245,281216
720575941449236317,720575940617678471,65332
720575941576317878,720575940606761161,38860
720575941529971403,720575940617284539,21101
720575941506108220,720575940625109833,100772
720575941513474124,720575940628113231,156803
720575941690728667,720575940605758142,11379
720575941452423495,720575940625338249,53285
720575941542380124,720575940633518176,14949
720575941558545935,720575940639311488,169233
720575941535443890,720575940619737070,37957
720575941471423095,720575940629848015,533481
720575941481773498,720575940630929316,52895
720575941477115713,720575940623862771,233211
720575941459035376,720575940621332092,15592
720575941476361281,720575940638914793,109036
720575941391645846,720575940625777941,32096
720575941563207319,720575940615748753,44152
720575941561898797,720575940639353984,44238
720575941486988752,720575940613781215,31481
720575941439229407,720575940624555838,229739
720575941680373437,720575940628540945,54603
720575941723920698,720575940634305747,524060
720575941595515941,720575940608090069,512916
720575941574450427,720575940628734376,525780
720575941519595447,720575940623993015,85275
720575941510621968,720575940617950877,521445
720575941490634441,720575940625309882,114090
720575941498533499,720575940634548194,512609
720575941490341863,720575940628158407,62426
720575941431747086,720575940623426854,13622
720575941554714625,720575940659009409,115720
720575941514949881,720575940638175558,14887
720575941540462285,720575940625718053,14264
720575941503782379,720575940627293370,18369
720575941491214286,720575940619587520,22140
720575941457206765,720575940620030885,19833
720575941529374155,720575940633439180,531180
720575941460126022,720575940630616082,60156
720575941461403844,720575940630274971,10640
720575941631242210,720575940620344897,25376
720575941474160480,720575940625845391,517245
720575941488983861,720575940635458228,53323
720575941630989538,720575940618071124,116645
720575941408568238,720575940634459290,12075
720575941482323651,720575940632879917,19607
720575941688939739,720575940605321760,37605
720575941526955266,720575940633178508,10668
720575941438521362,720575940628464104,40765
720575941453047347,720575940612917362,111252
720575941611496934,720575940618461349,194333
720575941459415878,720575940624407944,10930
720575941593564197,720575940628438769,118692
720575941553054782,720575940637604678,55400
720575941580629493,720575940635073131,261747
720575941556372964,720575940630826874,35400
720575941580139253,720575940645693988,11155
720575941504328791,720575940638201833,923203
720575941536989466,720575940638034751,903298
720575941436112428,720575940625891472,529436
720575941524195839,720575940618250821,99511
720575941560597607,720575940638813016,551057545
720575941626074779,720575940629289472,65662
720575941604201401,720575940605986476,157692
720575941441772123,720575940637281077,43959
720575941435245856,720575940615344315,105134
720575941410352299,720575940642347936,84638
720575941453026119,720575940641562587,11847
720575941468086493,720575940646098979,108446
720575941670130609,720575940624539284,512788
720575941450059189,720575940628043082,29033
720575941589893772,720575940633910452,24691
720575941651642641,720575940632759460,42587
720575941431331247,720575940619937872,40419
720575941535865064,720575940624003731,41996
720575941666678515,720575940630521292,12803
720575941537088149,720575940639585112,77723
720575941539089138,720575940633664407,13236
720575941487169602,720575940640386176,189707
720575941546011528,720575940624961667,61743
720575941596656028,720575940627456901,126307
720575941651736337,720575940626881796,27131
720575941650567189,720575940613039795,12980
720575941539143573,720575940619892871,121394
720575941589661495,720575940629398492,96453
720575941486042434,720575940637197119,138958
720575941661352248,720575940612394803,157585
720575941486079750,720575940655164833,72768
720575941438465298,720575940619582168,520898
720575941538544021,720575940634179320,18282
720575941438490453,720575940605709740,105470
720575941401579555,720575940631089256,91360
720575941587403844,720575940621203489,53096
720575941595549733,720575940626876930,52013
720575941475394334,720575940652650486,101895
720575941590982398,720575940641607888,41751
720575941477845313,720575940622404120,30384
720575941501276043,720575940636029503,50279
720575941460226886,720575940624359093,25031
720575941630467554,720575940620650661,550055
720575941527010916,720575940632082895,94550
720575941452836167,720575940639685437,58975
720575941489410254,720575940604229152,51821
720575941589988606,720575940605196465,82188
720575941563075730,720575940619196398,66750
720575941462716048,720575940626395652,581045
720575941549578356,720575940615461265,41962
720575941475963697,720575940629561400,236699
720575941571649950,720575940631881529,143549
720575941671067047,720575940619449520,85715
720575941452382535,720575940629459671,514280
720575941412831124,720575940623338165,43225
720575941568465710,720575940632423439,60827
720575941481638342,720575940616343967,236248
720575941486806278,720575940614574994,13515
720575941410327723,720575940617488477,13561
720575941569951988,720575940617385176,39527
720575941654888409,720575940618465117,33579
720575941431268193,720575940610494510,18311
720575941457894303,720575940624159415,77425
720575941680106685,720575940627097862,78331
720575941438689580,720575940612275298,16335
720575941645205112,720575940661296257,527000
720575941504743986,720575940626778008,19036
720575941435544206,720575940624199182,167998
720575941445111978,720575940619978363,48263
720575941584219614,720575940632098204,85950
720575941542698332,720575940613413529,18068
720575941467799062,720575940623928163,42230
720575941535573697,720575940616959010,101101
720575941547289633,720575940612351510,53745
720575941553874567,720575940625045837,128304
720575941480127651,720575940626598994,21183
720575941448577973,720575940631793634,67720
720575941471853152,720575940634331128,71025
720575941537823715,720575940630824239,155433
720575941633833403,720575940617295321,523435
720575941526177380,720575940634838926,32020
720575941543840361,720575940637569139,23191
720575941432168974,720575940628247084,106495
720575941465093718,720575940619765670,110757
720575941549166625,720575940636678884,91856
720575941644979656,720575940616133442,56919
720575941524246347,720575940608335746,14053
720575941479788162,720575940637912739,55538
720575941540487373,720575940638978793,77512
720575941514010188,720575940610167665,53972
720575941524251135,720575940630965815,234642
720575941518795692,720575940606603186,22840
720575941450158685,720575940616564829,513768
720575941518341036,720575940636746103,47192
720575941482330307,720575940644216855,20784
720575941512673613,720575940632838957,283210
720575941437498591,720575940645953668,523939
720575941502212951,720575940621908420,27369
720575941519971507,720575940627175445,31474
720575941560027919,720575940624313641,95411
720575941688133871,720575940620714150,242405
720575941516088922,720575940628137987,128529
720575941438511890,720575940631693354,21088
720575941534399498,720575940643207191,31976
720575941496510331,720575940627696233,45476
720575941460108432,720575940636524777,34982
720575941626481034,720575940624870663,20298
720575941536076810,720575940634090777,26557
720575941466785302,720575940622122083,16111
720575941437380415,720575940623804307,519789
720575941574941597,720575940627475985,513091
720575941445618858,720575940636110564,500053
720575941438769452,720575940636247273,84320
720575941702814170,720575940628673615,330932
720575941496363593,720575940637369653,16008
720575941527377945,720575940631584876,10652
720575941564846695,720575940611863666,46855
720575941652578801,720575940616083345,24605
720575941533035237,720575940622431049,69274
720575941486259778,720575940632107033,86983
720575941461833924,720575940626719621,15533
720575941526396930,720575940618229853,51584
720575941471147127,720575940621553348,38781
720575941545418501,720575940632877869,22758
720575941623261130,720575940621070797,69403
720575941669088177,720575940628167498,138086
720575941426287188,720575940631215609,115131
720575941353320496,720575940620212133,58161
720575941565378567,720575940626174564,19281
720575941415219092,720575940645569572,121811
720575941458028959,720575940617366969,107019
720575941453270343,720575940612001489,10017
720575941494295422,720575940641660813,16266
720575941515666531,720575940638418621,50081
720575941456337133,720575940608407049,175767
720575941587587396,720575940625369884,115313
720575941611075245,720575940621382852,157166
720575941666268403,720575940616390237,61689
720575941458224112,720575940607703497,36659
720575941632822469,720575940630202624,38727
720575941491347918,720575940622226870,23419
720575941393245956,720575940630492714,18863
720575941611073453,720575940611172465,42668
720575941592344360,720575940622769159,25178
720575941475702331,720575940625667888,99860
720575941469460957,720575940621106961,64814
720575941540594813,720575940618470383,41899
720575941581804383,720575940630233404,10619
720575941503975511,720575940632464146,520081
720575941517169299,720575940616260497,112147
720575941531527883,720575940638197070,49881
720575941554686362,720575940624827993,79125
720575941412965743,720575940626218392,533914
720575941555840932,720575940606083273,26817
720575941431107047,720575940626133532,51324
720575941454711347,720575940612224943,46347
720575941486762704,720575940639151694,10403
720575941432409102,720575940624167093,367193015
720575941532720728,720575940622971085,29202
720575941564483847,720575940619279457,28461
720575941603834553,720575940626403914,151811
720575941542660700,720575940615333469,49209
720575941523053899,720575940626587779,35330
720575941613714140,720575940617494877,12474
720575941544366780,720575940633618272,101873
720575941544916414,720575940633527460,142619
720575941610533450,720575940620147067,571291
720575941514542179,720575940615895858,152548
720575941431780600,720575940624346760,18295
720575941546354364,720575940616973313,113148
720575941503872747,720575940616662877,514526
720575941551961662,720575940631061815,532811
720575941451921274,720575940627226450,44667
720575941505610300,720575940621422757,55616
720575941588220215,720575940635567039,182356
720575941626066634,720575940628319400,519720
720575941393242518,720575940613225750,111201
720575941484828934,720575940634414999,120898
720575941534572266,720575940625687836,26938
720575941490703079,720575940613939090,55480
720575941510579728,720575940628257874,28711
720575941438661394,720575940628455996,69219
720575941594159574,720575940624160845,36323
720575941439962965,720575940631576367,42756
720575941465792534,720575940624756408,130865
720575941626148042,720575940631193052,11624
720575941576838760,720575940629928062,514372
720575941467750678,720575940627815080,12908
720575941645203617,720575940622190550,15920
720575941550416895,720575940626572157,46925
720575941575199496,720575940629569067,22130
720575941519390391,720575940631245113,108564
720575941538060949,720575940635574958,17655
720575941595193558,720575940623276168,10558
720575941568418606,720575940609392738,29921
720575941477914177,720575940623945194,14132
720575941544174441,720575940632385066,521528
720575941475256635,720575940615462038,172626
720575941634269371,720575940620169607,12307
720575941624009418,720575940628669739,54770
720575941513934033,720575940616706594,542450
720575941554198555,720575940617251841,32016
720575941550616831,720575940632658131,64483
720575941637495669,720575940620926379,44911
720575941592754728,720575940638285184,46326
720575941490558261,720575940633011256,521624
720575941448329236,720575940626159716,156855
720575941493382064,720575940625500395,159589
720575941435430542,720575940621336852,14141
720575941359544384,720575940610322638,525245
720575941438468626,720575940631344971,49164
720575941545972916,720575940629423415,83252
720575941404826480,720575940607721685,64541
720575941667125491,720575940627090664,30719
720575941655223257,720575940617498324,43976
720575941525830169,720575940619080497,57517
720575941595037553,720575940621367944,101222
720575941538255587,720575940635222640,20923
720575941513684044,720575940632229913,25661
720575941440657493,720575940613644185,15371
720575941429026735,720575940625164176,523983
720575941459664799,720575940614485671,58053
720575941534584554,720575940626565907,564692
720575941573452104,720575940624257770,514106
720575941507992080,720575940628751095,69294
720575941593520747,720575940633565536,45311
720575941612499164,720575940630187727,346129
720575941552999559,720575940643288868,108230
720575941580005201,720575940628082682,518468
720575941612162534,720575940615121570,38274
720575941538707678,720575940624391658,178815
720575941575950696,720575940623151357,512722
720575941626186954,720575940610413262,52311
720575941459134192,720575940625762050,17836
720575941611367498,720575940656127393,23920
720575941584612191,720575940625846044,19350
720575941569512698,720575940637889443,45488
720575941450213725,720575940626278974,13937
720575941576254134,720575940609407939,12364
720575941520659959,720575940614600879,19626
720575941404873328,720575940633357651,87620
720575941578621785,720575940615750562,114715
720575941481250813,720575940629842499,90386
720575941528581508,720575940633280107,302245
720575941521345207,720575940616921245,21814
720575941488203984,720575940636490158,38630
720575941504535845,720575940646380654,102772245
720575941451970426,720575940610702456,34205
720575941513601859,720575940617725086,13820
720575941469179511,720575940627566213,102108
720575941515477753,720575940618738555,52430
720575941515380803,720575940616959778,67244
720575941570141298,720575940639663669,500157
720575941497318625,720575940615882635,51633
720575941439151378,720575940619888622,521101
720575941402749552,720575940610792290,12845
720575941561658669,720575940648606340,27341
720575941453195945,720575940617641301,225850
720575941550142782,720575940624548483,39610
720575941502772018,720575940624449514,38003
720575941687311855,720575940631317463,173503
720575941670152881,720575940621730157,17930
720575941408824494,720575940638977257,13406
720575941463015949,720575940644093719,100196
720575941557813107,720575940609019512,178115
720575941702524378,720575940618586459,81197
720575941643990472,720575940632453459,99814
720575941600724777,720575940630812354,13555
720575941546660796,720575940615488885,22654
720575941502004107,720575940633992346,14067
720575941644560584,720575940611509485,519569
720575941519611608,720575940629377218,523039
720575941546576264,720575940607044619,82193
720575941558960143,720575940625118138,116576
720575941453509683,720575940637063535,49896
720575941560035087,720575940617613083,526030
720575941516302329,720575940628382875,514863
720575941486076813,720575940610327538,28259
720575941520986807,720575940626201116,513157
720575941568708398,720575940615484063,10840
720575941600689449,720575940632871905,25569
720575941478688106,720575940630028599,73974
720575941504028247,720575940626893258,523613
720575941516091994,720575940623289532,32299
720575941483100870,720575940630522127,41528
720575941502117719,720575940624217528,138879
720575941560080755,720575940621832630,104290
720575941411942315,720575940615958971,197071
720575941529298820,720575940624544748,14667
720575941430785633,720575940634065433,94669
720575941525870246,720575940628830538,11339
720575941688819980,720575940619902598,14685
720575941521332915,720575940637219903,23531
720575941496640123,720575940644293156,60891
720575941561198814,720575940605857638,308871
720575941519388888,720575940626071054,54299
720575941563054599,720575940617456214,38580
720575941521188791,720575940612840982,10590
720575941603438777,720575940626027752,261604
720575941490414025,720575940612552946,71842
720575941593683051,720575940619678366,10433
720575941593052200,720575940624154648,15809
720575941633187488,720575940621523421,20983
720575941536062401,720575940626333971,37363
720575941612044518,720575940628577897,11814
720575941459141331,720575940627865768,98944
720575941503544151,720575940619596709,100852
720575941600940473,720575940637496179,30051
720575941598566812,720575940634057335,39143
720575941530938597,720575940628632064,58228
720575941502416066,720575940635092122,19938
720575941453183047,720575940639076954,18875
720575941592631079,720575940618403719,36454
720575941590223927,720575940611394730,535815
720575941479442400,720575940632424011,156190
720575941448371293,720575940635500223,108319
720575941478710914,720575940611507410,46107
720575941427779156,720575940630396790,516001
720575941551198463,720575940614056810,523868
720575941441848411,720575940628034108,42467
720575941468917213,720575940622102709,117480
720575941603967673,720575940634552462,25829
720575941526937858,720575940633556644,10070
720575941639022965,720575940631699816,283806
720575941689012120,720575940651421686,18079
720575940698456204,720575940605702065,68479
720575941497258083,720575940622449388,930621
720575941531397579,720575940623320522,22872
720575941458931184,720575940627196435,21098
720575941625982154,720575940630617386,24396
720575941633324448,720575940654970529,526125
720575941547512756,720575940621674108,183161
720575941484536642,720575940622981193,86447
720575941496426695,720575940628942586,20962
720575941560094323,720575940627000207,552593
720575941628917986,720575940621155092,31541
720575941408030894,720575940606084444,37919
720575941492015847,720575940618894528,68283
720575941561334061,720575940629946951,30231
720575941624545691,720575940647068451,40343
720575941598622876,720575940619506415,24794
720575941503334962,720575940631928121,841616
720575941537583331,720575940618354267,54774
720575941584854623,720575940626129703,32564
720575941453005383,720575940631188039,52865
720575941690212059,720575940622927092,69512
720575941459004912,720575940609553419,29244
720575941466975254,720575940640662899,78638
720575941625561196,720575940612327091,15758
720575941414584209,720575940643174048,120851
720575941644133537,720575940609116740,33325
720575941592606332,720575940621235988,580152
720575941654069521,720575940618636545,516677
720575941572225019,720575940617026260,94691
720575941591049982,720575940606334338,17219
720575941438656556,720575940629460930,60998
720575941544677202,720575940617078356,137273
720575941493997182,720575940628066519,169090
720575941613834771,720575940613120986,59550
720575941439777983,720575940647528500,15018
720575941503280727,720575940629752204,556756
720575941459936070,720575940605707198,11011
720575941547307400,720575940633552820,237109
720575941513676355,720575940625067312,58548
720575941431223215,720575940622669567,22464
720575941448357908,720575940628003304,107083
720575941585070558,720575940617172436,72963
720575941539394965,720575940608093449,153713
720575941440097231,720575940649008761,535795
720575941416098076,720575940621507504,86694
720575941613595545,720575940606597724,184426
720575941483462074,720575940612619059,144438
720575941529904312,720575940633416604,19612
720575941629640230,720575940619281031,222335
720575941643103096,720575940622475619,74040
720575941661666684,720575940625420931,52669
720575941540658268,720575940626100313,69030
720575941535769114,720575940612937834,116161
720575941450884679,720575940626481964,121762
720575941454031341,720575940623160202,431600445
720575941515994515,720575940618633944,63273
720575941547779208,720575940635389808,158447
720575941556493028,720575940625148174,514425
720575941479038371,720575940624142020,49295
720575941535636673,720575940639230692,38821
720575941611418442,720575940631000773,21309
720575941629492962,720575940611206098,61109
720575941481138115,720575940628839623,517598
720575941477881665,720575940603708350,10150
720575941553945939,720575940605845984,55596
720575941575122319,720575940622598441,230008
720575941407028271,720575940624063420,51343
720575941484129978,720575940624187135,15215
720575941478718570,720575940618634107,84849
720575941537408242,720575940612365464,111714
720575941591115048,720575940622585694,43747
720575941518457260,720575940629579769,143720
720575941503931223,720575940620718318,43951
720575941492945072,720575940618775943,61360
720575941515909379,720575940626416145,36832
720575941575068061,720575940619966680,96314
720575941645458888,720575940660170881,83048
720575941548632968,720575940622799178,512553
720575941460806355,720575940634908272,512921
720575941588581700,720575940623089446,76480
720575941643068005,720575940640371253,70442
720575941583368543,720575940632223457,14973
720575941625302124,720575940619075920,23659
720575941407895599,720575940618778247,86213
720575941538261373,720575940639688064,105469
720575941555576915,720575940628056107,11928
720575941599445440,720575940618894917,70340
720575941574640891,720575940620050811,21684
720575941488756711,720575940624840069,133389
720575941631308960,720575940620595113,81026
720575941585920646,720575940623700661,17510
720575941518509495,720575940620541099,10377
720575941640917535,720575940603609824,19658
720575941579985489,720575940622656536,18337
720575941441546175,720575940621467819,524331
720575941515936771,720575940631572305,70279
720575941430562808,720575940642034907,55680
720575941463843597,720575940624426680,11613
720575941526728450,720575940604284337,30872
720575941513113676,720575940646288419,154230
720575941540257741,720575940608145026,515029
720575941412649620,720575940623081909,49732
720575941497795913,720575940632789933,66958
720575941566915431,720575940623119496,128809
720575941542514268,720575940614187006,12266
720575941437481279,720575940622796808,51182
720575941496208583,720575940604451505,536208
720575941478172640,720575940633315263,13456
720575941459097503,720575940632499757,10001
720575941657333016,720575940622493320,102769
720575941535742698,720575940628112765,11448
720575941462692496,720575940630143116,11799
720575941581864057,720575940617051293,82146
720575941503586795,720575940615437983,31331
720575941445677332,720575940618291520,13685
720575941651324437,720575940620047414,20925
720575941552711998,720575940613082282,536398
720575941631315616,720575940619024542,525407
720575941508594210,720575940651418102,26710
720575941640579615,720575940606731529,25176
720575941467749142,720575940614361868,67379
720575941499723682,720575940632652057,91787
720575941431528033,720575940629508990,165299
720575941550240829,720575940612319155,37275
720575941499050057,720575940630683935,125915
720575941569300730,720575940611244530,21339
720575941564280374,720575940621507437,49992
720575941572698014,720575940633447394,22870
720575941470345483,720575940621302808,137765
720575941504861207,720575940625702380,534871
720575941612965139,720575940620249173,127245
720575941573074427,720575940621750285,191542
720575941581752441,720575940613058802,519869
720575941609701037,720575940628370453,39550
720575941629338918,720575940633715296,539973
720575941514434371,720575940634041756,43152
720575941594812273,720575940622846099,63612
720575941409214894,720575940629509948,15835
720575941541431644,720575940628372613,24593
720575941504863538,720575940635689370,29269
720575941405232752,720575940635183502,115315
720575941565221735,720575940612903793,18953
720575941598599324,720575940617898456,135681
720575941496967040,720575940613171454,49136
720575941659268176,720575940624377323,521661
720575941457206854,720575940619066625,71162
720575941470399243,720575940633496033,77437
720575941477045297,720575940630875971,21904
720575941522739275,720575940621534273,38731
720575941516280163,720575940614808883,138259
720575941642898808,720575940611250650,14591
720575941530298571,720575940645655150,557367
720575941440543935,720575940650535670,28914
720575941483051462,720575940611953635,42897
720575941439359167,720575940629424983,176833
720575941688589324,720575940643445704,66552
720575941504821669,720575940620507862,80201
720575941458358086,720575940617519033,81083
720575941406593071,720575940604630560,26132
720575941478920527,720575940608402012,13179
720575941503813207,720575940625147883,16730
720575941580594677,720575940618014528,50881
720575941662628152,720575940623930623,12710
720575941644511352,720575940627079080,51330
720575941437274687,720575940636063204,20781
720575941688655116,720575940639042648,530484
720575941723188794,720575940635885931,522917
720575941568405294,720575940624562469,28641
720575941572075934,720575940630848740,69854
720575941403107952,720575940634821733,57192
720575941553506331,720575940621564329,519899
720575941654806740,720575940620508013,23645
720575941514247315,720575940628355843,48100
720575941595456551,720575940603495340,75967
720575941537847272,720575940608601355,513644
720575941562504546,720575940612522646,38327
720575941450271837,720575940634704491,18460
720575941554373403,720575940635903118,18785
720575941566407734,720575940625356732,53790
720575941521495219,720575940628478449,16521
720575941505059397,720575940603792486,135049
720575941515204163,720575940616693531,556038
720575941437626687,720575940636523866,18314
720575941546487988,720575940612243918,24291
720575941471248759,720575940615223347,529863
720575941526368589,720575940625755284,94049
720575941400228643,720575940623804560,28134
720575941575557263,720575940614452672,81518
720575941506402629,720575940621018560,173445
720575941508470288,720575940636049775,84478
720575941489108021,720575940637667005,26162
720575941390723076,720575940616580255,18053
720575941654240273,720575940628832516,93982
720575941508545058,720575940609141257,12414
720575941477752385,720575940636539102,35889
720575941515339587,720575940607013897,32940
720575941643476818,720575940614748926,143096
720575941489992245,720575940632490255,33054
720575941499160033,720575940631626860,562745
720575941536986304,720575940645369111,72423
720575941575751784,720575940627903804,73646
720575941662014776,720575940627846955,88164
720575941439947867,720575940627066884,38101
720575941552489215,720575940622964967,30745
720575941593782123,720575940634555488,18538
720575941506715415,720575940635967118,47042
720575941391932310,720575940616180881,518760
720575941603041977,720575940627653502,46008
720575941482527162,720575940619242305,30295
720575941524615935,720575940613686824,179634
720575941554442980,720575940616356662,17827
720575941474337834,720575940641292496,134045
720575941658471504,720575940619705792,19764
720575941547422388,720575940624465702,17412
720575941352830768,720575940631864659,16101
720575941546963033,720575940614910882,291231
720575941662591032,720575940617503837,91635
720575941508587102,720575940606687957,521212
720575941565208886,720575940617007453,149192
720575941527055618,720575940625770384,32379
720575941573705992,720575940622811903,274047
720575941722633786,720575940632678099,16176
720575941483048646,720575940628029378,45151
720575941558515501,720575940632715234,28945
720575941553096346,720575940628921162,92719
720575941574936221,720575940605154336,23174
720575941505483173,720575940635847269,521581
720575941651755797,720575940627594540,42692
720575941553382483,720575940622018698,28655
720575941553201799,720575940629101111,46393
720575941653039633,720575940615987836,67202
720575941688909174,720575940625924618,17924
720575941506128407,720575940630704953,193356
720575941604205046,720575940622062433,22199
720575941614563347,720575940608161116,16567
720575941526310622,720575940635157605,240829
720575941401917987,720575940624023188,37111
720575941485604493,720575940634460055,35436
720575941525765030,720575940621391971,93127
720575941413145455,720575940630956375,19389
720575941556338916,720575940635139439,20014
720575941488178640,720575940634309477,179013
720575941613556444,720575940614817695,12723
720575941537923299,720575940626529276,120165
720575941486214150,720575940613384562,21120
720575941557605412,720575940627723657,19341
720575941461895364,720575940633904796,80496
720575941574689437,720575940619670352,806031
720575941574844303,720575940628706577,60419
720575941548628596,720575940630400719,65436
720575941434475552,720575940621001485,30356
720575941433291150,720575940645721111,514870
720575941465574742,720575940616296763,94580
720575941507484997,720575940614432918,513058
720575941629975078,720575940628143376,533442
720575941652790257,720575940622151704,13388
720575941503607019,720575940616883387,54889
720575941481514435,720575940619072158,23703
720575941529115012,720575940635489387,15369
720575941432510935,720575940612161394,51970
720575941464616534,720575940613830559,64694
720575941686893068,720575940628538106,28873
720575941671497127,720575940624052528,58657
720575941624547436,720575940624387978,53572
720575941542528517,720575940640760179,27850
720575941578499673,720575940614107554,29188
720575941515899395,720575940622165974,49264
720575941461310096,720575940604228454,52221
720575941652278033,720575940605450342,22645
720575941563183016,720575940627087646,525454
720575941481337679,720575940625815562,18122
720575941409603243,720575940630446970,46745
720575941541628770,720575940627910419,221309
720575941630059558,720575940620144304,39668
720575941508514850,720575940627704488,36661
720575941626529930,720575940616921300,124272
720575941723032634,720575940627815676,158684
720575941566132119,720575940628030440,10336
720575941466305110,720575940623997879,12796
720575941547761012,720575940632880796,207547
720575941526958724,720575940625059586,67077
720575941470378103,720575940615764422,79476
720575941459677510,720575940616136415,25124
720575941508468514,720575940618881585,325980
720575941555503187,720575940618202539,80212
720575941536463114,720575940630537324,101348
720575941536593891,720575940620057776,36563
720575941477315358,720575940628535511,54370
720575941626134474,720575940622897917,84836
720575941514059084,720575940616798779,18190
720575941641042975,720575940614898129,81814
720575941511593938,720575940631097462,99882
720575941643508562,720575940610321114,20462
720575941513977553,720575940628642320,12904
720575941451196238,720575940613800470,148964
720575941515746051,720575940647075619,15653
720575941663471740,720575940602444512,62760
720575941628017209,720575940615802674,519986
720575941439486783,720575940620575476,55627
720575941554660250,720575940639199977,31607
720575941616775637,720575940629405970,516960
720575941475494430,720575940612657010,124168
720575941552280894,720575940623004429,184619
720575941502715019,720575940632945177,519538
720575941631635426,720575940625080197,83621
720575941581873785,720575940617619457,11468
720575941496684672,720575940621119061,519715
720575941491440871,720575940612078102,54244
720575941481682685,720575940621972009,29124
720575941658912536,720575940623113752,15283
720575941629829090,720575940607259228,98115
720575941550502655,720575940610735970,47568
720575941483450298,720575940608990677,86577
720575941446213908,720575940631414223,60635
720575941488104400,720575940634165402,524318
720575941542524249,720575940622392560,101603
720575941504234149,720575940628778773,138461
720575941449867598,720575940624987175,218270
720575941546253417,720575940618999216,133691
720575941483798781,720575940634243775,24229
720575941619042943,720575940628356407,28487
720575941506430524,720575940634147991,513932
720575941448173332,720575940623990763,198909
720575941539335317,720575940614220269,546129
720575941431101615,720575940633324724,250223
720575941565015559,720575940638091608,188303
720575941545836642,720575940635758072,185848
720575941506487205,720575940628724012,37278
720575941431211951,720575940639118926,555500
720575941440679871,720575940624457912,516847
720575941593777771,720575940610294933,516287
720575941552271103,720575940620695423,42736
720575941553001534,720575940634181020,520023
720575941567217342,720575940640062296,230919
720575941536434368,720575940608498699,125435
720575941662582140,720575940623679495,24204
720575941563662487,720575940627950418,49749
720575941563948800,720575940626408548,59046
720575941495147648,720575940626166020,533367
720575941590470910,720575940624933905,93491
720575941681295549,720575940639624509,86404
720575941532869605,720575940615886534,14821
720575941584585950,720575940627501445,165922
720575941499916450,720575940628896168,522760
720575941554202395,720575940618940096,50288
720575941506638465,720575940635737336,531527
720575941662163324,720575940629709438,53861
720575941590557836,720575940629837527,79759
720575941456210925,720575940623281591,57786
720575941489518133,720575940622651389,419997
720575941458295536,720575940634149112,34600
720575941553785223,720575940628446010,520194
720575941593115688,720575940636491631,15026
720575941482324675,720575940612717795,16822
720575941472160267,720575940641438453,500042
720575941483481786,720575940614326946,882733313
720575941407817519,720575940629725302,97008
720575941655164884,720575940628656834,150106
720575941559454446,720575940620666315,133648
720575941519069868,720575940607648267,123654
720575941650178581,720575940628255621,18895
720575941477598004,720575940631511436,16062
720575941593626917,720575940629552170,25436
720575941550098494,720575940619051088,150364
720575941480466083,720575940630765260,531093
720575941732991275,720575940629939499,35923
720575941644569761,720575940612971816,243579
720575941560030991,720575940624695335,127471
720575941591606412,720575940615920453,21769
720575941481341775,720575940638256216,20147
720575941572669342,720575940629041879,11067
720575941505230898,720575940625159098,518142
720575941436240672,720575940644500640,68315
720575941557720030,720575940614717736,336527
720575941483679674,720575940628971779,13006
720575941593806955,720575940628793856,33495
720575941626153866,720575940626574878,170038
720575941593272939,720575940622808703,369772
720575941468701047,720575940625413763,182269
720575941574810511,720575940628028293,31869
720575941474757418,720575940615732710,580429
720575941573387592,720575940637604736,26379
720575941474582826,720575940630849325,73110
720575941595961221,720575940604994336,37674
720575941522517323,720575940626867742,133873
720575941456814829,720575940635028591,11118
720575941584099935,720575940623898760,64391
720575941470800247,720575940605024386,25270
720575941527484441,720575940644096712,10512
720575941432686295,720575940615746722,21482
720575941390885636,720575940618177739,148830
720575941439685183,720575940621138779,922235
720575941530661605,720575940613490026,46171
720575941490797769,720575940621804364,159036
720575941473463867,720575940628750718,24847
720575941462826640,720575940619930534,514687
720575941633358752,720575940611666898,524883
720575941637084533,720575940611158490,88124
720575941589597495,720575940621535403,93006
720575941539752317,720575940621100276,36942
720575941541023580,720575940613829388,81551
720575941593447720,720575940628643144,527009
720575941536867570,720575940627358961,85844
720575941611560365,720575940622060426,75756
720575941623031036,720575940639230180,516793
720575941546661820,720575940634010797,533916
720575941578730841,720575940635527092,10165
720575941440522331,720575940627098249,11129
720575941528169382,720575940632469290,10252
720575941524787481,720575940619114991,24096
720575941555447204,720575940637924696,26408
720575941484172474,720575940631825489,106538
720575941663484028,720575940625002633,27578
720575941655798740,720575940623525060,189468
720575941576684121,720575940623212988,36481
720575941571877448,720575940633695736,66793
720575941547044980,720575940616813947,38035
720575941475505716,720575940631912223,27094
720575941626354826,720575940611959219,62737
720575941549976609,720575940604903298,36014
720575941631268578,720575940623381286,12808
720575941523142647,720575940625437698,24099
720575941449684814,720575940643850862,407942
720575941553319815,720575940611297070,13727
720575941411455147,720575940637662894,29340
720575941439567327,720575940632303441,20886
720575941451941498,720575940620504198,10664
720575941445081770,720575940623323319,19307
720575941454772019,720575940630154660,19543
720575941528585092,720575940612992774,131059
720575941551405823,720575940617330107,126196
720575941537444082,720575940637670982,33353
720575941561655341,720575940626328707,11563
720575941485914886,720575940629048119,39793
720575941458917616,720575940620346417,14435
720575941462909328,720575940607860419,25401
720575941565771318,720575940616790389,105320
720575941656374096,720575940607290633,110276
720575941500002466,720575940605030316,12522
720575941658923288,720575940615480370,27278
720575941438736172,720575940621314752,516409
720575941610062313,720575940625656552,58995
720575941624572042,720575940617031385,514333
720575941614223123,720575940623001480,18026
720575941732878635,720575940628513015,44711
720575941496780001,720575940623105023,52140
720575941608222573,720575940625165821,13806
720575941609447145,720575940616708108,35558
720575941441221211,720575940620210857,76984
720575941539100285,720575940622110332,70606
720575941574675869,720575940623938823,12714
720575941425659476,720575940624135205,170458
720575941490448359,720575940620659053,63657
720575941490901452,720575940620754529,527211
720575941480633507,720575940606551217,80240
720575941511328210,720575940629577475,512638
720575941498888315,720575940628216975,35842
720575941461938320,720575940630122796,522702
720575941446254020,720575940629097259,111267
720575941556080217,720575940623422344,178601
720575941496367227,720575940631046144,143433
720575941503792619,720575940610226645,29815
720575941469293789,720575940624465848,69133
720575941593134120,720575940628619319,237978
720575941667685619,720575940607828233,551434
720575941614509587,720575940614659690,23673
720575941578957649,720575940622584534,22950
720575941490475214,720575940609284728,14215
720575941500500642,720575940614238114,11608
720575941550146303,720575940621797726,113218
720575941476166708,720575940638874202,10785
720575941490952167,720575940615940182,175398
720575941569814130,720575940631672268,19206
720575941507511330,720575940629944107,66102
720575941411442603,720575940638049136,12018
720575941526949657,720575940623964652,12472
720575941529289656,720575940624001321,21132
720575941470600823,720575940621970445,16200
720575941499989154,720575940636239211,10021
720575941574730235,720575940644968302,518426
720575941430607279,720575940654004897,19669
720575941548257672,720575940628645007,51299
720575941452457799,720575940622107937,158641
720575941448871093,720575940625729226,98722
720575941463927821,720575940623847472,57158
720575941488524085,720575940626226576,20508
720575941669934001,720575940627494249,174829
720575941574238984,720575940632738259,158182
720575941644788168,720575940636159198,74260
720575941401861923,720575940631772367,29843
720575941643345528,720575940616179050,62409
720575941624595196,720575940635559322,69580
720575941508598562,720575940636696286,175336
720575941431881313,720575940617857053,567586
720575941554109850,720575940610475994,517321
720575941613888921,720575940632317997,10892
720575941498913249,720575940604714208,802315
720575941596165489,720575940630717500,20116
720575941645344417,720575940623883412,101124
720575941506153054,720575940630174326,40034
720575941625963210,720575940614178302,885642755
720575941582057849,720575940628064260,518730
720575941595865895,720575940625889625,193094
720575941619435135,720575940615970015,521415
720575941488097488,720575940622343094,79324
720575941478042649,720575940606267659,419129
720575941485435458,720575940610893738,43440
720575941573997981,720575940623857043,135128
720575941568266228,720575940631353898,54031
720575941564526599,720575940622409983,50076
720575941575556022,720575940613110703,70433
720575941590409527,720575940623989642,108673
720575941438905644,720575940605844937,40342
720575941573733789,720575940614236575,570912
720575941513392963,720575940621752417,29323
720575941549730337,720575940637922367,22926
720575941430802936,720575940623636979,65601
720575941476515636,720575940632674003,17492
720575941498391009,720575940616134612,57925
720575941489688780,720575940615288203,37431
720575941550237501,720575940624840423,523818
720575941603630014,720575940618946358,106339
720575941508233744,720575940602718432,46003
720575941493333680,720575940631342073,49246
720575941503151298,720575940621038006,116016
720575941501940875,720575940607889244,524247
720575941411184043,720575940640413043,86887
720575941526466782,720575940628095048,165833
720575941645242273,720575940622364598,11335
720575941582901343,720575940610578405,33094
720575941499367905,720575940631057468,13676
720575941599718697,720575940616865058,69493
720575941505553317,720575940604906016,87266
720575941567764782,720575940618204224,151943
720575941535135666,720575940618924379,95508
720575941484054013,720575940636411534,17882
720575941438682898,720575940632324689,26248
720575941473983274,720575940628791568,95604
720575941610874598,720575940627362715,133115
720575941487869904,720575940607625737,98875
720575941445181610,720575940633893401,11630
720575941498423202,720575940625672167,110419
720575941413755284,720575940630001884,35715
720575941444453802,720575940624537240,52597
720575941611379530,720575940620744152,56994
720575941499098185,720575940626441786,97760
720575941467128662,720575940615607308,127098
720575941475577915,720575940614019379,12137
720575941528022950,720575940604690278,519818
720575941439896015,720575940623809779,511812
720575941503622123,720575940635688169,534948
720575941441840731,720575940610609454,539704
720575941597993513,720575940627677514,88538
720575941645451169,720575940620519083,16088
720575941448828509,720575940626808368,62561
720575941670132913,720575940645344110,127593
720575941488137424,720575940625642517,221763
720575941488189904,720575940615755147,11054
720575941491585511,720575940624518328,50921
720575941414553745,720575940613400306,68348
720575941580940665,720575940623465909,26223
720575941469048695,720575940618542808,105893
720575941731024171,720575940632603873,27744
720575941550106623,720575940640858019,512575
720575941431566177,720575940628499582,68789
720575941488054480,720575940634362323,59459
720575941450827342,720575940636557796,822047
720575941532838885,720575940628687354,25067
720575941627608633,720575940624701698,185706
720575941626256266,720575940621107847,14421
720575941542522204,720575940624334012,16380
720575941565072791,720575940621671687,17047
720575941601067561,720575940612967829,14362
720575941530421195,720575940621829302,83393
720575941590256695,720575940634903403,29350
720575941467828502,720575940622538790,452039
720575941409252782,720575940613202794,32000
720575941644319570,720575940629486714,10997
720575941582466399,720575940631237420,138428
720575941573170697,720575940634007891,14798
720575941589758860,720575940619359408,149992
720575941486642317,720575940631716516,53305
720575941653900505,720575940638592590,174813
720575941572724637,720575940650521209,101072
720575941573063069,720575940603860000,28608
720575941689354904,720575940605411808,23483
720575941546410376,720575940626220588,149027
720575941626079131,720575940627179270,48008
720575941566430006,720575940612858586,28162
720575941460021971,720575940623436285,35203
720575941565717399,720575940630019407,800743
720575941436812818,720575940626769354,61386
720575941490189257,720575940617931961,39564
720575941476847153,720575940632095695,78501
720575941589303095,720575940630131919,91951
720575941661655608,720575940632079943,50082
720575941624270956,720575940625689236,30814
720575941453542569,720575940629450106,14497
720575941514014554,720575940635870576,153605
720575941596234865,720575940621203632,21557
720575941507724929,720575940619590360,28414
720575941514374803,720575940627317507,52741
720575941652809713,720575940608376622,45407
720575941482277827,720575940634894943,28520
720575941564627712,720575940625508610,12611
720575941461785796,720575940610397619,21736
720575941593968235,720575940616579867,559596
720575941508437794,720575940630851036,515476
720575941577426265,720575940629243434,150355
720575941481576899,720575940631945064,140138
720575941687177455,720575940624095496,78782
720575941688517388,720575940626085562,10734
720575941611254761,720575940638131544,60895
720575941667924211,720575940628454202,14406
720575941559093998,720575940612278195,35661
720575941454964275,720575940639201764,25735
720575941546751833,720575940603472608,150634
720575941448124692,720575940628825348,31769
720575941644112248,720575940626579466,25635
720575941536588570,720575940618860081,518150
720575941516153849,720575940627907884,15798
720575941476278065,720575940625949212,58573
720575941536948456,720575940636807652,45722
720575941391516420,720575940626564964,91414
720575941593455211,720575940632677145,245617
720575941628262969,720575940632412333,13525
720575941450217294,720575940639753917,66598
720575941539130098,720575940640272629,80301
720575941477443358,720575940620038779,10280
720575941459141958,720575940625167664,29667
720575941486707152,720575940628358662,67567
720575941538343829,720575940615528251,579941
720575941598526364,720575940644726382,41621
720575941552169215,720575940610768994,536935
720575941538657173,720575940641658676,63917
720575941465945878,720575940612236241,32614
720575941481255247,720575940619977118,38032
720575941651994133,720575940622342852,503560891
720575941645454753,720575940620139678,111903
720575941688845174,720575940605027529,46629
720575941499153314,720575940611217394,37411
720575941564275602,720575940650929273,556286
720575941572138235,720575940646194308,95690
720575941535575018,720575940624367401,29686
720575941539264242,720575940629412170,12490
720575941503549931,720575940622160560,12670
720575941525957632,720575940637769542,97388
720575941485944386,720575940630738171,540482488
720575941448026388,720575940630107855,16750
720575941610962762,720575940626214568,525193
720575941476922654,720575940633529707,20002
720575941534900824,720575940627538370,55453
720575941516155226,720575940616946900,556376
720575941590361911,720575940620205147,52415
720575941584526175,720575940614795935,15613
720575941392665750,720575940640912291,91673
720575941594580593,720575940625472345,31636
720575941657558296,720575940657604225,120476
720575941490923212,720575940636802270,20947
720575941498627657,720575940612770418,72111
720575941430362249,720575940625112909,120485
720575941514372451,720575940615369266,54962
720575941633124549,720575940610605614,40001
720575941520460471,720575940613416879,19659
720575941569866740,720575940605007136,22722
720575941550029172,720575940626735503,74566
720575941528001702,720575940634210155,12268
720575941533903070,720575940608372693,205233
720575941597148864,720575940618962136,123089
720575941602078137,720575940622480372,47110
720575941630286316,720575940634111167,147779
720575941501345163,720575940644562286,11442
720575941560742568,720575940614406306,514920
720575941578775889,720575940634468197,117041
720575941690553496,720575940637688292,18341
720575941456928749,720575940621588139,521687
720575941451251625,720575940606913154,71456
720575941469991744,720575940626087980,114154
720575941505837346,720575940642337696,12095
720575941419116011,720575940608621835,52794
720575941433795726,720575940625820293,50243
720575941499069257,720575940650149753,20618
720575941586568926,720575940634276532,82233
720575941470411639,720575940611270257,521707
720575941494347463,720575940635395679,36405
720575941506978433,720575940630119224,37485
720575941645236600,720575940626783065,393736
720575941585933190,720575940623934600,17513
720575941400991011,720575940606776962,37471
720575941411401387,720575940625454108,31408
720575941556402980,720575940618937547,38557
720575941450279005,720575940629017726,84290
720575941595493745,720575940624288520,62344
720575941515553785,720575940628056423,56652
720575941513273593,720575940619381108,161422
720575941536410969,720575940626830723,92497
720575941475745851,720575940615063592,16374
720575941497633353,720575940621617391,86697
720575941440247125,720575940617186875,29885
720575941480102223,720575940643937316,515130
720575941643857509,720575940641223888,10042
720575941552106239,720575940627091206,15228
720575941509042386,720575940636591326,23320
720575941560501805,720575940624095172,41474
720575941568450014,720575940621165807,105391
720575941506149445,720575940633552028,26129
720575941552562567,720575940643871540,156395
720575941551948543,720575940636610671,11554
720575941589594366,720575940636358719,32969
720575941486644365,720575940618509878,22899
720575941351717168,720575940634834330,125123
720575941597531804,720575940629908540,54917
720575941555657817,720575940617813222,101988
720575941587134942,720575940633275999,76692
720575941511369938,720575940623453991,62703
720575941491049269,720575940622319715,12090
720575941486444866,720575940614829730,29066
720575941510102032,720575940618785473,66291
720575941517447571,720575940611868825,817019
720575941576812889,720575940628311306,79872
720575941651931157,720575940629232322,132656
720575941688034799,720575940627306073,67557
720575941436259602,720575940626919579,27170
720575941591594636,720575940635455679,13941
720575941486815238,720575940617432065,12092
720575941703350746,720575940636686170,74105
720575941527175524,720575940620328828,39248
720575941573614587,720575940639057240,22248
720575941524810754,720575940637757929,123809
720575941496147655,720575940621275094,42069
720575941486513293,720575940643746084,51757
720575941504282533,720575940623841779,80244
720575941686970892,720575940616085917,129365
720575941578289489,720575940613351917,115197
720575941604998590,720575940639668688,199331
720575941408971055,720575940614892182,26485
720575941582578527,720575940624790781,21287
720575941441295311,720575940613050577,532304
720575941661997436,720575940634383330,19057
720575941626342201,720575940607583939,102151
720575941495291079,720575940619762880,26134
720575941632410565,720575940621484982,51262
720575941551868671,720575940623271894,12240
720575941531891685,720575940615431327,529445
720575941560434035,720575940639314229,11420
720575941483844538,720575940630015995,88305
720575941568397614,720575940625087159,512434
720575941569524474,720575940634627191,515294
720575941530506936,720575940619647168,23863
720575941643786104,720575940638206653,38572
720575941429340920,720575940630308967,93824
720575941642686840,720575940626871025,39119
720575941626272650,720575940613935535,36930
720575941603720377,720575940625513360,15833
720575941563944455,720575940615865238,519347
720575941447759124,720575940617997716,23498
720575941497781217,720575940612173738,65551
720575941513633524,720575940633923885,175502
720575941721919034,720575940621585903,512155
720575941598871593,720575940624791596,81311
720575941412432239,720575940624538189,65470
720575941688731288,720575940613799218,525420
720575941508224897,720575940621437019,135270
720575941702725850,720575940631570636,35205
720575941579361873,720575940624871710,171851
720575941534732778,720575940630787781,32589
720575941604918718,720575940617864961,12969
720575941535304426,720575940631054648,21923
720575941450976634,720575940635901274,154726
720575941493318832,720575940621590237,29830
720575941569333362,720575940622050910,131516
720575941528807352,720575940614012134,140134
720575941486716813,720575940611930481,14514
720575941567478386,720575940622137633,917601
720575941478092650,720575940628072130,16272
720575941637256053,720575940625952258,100310
720575941612821267,720575940629941900,139973
720575941653824273,720575940610813538,62665
720575941489685813,720575940628215056,52751
720575941521340087,720575940627620593,161406
720575941537133205,720575940612584173,124238
720575941552024575,720575940617871394,800658
720575941546631769,720575940609209180,546531
720575941505696316,720575940631997752,105499
720575941514302161,720575940621802406,517473
720575941624995995,720575940614200426,112749
720575941563597831,720575940621566973,80081
720575941555244772,720575940604621257,69211
720575941524306251,720575940620528475,23637
720575941568415278,720575940612976039,15074
720575941554694372,720575940622929193,20774
720575941472508256,720575940622479763,44887
720575941478360800,720575940641395163,79498
720575941416732188,720575940642884000,519666
720575941546884284,720575940623843854,566493
720575941517130668,720575940628994304,40607
720575941461467332,720575940608956258,45622
720575941392903684,720575940620706943,25665
720575941564373346,720575940639746979,90669
720575941564220050,720575940621915397,26238
720575941504526396,720575940629082359,50741
720575941417065756,720575940627852367,58074
720575941560341107,720575940625784153,529665
720575941476980785,720575940620492246,46240
720575941553784455,720575940617398745,21764
720575941532753893,720575940622631382,31276
720575941456506015,720575940615505406,517654
720575941409868459,720575940628875902,45530
720575941629277922,720575940624447015,62080
720575941688784140,720575940625455247,10744
720575941471956832,720575940620139736,28191
720575941624652652,720575940616474625,84033
720575941448001461,720575940626344741,116791
720575941446466580,720575940629012012,78485
720575941454231347,720575940635218350,158296
720575941552239422,720575940632105100,29161
720575941605134014,720575940630140119,11032
720575941474113066,720575940619415679,16559
720575941490029004,720575940623554311,157605
720575941459361606,720575940625788177,181915
720575941595675292,720575940624448492,88353
720575941624316156,720575940621574592,537387
720575941575268534,720575940617794939,536209
720575941624537034,720575940632687770,23839
720575941466418518,720575940639184035,57067
720575941632610464,720575940623158601,15290
720575941573479496,720575940634538175,280503
720575941482473981,720575940624359432,522743
720575941563868328,720575940608716809,95106
720575941535271602,720575940613039539,19255
720575941425791828,720575940613183272,32391
720575941496011719,720575940632962786,519460
720575941462960653,720575940636034661,27975
720575941595268133,720575940645595188,44273
720575941439948891,720575940630215210,113248
720575941651084565,720575940627577073,513769
720575941667913715,720575940611724714,38777
720575941626179210,720575940621017633,76548
720575941563473462,720575940623180732,27929
720575941504100290,720575940630822108,77560
720575941638641269,720575940631213393,42092
720575941411447467,720575940624580390,198537
720575941663812988,720575940625059765,26093
720575941685420783,720575940628694991,149279
720575941554919396,720575940624087187,63933
720575941452945577,720575940623075598,52276
720575941534157034,720575940637846618,88775
720575941655157209,720575940625865724,131295
720575941538359957,720575940613458669,20077
720575941430686127,720575940633946045,158958
720575941556707620,720575940630121503,38685
720575941506792471,720575940624265511,21993
720575941393043460,720575940619390635,533306
720575941559379757,720575940639293312,134964
720575941572464798,720575940624991495,555795
720575941483052986,720575940628982390,27375
720575941663595900,720575940628869391,25607
720575941543246365,720575940607001986,28607
720575941580159221,720575940617760539,12385
720575941653938905,720575940632745261,95861
720575941503878635,720575940635119727,39480
720575941414598036,720575940614662195,63710
720575941612312237,720575940615132335,178392
720575941578193753,720575940632351898,30720
720575941414097297,720575940604445868,24595
720575941471851072,720575940638723133,92307
720575941392877718,720575940625489277,54997
720575941600774185,720575940637264617,22066
720575941566214759,720575940626199177,150881
720575941566556775,720575940639832192,12707
720575941521642487,720575940626497811,164966
720575941547478452,720575940616852317,38204
720575941553829971,720575940627096876,108383
720575941530510520,720575940620704588,132765
720575941542664284,720575940610199781,11373
720575941474307424,720575940605535456,77581
720575941565245794,720575940631982952,10686
720575941436417324,720575940633913230,60918
720575941511751378,720575940629674809,13253
720575941470040896,720575940618085189,17543
720575941476609585,720575940616136733,72669
720575941555629651,720575940622657268,14742
720575941474935082,720575940625380425,514911
720575941516268378,720575940610409957,37004
720575941624432236,720575940624513427,153308
720575941404117104,720575940629155450,51678
720575941625535626,720575940629488658,71919
720575941511984972,720575940617933528,56902
720575941535151898,720575940620762723,105298
720575941527143449,720575940621831804,211618
720575941640677151,720575940628706325,12368
720575941560546675,720575940607350793,33380
720575941604155638,720575940614138577,10550
720575941578867701,720575940630892631,84925
720575941653156337,720575940620715247,512159
720575941681329341,720575940619996404,581240
720575941609235302,720575940625047815,24043
720575941475304478,720575940631152748,61134
720575941516228089,720575940608500316,14932
720575941626307948,720575940627403004,80682
720575941690902235,720575940622393607,172424
720575941550170519,720575940619440182,54366
720575941584908127,720575940645260311,156073
720575941450276189,720575940619962417,12662
720575941503757106,720575940625894552,67945
720575941565345639,720575940640999309,123419
720575941491167177,720575940626891151,527317
720575941642929272,720575940610701530,26527
720575941431873121,720575940639156799,13623
720575941572873737,720575940619518854,23938
720575941732098859,720575940623991576,22447
720575941569196532,720575940607088329,56541
720575941504331607,720575940623491987,22692
720575941592272235,720575940630545483,18078
720575941432459534,720575940625474492,31993
720575941521225143,720575940615808029,22473
720575941450290781,720575940627290129,12093
720575941658066456,720575940611108676,12151
720575941565392482,720575940645045527,268258
720575941486699330,720575940632638108,163234
720575941652322837,720575940636884457,18542
720575941687270518,720575940634296951,72755
720575941449207886,720575940628382026,162197
720575941537150450,720575940624172541,78368
720575941460713171,720575940619429456,78002
720575941595955569,720575940625295339,10388
720575941439634954,720575940627595024,137428
720575941427594068,720575940640884312,21990
720575941639129461,720575940649368441,75397
720575941504330034,720575940631763909,19278
720575941534163393,720575940639560867,130342
720575941566503726,720575940616052597,24853
720575941495931591,720575940626315010,164424
720575941626078154,720575940640877400,51962
720575941631027141,720575940616501919,43039
720575941653723921,720575940644386158,22828
720575941525827586,720575940619421311,28255
720575941645032312,720575940637188836,521457
720575941412734831,720575940631418386,29575
720575941504602418,720575940632043320,521298
720575941499157729,720575940615469634,241016
720575941594587943,720575940642943176,517165
720575941626131867,720575940621806686,523848
720575941567710458,720575940633427040,62870
720575941579270481,720575940630541399,49237
720575941564332598,720575940610105283,43626
720575941504248380,720575940642124941,71433
720575941566794322,720575940638265310,135626
720575941598734492,720575940622665801,137011
720575941588254206,720575940629936348,102317324
720575941475232298,720575940624931888,10309
720575941503423319,720575940626351108,36805
720575941568454132,720575940626944286,101242
720575941505696677,720575940603391404,44281
720575941573189021,720575940608891075,27342
720575941450256974,720575940639723635,163042
720575941427793492,720575940627558787,34396
720575941668751859,720575940624355219,522892
720575941467886557,720575940605691308,45119
720575941413704084,720575940633396767,70494
720575941557413284,720575940639088216,15575
720575941480757839,720575940623276046,90398
720575941604213494,720575940620476381,14316
720575941489796300,720575940635363696,49512
720575941428845961,720575940624799490,170467
720575941514001251,720575940624236592,33943
720575941504029527,720575940641495693,60552
720575941483258554,720575940633200524,93408
720575941571547912,720575940621166625,17382
720575941594945238,720575940608628419,15431
720575941352244016,720575940628669289,18645
720575941497047254,720575940635573143,516552
720575941593145384,720575940625623994,30436
720575941550025844,720575940612819367,546795
720575941507075713,720575940626883816,13667
720575941595636263,720575940622515895,17369
720575941408409135,720575940636249407,23677
720575941448003860,720575940615330098,75524
720575941506856482,720575940617321403,134371
720575941605837677,720575940617553880,48645
720575941546910241,720575940608722371,513463
720575941508496257,720575940621956161,500054
720575941455057971,720575940620033590,53906
720575941611306470,720575940630677498,68810
720575941583871366,720575940624856762,26112
720575941611177446,720575940634676916,16554
720575941507719006,720575940633984924,21166
720575941511902028,720575940629435497,115065
720575941593094952,720575940613687789,12757
720575941565348103,720575940636241264,17585
720575941567148078,720575940628690423,955898
720575941472005952,720575940628669545,13627
720575941554379265,720575940633333017,531928
720575941659435544,720575940628570630,500360
720575941504761282,720575940621945855,150983
720575941602013430,720575940633165337,98029
720575941490575822,720575940647961652,63536
720575941440709823,720575940623040094,47257
720575941614521497,720575940611972210,82020
720575941573041929,720575940618445241,128686
720575941561376813,720575940625006776,12089
720575941613804508,720575940629016219,16722
720575941461996944,720575940629248374,16432
720575941482635194,720575940606579465,85033
720575941496919168,720575940646814340,11961
720575941589722180,720575940620666450,184747
720575941430741719,720575940629260855,39540
720575941629587494,720575940633453675,56062
720575941680556733,720575940621347092,22861
720575941586584542,720575940617160000,56708
720575941481351843,720575940631530348,12398
720575941558578447,720575940618248869,60449
720575941644324690,720575940621170721,15537
720575941640569119,720575940618056404,518575
720575941515265283,720575940652688374,53499
720575941604107766,720575940624085991,15350
720575941566655335,720575940616733323,11252
720575941661738364,720575940619422854,114072
720575941499042792,720575940629987579,79907
720575941532507267,720575940620458461,100660
720575941522706167,720575940620206356,49568
720575941662046332,720575940627009944,74830
720575941480780768,720575940617952669,204726
720575941477599540,720575940613894398,64163
720575941670025137,720575940632831555,107685
720575941573083208,720575940633571553,112845
720575941566565174,720575940634139799,11066
720575941513796049,720575940636470629,14925
720575941631134405,720575940611055310,225097
720575941480134786,720575940626432812,167492
720575941574005256,720575940631857548,41615
720575941459915731,720575940636340366,147054
720575941611158246,720575940603084972,88068
720575941481014351,720575940629255484,149800
720575941530060472,720575940627841795,419175
720575941520584631,720575940615926796,79289
720575941506039973,720575940629183311,121503
720575941490004789,720575940613074602,55713
720575941454957805,720575940613877299,127487
720575941452897449,720575940621413670,111185
720575941535462337,720575940619572974,93826
720575941439622111,720575940621471157,149920
720575941350531376,720575940614572463,36929
720575941523410507,720575940633671705,71695
720575941477631518,720575940631394678,17390
720575941425844564,720575940629630679,27115
720575941567856884,720575940622966506,115142
720575941589622071,720575940622296246,187477
720575941596178289,720575940611810453,529604
720575941529160376,720575940627305212,68536
720575941514121059,720575940628099454,35181
720575941553635867,720575940626873160,12270
720575941518556926,720575940641258448,109487
720575941594812965,720575940610455781,25395
720575941535624168,720575940635258487,44639
720575941687771375,720575940632435999,133411
720575941632785083,720575940625052942,39963
720575941645527240,720575940616054843,525552
720575941469775069,720575940624877360,12610
720575941549395261,720575940623314943,103635
720575941564426898,720575940633437176,16158
720575941564861494,720575940659358849,49182
720575941533692547,720575940632261423,19364
720575941466884950,720575940624611405,14454
720575941588056533,720575940631016275,126186
720575941428540591,720575940629551375,32176
720575941690165400,720575940625030974,19955
720575941427901012,720575940619530187,13795
720575941486125008,720575940625631896,58799
720575941482673149,720575940624827737,23906
720575941603989494,720575940621573500,30153
720575941455033907,720575940637854552,142582
720575941614891795,720575940625525740,11051
720575941439143954,720575940615424966,24354
720575941578084597,720575940605095346,12784
720575941604243190,720575940613154582,524606
720575941404201072,720575940633280156,20717
720575941436124192,720575940624096235,42632
720575941535670282,720575940619346517,31894
720575941445110954,720575940636737246,11637
720575941527098905,720575940632714977,29209
720575941574618728,720575940625133145,124495
720575941519637976,720575940630508652,559946
720575941594356694,720575940631158815,142111
720575941450014798,720575940629908555,97679
720575941572815176,720575940626237726,194350
720575941490632905,720575940638132814,516134
720575941407404591,720575940620287067,32837
720575941603897529,720575940636837086,83265
720575941439133407,720575940627175879,11747
720575941558615667,720575940616595515,148832
720575941529479096,720575940621669997,67863
720575941558097679,720575940633436823,146421
720575941534014808,720575940625160548,84514
720575941574069917,720575940631568927,64852
720575941598660288,720575940612713322,442999519
720575941425611860,720575940623642904,14947
720575941563139682,720575940641079029,46118
720575941523363403,720575940617760158,56538
720575941593785195,720575940624409444,59130
720575941535888867,720575940626636176,89892
720575941590088190,720575940616865025,20574
720575941595506213,720575940632107091,14762
720575941645493448,720575940628342171,13737
720575941559930201,720575940645104919,390018
720575941626282092,720575940614741334,97973
720575941564786530,720575940629765418,56973
720575941644434888,720575940622428167,60071
720575941593689896,720575940640156469,37581
720575941560541299,720575940652490742,21247
720575941477795690,720575940606335410,82385
720575941539328661,720575940633269695,57048
720575941486016774,720575940634582623,62651
720575941507540293,720575940606362912,514748
720575941608641184,720575940622067494,129784
720575941553542683,720575940652427254,77567
720575941626021770,720575940619695494,22329
720575941469436683,720575940629996741,26053
720575941651541009,720575940610263665,512608
720575941554637722,720575940617258821,233653
720575941574951016,720575940618458461,17945
720575941352258864,720575940635917966,535044
720575941408789039,720575940613207471,28447
720575941596181617,720575940633126983,515293
720575941512223953,720575940617810004,139286
720575941552888730,720575940612874536,525844
720575941691316376,720575940626179940,15854
720575941504854066,720575940623083519,512581
720575941531003621,720575940636492358,13689
720575941504368066,720575940617508838,130082
720575941611136476,720575940638109668,13854
720575941439543359,720575940620346673,12733
720575941574470921,720575940624253675,109297
720575941519520622,720575940632407567,84792
720575941496696263,720575940631309866,26636
720575941520665527,720575940629515126,170385
720575941526742553,720575940621107309,164002
720575941438621484,720575940645723172,70797
720575941510862352,720575940628917763,90476
720575941556418788,720575940640460496,54149
720575941564890775,720575940634364311,71796
720575941549997885,720575940621953264,40378
720575941688743948,720575940622793310,29560
720575941610885097,720575940617414539,21850
720575941448663901,720575940644950216,36974
720575941526946306,720575940626849030,27547
720575941590148862,720575940624466116,89179
720575941678676413,720575940622675494,73492
720575941593757654,720575940624144107,100592
720575941644271186,720575940633292057,80556
720575941653835537,720575940624487975,90554
720575941565774434,720575940632086573,16768
720575941473958186,720575940604842924,22461
720575941596182129,720575940628858640,11290
720575941449343157,720575940627646026,18082
720575941490710837,720575940612721770,99790
720575941533882858,720575940614755526,30408
720575941586002398,720575940633446943,178826
720575941568305966,720575940610818673,148868
720575941631629292,720575940612054425,22319
720575941534562994,720575940618479296,19926
720575941548983585,720575940624062612,160011
720575941624461564,720575940625480394,17637
720575941471238263,720575940603874784,12421
720575941616937429,720575940610047194,23406
720575941604746400,720575940606398240,55531
720575941435389838,720575940621170880,19406
720575941491346151,720575940623343613,48166
720575941495756487,720575940616908033,76325
720575941470003677,720575940631520312,10104
720575941539319957,720575940611924394,12882
720575941563364264,720575940632027473,539167
720575941465804886,720575940629746626,137438
720575941519137196,720575940634977125,89242
720575941626858122,720575940623160102,30124
720575941638709535,720575940626953233,46233
720575941537777123,720575940613959180,129780
720575941430301103,720575940634573026,43925
720575941626108106,720575940636455280,22884
720575941501132427,720575940619010240,335986
720575941593279528,720575940617277145,532827
720575941593470315,720575940626530456,20715
720575941443202730,720575940621875382,28166
720575941532798181,720575940610906538,63655
720575941573739003,720575940625289545,27403
720575941671143847,720575940624738234,195150
720575941629968166,720575940635591776,805992
720575941516122540,720575940627382405,38415
720575941411837611,720575940631018745,15168
720575941630791138,720575940614682321,84270
720575941687787276,720575940634513515,51673
720575941503634341,720575940637444771,526998
720575941483153405,720575940624105876,138445
720575941459174470,720575940634736538,40741
720575941438665746,720575940617849920,50304
720575941478841474,720575940616917772,143604
720575941562217517,720575940645176264,14151
720575941543120389,720575940637033182,44726
720575941490447413,720575940628871546,516570
720575941432481633,720575940628659049,12941
720575941629360166,720575940614680076,40005
720575941439657279,720575940639619792,314960
720575941678594237,720575940624620952,91027
720575941439562559,720575940624450352,11071
720575941527427768,720575940614326782,121578
720575941539372693,720575940635634021,14047
720575941463966221,720575940625124937,152102
720575941626195099,720575940604628192,79041
720575941441442907,720575940622029203,33722
720575941602636729,720575940617110971,86346
720575941540503933,720575940632093800,43630
720575941593522283,720575940635329180,534063
720575941506654814,720575940617969937,112750
720575941546621017,720575940621138342,209679
720575941559631219,720575940631587129,68708
720575941544217349,720575940629958764,61866
720575941434671392,720575940643177120,523957
720575941548363912,720575940620753407,19929
720575941597972124,720575940620304321,533664
720575941595615783,720575940639705077,21278
720575941505242789,720575940628881576,13268
720575941482644934,720575940614524127,114370
720575941507205143,720575940605162924,13104
720575941555848326,720575940622948378,105109
720575941491986919,720575940630352635,514338
720575941661275704,720575940624933765,517104
720575941428762249,720575940641833869,12141
720575941551510015,720575940635040357,29873
720575941479641056,720575940623066893,32404
720575941485760006,720575940630692986,564469
720575941451277946,720575940616992454,512181
720575941594858198,720575940631545960,12214
720575941578654809,720575940618165787,17539
720575941643296200,720575940623383081,54014
720575941661847608,720575940633810111,512631
720575941628704994,720575940633430112,103235
720575941614095891,720575940624596231,104707
720575941690954971,720575940613501337,15696
720575941460153488,720575940612580977,524899
720575941624547786,720575940607417180,73097
720575941604343225,720575940625376062,29609
720575941613789849,720575940633869485,72674
720575941442478287,720575940630395852,94425
720575941655232473,720575940631431251,523894
720575941584460934,720575940610979590,95416
720575941571184798,720575940627089424,110053
720575941569579002,720575940620589147,26680
720575941482879942,720575940649720441,55042
720575941479103973,720575940627195748,18828
720575941461092036,720575940629411962,520177
720575941551879998,720575940618877531,31361
720575941631908549,720575940620058537,32122
720575941459968326,720575940623484374,515678
720575941594442710,720575940608384860,94869
720575941519144620,720575940630572625,513153
720575941652140817,720575940628408055,65500
720575941595597605,720575940625925450,17993
720575941481841859,720575940616289364,170037
720575941543046173,720575940612041701,25990
720575941471102272,720575940638709632,39233
720575941458269343,720575940619407670,133785
720575941465985302,720575940604735660,11578
720575941572272635,720575940642052749,97529
720575941591507852,720575940611764451,21565
720575941547568820,720575940638714970,536164
720575941507542562,720575940635089433,18116
720575941560827693,720575940610881912,92376
720575941614512147,720575940625669032,27340
720575941558996462,720575940627744143,76611
720575941463187213,720575940623107464,513846
720575941592265579,720575940645786222,126733
720575941632518816,720575940630561578,26863
720575941453296179,720575940629401655,30080
720575941703405530,720575940621002785,23760
720575941611543981,720575940626745487,25240
720575941612281190,720575940632671827,16649
720575941610308710,720575940617922097,28041
720575941593804395,720575940619771375,32461
720575941523572471,720575940616333627,42154
720575941506666625,720575940616188021,123297
720575941595812485,720575940637581902,133614
720575941476395585,720575940617343557,51640
720575941535578817,720575940621799081,36872
720575941459177939,720575940618422557,63296
720575941515712099,720575940620321739,20056
720575941561602861,720575940619246246,76071
720575941475448123,720575940623142426,11251
720575941510956048,720575940627584664,158620
720575941540968397,720575940614418794,29334
720575941687408623,720575940615799179,13758
720575941549464575,720575940613829535,19269
720575941546473908,720575940624431460,166752
720575941656503376,720575940623228967,16886
720575941587891767,720575940645700228,39713
720575941483813885,720575940624195472,161137
720575941459004400,720575940608158300,76488
720575941536065802,720575940618284190,516360
720575941526870530,720575940628631612,128552
720575941540436429,720575940628407852,41070
720575941526095782,720575940644084503,40298
720575941591448972,720575940625090314,11392
720575941500026530,720575940624338068,16160
720575941574965001,720575940635232119,23710
720575941624532891,720575940618851521,154510
720575941453381033,720575940626593618,307493
720575941555294803,720575940627917315,20004
720575941469831389,720575940623192039,63027
720575941502957911,720575940631922969,522848
720575941573613128,720575940623547981,21213
720575941566328878,720575940630427643,34225
720575941417202204,720575940606746034,11890
720575941462924944,720575940635662510,541628
720575941574222518,720575940622584069,12697
720575941545018713,720575940631235896,93295
720575941540183165,720575940614437886,112242
720575941626479724,720575940607964427,60824
720575941688606171,720575940631230508,58700
720575941592925992,720575940634903915,14114
720575941448627037,720575940636749167,63227
720575941652085745,720575940632804435,521190
720575941526981453,720575940608444355,33539
720575941644997496,720575940631806671,156464
720575941559064435,720575940626935143,58807
720575941653290769,720575940626030925,153687
720575941529289092,720575940629541164,19660
720575941525467673,720575940620378278,53599
720575941455534643,720575940624366315,13056
720575941506534178,720575940626806012,40500
720575941554276068,720575940619496640,42288
720575941533976242,720575940633816857,137373
720575941513039459,720575940637906803,54907
720575941450597725,720575940618475224,126357
720575941631859387,720575940646063895,60113
720575941589055742,720575940628559403,103314
720575941597393344,720575940629664847,93075
720575941579269713,720575940631235665,15193
720575941465792790,720575940610582852,67145
720575941475615262,720575940620158384,49643
720575941566691943,720575940608371586,113884
720575941436773164,720575940636234718,29886
720575941506371493,720575940638663000,28254
720575941615336601,720575940630695798,14213
720575941514721017,720575940621536338,160032
720575941452872873,720575940621796973,70259
720575941526968578,720575940612652975,106888
720575941473972778,720575940620556680,16270
720575941543192861,720575940626759780,48414
720575941552591678,720575940620494795,96303
720575941593802603,720575940636489140,11030
720575941559364979,720575940624487572,51556
720575941442460623,720575940620101247,524248
720575941504695602,720575940628112231,525456
720575941541441116,720575940631620689,23858
720575941430523128,720575940608601865,514577
720575941612127251,720575940612704209,18729
720575941589382398,720575940628954883,90311
720575941471444288,720575940613006358,101658
720575941477928834,720575940616877456,183307
720575941535938314,720575940638842933,10071
720575941573142198,720575940650416249,27916
720575941508375390,720575940613636325,11657
720575941624625866,720575940617685460,120625
720575941521488307,720575940618838292,21142
720575941490061621,720575940626217226,15695
720575941663538300,720575940630316647,74219
720575941499197921,720575940619016640,570708
720575941691477912,720575940626749061,11545
720575941578680409,720575940626013315,520388
720575941445493012,720575940627086595,68221
720575941483969277,720575940634834544,537495
720575941518996846,720575940623531790,93573
720575941478987114,720575940618453990,910541605
720575941629859622,720575940617151069,62248
720575941472085568,720575940620078196,85047
720575941564633088,720575940626737937,535289
720575941438593042,720575940612523470,12197
720575941534485080,720575940612354983,101549
720575941608014189,720575940625993656,89970
720575941644518049,720575940623164679,23890
720575941475572539,720575940608409355,13745
720575941431097737,720575940628360723,10853
720575941653102353,720575940629600271,59110
720575941519866840,720575940620037312,515785
720575941670167985,720575940638144484,52737
720575941436390188,720575940629877266,118368
720575941593160744,720575940643702551,29493
720575941589286468,720575940632889145,21173
720575941690621147,720575940640522448,12291
720575941537880291,720575940627371834,514255
720575941623300860,720575940623474871,158576
720575941454096435,720575940614960022,15979
720575941432255959,720575940620859630,14936
720575941480084643,720575940624607076,110088
720575941512898513,720575940640761819,300061
720575941681169341,720575940619640640,34567
720575941458278470,720575940615933078,52648
720575941493667248,720575940631061559,67214
720575941574468712,720575940622939124,20559
720575941562886546,720575940610120405,45776
720575941575610201,720575940612323025,20282
720575941495998843,720575940622037926,13229
720575941610488294,720575940632382539,76947
720575941595864871,720575940623228771,233293
720575941564214528,720575940658141057,26800
720575941523623159,720575940630043471,11299
720575941639802655,720575940616688286,27715
720575941360000540,720575940633726862,138660
720575941507911458,720575940631576903,139378
720575941552028955,720575940617019905,69578
720575941499064649,720575940630692906,43979
720575941578719833,720575940615201675,16590
720575941494003070,720575940620783180,26393
720575941412970095,720575940614666658,29156
720575941503592023,720575940623005210,927272
720575941510747920,720575940628970087,30613
720575941430339543,720575940625941278,31673
720575941529711288,720575940621818239,12587
720575941465190998,720575940622280199,51133
720575941399926051,720575940633024869,93712
720575941596855941,720575940610136900,170472
720575941651397617,720575940624406664,30401
720575941508147746,720575940650119289,10627
720575941575817359,720575940632619880,34892
720575941451945641,720575940620939696,103480
720575941574813597,720575940628744721,57156
720575941602875577,720575940627452689,99391
720575941481275215,720575940615340255,37952
720575941476214833,720575940614736034,12374
720575941448094901,720575940626521820,110245
720575941440732507,720575940629677112,19951
720575941514007372,720575940643781024,29272
720575941536665370,720575940615945414,38022
720575941609022794,720575940640421710,523846
720575941436217632,720575940620622785,295839
720575941536618689,720575940634185626,33696
720575941628265529,720575940632854498,19759
720575941526344962,720575940609754926,537515
720575941451848570,720575940621674701,120572
720575941481070466,720575940627692048,81741
720575941450481230,720575940618086173,69020
720575941457424368,720575940621422774,106480
720575941519158488,720575940618910075,142238
720575941473472042,720575940624183733,97287
720575941687895052,720575940632949807,31570
720575941550196797,720575940629502251,11365
720575941487455952,720575940613488815,35455
720575941456690416,720575940630006735,11538
720575941431292591,720575940620058433,165691
720575941499173857,720575940626887055,32039
720575941680392381,720575940617291421,134030
720575941579780597,720575940645187784,17522
720575941460019396,720575940616142534,125843
720575941458470128,720575940619942320,34321
720575941555423972,720575940634166423,140593
720575941539214485,720575940620961633,46384
720575941439060821,720575940629486891,102524
720575941515390611,720575940631379449,23396
720575941477524801,720575940621148660,12124
720575941572411912,720575940633821838,89833
720575941573556040,720575940630972216,47255
720575941481232070,720575940629524780,41371
720575941654591188,720575940623339305,37787
720575941494872958,720575940638681845,276829
720575941482222522,720575940631569464,76275
720575941529431243,720575940628298768,37832
720575941460380486,720575940621480157,57044
720575941504551228,720575940630547420,87001
720575941478446243,720575940632032204,12907
720575941566051382,720575940613014243,109296
720575941559700974,720575940628977349,82401
720575941670943399,720575940622239587,53224
720575941534267370,720575940622675348,63538
720575941486684226,720575940620823828,13873
720575941479996546,720575940612856342,75897
720575941467831517,720575940621431028,89339
720575941478481827,720575940645212980,55958
720575941563906055,720575940631486163,52131
720575941613049308,720575940610581617,53157
720575941644944504,720575940636124779,54049
720575941537722595,720575940631724025,47682
720575941641958757,720575940632653468,26808
720575941689104908,720575940625196327,206627
720575941566602855,720575940621231850,27297
720575941566309174,720575940619432261,10562
720575941557539236,720575940636910825,15724
720575941539809997,720575940627645514,10752
720575941566766695,720575940609431086,41219
720575941504401317,720575940620016251,70115
720575941441336271,720575940626126622,38675
720575941613373404,720575940635461550,517763
720575941552163583,720575940615798470,531859
720575941610587210,720575940645858868,222819
720575941570159092,720575940623725204,14039
720575941498599035,720575940615427734,371362
720575941539170802,720575940611075763,87238
720575941459201776,720575940616156347,32988
720575941594116465,720575940631516690,157856
720575941553743844,720575940615177099,514125
720575941565750679,720575940608287701,13680
720575941526756941,720575940618273241,901791
720575941408361646,720575940628009771,329541
720575941515968858,720575940611014570,18838
720575941573620808,720575940624394790,10185
720575941433270286,720575940616773206,47587
720575941472115008,720575940627978152,39050
720575941538626802,720575940612000022,798773698
720575941470652683,720575940622583766,85174
720575941554154394,720575940618651608,81910
720575941686279542,720575940615220802,25773
720575941447628820,720575940624751508,164888
720575941392113156,720575940626069962,39320
720575941494643635,720575940621336129,113541
720575941558574372,720575940622628646,14651
720575941663497084,720575940611735514,10971
720575941627552569,720575940622198652,56009
720575941546512052,720575940625869331,521213
720575941542128220,720575940632288083,67971
720575941602117561,720575940623376362,56765
720575941598597532,720575940631109187,16654
720575941651742993,720575940608591428,33429
720575941611888358,720575940623874708,30383
720575941552494079,720575940640062005,286259
720575941546652348,720575940619866027,13778
720575941568284462,720575940626524056,17910
720575941564390912,720575940638459226,14902
720575941440141909,720575940624363817,39837
720575941559322862,720575940614513258,28528
720575941431318921,720575940605353649,45701
720575941458597702,720575940619553518,81031
720575941600820521,720575940607439964,17650
720575941481199523,720575940628812547,55633
720575941554464740,720575940615967377,19608
720575941559747566,720575940659765121,85110
720575941440749659,720575940615116207,54258
720575941498565345,720575940635203735,92678
720575941594573782,720575940617970635,82812
720575941574739976,720575940643104456,48774
720575941479471328,720575940638431029,23143
720575941612107181,720575940629620779,72634
720575941514802787,720575940624533956,179528
720575941513592052,720575940635806638,548227
720575941507181079,720575940639297408,520333
720575941552868487,720575940620718552,35031
720575941391682052,720575940630173689,137572
720575941637683829,720575940625188741,14534
720575941565163367,720575940617997396,25800
720575941505171109,720575940632783160,99186
720575941595334533,720575940608915211,72180
720575941554393060,720575940629078011,38881
720575941414810516,720575940622669971,14137
720575941488958158,720575940626806248,173845
720575941507745826,720575940636556718,40877
720575941439665727,720575940615141031,519019
720575941526154662,720575940637203007,77507
720575941486683202,720575940635014807,23175
720575941533701763,720575940622292257,11904
720575941478840995,720575940629167878,45705
720575941493936510,720575940604318129,137008
720575941588978500,720575940610903409,11431
720575941614430739,720575940622655949,35413
720575941541364322,720575940623037820,171852
720575941567215550,720575940632451944,230050
720575941539617741,720575940632516367,38194
720575941591593868,720575940631852627,11395
720575941514608995,720575940633340953,13188
720575941428649353,720575940627226609,147517
720575941449718365,720575940616706134,495862
720575941404699504,720575940620496555,50515
720575941351188272,720575940637296862,101157
720575941549861748,720575940626667772,94465
720575941530900355,720575940622331786,534834
720575941469415389,720575940614376498,50531
720575941580602869,720575940619273398,29867
720575941507243845,720575940620303380,514483
720575941439463999,720575940633483444,16644
720575941586602206,720575940660004737,24079
720575941681317309,720575940635102745,11665
720575941489774780,720575940637319231,49806
720575941530858699,720575940626694218,43314
720575941602122169,720575940623848206,40829
720575941498668155,720575940644731188,517201
720575941604251126,720575940622994323,72487
720575941592182891,720575940611085274,16474
720575941440073563,720575940623004933,19066
720575941520689079,720575940606436384,125369
720575941564887447,720575940624549820,59516
720575941650717973,720575940631967575,50454
720575941489571788,720575940614217622,52936
720575941479476559,720575940623748298,40142
720575941703495898,720575940631982929,41564
720575941551514686,720575940620606600,110697
720575941564797847,720575940630991567,11643
720575941406525102,720575940612946686,37805
720575941652045333,720575940616840665,73463
720575941473673056,720575940604662444,519558
720575941480730019,720575940637832937,41720
720575941605174462,720575940632381970,12976
720575941620189567,720575940630164431,22768
720575941430121825,720575940640254552,18809
720575941575169033,720575940627475722,92581
720575941595345285,720575940610763874,28184
720575941565664663,720575940630383045,517702
720575941511563218,720575940627173834,109540
720575941453552553,720575940625534187,98054
720575941631713184,720575940624932280,106901
720575941609129290,720575940612994929,21899
720575941488225488,720575940625310014,13537
720575941568316462,720575940610230852,145392
720575941471007755,720575940640675389,25834
720575941547664776,720575940620777153,41926
720575941526374402,720575940604753437,301867
720575941546544985,720575940622456555,83139
720575941668758449,720575940631542753,139941
720575941534786226,720575940626319618,220387
720575941569636084,720575940619514816,215119
720575941538280597,720575940630355783,154646
720575941534241624,720575940634402411,25700
720575941653143825,720575940624483722,16963
720575941579099481,720575940624759020,76812
720575941534732993,720575940627074566,88855
720575941492039856,720575940614190242,41197
720575941596521349,720575940627659782,178647
720575941535385834,720575940608390446,46152
720575941569011194,720575940621262716,47187
720575941461929412,720575940620223659,512717
720575941471916608,720575940623497653,26564
720575941474665514,720575940617035153,19247
720575941491308750,720575940620371249,61372
720575941618366079,720575940628132745,10264
720575941510788880,720575940637073118,16057
720575941520722867,720575940611137742,22417
720575941465795094,720575940627822217,93520
720575941431816184,720575940623078221,102109621
720575941667846387,720575940640445648,46711
720575941600878377,720575940620534768,12801
720575941515559011,720575940635958383,94268
720575941469596125,720575940633710105,70489
720575941640276511,720575940626584506,184463
720575941560572275,720575940634170975,59913
720575941536156648,720575940616889915,567846
720575941515948035,720575940623434535,118697
720575941504073154,720575940639088356,163654
720575941540594045,720575940611090244,11606
720575941614066329,720575940624838544,26167
720575941585123974,720575940629214720,520085
720575941555162084,720575940623171268,71501
720575941486620045,720575940616066705,17987
720575941554220827,720575940631248940,17221
720575941574765725,720575940629557110,93080
720575941611010537,720575940621490968,55789
720575941502004055,720575940630436470,30751
720575941658863640,720575940626233512,30601
720575941564470535,720575940637965028,115540
720575941498506569,720575940613235615,207525
720575941569053554,720575940631627884,543203
720575941573878267,720575940620774149,185683194
720575941524204287,720575940622158113,160181
720575941552837767,720575940644641696,523716
720575941569571186,720575940625673196,519771
720575941450843214,720575940617910848,10622
720575941506726469,720575940606641842,27457
720575941392244374,720575940648131460,32152
720575941529891768,720575940629521667,78670
720575941526721869,720575940616824197,110140
720575941452180346,720575940616629058,77794
720575941607564909,720575940621385855,12422
720575941547282100,720575940616898449,181724
720575941491151310,720575940636633848,17941
720575941566411318,720575940632099212,141005
720575941492014055,720575940612091315,135191
720575941590239799,720575940615538177,22275
720575941532852709,720575940613517991,74551
720575941408739631,720575940620232582,514252
720575941435014944,720575940621642376,918972
720575941662498940,720575940633705560,86299
720575941504045989,720575940628907607,511857
720575941552269630,720575940605550950,82673
720575941565418503,720575940635263383,25369
720575941593511975,720575940641663696,73808
720575941486699586,720575940628928771,107071
720575941624441802,720575940620673670,125200
720575941644281426,720575940639696755,542878
720575941431360943,720575940610442450,16588
720575941501088395,720575940618375104,78845
720575941508524417,720575940655940001,95075
720575941497958818,720575940620863215,93132
720575941505275196,720575940629967663,49096
720575941563615890,720575940617067476,145815
720575941491763687,720575940626826005,364416375
720575941633863355,720575940659063169,13929
720575941523106295,720575940624280066,524225
720575941536071361,720575940614235619,28329
720575941537580003,720575940628668610,581027
720575941580863097,720575940627270406,536486
720575941477492330,720575940623190089,23757
720575941454341939,720575940614349974,12901
720575941543106652,720575940641811419,63963
720575941497083361,720575940626336381,31088
720575941492328167,720575940608188427,10221
720575941531956965,720575940634499320,24918
720575941632917152,720575940627983336,244860
720575941558339310,720575940624136485,126875
720575941544002146,720575940617922772,65425
720575941443332778,720575940637620621,156706
720575941628976678,720575940633740196,83936
720575941513440835,720575940620245072,141434
720575941534742750,720575940607082114,98446
720575941688282863,720575940627364629,59317
720575941567044455,720575940625968115,294178
720575941688177647,720575940626656010,12681
720575941495084926,720575940612437674,60262
720575941504730418,720575940620774405,79171
720575941486727234,720575940607337923,78494
720575941593918827,720575940631292667,520331
720575941519545048,720575940627451241,13564
720575941689709019,720575940612429714,28000
720575941435850016,720575940630465055,23945
720575941439620181,720575940624576806,531945
720575941628166713,720575940622459588,15235
720575941441838683,720575940607854549,62972
720575941659054672,720575940645381998,59212
720575941526047588,720575940630201401,18624
720575941563489448,720575940626151964,513590
720575941526548761,720575940605718449,43136
720575941552109118,720575940631353764,134922
720575941493652952,720575940613591533,132446
720575941462441997,720575940649361785,118929
720575941542582876,720575940622475498,59426
720575941626155146,720575940628419338,551661
720575941515434330,720575940635531674,42911
720575941481931194,720575940632412175,152956
720575941493528752,720575940626067729,558868
720575941569970164,720575940621340710,518577
720575941554249188,720575940616734581,59589
720575941566687798,720575940615160844,38996
720575941524885323,720575940637636830,545813
720575941430510072,720575940618071828,93315
720575941562127405,720575940625653391,143082
720575941497222113,720575940617484342,25873
720575941479555296,720575940611086322,513401
720575941534264242,720575940625461534,78512
720575941520174771,720575940635430030,23159
720575941564816999,720575940615309009,137450
720575941556175955,720575940607152395,68900
720575941574794600,720575940625744259,71973
720575941491994343,720575940632192676,520580
720575941557579812,720575940619866759,90896
720575941659212880,720575940625770012,19696
720575941613694940,720575940619559815,519444
720575941458850118,720575940628359783,77473
720575941535320042,720575940641536987,10994
720575941484023549,720575940603574374,151469
720575941453681203,720575940629812602,37217
720575941550669629,720575940625088952,104861
720575941441005659,720575940644892708,25202
720575941470110327,720575940622941005,140213
720575941688342134,720575940616753809,42234
720575941604343737,720575940618698411,23411
720575941476124721,720575940628411612,533345
720575941552088638,720575940628434535,110503
720575941655229401,720575940632823144,15007
720575941586084230,720575940617749538,11402
720575941593929835,720575940630883599,10762
720575941476622878,720575940607567881,121530
720575941450884942,720575940625129037,117685
720575941573840392,720575940631054540,923406
720575941557388708,720575940634163682,16191
720575941558381860,720575940631499832,12177
720575941414619025,720575940638663221,179722
720575941439596095,720575940630393427,60374
720575941514592346,720575940629532098,564952
720575941574140169,720575940621246068,11527
720575941523160567,720575940615495839,121521030
720575941633294240,720575940624206121,22530
720575941515626489,720575940621521601,107481
720575941667390195,720575940635409855,44080
720575941416666396,720575940621239679,24660
720575941611695178,720575940620813989,11187
720575941545369524,720575940625655992,36986
720575941578944593,720575940627247876,65587
720575941520670455,720575940608145877,191928
720575941515237731,720575940606758667,30457
720575941469446621,720575940628347722,26192
720575941575330959,720575940625559908,76486
720575941439941839,720575940636878682,25253
720575941536820629,720575940638850512,519941
720575941471266423,720575940615023535,10833
720575941449336109,720575940629708482,12056
720575941593189160,720575940621229915,37789
720575941643351457,720575940628253266,210753
720575941668593139,720575940613559458,23808
720575941555411876,720575940614645610,40767
720575941516476665,720575940623446601,43387
720575941540458365,720575940615624866,23112
720575941540599933,720575940620981158,37961
720575941477124382,720575940622850055,24954
720575941641033503,720575940624903866,115151
720575941477595956,720575940633614253,16153
720575941544274112,720575940615596427,174598
720575941625564059,720575940645221156,53085
720575941609905226,720575940631261637,545771
720575941432156513,720575940636126831,74091
720575941643326034,720575940631194593,42861
720575941475553851,720575940651461622,26340
720575941439395903,720575940636444742,26088
720575941518129068,720575940620061793,38326
720575941485464717,720575940620899964,177548
720575941566705710,720575940624062355,89238
720575941669613233,720575940614166495,468519
720575941604066038,720575940626118552,517589
720575941529614008,720575940630558316,546102
720575941564266903,720575940630271292,103808
720575941463896589,720575940628370732,521666
720575941504673730,720575940612348950,16135
720575941645408120,720575940620773313,531853
720575941439905983,720575940618578945,24735
720575941575832424,720575940613436327,17908
720575941588269892,720575940623124467,23030
720575941644348754,720575940660217985,13621
720575941555942913,720575940629606641,529246
720575941611529389,720575940621946288,39422
720575941353080624,720575940627107721,10703
720575941442044623,720575940625119625,25139
720575941412609169,720575940632384910,42122
720575941545421573,720575940613455986,10400
720575941702753754,720575940627753609,34104
720575941393183382,720575940610630553,100284
720575941536204554,720575940616899033,16065
720575941402207779,720575940631147776,10181
720575941536465384,720575940634942362,129189
720575941576739254,720575940631108492,126095791
720575941565786775,720575940643112333,11925
720575941506388389,720575940619210968,879530032
720575941470707319,720575940634168928,26208
720575941441320911,720575940621567052,33431
720575941495922555,720575940623237161,33987
720575941658767696,720575940631998405,59694
720575941412615791,720575940607206066,60253
720575941472178752,720575940618314897,11133
720575941567195130,720575940644837655,84811
720575941415019412,720575940633367853,113697
720575941543126557,720575940628787564,51919
720575941526676301,720575940612586151,27607
720575941533585027,720575940628723834,122370
720575941563521536,720575940610477425,171879
720575941393630102,720575940638646480,519290
720575941507353413,720575940629613196,16728
720575941633771963,720575940628396090,27270
720575941450047837,720575940636399706,14202
720575941414507665,720575940621780577,47555
720575941408996526,720575940623157247,11096
720575941626120505,720575940637542077,168826
720575941526299650,720575940633967842,60970
720575941484372221,720575940603882174,19419
720575941628194873,720575940645038958,98896
720575941412858223,720575940615792523,17262
720575941554744798,720575940634733151,221822
720575941479086210,720575940609998802,131075
720575941438603794,720575940632312907,11134
720575941432530785,720575940631970391,39165
720575941475798577,720575940628043786,27554
720575941535231410,720575940615811634,32679
720575941590560040,720575940618135973,26769
720575941514873091,720575940611837649,521255
720575941523482871,720575940642770592,530362
720575941663480188,720575940607451081,12743
720575941586144134,720575940631638073,75789
720575941632977056,720575940628654927,35131
720575941515876601,720575940624186430,22231
720575941492007197,720575940615123250,60450
720575941643870053,720575940632069650,33120
720575941626459756,720575940637553897,58634
720575941527034882,720575940627546217,17478
720575941566811986,720575940616195421,185361
720575941643336824,720575940616725689,27142
720575941516073875,720575940625752778,159466
720575941429261487,720575940629121798,52274
720575941575000841,720575940648819321,85817
720575941484066557,720575940623445685,98871
720575941441901147,720575940625530114,29304
720575941459937220,720575940626188848,235387
720575941461502096,720575940620341931,96497
720575941554038426,720575940637468735,119709
720575941415418908,720575940640993933,185447
720575941555704403,720575940620271725,19486
720575941513733452,720575940631542855,126995
720575941477911604,720575940634222049,123099
720575941603957750,720575940621690760,49807
720575941470552695,720575940606099842,19706
720575941592242472,720575940622012326,104623
720575941527000420,720575940623690471,65389
720575941687288303,720575940621917645,15518
720575941461357581,720575940623752741,44070
720575941590931084,720575940625864581,177539
720575941548126344,720575940617842196,44362
720575941526919682,720575940625108557,38507
720575941442187727,720575940621539171,52100
720575941495918665,720575940613816062,21578
720575941568870770,720575940627946261,10379
720575941402084643,720575940618263365,12755
720575941526198274,720575940647358243,20047
720575941594295921,720575940628386942,94391
720575941471433335,720575940617297620,77603
720575941547204488,720575940633195148,14907
720575941466838102,720575940622351128,21371
720575941429885359,720575940624949379,141190
720575941652757745,720575940612509337,159755
720575941580142325,720575940621339156,26098
720575941401814307,720575940611813842,10301
720575941489591758,720575940623520648,29426
720575941552237567,720575940625053447,20828
720575941498675579,720575940624218602,521939
720575941633155744,720575940616713355,23202
720575941552701502,720575940611599530,30993
720575941575569807,720575940630281580,128848
720575941462615440,720575940626849301,23381
720575941505533093,720575940636868186,26488
720575941589192702,720575940605527910,34043
720575941490699061,720575940626768442,536207
720575941574684815,720575940633087628,513832
720575941430475617,720575940626309509,566476
720575941670928551,720575940621715182,27026
720575941546615996,720575940631626315,16209
720575941643843016,720575940605771948,57608
720575941481110470,720575940631381037,59431
720575941525829145,720575940620480182,28827
720575941491211470,720575940621656816,20551
720575941628079417,720575940642898376,524718
720575941557628836,720575940638548021,98554
720575941590763404,720575940629061314,146570
720575941431200649,720575940625987571,514876
720575941585097823,720575940612470490,198232
720575941461970884,720575940641535117,49015
720575941433359886,720575940634140627,14764
720575941481455951,720575940614196191,77117
720575941611453770,720575940627702547,519266
720575941670601383,720575940635588131,151641
720575941571498398,720575940629894391,148486
720575941556355876,720575940625845447,20399
720575941528318596,720575940643157796,54854
720575941474886186,720575940616344477,20286
720575941532528771,720575940638245399,33820
720575941521237431,720575940636119988,580255
720575941591963499,720575940627427015,19114
720575941541490274,720575940627731801,86391
720575941467130966,720575940624253257,146359
720575941575093647,720575940621460645,226379
720575941437047596,720575940628230503,12712
720575941498358857,720575940626541809,516826
720575941473063008,720575940620561761,51533
720575941503158834,720575940615262358,95128
720575941514372049,720575940612050033,43716
720575941543084317,720575940616047249,25617
720575941549725556,720575940622175245,305056
720575941542416988,720575940627895056,41397
720575941473547050,720575940617973149,16725
720575941469882635,720575940619989441,15498
720575941577800537,720575940608087132,35348
720575941441623899,720575940612603289,520300
720575941566660199,720575940619893999,35213
720575941651456277,720575940613492114,174511
720575941476477802,720575940641928693,545959
720575941691706264,720575940622730239,24133
720575941414812052,720575940612599193,57351
720575941505132594,720575940609600523,16305
720575941555354369,720575940637683086,52793
720575941505943868,720575940632786914,97703
720575941528004262,720575940633373176,28822
720575941506531749,720575940632528045,44247
720575941350890544,720575940638818126,27735
720575941560737395,720575940619965104,137201
720575941610187850,720575940629485354,129292
720575941528259494,720575940620200624,137947
720575941517260435,720575940631999685,10019
720575941651085589,720575940602415584,48637
720575941563585704,720575940626779304,61803
720575941411799663,720575940623446604,136518
720575941611937254,720575940626232153,521146
720575941537718653,720575940617390641,26441
720575941613630172,720575940628401451,32319
720575941590338558,720575940618166246,52127
720575941483708346,720575940608152962,56727
720575941632134816,720575940621647019,125129
720575941500481186,720575940627525531,58712
720575941526965092,720575940634688151,14609
720575941452605609,720575940643841844,116188
720575941594925445,720575940628265575,190045
720575941521322679,720575940610389873,13441
720575941560103795,720575940614183218,88000
720575941559874831,720575940629757036,11137
720575941534533464,720575940624919079,68827
720575941462310032,720575940622668671,31375
720575941503441751,720575940629987587,18343
720575941431378825,720575940621730525,45204
720575941543093021,720575940613347299,11970
720575941572246942,720575940616362562,11368
720575941535942682,720575940622404022,32021
720575941532423811,720575940617700838,75121
720575941455042867,720575940626863089,100972
720575941439538523,720575940652675318,67797
720575941503776706,720575940630094444,68162
720575941535297202,720575940625961049,556064
720575941506286652,720575940625277785,180520
720575941575725928,720575940627490459,199352
720575941477733738,720575940631118610,83277
720575941530029240,720575940626392593,536467
720575941630102508,720575940626840775,28157
720575941611748170,720575940639633725,209637
720575941519031980,720575940634172267,22185
720575941548220808,720575940622653795,517052
720575941518329772,720575940630509098,70691
720575941458160966,720575940625165412,118874
720575941625434506,720575940622440820,527595
720575941489167413,720575940628200826,26453
720575941497584353,720575940623789823,72123
720575941408639535,720575940628349522,12394
720575941613577369,720575940613609484,23392
720575941517365976,720575940618947329,18700
720575941483274950,720575940627412123,512182
720575941569945850,720575940624340407,13391
720575941467523094,720575940627615610,102209
720575941438749740,720575940627728149,519454
720575941513698892,720575940627043627,100454
720575941541655069,720575940633174815,116163
720575941432378071,720575940627704263,105922
720575941536584896,720575940607280514,121841
720575941626504044,720575940630655140,523029
720575941431332088,720575940624500313,84817
720575941558762020,720575940611216867,51920
720575941440840021,720575940624531652,13726
720575941477370420,720575940633499548,518294
720575941574990237,720575940621875821,10490
720575941473052768,720575940639164323,37792
720575941429493423,720575940618864833,28257
720575941530934147,720575940638136117,59669
720575941553881089,720575940607390421,55093
720575941528834232,720575940615948610,513812
720575941451186510,720575940636877679,40536
720575941531826379,720575940628912188,453240
720575941539512818,720575940633358673,18972
720575941438214700,720575940636163440,525190
720575941546424425,720575940625727560,163382
720575941456884973,720575940626117662,41057
720575941662590264,720575940622298631,533618
720575941688644315,720575940625343761,33876
720575941614117785,720575940614762914,93340
720575941524465483,720575940615011782,29944
720575941538570017,720575940629218876,74550
720575941477226801,720575940638960885,514595
720575941564202599,720575940637955968,58803
720575941611279337,720575940630076887,49043
720575941588975614,720575940641411547,108724
720575941431413385,720575940613630105,57709
720575941582729567,720575940631009810,119414
720575941413189999,720575940630236988,12102
720575941490814412,720575940612138927,542891
720575941605071294,720575940623902471,15005
720575941623735963,720575940617935643,53120
720575941515922169,720575940623764007,12753
720575941564026112,720575940618132017,17509
720575941525977090,720575940607865436,520178
720575941613866649,720575940623615928,43116
720575941572491528,720575940629771257,22662
720575941521274551,720575940629805950,10218
720575941412788335,720575940640491917,517580
720575941569772914,720575940626012072,62020
720575941537732840,720575940612087758,10775
720575941526972749,720575940615111611,79685
720575941589306948,720575940623303108,11996
720575941452849223,720575940621125921,114530
720575941540215501,720575940622838154,10010
720575941475830580,720575940613649125,144907
720575941494658430,720575940615416763,125899
720575941723271738,720575940612438514,10492
720575941524201727,720575940613386989,59899
720575941400741411,720575940625925458,36007
720575941543204381,720575940638898109,517311
720575941507268446,720575940625323326,21879
720575941474268202,720575940626575997,238266
720575941474074976,720575940632489743,14499
720575941560988973,720575940623390954,94008
720575941595231601,720575940623421112,172796
720575941477803073,720575940631095289,13785
720575941504589506,720575940637627581,17920
720575941626175643,720575940641480949,10440
720575941655474137,720575940612942442,28232
720575941543276254,720575940630220844,98993
720575941469836509,720575940629451833,76738
720575941631826156,720575940626984485,24951
720575941542882140,720575940622440308,10276
720575941559510229,720575940617325090,182140
720575941681351613,720575940620903518,40695
720575941519301804,720575940628653711,129029
720575941653634004,720575940622083658,31071
720575941662302844,720575940611904296,520386
720575941451158094,720575940621793780,133669
720575941633815483,720575940628556649,115066
720575941472794976,720575940611963346,62193
720575941481120675,720575940608085973,46094
720575941483099590,720575940625490532,39537
720575941491371214,720575940624033516,15266
720575941441371599,720575940611176362,74439
720575941662695992,720575940628659305,144505
720575941634142395,720575940644765463,45427
720575941497080192,720575940622366355,15020
720575941540628941,720575940617218629,30689
720575941431674249,720575940620141737,517547
720575941579322961,720575940629671499,56148
720575941488845287,720575940614186449,12860
720575941604300990,720575940625706279,33794
720575941410259883,720575940618424405,521235
720575941686276847,720575940628392279,28793
720575941436293920,720575940607887746,16154
720575941451489914,720575940627341156,26313
720575941573068701,720575940630429945,80906
720575941670550961,720575940614454870,458737
720575941595590951,720575940614403178,11625
720575941437700693,720575940623872263,71862
720575941551688839,720575940638401845,39483
720575941438678802,720575940630059520,23008
720575941549520161,720575940622811430,954627
720575941524458573,720575940641806536,59345
720575941476601630,720575940629365760,290332
720575941432305972,720575940642654624,59992
720575941441867611,720575940627217410,516959
720575941555970899,720575940609104579,78544
720575941513091404,720575940637510121,124599
720575941548272957,720575940636310756,59028
720575941547464628,720575940620103595,12625
720575941504581797,720575940607766229,48857
720575941508189313,720575940627210373,53851
720575941723490362,720575940638799987,13547
720575941552976007,720575940609261892,50274
720575941598460828,720575940632620845,19237
720575941612425190,720575940639429504,21770
720575941509427666,720575940634344217,147587
720575941526530782,720575940628201786,500367
720575941469404023,720575940620382923,67010
720575941431400696,720575940628236200,64795
720575941626786186,720575940648664708,534443
720575941690120344,720575940606769086,170115
720575941565446407,720575940625315258,71453
720575941554127899,720575940628034603,28010
720575941533763338,720575940620238576,85681
720575941452267386,720575940618208985,513264
720575941521267383,720575940644521764,39262
720575941565091847,720575940632178892,15156
720575941604236222,720575940624901927,41339
720575941477053233,720575940635179871,11173
720575941504779333,720575940603439020,30594
720575941545257148,720575940629301442,68953
720575941652110357,720575940621077488,14336
720575941732783915,720575940627826448,151041
720575941607698797,720575940626434033,22361
720575941626495370,720575940613392101,16367
720575941414737812,720575940619058461,10896
720575941629944870,720575940610039219,11822
720575941631047072,720575940641112192,20385
720575941493082800,720575940640027637,158617
720575941586627294,720575940619620596,23323
720575941510683408,720575940612455917,82328
720575941554639588,720575940609233784,56521
720575941434301326,720575940625088551,41118
720575941612067814,720575940620842578,194259
720575941481335119,720575940633984025,57733
720575941469888064,720575940609943928,126962
720575941586878686,720575940621849015,22109
720575941602461686,720575940625216202,20240
720575941480729474,720575940644178468,24436
720575941645416097,720575940631149532,10343
720575941731091755,720575940627308828,131926
720575941511599314,720575940612358642,11064
720575941466115606,720575940621601268,130548
720575941594189675,720575940626741552,12896
720575941569430522,720575940616885597,39707
720575941479438304,720575940625112420,34224
720575941542065181,720575940624587046,15132
720575941469495261,720575940628010513,93808
720575941511469522,720575940620249941,520008
720575941559512847,720575940638690419,113013
720575941474888478,720575940626132519,73996
720575941668948391,720575940632778051,12388
720575941568706810,720575940624231679,47823
720575941597058972,720575940630756712,106583
720575941558932083,720575940623091299,63786
720575941535245034,720575940627731599,10985
720575941612207533,720575940616841729,564792
720575941432503255,720575940622906631,15766
720575941461828804,720575940627506328,32929
720575941611823078,720575940617932289,24924
720575941513883641,720575940615985449,151820
720575941615479449,720575940615612822,512183
720575941459991366,720575940642962286,103621
720575941483776186,720575940610868578,61049
720575941459316383,720575940633483807,13951
720575941490731829,720575940625375490,33825
720575941509788176,720575940612332401,66013
720575941550174836,720575940611436408,11429
720575941691258776,720575940629876473,31667
720575941633668768,720575940628330651,100340
720575941573199247,720575940620885598,59381
720575941515152195,720575940630425083,11459
720575941450360186,720575940626099214,513487
720575941528127398,720575940634349281,109901
720575941492979632,720575940622472965,198311
720575941596051333,720575940628407375,453376
720575941424975956,720575940622147873,18490
720575941417154332,720575940637849822,15206
720575941625460170,720575940631397165,216573
720575941522413643,720575940622311126,81025
720575941638515317,720575940638824245,116454
720575941495009664,720575940635376052,33588
720575941553418267,720575940612143075,511839
720575941587337284,720575940621352447,30449
720575941571505480,720575940635607438,38246
720575941503148267,720575940621048496,34069
720575941496953929,720575940629411781,25558
720575941633124539,720575940618599150,122754
720575941687473270,720575940619953535,100493
720575941574956041,720575940620177601,307312
720575941485417026,720575940615462587,518544
720575941555169690,720575940622624332,137307
720575941588841783,720575940644889367,113256
720575941438755116,720575940627557826,49185
720575941630759906,720575940608177586,109721
720575941551417855,720575940638245464,559181
720575941536107530,720575940631583596,14555
720575941702148570,720575940629717097,17103
720575941431364088,720575940622625741,84876
720575941527970470,720575940637800676,28043
720575941625037962,720575940627127866,102461
720575941601919222,720575940627783174,25561
720575941607289453,720575940628149265,69785
720575941631169221,720575940626161930,32507
720575941455107379,720575940627925959,53830
720575941590200574,720575940628685762,43534
720575941498686587,720575940619270535,212619
720575941619073919,720575940627300627,31674
720575941569787130,720575940612518055,516909
720575941485177094,720575940626244551,25167
720575941497513890,720575940625034640,110918
720575941515107833,720575940612800153,217784
720575941514064716,720575940629736720,512938
720575941482024646,720575940628621563,515528
720575941562093480,720575940631086649,84661
720575941481381117,720575940627732423,17093
720575941641409381,720575940661335681,11183
720575941486156294,720575940629166391,33152
720575941586542814,720575940614290956,93882
720575941502072459,720575940629414972,24389
720575941508686686,720575940623636701,10473
720575941488678197,720575940617532062,523956
720575941564723456,720575940631295506,556836
720575941526297881,720575940623501129,35535
720575941497708155,720575940622420616,85906
720575941516048121,720575940625319245,13041
720575941521223415,720575940628308904,61937
720575941461217988,720575940647469603,126028
720575941439619551,720575940621437093,536448
720575941537612530,720575940622216709,151872
720575941490441447,720575940616652630,59536
720575941625686474,720575940630891791,579924
720575941574567163,720575940613123546,168369
720575941435654688,720575940617286100,71063
720575941480335267,720575940609133269,11231
720575941625971052,720575940610505881,16614
720575941548403261,720575940622321663,42678
720575941433061902,720575940630929426,134183
720575941471429495,720575940622893960,516483
720575941461615059,720575940632412178,44440
720575941570053364,720575940618923344,50344
720575941643450450,720575940618847947,28507
720575941620049023,720575940613961522,52544
720575941491179470,720575940623780872,518787
720575941505371196,720575940621349908,28419
720575941465729878,720575940633884512,18626
720575941452092538,720575940608688942,46327
720575941477034858,720575940638835288,14102
720575941465270870,720575940618143435,43877
720575941462292643,720575940603225312,46523
720575941543001349,720575940626267706,75439
720575941623193340,720575940627026279,36691
720575941430357089,720575940611091524,29333
720575941645117304,720575940637659749,14970
720575941633031109,720575940637211957,190208
720575941462184973,720575940631301447,52654
720575941515548515,720575940644758308,513057
720575941392108036,720575940639206077,17121
720575941525451545,720575940613264662,155516
720575941529866424,720575940638246333,35241
720575941536607258,720575940626108689,83381
720575941536070170,720575940614784710,20489
720575941680927165,720575940633299903,500039
720575941473084714,720575940606577865,130953
720575941482465478,720575940618334649,31592
720575941530016440,720575940633124143,64923
720575941581870457,720575940624801771,14328
720575941438887954,720575940626283838,85057
720575941554611610,720575940631023567,15638
720575941631208389,720575940630706683,122607
720575941447914772,720575940631989817,160651
720575941596075121,720575940625726089,96206
720575941466161686,720575940633076691,97521
720575941492045031,720575940631728175,33059
720575941478704234,720575940606590338,13283
720575941687329263,720575940608362418,11399
720575941532889731,720575940636922084,26362
720575941595074161,720575940631639500,32931
720575941549246753,720575940627067669,74452
720575941633212859,720575940646075415,172693
720575941438911199,720575940618963732,75745
720575941560743981,720575940628709019,13783
720575941688794742,720575940628871276,36932
720575941587898692,720575940638053539,49657
720575941611400668,720575940621056577,41787
720575941411740817,720575940623400629,533746
720575941651231165,720575940628096893,244506
720575941555405313,720575940636029662,21406
720575941579813457,720575940629657047,14092
720575941543942661,720575940623264809,149390
720575941464369421,720575940614836027,21050
720575941576690536,720575940614309039,70808
720575941495236990,720575940628935877,41275
720575941393745046,720575940633051499,82880
720575941450231418,720575940640217845,32400
720575941490646325,720575940627377660,37198
720575941504516802,720575940618842351,535658
720575941515375171,720575940618957825,15192
720575941552845118,720575940619370678,530061
720575941614468371,720575940622312447,130553
720575941595238693,720575940612922773,206687
720575941473400928,720575940627587078,97689
720575941576661352,720575940634751918,15785
720575941449682510,720575940630060887,429535
720575940617127936,720575940622898181,407846
720575941569567482,720575940613594535,140659
720575941658997528,720575940636529520,27355
720575941624694939,720575940614505937,63430
720575941504775730,720575940629521914,79944
720575941554918227,720575940618844726,175727
720575941483290310,720575940627698569,11804
720575941535036353,720575940606101634,560242
720575941590659880,720575940618076763,50669
720575941622303228,720575940612429822,87369
720575941550909951,720575940634472590,29770
720575941579446517,720575940626820604,56117
720575941441466831,720575940621801866,35916
720575941564172391,720575940619253869,200208
720575941667667443,720575940616415003,10287
720575941431656545,720575940618967710,56780
720575941411212715,720575940639268771,11172
720575941557487524,720575940605668128,43753
720575941493249968,720575940612258513,30908
720575941629865510,720575940612498346,35962
720575941464925014,720575940614916725,513685
720575941659456336,720575940639376512,115479
720575941644072136,720575940661252737,19588
720575941558612516,720575940632732217,14916
720575941489607116,720575940621582830,59811
720575941515219449,720575940631824744,20697
720575941452098426,720575940604412192,346871
720575941522873079,720575940630771451,67171
720575941538559730,720575940613886687,166510
720575941470386807,720575940611027930,49359
720575941516724115,720575940622768152,123523
720575941590843788,720575940629746176,24656
720575941527924134,720575940634703987,352444
720575941662741116,720575940624200679,514369
720575941560167183,720575940647921028,15319
720575941452121671,720575940637602621,19712
720575941539367829,720575940632723938,77730
720575941455714541,720575940627639528,13922
720575941624406524,720575940616976443,96554
720575941477646913,720575940621225893,28978
720575941667819763,720575940620048624,61544
720575941560440335,720575940640716928,11430
720575941574991005,720575940628122706,16323
720575941526775373,720575940622154266,16026
720575941540261581,720575940629163820,58594
720575941612301670,720575940639428515,50880
720575941487032326,720575940637097358,30506
720575941584750431,720575940615911261,28805
720575941554151707,720575940627709287,535198
720575941594727463,720575940631518776,522477
720575941572358664,720575940636381040,167128
720575941518483383,720575940610502851,28791
720575941516447379,720575940615419042,73030
720575941431377801,720575940614736290,521660
720575941503350251,720575940619160405,49493
720575941409831083,720575940632623842,23574
720575941469660279,720575940629244871,227000
720575941414655377,720575940616616861,81228
720575941469968349,720575940626917393,137668
720575941408590254,720575940621038294,17177
720575941408697647,720575940622712004,18201
720575941578527065,720575940619037616,80727
720575941473932640,720575940635050638,12595
720575941482344131,720575940623370421,519496
720575941628153657,720575940629496320,514361
720575941545039449,720575940604584672,340551
720575941448009492,720575940630718511,26891
720575941625167818,720575940619519909,133671
720575941411130283,720575940608884693,32276
720575941413302164,720575940607177494,62046
720575941517041043,720575940621655723,43936
720575941393242628,720575940633228103,10068
720575941479171151,720575940644739108,38531
720575941533165234,720575940624984126,115744
720575941640474143,720575940629478956,37669
720575941666281715,720575940628586261,226303
720575941583256159,720575940603672032,60336
720575941618954427,720575940623628582,179869
720575941535901377,720575940612279538,101138
720575941449141326,720575940640894883,106945
720575941439749599,720575940628268843,23240
720575941535308314,720575940626563347,22959
720575941574099357,720575940619989086,96083
720575941552017663,720575940636333710,16746
720575941617749461,720575940624184764,10602
720575941643030945,720575940626187014,96166
720575941512656593,720575940629017419,155172
720575941490126540,720575940620634537,443183
720575941514078810,720575940608938076,83215
720575941448211805,720575940617422646,134993
720575941411472555,720575940648636292,10411
720575941431776471,720575940622762740,17687
720575941439962453,720575940637200503,520169
720575941545234793,720575940620606061,112142
720575941658537496,720575940624738231,94831
720575941450276957,720575940630910199,530545
720575941508860801,720575940645946756,71339
720575941495537351,720575940630147013,23512
720575941566774830,720575940639983192,88148
720575941559957619,720575940633008045,90871
720575941604373182,720575940636475511,203988386
720575941450423645,720575940617770043,41971
720575941402944368,720575940616052054,93360
720575941505108274,720575940625566492,37418
720575941513895756,720575940609240515,135434
720575941610448742,720575940629592571,48606
720575941478195265,720575940624448956,14046
720575941519463278,720575940632043576,10281
720575941507564869,720575940624389988,563816
720575941643304530,720575940608015627,91244
720575941516256346,720575940649577337,13531
720575941632870331,720575940624846517,19187
720575941661753144,720575940616496385,70649
720575941652176345,720575940614701836,93224
720575941440931157,720575940632116943,38005
720575941554755923,720575940624056467,518162
720575941564486656,720575940636924479,25529
720575941539241421,720575940630033767,19726
720575941578922577,720575940612058861,87389
720575941532493699,720575940624429036,109910
720575941496048251,720575940633688416,536211
720575941408577327,720575940624319124,13624
720575941544896702,720575940632716461,166891
720575941671781287,720575940622085146,41684
720575941485107522,720575940644612900,60009
720575941497399265,720575940626205702,170139
720575941514447097,720575940606222014,12787
720575941512910412,720575940638846848,147832
720575941533810520,720575940623043307,40947
720575941663404156,720575940620476843,158622
720575941564892982,720575940612845973,23196
720575941607886445,720575940637568838,262567
720575941515908099,720575940628139113,20526
720575941685989132,720575940613440479,144165
720575941622926332,720575940626621898,142237
720575941525096548,720575940624487268,64745
720575941680903613,720575940622058131,113737
720575941540246364,720575940626982181,10952
720575941557412516,720575940620144251,119037
720575941514153818,720575940622268853,28723
720575941414712604,720575940639800910,152297
720575941491237836,720575940607484939,46698
720575941481333946,720575940622362109,80620
720575941593342248,720575940629780858,12251
720575941545888617,720575940634935392,514868
720575941503809515,720575940614441834,14093
720575941432046945,720575940635212139,14793
720575941701135834,720575940613256086,135456
720575941407215151,720575940618090457,49499
720575941480417504,720575940623110804,85370
720575941439369301,720575940623059080,112040
720575941476868638,720575940628889872,58192
720575941523420747,720575940620505889,18389
720575941534464234,720575940610310350,44462
720575941521296563,720575940605080422,54234
720575941555666515,720575940641296525,36909
720575941668606707,720575940630520314,513702
720575941689110168,720575940619700859,51872
720575941352187184,720575940623732744,21386
720575941534542874,720575940619680085,121124
720575941505756988,720575940614363055,52529
720575941436769324,720575940631067719,28780
720575941519334572,720575940637416026,31189
720575941586001630,720575940626726330,183339
720575941501823211,720575940628881128,68778
720575941474148192,720575940628682345,16051
720575941642968914,720575940613595373,148157
720575941596675228,720575940625871768,59515
720575941652034033,720575940630028359,19221
720575941485020678,720575940609578702,123842
720575941630849733,720575940627581484,87305
720575941498906593,720575940637602650,12231
720575941500328866,720575940625483962,517936
720575941520336823,720575940635837029,58847
720575941462375568,720575940616069682,149281
720575941622077948,720575940630567788,544437
720575941594056231,720575940625868184,239977
720575941553780871,720575940632211015,14726
720575941497022592,720575940630736953,81643
720575941585099486,720575940633869281,39549
720575941632361196,720575940638604915,19239
720575941613640156,720575940624140424,13679
720575941564721718,720575940619005575,64720
720575941505785623,720575940605793894,94737
720575941599042089,720575940640425806,27000
720575941483031482,720575940608035374,13077
720575941448649653,720575940613211955,176983
720575941455094835,720575940643142560,18232
720575941440982975,720575940628581163,109109
720575941627069990,720575940639161661,52306
720575941497577339,720575940625349961,97523
720575941561229480,720575940606258110,179361
720575941654172433,720575940605087520,34177
720575941536122088,720575940623356040,28217
720575941453599027,720575940645524846,84762
720575941527405849,720575940653096182,550275
720575941626113900,720575940604100785,33448
720575941492077799,720575940632531471,26865
720575941430245217,720575940610382546,37441
720575941650658069,720575940616770610,94647
720575941438661164,720575940616839380,30509
720575941429894103,720575940638863987,47979
720575941461327571,720575940622856780,22944
720575941658119192,720575940619676480,30438
720575941456903917,720575940612689266,12666
720575941504327077,720575940634785460,42706
720575941546843836,720575940611456661,526522
720575941575484047,720575940627871081,45865
720575941566709863,720575940618308987,14420
720575941537614229,720575940614526431,114025
720575941617666517,720575940605545602,201160
720575941603640310,720575940626553596,18127
720575941516096003,720575940606212786,58311
720575941653082353,720575940628095656,105235
720575941573570703,720575940616989964,25463
720575941689304438,720575940628833989,82791
720575941604056505,720575940632533203,17253
720575941483810490,720575940621283760,71991
720575941507243333,720575940621082111,220203
720575941528430212,720575940628610811,36119
720575941541825884,720575940621673200,126886
720575941624435452,720575940627702288,27163
720575941592922219,720575940607597660,112852
720575941476578100,720575940608104540,430460
720575941520085102,720575940614363363,10130
720575941611688681,720575940623202633,21296
720575941431422127,720575940617310011,127099
720575941526806950,720575940629985849,36150
720575941689705435,720575940613005937,119819
720575941441620415,720575940625744586,97805
720575941504300453,720575940620470448,25290
720575941531178469,720575940618083749,66800
720575941508609665,720575940627377285,17757
720575941536972018,720575940634825879,556450
720575941519435187,720575940633809783,51588
720575941592825558,720575940619006272,520581
720575941580702585,720575940621025037,67361
720575941512552524,720575940632341452,152432
720575941545043033,720575940617730745,172293
720575941573209231,720575940620980323,14106
720575941610587110,720575940619668696,170673
720575941476218654,720575940645207918,533543
720575941544953349,720575940624101524,13843
720575941497724283,720575940624939337,19673
720575941633713339,720575940646521198,11950
720575941553413604,720575940633538724,521814
720575941473302880,720575940624666604,41889
720575941514754115,720575940625471223,63979
720575941440563285,720575940636552805,10849
720575941440034255,720575940613638041,22328
720575941661790776,720575940614646495,51453
720575941563483816,720575940636821616,10434
720575941631243936,720575940628355914,76551
720575941595517735,720575940614730914,10192
720575941460736196,720575940627219272,158211
720575941558901486,720575940622396284,111764
720575941579602933,720575940615616012,547118
720575941495595719,720575940632099897,34204
720575941546037593,720575940607327106,201400
720575941427890004,720575940627000363,27503
720575941510919378,720575940630233559,40525
720575941477520180,720575940634334675,13488
720575941537644003,720575940642609700,133408
720575941431164591,720575940638250112,28258
720575941552021019,720575940639214655,54912
720575941721640506,720575940638664355,15442
720575941504054978,720575940624034893,118804
720575941532752869,720575940624659914,63230
720575941471390327,720575940612894578,532396
720575941732226091,720575940618887021,29260
720575941493021104,720575940619024816,31059
720575941493533616,720575940623592428,25790
720575941645220513,720575940611378382,24067
720575941454913075,720575940619038366,10213
720575941574242742,720575940627794449,123947
720575941503277399,720575940621325232,98032
720575941490694453,720575940620156283,10143
720575941441444031,720575940609870449,41896
720575941517740504,720575940615263371,157226
720575941532750821,720575940608126338,16182
720575941412404625,720575940619123136,84719
720575941536732954,720575940622987007,269157
720575941456504560,720575940628800207,51024
720575941611304937,720575940615607207,10342
720575941652238065,720575940633551002,554336
720575941586678238,720575940625287964,75127
720575941592896875,720575940613808047,23286
720575941596641669,720575940620073606,66519
720575941534308074,720575940621146771,512541
720575941468885111,720575940629683062,15444
720575941435951148,720575940622086663,60256
720575941452682567,720575940629929273,514141
720575941504864023,720575940624540734,517996
720575941589315786,720575940629462072,36949
720575941611944668,720575940612102769,801341
720575941453102643,720575940635835967,38065
720575941505794213,720575940630572359,51086
720575941450723150,720575940632423394,923713
720575941555599187,720575940631248172,93054
720575941513648739,720575940614308758,63927
720575941576065384,720575940616721921,34532
720575941653447380,720575940625805084,62286
720575941485903245,720575940653580022,45918
720575941451030720,720575940628897103,35333
720575941605846381,720575940622667155,62764
720575941503767127,720575940633488153,14096
720575941468389853,720575940629976888,91712
720575941507419927,720575940628847867,48878
720575941560215278,720575940643293837,521194
720575941650178289,720575940622486644,15811
720575941563709074,720575940610550830,47164
720575941507577925,720575940623069222,520039
720575941722109754,720575940630642380,109477
720575941559155559,720575940614163367,104287023
720575941488740553,720575940636229183,119544
720575941536436250,720575940612869269,11433
720575941630722018,720575940623547431,29529
720575941515300698,720575940625048638,36978
720575941552124415,720575940627888144,32824
720575941602041529,720575940635508837,518879
720575941500172450,720575940634280674,515426
720575941525998105,720575940622626539,37941
720575941489151438,720575940624994941,95358
720575941691315352,720575940627796298,10172
720575941643065938,720575940608276181,513285
720575941352647728,720575940646601524,71573
720575941603275705,720575940622464636,94587
720575941544244668,720575940627514562,60401
720575941488508368,720575940615061906,517122
720575941572046345,720575940612741799,119558
720575941435387168,720575940647024948,27781
720575941506932258,720575940631599980,72774
720575941590088446,720575940622591626,32786
720575941502158059,720575940637679421,11733
720575941540315481,720575940621538486,181509
720575941600797993,720575940627683588,11915
720575941432537047,720575940615871967,10144
720575941533563267,720575940630149420,60721
720575941578761817,720575940617454114,151915
720575941498631291,720575940624817845,28806
720575941691308952,720575940620543025,10295
720575941596085105,720575940615500798,20227
720575941589197879,720575940628030363,27176
720575941430778505,720575940624811755,120566
720575941430258647,720575940627410451,924612
720575941620253311,720575940625273406,556719
720575941458821872,720575940625850552,39190
720575941537850600,720575940618398533,11505
720575941651434517,720575940621768385,523776
720575941572715934,720575940611040866,131136
720575941554978458,720575940623267732,221428
720575941513902801,720575940614365346,514468
720575941496971648,720575940627392079,98319
720575941546553961,720575940612315699,17868
720575941691031704,720575940628225167,12465
720575941610996966,720575940629600630,30678
720575941669269425,720575940617092108,19351
720575941554228481,720575940615623051,32413
720575941478253731,720575940612851367,39385
720575941439232479,720575940644765294,87239
720575941476427828,720575940604620512,129798
720575941517451692,720575940632414350,78475
720575941591386508,720575940616295749,31089
720575941520941491,720575940639708368,52327
720575941653806353,720575940622538520,11452
720575941519093932,720575940614286754,28812
720575941480644550,720575940614465478,11935
720575941523165431,720575940629846636,180064
720575941467388758,720575940620200413,57655
720575941408832047,720575940605361841,159021
720575941585231838,720575940633049963,18279
720575941554213147,720575940637824575,543339
720575941610332636,720575940647673721,159329
720575941620418431,720575940617472486,543526
720575941456892653,720575940634464352,14065
720575941578964313,720575940642392461,153396
720575941413459345,720575940619901854,54010
720575941595487781,720575940619880326,516906
720575941449347150,720575940626270339,75422
720575941447580180,720575940626422513,51094
720575941535167320,720575940631469452,16856
720575941528018342,720575940610537170,557110
720575941618380927,720575940629182149,105076
720575941628851682,720575940624346917,96458
720575941546065852,720575940638352803,526644
720575941392651158,720575940621900321,147591
720575941484144390,720575940631483167,24153
720575941513444089,720575940625612474,36368
720575941565310215,720575940633656147,11124
720575941407043887,720575940622935832,155544
720575941516916115,720575940633211975,17180
720575941575413608,720575940639196137,115757
720575941477298996,720575940629774274,186380
720575941485487426,720575940620639152,174299
720575941595375318,720575940637557861,11144
720575941571640734,720575940622431860,78110
720575941557486244,720575940621704197,158537
720575941480024143,720575940624728551,85975
720575941581386105,720575940637393215,51834
720575941579082741,720575940620156209,28181
720575941548692958,720575940624513208,176590
720575941432126049,720575940617812696,522763
720575941431361016,720575940635744623,519864
720575941427768660,720575940617704219,148915
720575941532854245,720575940624205353,33878
720575941476634910,720575940620027003,135889
720575941476321585,720575940622800589,46497
720575941514577475,720575940624746475,168177
720575941667254515,720575940615856411,41311
720575941504810290,720575940605513649,10895
720575941490577205,720575940616101994,62313
720575941455148339,720575940624363144,13285
720575941574690959,720575940626743183,31512
720575941511370194,720575940604407468,13064
720575941545525128,720575940661338497,26137
720575941487076102,720575940637461861,516533
720575941555369473,720575940626022013,22577
720575941567199790,720575940639553920,11427
720575941408864047,720575940638011718,201965
720575941456894701,720575940629310970,16482
720575941604669118,720575940617836774,86371
720575941527114777,720575940625728714,543754
720575941497896610,720575940629846519,38681
720575941668612595,720575940609588181,27818
720575941658341400,720575940633206483,60767
720575941496944763,720575940632824780,84262
720575941430303841,720575940640935309,97344
720575941553773959,720575940629449027,25179
720575941506450492,720575940631393495,57792
720575941567845422,720575940631282247,361803
720575941506408613,720575940610724306,969805193
720575941441615963,720575940635210859,11201
720575941506838085,720575940612000405,50946
720575941539769725,720575940629388135,147619274
720575941613574620,720575940629056630,13694
720575941467620374,720575940628873039,49756
720575941584079711,720575940613966573,25043
720575941574405371,720575940623509577,533067
720575941412845935,720575940629706362,107392
720575941600155689,720575940622186509,133757
720575941721819962,720575940620053406,118998
720575941631233477,720575940626124365,47685
720575941632443589,720575940610202597,539151
720575941486685958,720575940626384200,17774
720575941468829917,720575940618997440,26913
720575941632371948,720575940639205821,574186
720575941535270322,720575940640425294,11731
720575941482318531,720575940633164940,65284
720575941515795811,720575940637334756,11216
720575941480296160,720575940607415132,22905
720575941604522742,720575940612968666,217495
720575941585932422,720575940608996450,32193
720575941478775715,720575940618197840,29467
720575941453472425,720575940625031403,20705
720575941605158078,720575940605115337,15251
720575941471531328,720575940616018326,34058
720575941536772378,720575940619215701,10195
720575941507275287,720575940640224397,26370
720575941470632459,720575940621570731,17467
720575941572577288,720575940607821001,545069
720575941408796975,720575940609269001,527410
720575941440507477,720575940610623186,35068
720575941565945959,720575940613977503,63980
720575941552608666,720575940628726787,129461
720575941564515126,720575940647938100,516484
720575941430003960,720575940629810316,21061
720575941591932556,720575940630556026,40455
720575941492956336,720575940628295242,136208
720575941632821691,720575940638900558,48608
720575941554148891,720575940629162551,29983
720575941554404123,720575940646050158,93231
720575941629994534,720575940638709326,16195
720575941477321578,720575940607984651,63394
720575941496842368,720575940637910106,14340
720575941633138629,720575940604865312,515249
720575941652648177,720575940622787711,63745
720575941631380640,720575940621380566,110885
720575941632125893,720575940617605154,61947
720575941512021458,720575940616665181,223711
720575941508014370,720575940631680763,180217
720575941644033224,720575940626101450,81494
720575941508213794,720575940619807397,16228
720575941645790408,720575940621309934,52241
720575941625972123,720575940622204186,11314
720575941591037950,720575940638623710,34960
720575941644417912,720575940621856033,138594
720575941589655095,720575940608945163,75011
720575941574840585,720575940637330142,512793
720575941528143782,720575940625690768,173283
720575941550373694,720575940619272980,512475
720575941498046177,720575940614887830,75774
720575941590411774,720575940622141208,65503
720575941472058635,720575940623010283,102000
720575941471808375,720575940625558730,10846
720575941671658407,720575940623122125,521317
720575941393713302,720575940616492096,90960
720575941645222520,720575940614066399,53160
720575941439629503,720575940637230766,81134
720575941721872442,720575940623788012,100746
720575941412905105,720575940637432944,105829
720575941572842504,720575940623498483,146509
720575941485151298,720575940632666705,169181
720575941644619425,720575940632939181,556300
720575941662469944,720575940626985219,108341
720575941632310764,720575940628369683,51831
720575941565953890,720575940622188568,12068
720575941404009584,720575940647963956,135097
720575941566587751,720575940622972259,61560
720575941588308292,720575940625100121,122818
720575941506090007,720575940635663472,53237
720575941628446521,720575940616169578,14243
720575941440461653,720575940623725036,62257
720575941519028396,720575940631821379,16500
720575941461518035,720575940633662871,18643
720575941530594251,720575940615833574,30941
720575941670144177,720575940619005008,48692
720575941508514654,720575940623324085,142639
720575941631701228,720575940614349535,532345
720575941452051015,720575940618704043,44256
720575941549504061,720575940625806996,45943
720575941563453096,720575940606747750,39097
720575941436057874,720575940617189094,24172
720575941548303752,720575940627660135,541412
720575941617573333,720575940630113218,141478
720575941671571111,720575940621618721,54952
720575941503926359,720575940617947771,68996
720575941519192748,720575940643035336,520032
720575941614432019,720575940623990797,556694
720575941476660289,720575940632395420,84942
720575941477237297,720575940622731667,25312
720575941688230363,720575940622676257,40017
720575941534318302,720575940630641664,220920
720575941514938883,720575940615100358,23482
720575941627135014,720575940620499952,48222
720575941534782442,720575940611492984,113555
720575941598561948,720575940629712640,23288
720575941535800810,720575940607511682,75903
720575941448012564,720575940622896115,39733
720575941520523447,720575940615351970,514975
720575941489179337,720575940612788008,66612
720575941628215865,720575940625689836,43791
720575941637686389,720575940627087463,106355
720575941413167215,720575940608588408,43627
720575941508067969,720575940621817584,145495
720575941461974212,720575940613112293,512001
720575941454777907,720575940618261019,218638
720575941565178934,720575940608823509,268292
720575941503754290,720575940613261938,512591
720575941590763660,720575940621623393,81848
720575941412714095,720575940611904730,514657
720575941598130368,720575940629155895,27933
720575941515400794,720575940623721703,197147
720575941589118020,720575940622519773,16251
720575941598433180,720575940617997241,20799
720575941541594972,720575940638202345,917499
720575941473976106,720575940640884899,12172
720575941565769111,720575940633936941,33256
720575941663152440,720575940608845251,197760
720575941605660269,720575940628120402,515232
720575941482246339,720575940639128646,11812
720575941632238316,720575940607673730,515064
720575941535368129,720575940630829051,13630
720575941412427665,720575940630758522,25587
720575941564809314,720575940631979587,63222
720575941392620438,720575940629261143,206455
720575941621959164,720575940615989972,64905
720575941572933129,720575940610131093,26825
720575941484041725,720575940639253437,105097
720575941662663992,720575940608901333,56351
720575941633353632,720575940638588230,14064
720575941450637390,720575940614161831,138596
720575941574414331,720575940610015790,51874
720575941504370519,720575940627494666,170581
720575941575551926,720575940614823839,38802
720575941406231444,720575940628649465,231409
720575941537771250,720575940644608036,92339
720575941686491375,720575940608906249,96283
720575941628163897,720575940625976394,516274
720575941533921546,720575940632629304,123488
720575941456897005,720575940604737708,10360
720575941587171908,720575940625971204,29963
720575941514075345,720575940627103996,542508
720575941528145574,720575940626692039,38334
720575941633632672,720575940627959880,37254
720575941523885899,720575940622921421,57285
720575941526686797,720575940620298260,77349
720575941515453433,720575940645889844,57434
720575941513798097,720575940639425112,12378
720575941580500601,720575940631696441,108868
720575941588687940,720575940610718328,94303
720575941653761809,720575940635102320,540077
720575941594941477,720575940615514683,76061
720575941430010505,720575940624992258,149375
720575941575522920,720575940633117591,85922
720575941526393700,720575940629717034,103728
720575941575532175,720575940616558779,29964
720575941562710162,720575940613549805,107686
720575941670537393,720575940631863085,20924
720575941489423049,720575940620589136,152737
720575941545840226,720575940615395478,220913
720575941579242321,720575940622265894,32258
720575941429518255,720575940625820805,87585
720575941506339900,720575940604790444,516328
720575941531515851,720575940634762394,579930
720575941530230731,720575940614939990,82884
720575941632450757,720575940634657431,20044
720575941454283315,720575940620699519,28279
720575941555742035,720575940623274966,522345
720575941595417125,720575940627083397,13648
720575941456893165,720575940621236656,14074
720575941435054222,720575940611327923,472022
720575941436966188,720575940624842791,52281
720575941555045530,720575940632769180,32597
720575941580957049,720575940629828407,17472
720575941584575966,720575940625956989,70561
720575941572830473,720575940630486265,71044
720575941536580634,720575940628264585,10856
720575941667986675,720575940626351256,89657
720575941498661193,720575940621280545,100615
720575941518261932,720575940627820104,19664
720575941511028178,720575940630214526,73484
720575941612300006,720575940615394463,169617
720575941438318911,720575940623194151,43651
720575941662516280,720575940628070160,56524
720575941612070876,720575940610773090,256844
720575941412581487,720575940610202069,76065
720575941617734101,720575940629067163,14084
720575941440030431,720575940618915909,128644
720575941431682775,720575940613260959,16809
720575941651215121,720575940619646913,43545
720575941452672563,720575940624514547,133181
720575941651546389,720575940654763169,217561
720575941486662096,720575940626324357,49108
720575941444911274,720575940632225361,30962
720575941592984616,720575940603599206,519981
720575941503915351,720575940608529710,12599
720575941601655481,720575940660914561,19467
720575941688148207,720575940614428319,14223
720575941436041490,720575940639103952,95605
720575941555412737,720575940627486225,188343
720575941504616471,720575940637935011,62012
720575941486783696,720575940629421879,48810
720575941519614318,720575940631957644,64667
720575941578100313,720575940621124033,218478
720575941586995166,720575940626359117,66188
720575941603351030,720575940617857694,178913
720575941576764761,720575940620504534,67342
720575941651582997,720575940624423677,192516
720575941680312253,720575940629709250,20930
720575941552002815,720575940632634532,20643
720575941448014612,720575940639138237,84636
720575941545577908,720575940626836780,120736
720575941455071795,720575940627759619,30984
720575941479754464,720575940625821332,74477
720575941609751469,720575940648637049,48393
720575941537379304,720575940609460491,26387
720575941507895074,720575940627407887,46163
720575941687585036,720575940606663881,15443
720575941569709050,720575940631880279,16233
720575941433356558,720575940628719619,21369
720575941625031306,720575940645117640,116572
720575941520626099,720575940605135038,523806
720575941563318114,720575940628640774,156660
720575941549120354,720575940644949960,203973
720575941644223826,720575940643793431,513635
720575941685810671,720575940626607110,78629
720575941567841138,720575940616630713,82817
720575941552550298,720575940637342534,85572
720575941642979960,720575940633548499,86143
720575941599081664,720575940645761076,28614
720575941455268333,720575940609289386,21998
720575941513808849,720575940637603038,13652
720575941480984003,720575940622319913,522372
720575941535086424,720575940621068464,512006
720575941652633585,720575940620380449,521262
720575941555300097,720575940629327872,23377
720575941668463347,720575940604276652,17416
720575941552180507,720575940618552806,60371
720575941645029496,720575940621446309,46906
720575941550240317,720575940626441003,26438
720575941459216287,720575940617373268,16942
720575941604227006,720575940608904312,43586
720575941559493421,720575940630009339,99161
720575941431726689,720575940618111261,141834
720575941627962150,720575940616666146,116257
720575941591845995,720575940634846815,108004
720575941413109140,720575940626489644,117586
720575941540468861,720575940627740145,513160
720575941453887913,720575940619567536,391173
720575941585899654,720575940624806292,170022
720575941574766518,720575940642057357,98669
720575941470790519,720575940620917119,99482
720575941546184840,720575940629213639,20980
720575941535367690,720575940629701451,66976
720575941556341476,720575940634041279,29901
720575941540340173,720575940625794023,57395
720575941579737681,720575940631956584,16903
720575941502320215,720575940639147236,27913
720575941393621910,720575940627279674,15449
720575941556495076,720575940631459385,42981
720575941643100024,720575940628760136,38913
720575941490994741,720575940608048853,16278
720575941481600847,720575940634017453,520797
720575941564383591,720575940626177417,74989
720575941470228491,720575940630225452,140761
720575941471356480,720575940619744532,40408
720575941491928295,720575940624905223,12584
720575941529166468,720575940622100001,58357
720575941451865769,720575940618543445,54697
720575941484156858,720575940620308103,111645
720575941582608991,720575940612093351,30480
720575941644253266,720575940632033361,27952
720575941565796759,720575940631396895,16632
720575941611219530,720575940618522433,532199
720575941526801252,720575940623041717,78840
720575941642917477,720575940628930407,143431
720575941432054881,720575940626584719,19333
720575941607198751,720575940639721806,231014
720575941554081159,720575940635089945,10105
720575941631288802,720575940630317182,548969
720575941539325426,720575940642428557,12742
720575941577332213,720575940618769345,58004
720575941652136213,720575940625046089,542519
720575941627484454,720575940636898270,18110
720575941631346080,720575940636056895,28051
720575941501401483,720575940627516521,64080
720575941408662958,720575940639274147,13083
720575941475525185,720575940626941928,534434
720575941488400336,720575940627853449,142846
720575941652728049,720575940633529548,10247
720575941536128778,720575940623175659,919295
720575941517101715,720575940629734442,169403
720575941460509651,720575940629368015,17544
720575941524945410,720575940620077617,41409
720575941504964517,720575940630548055,132532
720575941686371055,720575940622302727,130455
720575941438378581,720575940599333574,78360
720575941516919000,720575940620000054,71229
720575941608248173,720575940640625267,112246
720575941500233378,720575940617623350,88007
720575941425846612,720575940611555953,70532
720575941404032368,720575940617182045,866990190
720575941474965297,720575940617345846,58259
720575941603110134,720575940629000783,555796
720575941439427135,720575940623304906,20501
720575941574768392,720575940629183131,33799
720575941604122102,720575940628149267,50875
720575941353268016,720575940629467495,23918
720575941603224505,720575940623737831,59586
720575941613540572,720575940624792880,20734
720575941413274933,720575940645685015,203821
720575941476788033,720575940619390573,26119
720575941546280128,720575940623361238,145505
720575941458902000,720575940637300708,92073
720575941605157310,720575940624781555,41551
720575941485818374,720575940613732271,127659
720575941470033117,720575940617917396,11111
720575941615407257,720575940621701815,551911
720575941542676572,720575940626295396,13176
720575941401482602,720575940622456700,169088
720575941543363357,720575940632373023,10635
720575941626087579,720575940628943619,28210
720575941572168158,720575940640319566,74741
720575941574984201,720575940622248453,520118
720575941531484619,720575940611548273,28653
720575941437379090,720575940617999700,520863
720575941476955713,720575940625534345,519892
720575941603360953,720575940628739454,34042
720575941431530593,720575940648191609,168808
720575941480347727,720575940620841825,54003
720575941595556721,720575940620700353,60745
720575941658781008,720575940622111920,238882
720575941452165801,720575940624530407,15800
720575941639448437,720575940616915613,88348
720575941535080024,720575940637547365,530685
720575941562753799,720575940637449023,17319
720575941565176327,720575940633901869,61085
720575941596049797,720575940619841456,517163
720575941584493190,720575940620431798,512390
720575941620253567,720575940635561335,15802
720575941654178004,720575940620459284,37305
720575941351470128,720575940622050781,27168
720575941448093972,720575940630121078,18811
720575941506533029,720575940633612492,17152
720575941471666443,720575940629436631,84799
720575941591832360,720575940622235930,174420
720575941526609154,720575940624277092,75805
720575941590078860,720575940617111513,124325
720575941548569405,720575940619157627,98686
720575941590581502,720575940627814281,36867
720575941410907759,720575940638837363,46292
720575941599284160,720575940620696280,15516
720575941525583961,720575940628492943,235090
720575941515224131,720575940625417353,31365
720575941542625628,720575940613338152,544770
720575941564887552,720575940626934274,71946
720575941573629512,720575940644405870,549573
720575941688063727,720575940630790201,48169
720575941458727920,720575940617670741,60536
720575941487639612,720575940623090726,500010
720575941513883980,720575940622323080,30204
720575941688493686,720575940640240373,121932
720575941526940004,720575940609105859,22554
720575941585849566,720575940626994122,512198
720575941475735601,720575940619067045,72706
720575941555367937,720575940626048637,195837
720575941460773060,720575940617022277,707015497
720575941653813465,720575940649752441,114574
720575941603835638,720575940606514889,70867
720575941503181291,720575940630770114,30008
720575941559891571,720575940623443859,136048
720575941687961718,720575940619209637,87812
720575941594876037,720575940618181606,144885
720575941545159048,720575940630179835,38044
720575941611520489,720575940636885367,21952
720575941532799973,720575940622437770,47388
720575941505682597,720575940628283535,132237
720575941491786727,720575940612766691,536444
720575941587991863,720575940608413193,111197
720575941623580524,720575940628316047,29217
720575941556990735,720575940630839371,555293
720575941518120108,720575940640613339,41533
720575941614718361,720575940626828955,70317
720575941581222265,720575940639235044,42355
720575941564348562,720575940622623785,46148
720575941610543206,720575940631524951,18420
720575941529422724,720575940615942978,60414
720575941530075576,720575940637282675,15464
720575941449684917,720575940615091030,64221
720575941688125196,720575940623315020,108265
720575941452888391,720575940616962885,20432
720575941411270767,720575940628788552,593936
720575941589571639,720575940637485939,138146
720575941565993063,720575940659613569,534870
720575941461049811,720575940625428368,95804
720575941500090786,720575940621752001,519389
720575941610108333,720575940621845018,166057
720575941587857988,720575940624799467,46850
720575941584082654,720575940627265274,16085
720575941431340536,720575940629336770,256925
720575941529262468,720575940603695025,31438
720575941650897393,720575940622864681,540014
720575941611607260,720575940606920578,126710
720575941679465149,720575940637541773,118323
720575941591598716,720575940613762015,547236
720575941458704368,720575940615922971,513561
720575941506831429,720575940627699538,116240
720575941447170836,720575940629207055,14733
720575941510064594,720575940627902268,101032
720575941427899220,720575940611932586,533368
720575941448667229,720575940611730642,52130
720575941486821126,720575940621910399,19025
720575941653263577,720575940658755201,52197
720575941352918576,720575940632407826,11131
720575941516511660,720575940622366983,62634
720575941573991176,720575940623073205,30172
720575941458767007,720575940627346684,56700
720575941504090162,720575940618167579,512071
720575941497705890,720575940630603514,57598
720575941429718447,720575940623337471,104014
720575941506346018,720575940623747145,13120
720575941452743475,720575940628149763,50445
720575941475096874,720575940628401681,27760
720575941579789649,720575940629353788,39033
720575941626147786,720575940628260106,543177
720575941498912891,720575940613027557,101874
720575941594858885,720575940629586938,156440
720575941566702183,720575940631989473,13290
720575941657211928,720575940609548920,42815
720575941613469916,720575940610745373,28131
720575941641695845,720575940604212396,28243
720575941633850299,720575940613558225,13291
720575941439292479,720575940633352929,61177
720575941469294967,720575940611314346,19653
720575941663678844,720575940631098947,23096
720575941393692054,720575940621047632,14131
720575941607618925,720575940635025765,52702
720575941458518000,720575940629399287,189949
720575941453578665,720575940643418391,137734
720575941504356951,720575940625523640,33546
720575941563451746,720575940623140607,85601
720575941625686636,720575940616639417,127651
720575941576455016,720575940625005031,531248
720575941732586539,720575940609589443,15064
720575941528551812,720575940619704235,24741
720575941643574392,720575940606279179,816710
720575941526929508,720575940628234599,521456
720575941545761972,720575940621191244,42804
720575941645188984,720575940625765520,15678
720575941598390976,720575940632495385,19382
720575941477419828,720575940627044885,11103
720575941629917990,720575940625178768,521618
720575941657228824,720575940625811337,167248
720575941545549756,720575940624156696,209503
720575941569692404,720575940630797305,246727
720575941586666206,720575940626822233,523028
720575941430461432,720575940628133335,28829
720575941645308577,720575940627184583,169691
720575941632241900,720575940610125688,15171
720575941476231530,720575940631087431,79084
720575941477431361,720575940640886616,521270
720575941575910760,720575940626423171,61071
720575941689278683,720575940623446092,87853
720575941531525835,720575940612171237,18219
720575941622919420,720575940618408029,126681
720575941484847682,720575940616138911,34990
720575941534456858,720575940613427198,39206
720575941572719006,720575940620582260,12325
720575941531236581,720575940623316749,127136
720575941663639420,720575940627099322,12382
720575941581855865,720575940625849031,532907
720575941580068085,720575940620713844,901240
720575941574779912,720575940629639550,558897
720575941474860842,720575940628354216,137784
720575941532427698,720575940637203389,909723
720575941553879431,720575940629665989,69870
720575941351407664,720575940631518372,46948
720575941643594696,720575940644282528,140677
720575941658571544,720575940625394320,50153
720575941510548690,720575940626933928,109887
720575941513101411,720575940618590923,580653
720575941412647791,720575940629273913,16212
720575941524244223,720575940622433050,169605
720575941554251291,720575940630558751,174319
720575941535660737,720575940631367439,114965
720575941516264538,720575940608970197,12840
720575941612333158,720575940638616542,18130
720575941626178250,720575940628006855,134524
720575941458870431,720575940644452040,102963
720575941607244397,720575940633698970,26154
720575941668013745,720575940633683757,135185
720575941617757909,720575940620034102,512573
720575941526953474,720575940637079667,518176
720575941533842307,720575940612494997,516454
720575941575525992,720575940615578043,11048
720575941472609632,720575940631844300,41107
720575941432092513,720575940615462978,117583
720575941573447675,720575940609630357,24852
720575941434897550,720575940632300205,133896
720575941686241519,720575940617047581,63301
720575941565572150,720575940624427704,103239
720575941496973952,720575940606762686,10702
720575941452019066,720575940613640685,13048
720575941642602360,720575940631086151,47016
720575941440496987,720575940608490435,59681
720575941527162905,720575940628352850,10118
720575941654723284,720575940633806637,11609
720575941575970191,720575940620317793,18418
720575941623968764,720575940629979087,17808
720575941552814398,720575940635175023,36144
720575941628651046,720575940608148693,551436
720575941458547667,720575940631759161,76005
720575941500329099,720575940607991819,24873
720575941641465682,720575940639232309,14024
720575941612042972,720575940634138743,89420
720575941482695354,720575940619551824,391643
720575941536585754,720575940642928328,18480
720575941404461168,720575940615480610,65686
720575941687786870,720575940628548711,518123
720575941584483070,720575940625911736,679610194
720575941488585161,720575940627814728,556717
720575941555695187,720575940627463043,565685
720575941554463259,720575940620395456,93101
720575941523396939,720575940635934143,18332
720575941526741837,720575940615507710,50866
720575941459254943,720575940625916190,67524
720575941565385058,720575940617955099,520721
720575941466120470,720575940625067495,60751
720575941537758184,720575940620197759,31903
720575941471412599,720575940614385123,69838
720575941547337140,720575940621318420,131125
720575941438247442,720575940625747593,532858
720575941535228353,720575940623626288,211648
720575941479021024,720575940627016762,80981
720575941438712594,720575940625031230,520439
720575941628095545,720575940624105742,18573
720575941448180317,720575940604889376,50545
720575941453388339,720575940607702217,29249
720575941607727469,720575940606611977,66249
720575941560025103,720575940629588465,27562
720575941539291378,720575940619822784,11017
720575941603522294,720575940615501529,95947
720575941633920443,720575940609025092,521274
720575941439633983,720575940620878785,14029
720575941630633669,720575940636809646,511989
720575941431036553,720575940624956860,53258
720575941437998354,720575940627144138,523926
720575941500700139,720575940608838958,240034
720575941479563650,720575940631543414,519337
720575941485819277,720575940639080932,36373
720575941667252211,720575940617936641,20371
720575941533680003,720575940645264238,511853
720575941670177969,720575940626537468,18706
720575941408427823,720575940611504613,65424
720575941491407054,720575940623045267,129391
720575941632333472,720575940660228737,37207
720575941353201200,720575940611663218,45248
720575941637984629,720575940621843382,104519
720575941611360230,720575940622224553,20622
720575941681091517,720575940609766293,40763
720575941650521841,720575940634192339,123248
720575941644010853,720575940624833673,535512
720575941624746954,720575940611526776,106024
720575941631973792,720575940629280586,96836
720575941412273007,720575940621128063,145031
720575941526318302,720575940659591297,500077
720575941428952568,720575940613170385,248046011
720575941723680058,720575940625009917,407498
720575941573778319,720575940626755144,39150
720575941603577273,720575940624300471,530885
720575941612337766,720575940608198101,13653
720575941543225629,720575940630950144,135588
720575941598932416,720575940607988745,35217
720575941686886006,720575940610940462,63121
720575941528645764,720575940623166302,155709
720575941486968717,720575940631249147,81474
720575941453002153,720575940622685398,131386
720575941499525026,720575940644506222,13011
720575941475615041,720575940628188751,86380
720575941578963545,720575940627180618,57210
720575941488251600,720575940610456469,43832
720575941414395025,720575940613296613,12964
720575941527466372,720575940608661955,13090
720575941574181263,720575940624111408,18093
720575941638453621,720575940626879484,198139
720575941442216795,720575940619729835,190501
720575941466574166,720575940616955137,76366
720575941432123745,720575940626174077,127432
720575941565585159,720575940630277223,32231
720575941557487396,720575940616457670,26503
720575941441893823,720575940612268199,67972
720575941584630111,720575940620718040,10718
720575941408845871,720575940624962341,24071
720575941435153038,720575940622416903,195910
720575941390604438,720575940617484248,102964
720575941536094913,720575940626408073,130595
720575941525540633,720575940639986877,521604
720575941540332749,720575940632033875,146728
720575941579062261,720575940622006506,69651
720575941535371442,720575940626890852,238142
720575941609723750,720575940622081516,100809
720575941542335005,720575940628864087,30089
720575941566626919,720575940610476145,37736
720575941593419813,720575940628056842,41187
720575941414420884,720575940623564617,513125
720575941603801790,720575940625879890,48230
720575941569254906,720575940625232009,29017
720575941516227674,720575940635774071,26862
720575941534309057,720575940635484517,24164
720575941504327874,720575940623165257,126506
720575941408891822,720575940617092569,11042
720575941438381586,720575940638901875,19009
720575941482146499,720575940653299617,25350
720575941606505069,720575940618545940,54606
720575941352800048,720575940625700124,10493
720575941502256834,720575940619967879,106691
720575941495704775,720575940612031469,17028
720575941486680717,720575940630610042,524968
720575941533633985,720575940616507807,34737
720575941510433296,720575940631154743,512319
720575941663102520,720575940644751652,13585
720575941471773195,720575940631589407,531277
720575941506896805,720575940636895406,11740
720575941401613091,720575940632401804,38360
720575941576716633,720575940642105248,36341
720575941449409325,720575940625688463,514664
720575941613604883,720575940612721063,523560
720575941513521923,720575940625454596,514566
720575941723807546,720575940628552247,26416
720575941474871338,720575940624057853,10429
720575941461051076,720575940621848873,13280
720575941449688109,720575940618370260,80339
720575941730116395,720575940635678942,518779
720575941506248215,720575940618234704,20016
720575941662306616,720575940622289919,142440
720575941438636562,720575940612812434,27904
720575941576562792,720575940628436282,11821
720575941551093639,720575940612019825,20288
720575941663588220,720575940641785845,14261
720575941658800664,720575940633073052,326147
720575941652885521,720575940608223701,18316
720575941628252985,720575940635491758,114002
720575941458339568,720575940633044193,65027
720575941536791322,720575940620235796,47019
720575941507049239,720575940654094241,13443
720575941628112953,720575940613412147,72276
720575941611149642,720575940619130096,17562
720575941529119672,720575940623102090,127962
720575941565634606,720575940634647732,25045
720575941460685011,720575940634226287,34277
720575941486003010,720575940612211496,532800
720575941589320759,720575940626904392,514520
720575941473003562,720575940614052970,46256
720575941654866900,720575940630968335,202888
720575941574277883,720575940622775303,531637
720575941662618680,720575940629154545,47037
720575941556034276,720575940635449239,31549
720575941478332034,720575940626153488,18000
720575941505852485,720575940636266615,83559
720575941547481633,720575940619936933,83161
720575941662081916,720575940609860803,26584
720575941611967974,720575940618612253,20613
720575941595083734,720575940625638916,43782
720575941470713207,720575940624916226,77590
720575941614541075,720575940630159676,24698
720575941499119585,720575940623766458,16550
720575941688026607,720575940618064950,84834
720575941623777900,720575940609585250,65843
720575941500071842,720575940638495677,65649
720575941516280922,720575940612718563,10253
720575941437649471,720575940628603842,28044
720575941573752328,720575940626217244,10386
720575941496912865,720575940621608363,140524
720575941563874658,720575940633952869,110453
720575941567804666,720575940634595865,47688
720575941474882346,720575940644361582,15202
720575941611688934,720575940633172684,485322
720575941440355157,720575940615964614,17097
720575941477022513,720575940619071646,32180
720575941492039143,720575940628360970,523551
720575941439551295,720575940606806473,22894
720575941456292336,720575940638594768,38268
720575941460256400,720575940639420742,530619
720575941589534007,720575940629791288,25464
720575941584574174,720575940618409446,75654
720575941550238269,720575940610486830,30651
720575941400930851,720575940640883363,31167
720575941537994211,720575940637726180,52706
720575941598504860,720575940628814869,20723
720575941733262891,720575940616797813,205328
720575941536645898,720575940613428502,71272
720575941457404742,720575940607837707,52191
720575941451188346,720575940625667365,64141
720575941721633594,720575940629300736,511829
720575941473472608,720575940618027143,118792
720575941483828154,720575940615394527,22115
720575941556809892,720575940629389827,63367
720575941564570368,720575940610318450,46436
720575941632502764,720575940639172585,14815
720575941593505387,720575940617249254,13045
720575941410289579,720575940622538461,86876
720575941607805293,720575940630595706,82516
720575941656914712,720575940619597878,51464
720575941408057647,720575940623985189,115501
720575941438152277,720575940622404376,45022
720575941545040473,720575940629091146,553205
720575941438767916,720575940631974739,26701
720575941450105678,720575940636381673,519508
720575941534255370,720575940623099862,24519
720575941520564663,720575940621051468,107009
720575941486712130,720575940626472979,14901
720575941632563397,720575940624107706,145419
720575941438646290,720575940613929391,12038
720575941527550374,720575940637612429,47487
720575941416477980,720575940614965190,54638
720575941576768857,720575940613804906,24187
720575941565198946,720575940622324009,122277
720575941510443280,720575940605391136,66950
720575941467342934,720575940634360824,15967
720575941476225822,720575940617362150,178454
720575941596099953,720575940617267739,19352
720575941593410855,720575940623194406,120892
720575941413726097,720575940640270976,54532
720575941552770817,720575940631280721,10651
720575941480383139,720575940646439044,57232
720575941688163596,720575940625055498,137101
720575941559254317,720575940620750463,64232
720575941551349160,720575940620149101,168190
720575941431138223,720575940616220765,237523
720575941599290409,720575940620896597,99557
720575941562400354,720575940653737889,45399
720575941642868385,720575940605282406,20473
720575941414155665,720575940639838005,55807
720575941461674436,720575940637308605,10888
720575941539085005,720575940629107984,123750
720575941688977932,720575940628307026,268386
720575941561900589,720575940632845476,15610
720575941534028570,720575940623020263,11635
720575941521155767,720575940630448431,110166
720575941655202265,720575940632001640,33220
720575941583066975,720575940616794525,45116
720575941480722851,720575940621470028,262865
720575941483094269,720575940635146926,221747
720575941613707484,720575940627091006,18001
720575941558040868,720575940633345375,60943
720575941466656854,720575940640582352,32349
720575941628234297,720575940626415121,47899
720575941518177964,720575940631095158,20162
720575941599068864,720575940613655483,22787
720575941534480818,720575940627675408,31597
720575941626162331,720575940638192829,156203
720575941548268577,720575940613021810,129861
720575941595060950,720575940633201828,129858
720575941516228442,720575940607774044,13009
720575941583384671,720575940615596850,10418
720575941477006388,720575940629860919,27800
720575941593068395,720575940622239265,152174
720575941669470641,720575940624520254,168564
720575941564296338,720575940618392187,42080
720575941575695145,720575940624195071,149020
720575941484195514,720575940623786376,11662
720575941581749113,720575940625337116,38049
720575941393645462,720575940615742977,146988
720575941483598333,720575940638165875,80679
720575941598720412,720575940614465199,30429
720575941542721372,720575940646419747,11580
720575941536037313,720575940621390889,44505
720575941481403555,720575940614837811,50682
720575941598871744,720575940619042427,15732
720575941652579093,720575940607384242,11466
720575941510212880,720575940616355257,31552
720575941584476126,720575940618450496,35680
720575941505373207,720575940613793602,139887
720575941572883963,720575940620611866,105570
720575941566980142,720575940627314703,118241
720575941556672484,720575940635699863,61020
720575941536903616,720575940618514846,209194
720575941474797866,720575940611886554,556268
720575941611038185,720575940620842111,61079
720575941575529359,720575940642410020,13906
720575941438866476,720575940624872380,62520
720575941431981153,720575940629786998,27846
720575941671764647,720575940629434118,11735
720575941593448999,720575940628743496,10023
720575941688180492,720575940615731818,43164
720575941496146811,720575940642855328,20818
720575941461407955,720575940619191966,519773
720575941496676295,720575940624986919,519896
720575941461644243,720575940617466693,33910
720575941503574251,720575940618901675,21168
720575941498655201,720575940617575057,140815
720575941579645173,720575940620551046,185564
720575941617688789,720575940615723077,11827
720575941586101382,720575940645872004,536930
720575941477801793,720575940647423353,63606
720575941533476530,720575940618788033,67958
720575941516851347,720575940613072382,89773
720575941625546698,720575940625301860,46801
720575941431912206,720575940625953598,122153
720575941569247994,720575940624313578,10011
720575941441368923,720575940623143262,82901
720575941480941903,720575940629153020,10034
720575941436938028,720575940614342823,81504
720575941513786577,720575940644748960,64742
720575941451278407,720575940621229702,110363
720575941561252776,720575940626243614,16263
720575941530115813,720575940624905404,27926
720575941557838756,720575940631549202,13277
720575941625885753,720575940620606580,525419
720575941471781131,720575940634165646,22357
720575941513913164,720575940621346473,178949
720575941597059996,720575940619531072,203010
720575941406692399,720575940636795620,33897
720575941537719282,720575940637450074,15520
720575941513630554,720575940625834554,37835
720575941563218944,720575940630868281,11770
720575941552003463,720575940640682611,132684
720575941552590910,720575940610264490,26687
720575941508877441,720575940627134470,535465
720575941466429526,720575940650176889,52250
720575941640135455,720575940634534255,131748
720575941554433819,720575940632736045,69842
720575941626135754,720575940615647500,34529
720575941579178965,720575940633180973,110066
720575941430417111,720575940655155105,82400
720575941482941693,720575940619613972,54085
720575941564525319,720575940630006007,63856
720575941580530677,720575940617225589,14341
720575941613332444,720575940614702239,68321
720575941449964922,720575940640443533,91776
720575941577936209,720575940622623501,17610
720575941611313738,720575940628975107,38322
720575941406254639,720575940627457113,43646
720575941640023327,720575940639892824,51032
720575941593094614,720575940636067252,55005
720575941439454783,720575940623033532,27041
720575941400008739,720575940632477101,61789
720575941583854943,720575940611784618,29000
720575941703252186,720575940632560098,540071
720575941557572516,720575940627373913,34181
720575941595114454,720575940631262506,14483
720575941655253716,720575940619197504,82729
720575941566059318,720575940627796996,122744
720575941590117630,720575940619741104,511814
720575941538067939,720575940624039655,75025
720575941575206408,720575940611397166,10251
720575941505707836,720575940619876150,81301
720575941347011031,720575940630607212,31196
720575941703160026,720575940625854616,20328
720575941643355297,720575940619784033,123964
720575941479765378,720575940629290191,28671
720575941666505459,720575940632674605,128161
720575941554219418,720575940622704922,54790
720575941471357047,720575940618735517,25912
720575941643337889,720575940623113802,52973
720575941487226886,720575940627290457,313080
720575941537860067,720575940629493882,18331
720575941471052299,720575940627988367,94870
720575941611444457,720575940631900697,55207
720575941496827259,720575940625465487,41240
720575941610258918,720575940633307475,555651
720575941668474099,720575940612120026,39217
720575941508997154,720575940620950042,16336
720575941529282488,720575940627391473,539822
720575941633028549,720575940642422157,11508
720575941434331424,720575940628959208,51058
720575941568446766,720575940636309093,205884
720575941450530909,720575940615677499,63999
720575941521570743,720575940625992781,10586
720575941526169254,720575940621836397,221606
720575941453683881,720575940633227428,65108
720575941503657707,720575940604903968,141988
720575941612473830,720575940622705416,286828
720575941552765594,720575940622466565,46099
720575941507949953,720575940633183372,27543
720575941401231395,720575940629521861,154082
720575941410811307,720575940612404478,518530
720575941588000823,720575940645599268,48120
720575941532374915,720575940618242338,29633
720575941416045596,720575940622382285,43422
720575941613287900,720575940619009195,58449
720575941568277806,720575940618971457,32702
720575941437767903,720575940617071906,56626
720575941721719098,720575940622511507,514123
720575941730667819,720575940636224142,105676
720575941520468663,720575940638757464,19806
720575941498677883,720575940626938645,15561
720575941569993330,720575940616572299,201597
720575941595542055,720575940623232392,76145
720575941477965633,720575940631976729,569525
720575941505943109,720575940628808235,49442
720575941594185942,720575940630588202,559015
720575941462782221,720575940620257750,27816
720575941453031239,720575940631738472,529456
720575941491972327,720575940624651189,13065
720575941469508573,720575940634336924,165408
720575941429865175,720575940617876048,59715
720575941472014944,720575940619470256,156593
720575941519658862,720575940629846722,11724
720575941450363770,720575940622361270,18714
720575941528109222,720575940627826760,10544
720575941624579580,720575940630272343,44126
720575941526182914,720575940617123028,51065
720575941600809001,720575940619876267,27722
720575941515600218,720575940628366462,161351
720575941551871544,720575940621399679,580987
720575941516023642,720575940617282075,21568
720575941498483425,720575940621634913,24508
720575941393748630,720575940618608110,53588
720575941503786219,720575940621895382,21472
720575941533418883,720575940628346194,116859
720575941502454155,720575940619600449,48776
720575941591608460,720575940619296325,14882
720575941352473648,720575940626510869,19685
720575941496929408,720575940626495109,28991
720575941504568002,720575940626498566,522827
720575941411438763,720575940615626562,11672
720575941566034279,720575940618097573,170990
720575941483186374,720575940617517691,32315
720575941691254680,720575940605811657,38926
720575941413713812,720575940633177570,98652
720575941505673566,720575940628582607,17120
720575941489812277,720575940616886301,11121
720575941538877077,720575940625066569,521806
720575941594366678,720575940611429422,89870
720575941611690204,720575940604125920,32790
720575941505644860,720575940616792577,543472
720575941529140664,720575940640885411,521100
720575941487922384,720575940624722924,99529
720575941570038485,720575940625155884,97020
720575941565932647,720575940640747995,83242
720575941589269828,720575940625463048,28110
720575941598918080,720575940639209013,59860
720575941520883127,720575940615959702,276378
720575941733143339,720575940626888250,16731
720575941393214724,720575940628533036,61540
720575941609968159,720575940643047460,227633
720575941723386170,720575940644275223,13734
720575941565360482,720575940639697827,529515
720575941533542232,720575940622053185,14370
720575941563533714,720575940614926790,651813160
720575941462728848,720575940612491929,58061
720575941544520965,720575940614649581,69427
720575941543392029,720575940611855826,95482
720575941494975102,720575940603801056,21128
720575941543190045,720575940625063356,16016
720575941475543611,720575940616413894,16084
720575941485827981,720575940621636109,38120
720575941665097203,720575940631124076,30465
720575941514243321,720575940626322988,126614
720575941491403726,720575940635953038,532947
720575941632233403,720575940628081393,184563
720575941579149401,720575940632989291,38757
720575941410908527,720575940641682128,87358
720575941503805931,720575940630005147,15224
720575941566120793,720575940637243237,131944
720575941617610111,720575940611160930,26344
720575941546811580,720575940624436006,167844
720575941559349293,720575940608211780,129142
720575941559351311,720575940640229437,74205
720575941533206616,720575940616976434,20481
720575941555361537,720575940626559490,73326
720575941543684357,720575940622712772,28940
720575941593188904,720575940618189227,533704
720575941642906529,720575940626889491,12447
720575941481046179,720575940626587921,31923
720575941595637287,720575940619875157,37323
720575941473116512,720575940622667303,11282
720575941443092906,720575940611486131,93874
720575941463078800,720575940622352764,36623
720575941508743553,720575940615582988,141946
720575941617755605,720575940623533749,31330
720575941548327713,720575940637536397,121244
720575941431199329,720575940604681830,27686
720575941631945452,720575940626901521,903455
720575941531292645,720575940607839189,11372
720575941452175226,720575940626436741,70486
720575941548442685,720575940624970933,47642
720575941476929566,720575940617415803,24831
720575941536564672,720575940619772513,170066
720575941489777639,720575940650870774,121959
720575941484914242,720575940621586854,16892
720575941517035411,720575940615062312,580850
720575941624444810,720575940631187048,27579
720575941526456486,720575940624050407,76039
720575941559070942,720575940629097744,114077
720575941703324122,720575940616730251,30718
720575941491312585,720575940619918203,10229
720575941436549676,720575940627305833,117069
720575941581648761,720575940618514043,12886
720575941527162278,720575940614523871,127372
720575941571812254,720575940620996357,48086
720575941617714303,720575940618025748,36670
720575941563179159,720575940626452879,13440
720575941628099129,720575940639692888,514363
720575941479120291,720575940620714479,132570
720575941526951170,720575940635146848,13184
720575941561568301,720575940644654871,18969
720575941528315320,720575940621388947,518908
720575941414743700,720575940619731393,131216
720575941528224994,720575940635081464,922343
720575941507181662,720575940635070143,149188
720575941593271254,720575940653758625,28504
720575941534188632,720575940617496925,12759
720575941626068170,720575940615274914,11163
720575941611276134,720575940623824106,511818
720575941399549468,720575940627284666,54037
720575941546588009,720575940623699383,45059
720575941685913356,720575940644658542,13892
720575941496347847,720575940617765405,512859
720575941589964542,720575940637509190,79193
720575941610302438,720575940615232217,21151
720575941550148724,720575940632722771,11598
720575941489064757,720575940624706452,110506
720575941519675246,720575940625470526,104115
720575941515763459,720575940630840493,14540
720575941499427490,720575940613531365,11807
720575941431312142,720575940635593396,21186
720575941546585276,720575940623463036,514324
720575941513768780,720575940622066390,10216
720575941533420675,720575940637731955,35587
720575941460796848,720575940612960552,366857
720575941574330525,720575940629914831,18793
720575941577571417,720575940619795883,47026
720575941623888892,720575940620883956,68008
720575941564811574,720575940645422884,136059
720575941459013791,720575940633537505,28167
720575941459171398,720575940626850352,52152
720575941467819030,720575940624023480,117356
720575941480235171,720575940628757886,27285
720575941515936259,720575940639438208,16319
720575941551874110,720575940618763569,167913
720575941477380382,720575940629739068,45062
720575941687217014,720575940642364872,61087
720575941593285416,720575940623147802,524860
720575941553609114,720575940633738209,930758
720575941545952105,720575940635540671,13760
720575941539816061,720575940621157645,521377
720575941477735233,720575940625161368,533460
720575941474874154,720575940610974577,13371
720575941650025713,720575940624079288,202457
720575941700316378,720575940622042603,525126
720575941464281357,720575940627196004,16052
720575941573896786,720575940626265677,182839
720575941555436452,720575940618079956,59067
720575941466091862,720575940612881114,56140
720575941644144978,720575940630151455,16174
720575941393938838,720575940625732624,68571
720575941554456577,720575940624551349,54012
720575941574671517,720575940627542316,32166
720575941477700660,720575940646274670,417195
720575941581421151,720575940637119302,102318
720575941626651961,720575940634423833,18391
720575941681143741,720575940632964423,11349
720575941450020277,720575940615668441,19996
720575941476746036,720575940628825282,192903
720575941667773361,720575940638793304,28398
720575941553905409,720575940620015201,166688
720575941588915340,720575940624310857,523541
720575941484510349,720575940623139111,41193
720575941573950472,720575940619949878,195407
720575941580521717,720575940640957837,528965
720575941496443008,720575940623740771,17892
720575941506645086,720575940633453485,122146
720575941618637439,720575940616835717,13489
720575941532239235,720575940605072742,30707
720575941486145488,720575940638212942,64423
720575941595617925,720575940616742657,72059
720575941490095847,720575940615288799,138464
720575941482725062,720575940639935989,134114
720575941431720440,720575940640789619,10092
720575941529885624,720575940627885193,154445
720575941644291154,720575940639606747,25335
720575941527187588,720575940632365383,811400
720575941403058800,720575940637250661,30017
720575941508318046,720575940620565339,19170
720575941632374459,720575940608770313,16811
720575941499457097,720575940626705497,637495444
720575941451037767,720575940640259061,35465
720575941592983665,720575940628083516,14502
720575941623097084,720575940630902083,197319
720575941573559547,720575940625101668,138074
720575941625995884,720575940624323475,18156
720575941643940709,720575940634935065,533026
720575941483766458,720575940640372021,13832
720575941431444577,720575940622524148,46873
720575941482354115,720575940613992657,10645
720575941549876223,720575940631173120,39503
720575941546817160,720575940635531671,141907
720575941537820648,720575940603673056,25730
720575941652040725,720575940633616332,10410
720575941492585854,720575940643221271,535488
720575941435529870,720575940633918304,47414
720575941472048704,720575940629900226,11025
720575941477712193,720575940610669994,22891
720575941453362857,720575940629918775,590182
720575941558567539,720575940612102754,210489
720575941589483575,720575940620755439,37493
720575941652913937,720575940629901819,133394
720575941535351018,720575940619357264,394261749
720575941477894686,720575940613497395,10797
720575941616976597,720575940628702935,31839
720575941441555919,720575940620422932,50318
720575941491203559,720575940622132553,536550
720575941566409782,720575940627926215,21556
720575941530746315,720575940644301603,159014
720575941537503381,720575940639887757,25154
720575941460383302,720575940625654164,11010
720575941513197009,720575940624008777,41384
720575941530349515,720575940627829064,19027
720575941514119939,720575940615377319,31941
720575941594055281,720575940605738114,32281
720575941568199726,720575940625306603,10587
720575941506802967,720575940614660511,73096
720575941438674399,720575940627284123,158500
720575941524305227,720575940628220495,19413
720575941552319231,720575940646649220,40725
720575941587126238,720575940628741864,555638
720575941594726695,720575940614270673,121197
720575941415374364,720575940607182466,137204
720575941516994963,720575940634473497,185871
720575941569802234,720575940622510832,109167
720575941493663664,720575940615083381,53053
720575941491384270,720575940625022757,40309
720575941653831185,720575940609097429,519228
720575941526968345,720575940627728917,152383
720575941585478357,720575940627649359,169891
720575941575903158,720575940628851767,56059
720575941631357883,720575940640231485,41262
720575941553282970,720575940621554968,287798
720575941723463226,720575940630198083,75188
720575941559622957,720575940618703700,150902
720575941530647499,720575940636880959,12372
720575941538742989,720575940606626946,550411
720575941591871851,720575940635233471,154130
720575941470601280,720575940634532066,67215
720575941610917037,720575940620642940,800868
720575941449355869,720575940607580171,157159
720575941615497113,720575940621705693,18916
720575941511508690,720575940602382304,30705
720575941574663272,720575940606443442,42562
720575941589840183,720575940628778058,29183
720575941505260357,720575940624686060,59779
720575941583564678,720575940628261852,515677
720575941519828334,720575940628630315,20619
720575941547622580,720575940620211316,48790
720575941611406154,720575940621650175,50480
720575941502217611,720575940625670602,170999
720575941452959815,720575940633212556,16127
720575941466219862,720575940636527728,148957
720575941450717774,720575940612316514,65931
720575941574213627,720575940626831620,14115
720575941574933135,720575940632134625,40864
720575941521385399,720575940621689727,10847
720575941536262849,720575940636508517,18634
720575941594093937,720575940628932072,49935
720575941447863316,720575940629461442,10065
720575941659219536,720575940622922008,15584
720575941581027449,720575940623688119,19638
720575941530119352,720575940633429331,11953
720575941563507095,720575940616235348,522707
720575941657881112,720575940625932275,90574
720575941575011593,720575940616547867,39602
720575941624151690,720575940623287228,24502
720575941401991715,720575940646916148,18904
720575941487768528,720575940625496762,186942
720575941513994339,720575940609228245,30866
720575941680280509,720575940614835362,79237
720575941461449741,720575940625352852,521171
720575941652603121,720575940626658570,39825
720575941608816202,720575940637970665,72032
720575941506438309,720575940626234114,27596
720575941594670375,720575940613360295,82140
720575941513999825,720575940629142171,54568
720575941485014278,720575940638881699,47533
720575941507124247,720575940633214279,62131
720575941460163910,720575940646033028,201695766
720575941439558975,720575940629139834,512392
720575941566288950,720575940633686520,38222
720575941480434851,720575940626779398,130806
720575941516218259,720575940626851632,38927
720575941536815848,720575940654932385,61907
720575941536113690,720575940625056765,921048
720575941440441173,720575940616343441,13845
720575941550286708,720575940613221585,11656
720575941591326760,720575940636731247,62797
720575941451350138,720575940623295415,16923
720575941651078165,720575940642478792,52481
720575941661142584,720575940609937762,45804
720575941480015584,720575940629517049,17307
720575941439909343,720575940636344683,43160
720575941568796410,720575940623011622,40232
720575941631188384,720575940616579257,514291
720575941554952858,720575940638204132,10844
720575941525561444,720575940624287741,20594
720575941686682380,720575940614412511,69476
720575941479913858,720575940624675988,12533
720575941481366351,720575940637790527,14513
720575941433633056,720575940622726663,16434
720575941573318152,720575940621383629,167723
720575941507497029,720575940613792296,11001
720575941459719750,720575940624099987,65505
720575941484270598,720575940647021620,36952
720575941543441949,720575940603944672,32495
720575941447783956,720575940630743972,182027
720575941595542823,720575940612203482,524001
720575941553817572,720575940619611782,60567
720575941690811032,720575940610744725,82725
720575941406606127,720575940625267386,64432
720575941555674340,720575940636329579,13568
720575941609289290,720575940621954157,45782
720575941617830613,720575940611565778,51258
720575941579693301,720575940617672790,59443
720575941513721593,720575940638927960,55739
720575941394119830,720575940641148149,506334
720575941618095999,720575940605833673,49346
720575941564541440,720575940629901328,145374
720575941562419624,720575940620123015,44579
720575941581867641,720575940618669858,521937
720575941513844300,720575940615405718,520182
720575941569348858,720575940625182341,92936
720575941723424826,720575940625955992,17748
720575941430271407,720575940628527607,24366
720575941553979527,720575940622914548,103026
720575941515119363,720575940635069547,29481
720575941445207722,720575940621222792,137425
720575941569611258,720575940613626079,72870
720575941688824182,720575940605125152,58091
720575941535198746,720575940609079819,60013
720575941651778325,720575940621931900,77674
720575941551613211,720575940636994111,519348
720575941536368922,720575940634400631,88518
720575941498876897,720575940620162842,42096
720575941490590924,720575940628883535,12175
720575941438629695,720575940632835651,61341
720575941459902608,720575940626531177,520364
720575941594731478,720575940634967915,231573
720575941495354055,720575940619367105,89956
720575941583997318,720575940622559669,151395
720575941671970215,720575940627580702,31871
720575941688609548,720575940619529455,29298
720575941411344043,720575940628515115,37530
720575941611153069,720575940622942196,45658
720575941604760766,720575940624930999,52508
720575941476713780,720575940627334918,53150
720575941446087700,720575940647100707,28476
720575941617858773,720575940636666970,181406
720575941640573727,720575940624488781,37772
720575941578509401,720575940630690678,23382
720575941589202244,720575940616747934,127397
720575941609795402,720575940622247861,516974
720575941440117595,720575940625436170,27519
720575941600808489,720575940650976502,72827
720575941569421556,720575940621361573,20593
720575941444950442,720575940630181829,24640
720575941507298583,720575940629955372,14461
720575941458653855,720575940625786493,49447
720575941535231154,720575940631119468,21020
720575941477629802,720575940628198503,908747
720575941553898980,720575940628842240,524215
720575941526470146,720575940633272657,161375
720575941553970567,720575940625969200,65994
720575941440672085,720575940615879965,15672
720575941434966670,720575940629272791,36166
720575941476852254,720575940616185531,15148
720575941497438281,720575940632447018,172258
720575941507624517,720575940627619057,78559
720575941643381861,720575940628285973,500070
720575941573144221,720575940619284545,159706
720575941603312313,720575940616848214,533044
720575941502549079,720575940624225598,66517
720575941477985386,720575940638742249,16876
720575941558004239,720575940628241171,136875
720575941440793551,720575940626434435,13645
720575941469678711,720575940621506451,35310
720575941502791986,720575940632153826,62542
720575941484801602,720575940622987400,125437
720575941471320331,720575940630354792,191575
720575941669896113,720575940612883710,129341
720575941448833102,720575940618736331,43066
720575941598988188,720575940615976891,101548
720575941486565517,720575940646752052,66131
720575941521278391,720575940629153402,113342
720575941491157454,720575940626533634,15070
720575941459803859,720575940622199164,86733
720575941491475916,720575940612149362,20560
720575941486002573,720575940612087922,32496
720575941573657416,720575940617904208,10504
720575941480587394,720575940645834275,67982
720575941468996317,720575940625506704,82744
720575941564009223,720575940624678733,93603
720575941528039078,720575940630822607,16030
720575941412899473,720575940626184067,107338
720575941415707420,720575940624750480,10739
720575941513980483,720575940618135256,513888
720575941486681666,720575940620492126,58206
720575941575011983,720575940628989227,32857
720575941462444176,720575940627585028,93976
720575941463360525,720575940606429206,59870
720575941552235519,720575940613608190,83341
720575941493070768,720575940607030281,550598
720575941542714716,720575940618800064,15660
720575941659290192,720575940644496288,10685
720575941469796829,720575940618295675,21630
720575941524479307,720575940630004431,20888
720575941643071176,720575940639426805,59337
720575941593157227,720575940618371777,61605
720575941688153839,720575940630125884,21201
720575941546173876,720575940629091431,19828
720575941461958340,720575940628746690,16616
720575941549819965,720575940616840377,56209
720575941612144230,720575940650455286,28357
720575941504564418,720575940624323110,521305
720575941578425937,720575940620880367,132788
720575941392231940,720575940622228173,72289
720575941502858219,720575940618983937,78378
720575941605500094,720575940621044863,521480
720575941534806810,720575940630645729,129914
720575941534545089,720575940626156365,105553
720575941523511799,720575940612357326,56166
720575941467587606,720575940617552569,11614
720575941456842477,720575940627952683,32252
720575941486776642,720575940627490065,514441
720575941491354057,720575940648651140,125052
720575941480312995,720575940627189525,537520
720575941452632233,720575940635371164,35362
720575941546410089,720575940606475465,87005
720575941574657032,720575940621114974,14484
720575941596993925,720575940615718815,61215
720575941497669794,720575940622620961,45447
720575941639518239,720575940615457851,29119
720575941564910743,720575940621721709,195854
720575941572911176,720575940639453555,77225
720575941625698186,720575940616267462,120317
720575941450117754,720575940606976713,246432
720575941435983136,720575940623324395,523373
720575941586773982,720575940647020932,14893
720575941536927514,720575940622027809,112358
720575941655799764,720575940616620556,147877
720575941555378084,720575940627862415,127304
720575941500030626,720575940615763573,82059
720575941545932220,720575940614046687,79913
720575941576436918,720575940611958963,135713666
720575941516232026,720575940622674835,516291
720575941552165375,720575940626365768,165609
720575941472536640,720575940624532408,16795
720575941644694098,720575940638097630,539764
720575941670294193,720575940627475203,65350
720575941468310237,720575940623738516,200851
720575941515035651,720575940630063557,21475
720575941438736940,720575940661289345,11081
720575941548116084,720575940627159926,59693
720575941602283193,720575940604125886,156876
720575941611966227,720575940623697898,28332
720575941510704656,720575940637791603,20055
720575941440350293,720575940633095137,11159
720575941555764307,720575940625792698,59527
720575941514003555,720575940625500956,69463
720575941614432409,720575940614342038,12516
720575941406411694,720575940603094700,533062
720575941480060128,720575940644061550,79600
720575941554172807,720575940605725873,513079
720575941630646432,720575940604930481,13492
720575941652096277,720575940623145963,518915
720575941598325148,720575940649992569,40700
720575941451781801,720575940617984212,100316
720575941529658059,720575940617102715,37871
720575941526970212,720575940625431870,542726
720575941653259025,720575940623064909,39864
720575941561578329,720575940645548596,110016
720575941598434460,720575940614079715,517234
720575941593901681,720575940638864256,96830
720575941518138796,720575940604167712,28169
720575941461113540,720575940637576037,53986
720575941448075028,720575940633927519,17647
720575941476398897,720575940619910080,28961
720575941544884229,720575940632316690,103997
720575941690322584,720575940613490995,123675
720575941560187693,720575940626570242,658545570
720575941651128085,720575940631277160,63576
720575941655733972,720575940633085463,70598
720575941546076521,720575940615834598,54247
720575941571871241,720575940611087786,28152
720575941502443095,720575940630241239,68731
720575941491126222,720575940630244060,13442
720575941490648117,720575940625743204,46199
720575941681023421,720575940616832901,801153
720575941595083222,720575940622910989,15669
720575941631648955,720575940625421242,139519
720575941575633256,720575940631848791,58834
720575941490452277,720575940616046405,153491
720575941548655496,720575940623037720,556329
720575941516338937,720575940635119967,11956
720575941546654908,720575940619536331,14523
720575941633181115,720575940633104992,30880
720575941601731769,720575940614348438,14271
720575941548764532,720575940636286298,55208
720575941519109292,720575940616127931,14795
720575941525841945,720575940619288198,17011
720575941592598056,720575940629513948,71561
720575941459012848,720575940614710509,513688
720575941567819822,720575940620522966,542887
720575941542635356,720575940628310275,18593
720575941435949198,720575940619434587,28450
720575941546632636,720575940639483776,18853
720575941433061646,720575940635754853,513698
720575941596602048,720575940625573322,14332
720575941431385519,720575940630727675,36609
720575941477267230,720575940607683011,20471
720575941491651020,720575940637054554,573061
720575941574122934,720575940639622272,514044
720575941442861482,720575940610091955,15681
720575941461446355,720575940631904045,43734
720575941507496517,720575940620492373,18666
720575941529216952,720575940624742032,41172
720575941567010930,720575940620373469,26661
720575941595786885,720575940633563679,79276
720575941582843999,720575940640230205,17226
720575941662395704,720575940621388453,11160
720575941630062818,720575940641592795,16188
720575941412226415,720575940642837870,167420
720575941568558068,720575940645728132,519868
720575941572403976,720575940635637428,93947
720575941603329214,720575940615581964,62766
720575941634334395,720575940632737069,221365
720575941604023737,720575940604898988,181947
720575941566741351,720575940609454802,24034
720575941533022808,720575940631256271,56033
720575941460258515,720575940628962891,85538
720575941408820271,720575940623982323,15981
720575941595355094,720575940623265258,247534
720575941681339069,720575940622921827,14891
720575941453842483,720575940632803007,71018
720575941508744065,720575940622105182,10406
720575941592948008,720575940618385620,743179180
720575941629906726,720575940625414387,14741
720575941590551550,720575940615343060,17404
720575941503583794,720575940607343829,67047
720575941411046767,720575940634040312,58178
720575941469642205,720575940622171530,37690
720575941459736787,720575940627380841,71123
720575941532728195,720575940632868051,10469
720575941353115440,720575940617944379,37182
720575941519854190,720575940626091722,55164
720575941538559181,720575940614412434,81065
720575941470254400,720575940623636714,13509
720575941510509072,720575940619524852,322714
720575941438314770,720575940632055912,95806
720575941483354877,720575940630145071,162128
720575941436474156,720575940620086622,35659
720575941690640091,720575940610739173,175621
720575941495380935,720575940625143795,70414
720575941556462308,720575940617760257,41692
720575941507421986,720575940627751567,84153
720575941540607437,720575940612957480,512287
720575941485893698,720575940629699781,35267
720575941469321437,720575940637435726,137952
720575941564922727,720575940628311083,35684
720575941586738910,720575940631207479,533793
720575941457164447,720575940612779237,60019
720575941548288116,720575940621287201,512792
720575941560070771,720575940623683018,62835
720575941517867436,720575940627848196,518079
720575941574973705,720575940614189310,14976
720575941452046202,720575940629766095,38217
720575941550135447,720575940620167253,75028
720575941596425841,720575940618043806,37193
720575941546742105,720575940633663955,500006
720575941523264759,720575940621019674,28582
720575941521228215,720575940629130039,75464
720575941658837016,720575940630690508,24600
720575941474250026,720575940637891049,28868
720575941612219366,720575940638533693,22259
720575941690710936,720575940642916237,17966
720575941681236925,720575940652258806,13300
720575941638665247,720575940635018335,137458
720575941573069128,720575940622523425,60274
720575941522438391,720575940614328994,148442
720575941544453637,720575940639741347,520630
720575941436178720,720575940632973538,19826
720575941453262761,720575940619793940,234867
720575941540682076,720575940616076098,29538
720575941490624718,720575940632157631,514185
720575941588651844,720575940606195657,51742
720575941411350187,720575940634790648,11440
720575941557048996,720575940618203348,75991
720575941651946005,720575940637160937,15751
720575941451450793,720575940613073918,108428
720575941608283978,720575940624449881,48575
720575941441256539,720575940639599323,121404
720575941534386098,720575940616757478,49127
720575941459864260,720575940625457712,76878
720575941532814309,720575940617374465,41203
720575941519533678,720575940629676396,23868
720575941611874268,720575940612371941,52491
720575941536348643,720575940632631889,131998
720575941532783333,720575940627398984,11712
720575941465421142,720575940613478678,134589
720575941477757761,720575940638463395,53692
720575941525185538,720575940612508053,13109
720575941486078349,720575940631731620,106115
720575941650695665,720575940605419966,70262
720575941584372614,720575940626745392,20584
720575941402864240,720575940615706966,97590
720575941635226841,720575940637183165,68109
720575941507482135,720575940629130343,137074
720575941533363331,720575940628212123,45083
720575941655123668,720575940616855074,169143
720575941508604033,720575940610501571,24056
720575941534746602,720575940620336929,67637
720575941508332560,720575940625033998,518482
720575941567840302,720575940625733909,549729
720575941511477714,720575940634733025,120423
720575941439767007,720575940636621540,165302
720575941542778204,720575940633676569,107575
720575941574358927,720575940628030738,94283
720575941441886811,720575940621493068,519516
720575941598094528,720575940646768419,11590
720575941531416011,720575940621159181,58414
720575941639508853,720575940616001036,531584
720575941548939553,720575940619489857,124562
720575941592893992,720575940625539984,11204
720575941475532347,720575940623225513,39491
720575941661140792,720575940618735105,43412
720575941613532892,720575940630689644,12831
720575941439948239,720575940613231057,103617
720575941611086410,720575940614997555,21783
720575941671638183,720575940616811092,108026
720575941570612672,720575940615750075,173273
720575941460757203,720575940619411008,29122
720575941643253624,720575940632564280,29596
720575941516056154,720575940622129449,48584
720575941436870207,720575940627358236,21231
720575941611136614,720575940618388463,160012
720575941480352707,720575940631949399,99454
720575941575004937,720575940629009513,10198
720575941598744000,720575940633057762,27119
720575941533014245,720575940618551345,72476
720575941506287639,720575940603713248,108160
720575941467769110,720575940624981436,139925399
720575941483905021,720575940605360817,521020
720575941490730702,720575940625866014,70764
720575941499535585,720575940612111346,154495
720575941690614936,720575940626254076,52814
720575941554158363,720575940613761858,29450
720575941546915516,720575940625675010,88531
720575941408767918,720575940603676448,30784
720575941546813545,720575940641698779,21787
720575941612647526,720575940617322043,100044
720575941517281708,720575940615211195,19982
720575941448412765,720575940629787223,42517
720575941650535957,720575940632240465,105841
720575941506298684,720575940618533265,27303
720575941564789511,720575940621334181,13454
720575941627614246,720575940619360085,33595
720575941590774924,720575940622461636,531739
720575941536197057,720575940627096957,10263
720575941597970368,720575940630900983,148789
720575941581684601,720575940640325429,524412
720575941459200326,720575940627384851,24690
720575941573331963,720575940614757974,25951
720575941496228219,720575940615686715,84797
720575941625541787,720575940630114108,95158
720575941596627904,720575940610844309,88786
720575941622452220,720575940614983474,46735
720575941467971350,720575940618188337,515844
720575941578070873,720575940614743080,122872
720575941534208856,720575940635859813,45815
720575941410253995,720575940621017840,83162
720575941482752451,720575940607309954,106965
720575941502135691,720575940625755413,68029
720575941477024564,720575940603853792,30155
720575941631922875,720575940652860662,50303
720575941352470576,720575940615528678,19454
720575941562656168,720575940614215149,15690
720575941431834382,720575940634918591,130364
720575941436313888,720575940637612974,17739
720575941464111117,720575940620958086,144311
720575941474980906,720575940618954331,17385
720575941668662771,720575940618116569,10776
720575941669543847,720575940613001841,75471
720575941482086595,720575940627713284,11532
720575941633206944,720575940610505006,10283
720575941644725960,720575940631448680,46430
720575941560900318,720575940627963409,50521
720575941557696883,720575940603747360,72472
720575941416830748,720575940636263543,520883
720575941451252393,720575940624026367,48969
720575941572667656,720575940618723531,25041
720575941514530892,720575940613403890,10680
720575941515210051,720575940635852901,13756
720575941658910488,720575940638989894,11158
720575941490884809,720575940627498152,34535
720575941414899345,720575940625733351,512245
720575941486613570,720575940620982192,40087
720575941518954668,720575940623791799,55111
720575941497944738,720575940619264193,20801
720575941598884137,720575940639894947,151090
720575941453641385,720575940653433590,15152
720575941403317104,720575940636481716,33570
720575941608338797,720575940627653419,142122
720575941471127104,720575940627055303,13212
720575941490643916,720575940615875933,54220
720575941615477913,720575940623857300,21991
720575941549289588,720575940610293683,73370
720575941526314340,720575940653288097,13324
720575941477453418,720575940627309297,47853
720575941432269271,720575940614089726,11713
720575941483707834,720575940631270954,16929
720575941565375798,720575940627004190,43942
720575941573466440,720575940631225740,48919
720575941632594592,720575940633727339,17179
720575941679225789,720575940636873705,39467
720575941441674075,720575940628915460,26989
720575941596082801,720575940605119776,16510
720575941731994923,720575940623377596,66802
720575941517727342,720575940622984701,23761
720575941506552997,720575940616987097,21115
720575941566642734,720575940629357676,19050
720575941559024366,720575940612803094,512220
720575941546484660,720575940636310414,46572
720575941565392391,720575940607907849,29765
720575941437556242,720575940617989076,123585
720575941564579072,720575940608783452,14677
720575941414449553,720575940628082053,11319
720575941439643967,720575940625482250,16609
720575941439652671,720575940634752666,28123
720575941643824210,720575940616365535,15668
720575941595125029,720575940607344306,259825
720575941569909106,720575940644473760,12386
720575941537296789,720575940627553923,19589
720575941430533513,720575940623437838,49754
720575941405473327,720575940605656521,42178
720575941438663442,720575940617736166,570126
720575941460191558,720575940619754699,16636
720575941557316004,720575940629574082,12224
720575941603202038,720575940620031366,512946
720575941525072973,720575940638300388,126503
720575941721185338,720575940604351078,538090
720575941542060124,720575940614197246,57508
720575941558603300,720575940622787210,24688
720575941531449547,720575940628669562,17843
720575941541271325,720575940606342089,12492
720575941483960573,720575940631328104,22494
720575941454768877,720575940631186596,132079
720575941633117893,720575940631875896,17044
720575941688629516,720575940625051319,11061
720575941639758367,720575940631538028,10169
720575941624128714,720575940620882270,40810
720575941427929684,720575940632777261,512842
720575941533394819,720575940616603973,38980
720575941441668443,720575940606888393,15307
720575941503461867,720575940629833020,13759
720575941497761442,720575940618523585,63324
720575941495190142,720575940626494722,84268
720575941414082452,720575940639094589,16774
720575941578244697,720575940619312705,121683
720575941459896390,720575940631622681,95403
720575941548222324,720575940623103724,38729
720575941563967074,720575940635079263,156860
720575941479267970,720575940630652876,16897
720575941467024150,720575940621967732,47017
720575941595788421,720575940615573365,35415
720575941557969444,720575940612951789,162905
720575941645511624,720575940637216624,521748
720575941613726227,720575940619932654,68750
720575941433241870,720575940619490133,14957
720575941614510099,720575940632159519,514034
720575941519869656,720575940633324627,11300
720575941391491588,720575940632783673,116706
720575941630606533,720575940621556062,71371
720575941479934432,720575940621082733,82669
720575941490732341,720575940631631564,15942
720575941532674435,720575940627824712,46376
720575941605523902,720575940627582724,12620
720575941615649433,720575940639219253,114685
720575941393886614,720575940627911579,52601
720575941638702197,720575940641462925,71775
720575941546427836,720575940625346130,37229
720575941555500801,720575940624061336,27713
720575941549136701,720575940613816726,12007
720575941542946137,720575940627427717,267744
720575941516794796,720575940621632646,177096
720575941400457251,720575940628656683,140866
720575941668618483,720575940615868054,14896
720575941679569853,720575940623444604,152505
720575941609302249,720575940632125410,61148
720575941510349584,720575940633215327,49871
720575941519387308,720575940606835401,526347
720575941610858570,720575940619738827,108233
720575941528306104,720575940617064716,11070
720575941565484295,720575940612560680,17775
720575941519344750,720575940631013203,580395
720575941537147797,720575940613118760,97899
720575941595854887,720575940633573836,10914
720575941351483696,720575940621380011,30585
720575941653977817,720575940632000993,35420
720575941595201573,720575940607375794,223783
720575941489759177,720575940634557594,38850
720575941460987347,720575940626705029,12790
720575941552392191,720575940630001464,521766
720575941438716223,720575940627390095,52160
720575941431296248,720575940633949613,521017
720575941489836085,720575940631916461,28256
720575941596225669,720575940618989982,88736
720575941466564694,720575940633842574,48137
720575941496151168,720575940624377638,35810
720575941585195910,720575940627498499,537961
720575941516339449,720575940622102561,35700
720575941488529461,720575940632429794,97534
720575941505249047,720575940629061627,55376
720575941436028204,720575940628145155,75468
720575941519077486,720575940613010837,64430
720575941431927767,720575940618006417,17429
720575941612489133,720575940624591357,530374
720575941611580774,720575940616878370,26163
720575941449705909,720575940616815424,25762
720575941689075608,720575940615392618,51202
720575941537061874,720575940637783971,54176
720575941611266278,720575940645150852,149458
720575941643934053,720575940612099045,19456
720575941595993221,720575940633658720,35975
720575941553136155,720575940608239371,37130
720575941532817125,720575940625065963,76711
720575941560868653,720575940635198064,82222
720575941576341686,720575940614009553,12390
720575941515862883,720575940634815327,138616
720575941645251704,720575940604125286,43242
720575941519900014,720575940628357714,13551
720575941448414740,720575940622313398,63441
720575941483653050,720575940621827419,516297
720575941533392515,720575940621605964,21412
720575941441987023,720575940637650830,16384
720575941609692077,720575940622331882,555967
720575941690643163,720575940619291271,55925
720575941643279304,720575940613261795,511803
720575941491289804,720575940622969001,119491
720575941475686961,720575940629098878,108854
720575941592767595,720575940623407143,52323
720575941448391005,720575940629312855,110787
720575941430655113,720575940627728783,132437
720575941562969426,720575940619741505,147777
720575941453744691,720575940620172272,138453
720575941481601219,720575940618326292,545597
720575941439209679,720575940627915580,511926
720575941492501424,720575940624367339,49757
720575941622863868,720575940620028982,818993
720575941537967053,720575940631578476,518160
720575941560404974,720575940611770978,18258
720575941438030354,720575940629225463,523930
720575941564875415,720575940634484581,557878
720575941576212406,720575940627269642,76394
720575941556475620,720575940621768986,32785
720575941515462905,720575940612125914,81008
720575941563345576,720575940619987438,20108
720575941536234522,720575940620219329,65570
720575941565285730,720575940605287358,11403
720575941450247517,720575940636505957,17438
720575941507543621,720575940630068327,48574
720575941525248770,720575940650338038,152295
720575941449261917,720575940622334646,41317
720575941410754415,720575940621096686,68194
720575941612175635,720575940636828334,514292
720575941625333915,720575940622285823,52990
720575941410131311,720575940626017917,17084
720575941509496848,720575940627726441,153870
720575941551540479,720575940625215416,239398
720575941527654840,720575940631275181,16601
720575941631727035,720575940626401869,112262
720575941504340418,720575940628325735,544926
720575941515395075,720575940620127573,175562
720575941466682134,720575940620459702,897061253
720575941596265093,720575940626107800,198460
720575941458115142,720575940620689136,70548
720575941534850570,720575940617766228,80614
720575941586674142,720575940628471916,514857
720575941490905545,720575940625092414,27347
720575941626193819,720575940617818708,200284
720575941431592545,720575940606698598,141224
720575941624253322,720575940613041123,86306
720575941567319486,720575940632771411,174126
720575941449158069,720575940622867900,34355
720575941539410325,720575940639598909,77633
720575941552497031,720575940639650126,122827
720575941581907833,720575940634538341,31612
720575941519571895,720575940623852996,186081
720575941546667452,720575940626859283,13092
720575941732484651,720575940627111752,12255
720575941524309323,720575940621123934,35488
720575941689945051,720575940617195125,72469
720575941463491597,720575940613440618,132371
720575941558195748,720575940620875399,29999
720575941566744935,720575940644050376,13061
720575941499336417,720575940628913404,13373
720575941552412699,720575940616665830,28382
720575941450221493,720575940631833912,25232
720575941514148867,720575940624851589,12559
720575941404711792,720575940614236200,520485
720575941411441323,720575940636454136,10672
720575941575380879,720575940616647730,47651
720575941537703400,720575940624786675,526767
720575941603958969,720575940619310757,15500
720575941627662393,720575940615082671,62584
720575941521070007,720575940621883844,33400
720575941590096524,720575940618761250,42364
720575941605189822,720575940629452348,63188
720575941654227412,720575940641223120,26246
720575941658842136,720575940621071536,17958
720575941531193731,720575940635596212,14210
720575941438128940,720575940622376925,49117
720575941453597747,720575940621291440,89455
720575941575431272,720575940621751643,50697
720575941650089237,720575940614526974,23590
720575941663370364,720575940631710860,57502
720575941580028405,720575940643249608,57052
720575941596596357,720575940610715346,15945
720575941537162010,720575940613981330,14010
720575941448356942,720575940621084352,67836
720575941540349053,720575940624076071,83823
720575941566371382,720575940656082849,148347
720575941585961862,720575940627098923,500369
720575941560167981,720575940625576962,30220
720575941535276466,720575940632021096,53643
720575941535977994,720575940625851523,23611
720575941486591810,720575940620717551,518234
720575941576854632,720575940612296154,11793
720575941427943764,720575940611119578,91782
720575941570119924,720575940617739860,34712
720575941536677056,720575940626632088,175019
720575941457779526,720575940618789798,96731
720575941524687972,720575940632164044,156179
720575941406195886,720575940630785084,45165
720575941400332579,720575940604192992,141606
720575941459323376,720575940625697772,33303
720575941689477528,720575940604487968,106788
720575941644799826,720575940620858606,529707
720575941538738813,720575940611297433,53929
720575941533990787,720575940630708498,13504
720575941545452121,720575940643746612,207336
720575941732656171,720575940631440687,42524
720575941529257348,720575940625273475,129845
720575941438500370,720575940611225237,17373
720575941640181279,720575940615785834,85616
720575941663081784,720575940609301515,91978
720575941523526146,720575940623862590,53920
720575941555769857,720575940612052850,58839
720575941499038537,720575940616532310,799497476
720575941658203472,720575940619318321,25348
720575941449402293,720575940636051311,12173
720575941393684886,720575940632530387,11101
720575941480066467,720575940628096488,146235
720575941603241913,720575940619725844,204564
720575941439786719,720575940624015287,16536
720575941589610124,720575940624483012,36681
720575941560113679,720575940629263888,13040
720575941632319724,720575940637550525,90357
720575941565347426,720575940614701730,22040
720575941574833160,720575940613281064,12272
720575941533724291,720575940627870952,161795
720575941498543689,720575940628716294,19855
720575941550122612,720575940622702576,39765
720575941519525592,720575940640971995,13356
720575941507735575,720575940628001639,233046
720575941590283262,720575940629664108,16139
720575941490217417,720575940622236374,558846
720575941652113685,720575940644726432,524799
720575941564364854,720575940619357131,80497
720575941572742558,720575940633323039,520024
720575941460426948,720575940635211365,106245
720575941543045149,720575940634140883,513711
720575941526950221,720575940612486371,26972
720575941607672685,720575940622488103,43839
720575941546565465,720575940610261187,158889
720575941490799157,720575940618936710,12134
720575941468805341,720575940630424407,44992
720575941655135193,720575940629504335,45146
720575941663663228,720575940632467743,80919
720575941595328625,720575940632700845,15075
720575941539243669,720575940660220289,10740
720575941435304736,720575940632690623,34871
720575941498895177,720575940621953133,39520
720575941688990171,720575940630745148,17302
720575941498275707,720575940631544659,90333
720575941430995081,720575940616881821,520078
720575941611524060,720575940625162754,61099
720575941555123027,720575940625290003,66812
720575941412301423,720575940621173025,31914
720575941565687262,720575940627519763,133729
720575941571611976,720575940621562278,99002
720575941731006251,720575940633291418,58718
720575941457368301,720575940618399417,118198
720575941474677825,720575940618658974,14306
720575941438712923,720575940627410042,19408
720575941624586651,720575940626140730,82444
720575941487783888,720575940625454162,18050
720575941472722272,720575940611401109,120884
720575941586355678,720575940629148419,174865
720575941671012263,720575940620657857,18679
720575941561964589,720575940621574780,66167
720575941557284900,720575940613441442,49839
720575941600105257,720575940624846008,185016
720575941506736956,720575940622675421,10552
720575941722957626,720575940622732010,11153
720575941486716482,720575940628029180,19073
720575941427642452,720575940627877150,42537
720575941541604637,720575940625450498,253648
720575941611911388,720575940626012493,95811
720575941391402500,720575940612603176,91237
720575941596141425,720575940628586283,12178
720575941575301007,720575940633210846,84642
720575941452397737,720575940623873259,1018025506
720575941533354506,720575940648653700,500012
720575941478474602,720575940620497286,41244
720575941625211035,720575940613743569,580188
720575941630750956,720575940623994367,12722
720575941535342563,720575940632281927,10047
720575941429260280,720575940635254368,36179
720575941624355580,720575940619488621,35297
720575941490765621,720575940633685459,11225
720575941551640711,720575940625176957,31760
720575941449635165,720575940640340944,520232
720575941450683258,720575940630131456,116697
720575941484166074,720575940618172509,20103
720575941518784366,720575940635631991,20744
720575941472181568,720575940639681907,22408
720575941589171012,720575940618332757,15587
720575941477229873,720575940647253795,12748
720575941504886499,720575940622182260,538060
720575941521209015,720575940627526735,241135
720575941634347195,720575940632831299,70337
720575941586297222,720575940641802971,520572
720575941448813134,720575940626671626,58810
720575941576239720,720575940640616253,521988
720575941499917474,720575940623780583,127702
720575941595376677,720575940615043222,11610
720575941503119595,720575940629778587,13086
720575941611389542,720575940614447922,65606
720575941488143824,720575940614633122,18324
720575941506237500,720575940624910887,10689
720575941525281124,720575940638214975,41422
720575941554309403,720575940638678616,513034
720575941559892851,720575940615370635,23416
720575941595048150,720575940634609775,121558
720575941482348218,720575940634626144,30497
720575941596627569,720575940608662318,13552
720575941511345362,720575940622946854,36903
720575941526411486,720575940632989011,764391339
720575941453025843,720575940605666732,41209
720575941586729182,720575940628505873,76161
720575941668575219,720575940627127746,13330
720575941611833577,720575940610677828,523679
720575941604176886,720575940609447179,511807
720575941539640818,720575940616545695,513466
720575941687449327,720575940620099566,70574
720575941477812131,720575940629428215,10727
720575941612321382,720575940637101413,19960
720575941571278408,720575940627287482,515404
720575941496093895,720575940634903800,23115
720575941497445089,720575940630546084,546181
720575941440709973,720575940632275025,39106
720575941543898044,720575940622581173,11919
720575941533054386,720575940616397791,511774
720575941534007128,720575940629792732,11281
720575941490486729,720575940629196023,29954
720575941518421164,720575940606069937,79671
720575941152370153,720575940628732471,549481
720575941504173762,720575940627746411,124200
720575941459045958,720575940623430365,91487
720575941466891862,720575940616888065,35259
720575941643976786,720575940610381778,109959
720575941574644623,720575940634606693,11868
720575941506349884,720575940612219629,24896
720575941510847248,720575940618769718,21270
720575941478323562,720575940637057614,66718
720575941523626743,720575940632666649,159249
720575941426049876,720575940635310743,31842
720575941624971914,720575940614522847,181166
720575941551716607,720575940612655733,65409
720575941414088596,720575940621305716,50969
720575941658640976,720575940617017305,85628
720575941442999210,720575940628152838,547586
720575941489433289,720575940631827256,97752
720575941489748942,720575940625826960,37224
720575941409903531,720575940620827425,29024
720575941477539124,720575940619464583,30557
720575941563344552,720575940620752408,906020
720575941401227299,720575940622440486,515653
720575941651688472,720575940626177482,104750
720575941567365934,720575940628599555,96746
720575941519657582,720575940604938156,12525
720575941550143604,720575940633263073,32918
720575941503892203,720575940612987541,19717
720575941555439105,720575940619667541,514987
720575941594014833,720575940658619265,39817
720575941476647985,720575940628806876,95186
720575941452875847,720575940634301852,515718
720575941603720633,720575940633771745,13348
720575941651666193,720575940628962663,169155
720575941459077702,720575940627286344,167497
720575941466690646,720575940633475609,174801
720575941526723940,720575940623925173,17367
720575941515972698,720575940620621190,11075
720575941486736646,720575940610867683,20958
720575941505926565,720575940615436893,24610
720575941474235232,720575940634641303,18870
720575941610674153,720575940627519748,166749
720575941599034560,720575940627368723,11491
720575941574320905,720575940615634589,516431
720575941564711680,720575940621164148,24620
720575941594430757,720575940614801458,34361
720575941667729651,720575940617390107,73532
720575941625792650,720575940619191687,122933
720575941523018487,720575940614756589,11123
720575941534162698,720575940620764660,48716
720575941610703498,720575940626774105,76905
720575941686040844,720575940604518944,196296
720575941411251115,720575940611703080,16005
720575941572824222,720575940628884183,12998
720575941408617519,720575940624901107,44495
720575941447396789,720575940627032719,51135
720575941625739402,720575940619297963,230774
720575941527223554,720575940621069421,22371
720575941469971421,720575940630859577,26945
720575941667827699,720575940632036492,524741
720575941681232317,720575940629888599,916503
720575941662999676,720575940639533646,119247
720575941554849281,720575940621353972,132750
720575941450658126,720575940630799042,12284
720575941438705938,720575940609375580,12221
720575941536277441,720575940627486236,25097
720575941481368911,720575940626259458,88905
720575941589044990,720575940612202419,40528
720575941574119272,720575940653028257,35892
720575941506625852,720575940628795196,177479
720575941591479692,720575940627337060,535320
720575941611893677,720575940621110464,28239
720575941504223938,720575940633717856,53170
720575941645426552,720575940614766166,32601
720575941547580961,720575940621446057,119363
720575941639106847,720575940611134833,29469
720575941555685121,720575940629500410,149493
720575941525408002,720575940620850202,92783
720575941435545998,720575940603932448,31656
720575941502337111,720575940631760441,64344
720575941534279914,720575940634640023,113001
720575941447664660,720575940617540411,104239
720575941393195012,720575940621849769,65932
720575941559017252,720575940630798378,16202
720575941353081648,720575940626089502,89786
720575941560391951,720575940629846841,79146
720575941573616891,720575940645258606,10674
720575941592006507,720575940629333868,61771
720575941490929609,720575940614298730,540382
720575941569685242,720575940637462761,13690
720575941633637307,720575940619766869,26390
720575941554693018,720575940635341980,74599
720575941612435814,720575940622061150,10722
720575941504973591,720575940611232370,171780
720575941653340889,720575940629188140,29406
720575941488931893,720575940629047340,15049
720575941392163734,720575940636021611,61708
720575941509680338,720575940635066798,117314
720575941552922686,720575940609643017,11796
720575941609108457,720575940623853837,20506
720575941611286346,720575940633526684,17037
720575941437156319,720575940615072943,81303
720575941428024404,720575940636255863,53802
720575941633715387,720575940622500872,41178
720575941574072463,720575940627307620,64509
720575941587352900,720575940617129501,34694
720575941411378859,720575940628096241,516968
720575941519884215,720575940605998257,66586
720575941554454682,720575940603391778,116219
720575941583979910,720575940623956813,78718
720575941413566748,720575940622944915,109486
720575941526354654,720575940624294069,500325
720575941498966032,720575940613103346,121108
720575941613642716,720575940626555440,11456
720575941565352290,720575940628356969,11943
720575941628862434,720575940625659028,19425
720575941575454863,720575940623128456,56353
720575941537221091,720575940619738612,32715
720575941481080227,720575940617917579,524251
720575941653002713,720575940639796608,552227
720575941631459308,720575940621777449,35500
720575941441372507,720575940627887944,530183
720575941408019374,720575940624485127,23666
720575941589487927,720575940608721347,130751
720575941476743274,720575940638857048,28871
720575941528151718,720575940635608312,513970
720575941688780300,720575940650813686,12646
720575941529337272,720575940625378279,63347
720575941508146978,720575940637662697,12657
720575941575349903,720575940610691570,59954
720575941624955018,720575940629713743,120052
720575941659060048,720575940628653199,42315
720575941671635623,720575940631752356,33833
720575941459206047,720575940619584961,524246
720575941623566588,720575940618671343,121407
720575941486734598,720575940618270498,18630
720575941631043042,720575940627480586,12057
720575941472134464,720575940618188859,173861
720575941478708842,720575940622971283,513603
720575941667727859,720575940628419804,27905
720575941488577077,720575940613586498,46487
720575941491968176,720575940610425061,48649
720575941576140470,720575940635620709,22058
720575941437849388,720575940626490174,143188
720575941500435595,720575940606056364,92837
720575941540291789,720575940617035449,153028
720575941525350500,720575940603874494,59461
720575941574657718,720575940625637868,96881
720575941689891291,720575940604201830,11391
720575941638801781,720575940634057976,126201
720575941552768062,720575940622263066,12039
720575941554614299,720575940624227210,482164
720575941450728314,720575940622537477,11097
720575941626692665,720575940617812441,24398
720575941516229475,720575940632903737,519410
720575941671043239,720575940624661031,544359
720575941626374538,720575940624102670,36470
720575941483297222,720575940636343147,11691
720575941450506830,720575940627949589,10026
720575941439673407,720575940635590136,531131
720575941626699833,720575940621776767,132304
720575941542787333,720575940652703393,51195
720575941515830019,720575940623401513,274247
720575941553314714,720575940620552326,30119
720575941555945188,720575940623465292,85638
720575941552620827,720575940617174758,92141
720575941599053248,720575940620360557,10934
720575941686580342,720575940633360610,531003
720575941519327927,720575940622456589,163343
720575941609674214,720575940617425781,25329
720575941441694555,720575940622448589,12340
720575941572088222,720575940619317524,45188
720575941515690083,720575940613009558,20435
720575941459823174,720575940614402966,25211
720575941457517894,720575940627417320,562992
720575941438535743,720575940627855107,22471
720575941510825744,720575940617022779,18288
720575941546593716,720575940635243182,31183
720575941555438337,720575940627744345,37458
720575941658788632,720575940609834308,11774
720575941604585662,720575940628467830,17333
720575941529254276,720575940608367746,512295
720575941542093597,720575940623051544,575280
720575941546583145,720575940627704189,533611
720575941516251747,720575940640277080,539157
720575941613699481,720575940630920412,96030
720575941546934708,720575940621841279,176917
720575941688675596,720575940620656219,940946
720575941441137243,720575940614442090,66230
720575941472002400,720575940631582751,28003
720575941653778705,720575940612714723,13028
720575941653043473,720575940618486219,39664
720575941566840374,720575940626431004,133142
720575941438622738,720575940624322905,42032
720575941516222457,720575940625204301,63267
720575941502685122,720575940627685419,136526
720575941585329621,720575940614380199,110359
720575941441384383,720575940639776088,14831
720575941461471955,720575940629375799,26259
720575941655070681,720575940608832324,47099
720575941565761687,720575940624294143,30406
720575941412597140,720575940637848179,52314
720575941452977479,720575940611715813,13228
720575941505236284,720575940622467293,104535
720575941565832295,720575940612317107,57590
720575941653478868,720575940626019197,18376
720575941632484293,720575940624012350,32571
720575941473949755,720575940625485299,550801
720575941568174330,720575940641495771,115751
720575941475558942,720575940622570083,38861
720575941700693978,720575940627555590,115860
720575941548053876,720575940626217756,79394
720575941529891000,720575940617552340,297566
720575941585415390,720575940659392385,167289
720575941566408502,720575940631134738,529200
720575941506478652,720575940616483414,18795
720575941596736901,720575940634571383,13069
720575941586295174,720575940621961741,36768
720575941438449452,720575940630514959,323454
720575941645267576,720575940611903954,166063
720575941571074206,720575940616832373,139392
720575941431302575,720575940625071749,21690
720575941536427969,720575940627412994,158657
720575941503507435,720575940619654053,10197
720575941550685063,720575940606699989,131108
720575941427755348,720575940614714178,920750
720575941641217311,720575940619793062,198975
720575941427337300,720575940627820026,338148
720575941530920139,720575940612036978,109936
720575941565110167,720575940605381065,32666
720575941432542679,720575940622325174,122013
720575941566469942,720575940621603311,27271
720575941480445152,720575940620194251,166151
720575941515209107,720575940618704689,49208
720575941496406907,720575940627621450,42980
720575941552246271,720575940636080479,14423
720575941579230197,720575940625063098,532451
720575941563339666,720575940637569870,533709
720575941511590354,720575940626909768,20549
720575941435514510,720575940630003195,515092
720575941483859898,720575940623111679,21778
720575941502394091,720575940622006950,74702
720575941653841681,720575940614165201,12520
720575941555698945,720575940611298995,21193
720575941521343667,720575940619755457,293820
720575941563169704,720575940616471052,11074
720575941490473269,720575940636523109,28037
720575941532740995,720575940631041239,186496
720575941486437954,720575940627015196,10274
720575941537398258,720575940638156772,121154
720575941515922179,720575940606056905,10133
720575941541058845,720575940614079911,84254
720575941626002796,720575940620020769,144523
720575941663617148,720575940628712300,93659
720575941591603852,720575940607560066,30168
720575941593612907,720575940635539607,28231
720575941593605483,720575940620455408,511788
720575941455506669,720575940624941838,18534
720575941508020574,720575940608893623,974267957
720575941668582387,720575940616832027,154493
720575941439550271,720575940623804260,33238
720575941495341184,720575940632374867,113599
720575941526534681,720575940632998114,45957
720575941613464028,720575940627163215,192432
720575941611283945,720575940622387677,57978
720575941632517536,720575940628761643,107411
720575941458084422,720575940623532873,101863
720575941589531703,720575940621514093,15935
720575941628105529,720575940635359127,12979
720575941594165287,720575940628746490,25084
720575941495055486,720575940620561840,12944
720575941507062807,720575940625353736,12635
720575941560096271,720575940627665545,15279
720575941490183600,720575940616955478,94330
720575941555024036,720575940634348024,70894
720575941527425412,720575940620498379,41905
720575941548829985,720575940625750415,83709
720575941654383577,720575940616578165,118194
720575941534911832,720575940630403031,13857
720575941439797823,720575940633419693,18680
720575941410701227,720575940626698568,117649
720575941553644698,720575940621808716,24379
720575941450360757,720575940613694634,113651
720575941392755094,720575940616095517,59932
720575941732879147,720575940614089197,17857
720575941496293575,720575940630928697,103194
720575941657006298,720575940624600584,162110
720575941691116763,720575940618399109,58177
720575941492003559,720575940608900050,144990
720575941485677890,720575940650581881,55561
720575941475790401,720575940623284156,55261
720575941652806385,720575940628014391,11811
720575941544550068,720575940621088244,51999
720575941447522836,720575940653139190,64156
720575941470798347,720575940639172329,88915
720575941524901195,720575940615681083,580142
720575941572376059,720575940633218863,21336
720575941481223366,720575940609975854,75139
720575941564599186,720575940612819763,958880288
720575941668993713,720575940615272415,38160
720575941578935541,720575940624976572,111660
720575941440110015,720575940627069242,79643
720575941590202423,720575940634652023,53816
720575941662407992,720575940622579967,10536
720575941563398568,720575940623806157,20210
720575941514753603,720575940625728284,46686
720575941526333918,720575940616895244,223205
720575941662595640,720575940622772137,19760
720575941450587726,720575940643347616,10244
720575941563462802,720575940624273395,20768
720575941513906179,720575940613599129,38014
720575941569122418,720575940628812548,80415
720575941546634428,720575940610472146,10770
720575941474133600,720575940622984957,27925
720575941565124918,720575940635416686,63939
720575941569643890,720575940617077056,65069
720575941642499922,720575940622908745,121148
720575941507532066,720575940627165010,31720
720575941499276873,720575940604386594,56686
720575941506654629,720575940611722962,54543
720575941519591896,720575940646518382,25204
720575941511832273,720575940630404664,518094
720575941559355151,720575940628090055,63764
720575941456797168,720575940608720137,123386
720575941639894389,720575940612298389,164588
720575941651817745,720575940630088955,41376
720575941514493772,720575940625960104,313049550
720575941507297605,720575940640470387,12973
720575941547591457,720575940647804468,106591
720575941575631503,720575940615160239,10168
720575941604504054,720575940607635913,10445
720575941586046174,720575940646852660,15693
720575941625681516,720575940617934576,249693
720575941604032697,720575940609285315,11267
720575941470960960,720575940610018266,821484380
720575941557392548,720575940615036319,11416
720575941584132959,720575940618326875,95350
720575941662770044,720575940616121501,130972
720575941574933661,720575940623385894,10838
720575941505343045,720575940623187677,99665
720575941670198961,720575940621515190,404599
720575941689913240,720575940621334980,52518
720575941568254766,720575940626039129,24545
720575941455356723,720575940607664853,81599
720575941601980601,720575940626967311,124699
720575941474521659,720575940626086013,53937
720575941624437756,720575940623556755,802893
720575941490004277,720575940619665019,37661
720575941670299303,720575940653742753,33185
720575941575563663,720575940612910376,30102
720575941505315607,720575940622028435,47463
720575941507817054,720575940611586227,18038
720575941489966311,720575940619453318,122016
720575941500281995,720575940622388918,49086
720575941548001928,720575940633050976,530288
720575941458368838,720575940627323676,70779
720575941467931926,720575940615066591,43573
720575941663360892,720575940616533275,45368
720575941507510551,720575940625934973,31308
720575941554295553,720575940611725738,76845
720575941461184279,720575940625393701,126160
720575941586249094,720575940614128691,41246
720575941552677950,720575940611549363,50638
720575941579186677,720575940633612698,508788865
720575941526751053,720575940617541081,515011
720575941498687867,720575940616739084,14054
720575941523553527,720575940603279648,64017
720575941579857397,720575940624107548,90711
720575941459118239,720575940617091033,20685
720575941434838670,720575940627322923,39289
720575941515512931,720575940621650712,514384
720575941460792260,720575940623134157,88802
720575941531735269,720575940622879882,15201
720575941554313755,720575940645913367,13784
720575941562821522,720575940606423170,30298
720575941480330179,720575940623894825,54636
720575941525339673,720575940632073612,92159
720575941631211963,720575940636390542,41404
720575941523099127,720575940627731176,14357
720575941567377198,720575940619653184,527267
720575941539073010,720575940631092943,15612
720575941546175164,720575940626612784,92057
720575941680288701,720575940612572670,533211
720575941577900377,720575940633219399,40183
720575941495216254,720575940619735979,532794
720575941411443371,720575940609619666,35373
720575941624783724,720575940616248991,129183
720575941474126944,720575940642894628,10968
720575941435997984,720575940612206810,16130
720575941477305886,720575940629306821,34761
720575941589842316,720575940629305347,115369
720575941518687660,720575940631014487,134588
720575941503780034,720575940629948869,518275
720575941535840538,720575940606722662,19695
720575941457055728,720575940613990706,89375
720575941457630111,720575940624624392,87843
720575941539792220,720575940632898105,192306
720575941515493635,720575940631893847,159710
720575941491387852,720575940609979610,520412
720575941450715982,720575940625613555,31537
720575941573614664,720575940611128782,513409
720575941574877705,720575940643283872,518648
720575941591050494,720575940642545883,12238
720575941688150767,720575940639672893,16625
720575941512376908,720575940631252051,124737
720575941599032512,720575940629928439,15244
720575941702564314,720575940632754003,18338
720575941653146353,720575940627277242,10367
720575941455098163,720575940641372661,190894
720575941576780392,720575940605790594,23548
720575941546798516,720575940632837992,88930
720575941628242745,720575940619754861,20137
720575941475209531,720575940617015621,126087
720575941610567498,720575940628155868,36780
720575941565308423,720575940644733988,42696
720575941459870534,720575940626542985,63084
720575941521520051,720575940625375240,521195
720575941573367048,720575940645592628,104419
720575941438445330,720575940645693476,801976
720575941516202668,720575940622136129,26429
720575941610901724,720575940604157361,194795
720575941663065980,720575940621183587,44666
720575941540612221,720575940616325791,529192
720575941552917383,720575940619718054,101916
720575941440190911,720575940626668304,55227
720575941476293937,720575940620380073,56560
720575941492480176,720575940624629379,147464
720575941511608273,720575940610467682,17754
720575941479313571,720575940628483322,90581
720575941587095620,720575940606745190,15579
720575941586192774,720575940613489617,521439
720575941591474572,720575940619917653,88157
720575941467006806,720575940632602532,10857
720575941440844013,720575940622692265,82365
720575941569534458,720575940609181508,80354
720575941524243967,720575940629878583,173366
720575941532754563,720575940617878869,30856
720575941438927167,720575940621564042,39477
720575941578880089,720575940618082516,162136
720575941585647061,720575940632629352,179124
720575941582592351,720575940630675159,174196
720575941527324697,720575940624488701,549405
720575941577191001,720575940626285872,46414
720575941603197886,720575940624708169,112688
720575941462149008,720575940631514107,111752
720575941513502819,720575940622202150,49334
720575941536029194,720575940644193902,515032
720575941565199719,720575940612473640,80835
720575941560564239,720575940620779800,25983
720575941484105213,720575940618462694,516625
720575941468103958,720575940631305004,914539
720575941681300413,720575940630043756,38094
720575941688907382,720575940619405812,512324
720575941352639280,720575940617819170,536872
720575941443656874,720575940629500777,74415
720575941438927039,720575940615785755,198252
720575941538970517,720575940615661766,62310
720575941409118123,720575940627699712,34942
720575941663816828,720575940631985938,61594
720575941523493111,720575940640791155,31042
720575941655450068,720575940613047519,62565
720575941550832702,720575940632032360,122927
720575941572490398,720575940618818629,20219
720575941491989223,720575940614065676,21756
720575941543203676,720575940636335735,98583
720575941462793485,720575940622525654,519196
720575941504849714,720575940634128247,121911
720575941655634900,720575940629345527,123199
720575941507409502,720575940614046395,26464
720575941527889574,720575940626112062,13201
720575941681459389,720575940622864107,13635
720575941414055964,720575940614554930,512633
720575941546693225,720575940622021117,190319
720575941540778332,720575940634708887,40435
720575941492007911,720575940641547483,33423
720575941572671995,720575940614581410,10366
720575941543202077,720575940603981536,21285
720575941548952609,720575940610850965,53696
720575941408532398,720575940619401296,190421
720575941566004327,720575940631255100,515721
720575941596703877,720575940621709388,518831
720575941353229872,720575940620841310,28418
720575941686960908,720575940619895679,111381
720575941537766632,720575940631333195,11258
720575941539325333,720575940615666655,13364
720575941612398044,720575940636430437,136240
720575941474388027,720575940621355759,15993
720575941504242482,720575940640854656,143734
720575941474101344,720575940632847661,10180
720575941545077081,720575940623422088,553917
720575941618295167,720575940606135473,43456
720575941483094525,720575940660217473,11952
720575941633856443,720575940609930616,32788
720575941430277001,720575940616733509,40951
720575941438528274,720575940625228862,46408
720575941449547101,720575940615961542,16966
720575941584454239,720575940600646173,126654
720575941513894732,720575940627716168,10661
720575941554292251,720575940625741287,10138
720575941494255303,720575940622334121,67844
720575941416464412,720575940620314612,17054
720575941591321996,720575940624626320,15154
720575941656933400,720575940620785574,113911
720575941632812192,720575940631199744,36143
720575941475541563,720575940651521782,47453
720575941484042938,720575940629972431,529275
720575941482256323,720575940631311391,74986
720575941652652305,720575940626182385,100012
720575941490511669,720575940634916453,40208
720575941531452803,720575940621598941,136695
720575941432927246,720575940621828080,115387
720575941593571542,720575940628170257,29377
720575941544918021,720575940630247784,63502
720575941628167225,720575940612014131,27490
720575941511849036,720575940621515391,79615
720575941471670647,720575940609965636,516632
720575941508703105,720575940630008571,43448
720575941457365485,720575940632974443,32085
720575941534615474,720575940627777067,34671
720575941474920234,720575940613836438,15616
720575941453407815,720575940642202331,559760
720575941730126635,720575940636053678,512613
720575941459208915,720575940615067067,108680
720575941465953110,720575940620585942,21809
720575941432557838,720575940611610737,531425
720575941573617992,720575940607950857,579981
720575941593109800,720575940628022787,525013
720575941570170612,720575940615018463,14330
720575941671943335,720575940638121694,53307
720575941574462971,720575940634260636,14415
720575941539028722,720575940621313414,25861
720575941448271124,720575940610738898,523015
720575941594779685,720575940619280110,437025
720575941519979224,720575940624750484,234991
720575941448185934,720575940621807599,13574
720575941633357472,720575940620450694,24744
720575941473955643,720575940629852239,20325
720575941431726551,720575940607986050,143636
720575941562623122,720575940621723004,73234
720575941568305658,720575940628361554,366006
720575941578534645,720575940622945041,112201
720575941690830555,720575940613688743,41362
720575941641746533,720575940624611835,146706
720575941574962696,720575940613555618,129843
720575941536716776,720575940620692833,141663
720575941477082929,720575940617155742,65047
720575941480342496,720575940609871224,71670
720575941565858151,720575940631342843,96122
720575941429600393,720575940648026756,91839
720575941531607781,720575940604884396,77679
720575941645289377,720575940622367880,19222
720575941526125314,720575940659599489,62490
720575941621812732,720575940652105974,10819
720575941525158989,720575940613894978,22919
720575941526381081,720575940624820938,36023
720575941642696056,720575940639107573,28869
720575941511704908,720575940610311025,52964
720575941555756371,720575940630881337,17420
720575941565443426,720575940626620568,71547
720575941483270598,720575940626826288,11896
720575941536994330,720575940635216282,51946
720575941445205418,720575940621947302,10098
720575941650037269,720575940611550426,30566
720575941554793729,720575940605959358,130793
720575941554939219,720575940622148681,23809
720575941438664492,720575940631098172,14179
720575941604081654,720575940615605649,73077
720575941441129563,720575940632042959,31583
720575941653120529,720575940620697076,42655
720575941572701342,720575940614799116,536519
720575941564227218,720575940628809015,29506
720575941560271598,720575940614046098,32151
720575941623995338,720575940617654673,75618
720575941595611431,720575940613808638,11789
720575941655426772,720575940611685273,286505
720575941519044312,720575940612744618,241461
720575941666613747,720575940621260052,30714
720575941442219471,720575940625672706,515289
720575941511785426,720575940639434704,555838
720575941624831228,720575940613535554,16994
720575941597857216,720575940623208141,17058
720575941515582713,720575940610630098,56054
720575941486588482,720575940613461043,13829
720575941615534489,720575940615378700,11674
720575941485226502,720575940608859694,84256
720575941438268716,720575940622867436,130522
720575941547915581,720575940624712906,63961
720575941503621867,720575940619739595,18608
720575941560539630,720575940645864739,530877
720575941449400501,720575940619453204,43071
720575941547447988,720575940608379915,19387
720575941450088285,720575940627331560,20217
720575941535957731,720575940623928333,36693
720575941579985653,720575940635477902,41707
720575941668513011,720575940629777018,10106
720575941482229699,720575940636168048,20104
720575941616575701,720575940620381575,21342
720575941595873063,720575940627814163,59171
720575941589724556,720575940660137857,188670
720575941501832939,720575940620001718,29287
720575941480157826,720575940626366982,66459
720575941471291767,720575940620779105,22111
720575941499258185,720575940637013104,160974
720575941662506040,720575940644666660,11653
720575941490023630,720575940630706903,114869
720575941623989500,720575940624692372,529932
720575941658840144,720575940637535077,14909
720575941545944153,720575940661201025,193355
720575941439555007,720575940624977338,28375
720575941502380887,720575940608074162,104418
720575941466228758,720575940626005641,26747
720575941690143384,720575940632713759,533748
720575941446298132,720575940621061545,20031
720575941441357759,720575940630960707,11972
720575941574120079,720575940621619382,103303
720575941580471161,720575940628365114,30469
720575941539018621,720575940635154076,27423
720575941537701347,720575940621749697,35921
720575941478059114,720575940619832491,174939
720575941502945330,720575940625150000,17316
720575941573683087,720575940610576708,38313
720575941548187272,720575940642871240,546257
720575941640840991,720575940631110095,10548
720575941537999331,720575940629925675,88866
720575941585656966,720575940623023399,500085
720575941439613759,720575940615593044,35938
720575941412757359,720575940630352658,23870
720575941480526671,720575940627074332,62095
720575941521458867,720575940631836728,11857
720575941574689896,720575940626526820,529843
720575941554286619,720575940611772514,10852
720575941624439242,720575940605758822,90016
720575941599858985,720575940618961857,27599
720575941578601049,720575940624810782,21195
720575941630509538,720575940621732973,73594
720575941390978710,720575940633277209,15734
720575941576734824,720575940623182847,11785
720575941577002856,720575940619051009,285620
720575941513208785,720575940643324196,127571
720575941497508169,720575940630373623,145579
720575941460503622,720575940611905331,153019
720575941564887606,720575940630176197,28943
720575941585356678,720575940631673939,29904
720575941565230946,720575940626146125,30754
720575941469716445,720575940633228172,12219
720575941515382083,720575940643159752,45455
720575941462830736,720575940628761160,531998
720575941539304434,720575940628254193,39570
720575941681334205,720575940636016751,17681
720575941479592416,720575940635516084,134521
720575941546750644,720575940633545823,72762
720575941617773269,720575940640030416,19342
720575941569497332,720575940621901677,66670
720575941504860978,720575940637388004,805362
720575941534110401,720575940610898040,76855
720575941644491976,720575940636609647,20936
720575941566617134,720575940631159599,18782
720575941506180642,720575940640026045,454614
720575941680564669,720575940636984154,58558
720575941412626031,720575940620905566,92387
720575941506238487,720575940625861660,65884
720575941560185359,720575940618633014,131221
720575941504850226,720575940625925977,53171
720575941555595091,720575940637803379,36536
720575941628218425,720575940638095293,17193
720575941471032075,720575940620083335,36182
720575941565498887,720575940634603930,13326
720575941586119814,720575940624207752,97728
720575941440870491,720575940608432760,513112
720575941563864471,720575940615630934,115673
720575941428253268,720575940628799560,62195
720575941448628302,720575940627757328,59059
720575941613660636,720575940615960788,92841
720575941429208457,720575940612142051,517372
720575941536460481,720575940622182569,10678
720575941507079703,720575940626319235,15988
720575941573051464,720575940628777295,128262
720575941663518844,720575940624816115,13295
720575941525433956,720575940622300810,123390
720575941597954972,720575940618312606,111787
720575941535698354,720575940633413715,11317
720575941498641633,720575940612225194,124751
720575941448581213,720575940636107694,52898
720575941550175549,720575940624863015,516322
720575941441219675,720575940626968216,13118
720575941399042851,720575940614014895,14249
720575941612305325,720575940619855296,512580
720575941502173323,720575940631356580,70084
720575941645559240,720575940638932899,85104
720575941600729897,720575940613668266,13521
720575941467931158,720575940640154240,144897
720575941435015054,720575940611599587,14060
720575941452767047,720575940627230722,162471
720575941528170406,720575940626434577,126630
720575941644183160,720575940629309339,51069
720575941503420759,720575940629332606,147885
720575941432571351,720575940631599244,518201
720575941586501598,720575940629013292,24049
720575941475148596,720575940623283687,54748
720575941452053370,720575940607236676,32741
720575941685743343,720575940652749473,37546
720575941630197030,720575940622537566,30245
720575941535228394,720575940617607451,13252
720575941491191753,720575940625746709,43599
720575941444962474,720575940631283727,23685
720575941441693531,720575940619100180,37640
720575941532725635,720575940628599895,20673
720575941503219031,720575940612857128,43430
720575941539488405,720575940630615850,22784
720575941587224900,720575940627105580,115162
720575941452078714,720575940631057223,63490
720575941667930867,720575940613029746,113975
720575941432667863,720575940633982035,87750
720575941526964068,720575940639758909,14864
720575941489662156,720575940625657177,33712
720575941439661279,720575940618446296,46937
720575941471697419,720575940613167007,18834
720575941500440715,720575940611576729,80504
720575941432417239,720575940613973058,80902
720575941535452138,720575940637221173,117124
720575941392654230,720575940612725906,115267
720575941476486771,720575940630161914,30456
720575941613477017,720575940604121004,26006
720575941581903737,720575940622696944,10121
720575941526964482,720575940635528567,33056
720575941733215019,720575940636879534,10054
720575941598935964,720575940612780822,102957
720575941585078662,720575940636682217,22824
720575941568793134,720575940609566328,552804
720575941610740969,720575940629102636,84181
720575941544867433,720575940605411262,34582
720575941670279847,720575940615867103,532836
720575941657651280,720575940615720350,78317
720575941536838848,720575940637268592,159597
720575941723458362,720575940631313721,25403
720575941478755690,720575940618660765,60649
720575941414121500,720575940628866809,12358
720575941613469593,720575940639485824,22831
720575941503548139,720575940621088536,30313
720575941480633218,720575940627196691,25288
720575941560153971,720575940624067563,147405
720575941545007036,720575940626393858,58781
720575941591213196,720575940635861146,523675
720575941561797421,720575940623453959,558781
720575941457979718,720575940632394026,146208
720575941550144628,720575940621771041,13961
720575941435308320,720575940610219715,30653
720575941590581815,720575940628343025,104867
720575941529929400,720575940618824021,12945
720575941404748144,720575940624484796,946718
720575941538344690,720575940630672762,39434
720575941481200326,720575940643520160,142529
720575941656959312,720575940644490276,76933
720575941641035295,720575940637458997,14252
720575941657531672,720575940623325951,154353
720575941561776173,720575940613339875,11006
720575941643454113,720575940623138708,60680
720575941593794667,720575940622998627,10323
720575941491127246,720575940612306786,514660
720575941580119541,720575940632519588,21730
720575941560232719,720575940613903778,13281
720575941633591739,720575940621084040,98013
720575941443418538,720575940619149878,114923
720575941452354887,720575940614581516,77976
720575941414262161,720575940629155227,575082
720575941451119273,720575940621470196,39739
720575941515627779,720575940622488873,162134
720575941690855899,720575940643792032,62013
720575941619967359,720575940628438544,20367
720575941688780406,720575940642721952,115883
720575941553518593,720575940643102624,32162
720575941589502348,720575940650928505,47816
720575941480322383,720575940630316428,46694
720575941535496626,720575940624857381,20176
720575941401508131,720575940618213103,66685
720575941605056446,720575940630607354,27412
720575941457825094,720575940629137148,16859
720575941578034933,720575940629205753,29219
720575941439547967,720575940606983363,49244
720575941458363632,720575940611758819,241046
720575941530492875,720575940614323606,30676
720575941651704049,720575940626031548,120703
720575941523307767,720575940639649350,10240
720575941567463412,720575940613386994,33944
720575941510780626,720575940623548493,45596
720575941480077251,720575940639695805,56772
720575941563329122,720575940630156538,44501
720575941549348157,720575940631023647,571643
720575941645593288,720575940620483444,39118
720575941733034283,720575940616647483,10341
720575941493009790,720575940604337696,54063
720575941487395536,720575940619612142,10729
720575941451249991,720575940624739472,50926
720575941612665052,720575940620633947,557640
720575941632875461,720575940612341683,56710
720575941591404798,720575940612752611,11579
720575941615426713,720575940635641189,513429
720575941504251223,720575940615965499,31314
720575941489711925,720575940608980178,87273
720575941438855743,720575940619937374,99687
720575941559678479,720575940621263553,116913
720575941611542249,720575940621067204,65991
720575941526998093,720575940615595170,61351
720575941426123092,720575940613512514,55984
720575941547851444,720575940633077644,15407
720575941461881284,720575940618681709,10766
720575941558724334,720575940621931297,130862
720575941537969635,720575940621326529,531863
720575941510664976,720575940655593121,32745
720575941438184533,720575940627480092,16745
720575941680381117,720575940621457577,87697
720575941613126297,720575940621796340,145430
720575941560204815,720575940612375761,550823
720575941467070742,720575940630799161,102974
720575941473055328,720575940628766679,124690
720575941461285843,720575940620028737,81292
720575941633987259,720575940624756723,518788
720575941448304221,720575940612380723,17926
720575941414599316,720575940621072297,324311
720575941481530298,720575940625609482,160226
720575941572804347,720575940616672349,62209
720575941539547517,720575940627380679,136504
720575941539217394,720575940634025111,28054
720575941391170052,720575940623149607,45508
720575941540389069,720575940634975423,137786
720575941435023648,720575940636809950,919174
720575941585963910,720575940621373534,24686
720575941537080291,720575940621040244,68907
720575941440543323,720575940605708478,22090
720575941495974528,720575940622389640,522738
720575941558640932,720575940620445062,12715
720575941628661542,720575940647474041,117692
720575941537334755,720575940623787533,75966
720575941626592906,720575940619686383,110828
720575941485651206,720575940632163923,163274
720575941411356015,720575940625799610,193756
720575941459504966,720575940613681066,83345
720575941506419772,720575940617054237,537027
720575941544917509,720575940611073070,29239
720575941644575176,720575940625015070,110380
720575941483774717,720575940631758111,124107
720575941497322880,720575940620153765,10425
720575941452980393,720575940632279341,20161
720575941573712015,720575940632548665,18943
720575941539311602,720575940619290465,11758
720575941584666207,720575940612182114,24893
720575941578280437,720575940615834086,28390
720575941689963995,720575940617193541,14582
720575941440151387,720575940622147597,42818
720575941669313447,720575940620982966,13812
720575941439777759,720575940620224677,666697242
720575941452860743,720575940620454790,65486
720575941527431334,720575940648793721,173250
720575941544565097,720575940640729216,22272
720575941411620207,720575940618666142,13317
720575941483943421,720575940619276459,29959
720575941536423105,720575940629559034,519695
720575941643361656,720575940628966479,65609
720575941503693762,720575940610373326,13723
720575941607857005,720575940621820540,514009
720575941565025280,720575940623334891,512632
720575941538881778,720575940635628516,36718
720575941529127300,720575940630244507,16989
720575941593247016,720575940630908876,32259
720575941555429377,720575940615281862,21297
720575941562221458,720575940642426357,28973
720575941510901776,720575940631893579,526005
720575941452032122,720575940621380220,22880
720575941644656760,720575940624641004,168488
720575941595748828,720575940619166774,166993
720575941576745305,720575940631764561,149452
720575941575877302,720575940633335450,189703
720575941587375940,720575940611221397,59745
720575941566336822,720575940621751792,17344
720575941428164233,720575940627285267,17211
720575941481162575,720575940607825621,22028
720575941628615737,720575940600433181,153859
720575941593044520,720575940637661759,512351
720575941539085973,720575940604843710,25974
720575941686948108,720575940622310582,82027
720575941651827989,720575940637629016,25687
720575941651251441,720575940620674287,79885
720575941592972840,720575940640804853,12460
720575941667841969,720575940624492802,946152
720575941563563527,720575940631390940,26294
720575941452475514,720575940626901903,529546
720575941504354754,720575940624334827,12914
720575941408568750,720575940634038041,800012
720575941414000276,720575940644713838,50678
720575941414838161,720575940631709714,34586
720575941559131358,720575940623369084,219344
720575941669333681,720575940620533720,75542
720575941408848175,720575940622791429,519398
720575941506046558,720575940611089331,29434
720575941526920962,720575940619637185,32174
720575941486575426,720575940626092302,15347
720575941441175643,720575940636712055,63654
720575941629103398,720575940636298085,25652
720575941538287997,720575940628070419,12955
720575941435317134,720575940617393435,155298
720575941549325089,720575940625877178,60190
720575941639377695,720575940618275520,25584
720575941477091889,720575940615606634,62306
720575941651592177,720575940626671637,187891
720575941669591217,720575940632879149,123771
720575941671479207,720575940623467664,56233
720575941563967847,720575940630175276,556586
720575941538257906,720575940633401199,517167
720575941511218130,720575940638615529,39796
720575941631499717,720575940619425158,86478
720575941595303717,720575940613235423,187243
