BANC,FAFB,MCNS
720575941626110602,720575940624783091,42101
720575941610317020,720575940618424235,265275
720575941483855357,720575940630704211,88903
720575941589044990,720575940612202419,40528
720575941566051382,720575940613014243,109296
720575941432086369,720575940625343690,98477
720575941534264242,720575940625461534,78512
720575941514372355,720575940624543418,40193
720575941668462067,720575940627380679,20895
720575941556051940,720575940628029450,95388
720575941597916864,720575940619404214,187909
720575941457118189,720575940640068480,86700
720575941568368884,720575940626899987,142843
720575941605471678,720575940618864960,76970
720575941480491599,720575940633635298,42311
720575941564725504,720575940623857084,177099
720575941519427507,720575940634449087,77318
720575941454760173,720575940632967967,29431
720575941515463683,720575940618985432,85588
720575941511238928,720575940621100276,809999
720575941555046884,720575940611350882,80699
720575941462113732,720575940610235950,50794
720575941475830580,720575940617608665,140668
720575941478792554,720575940624116743,209491
720575941427912788,720575940630404655,149043
720575941689586072,720575940613232370,159933
720575941585548934,720575940644953544,126741
720575941520177847,720575940615646109,183307
720575941486952966,720575940641724661,34594
720575941624218826,720575940625143396,83921
720575941626742585,720575940607591810,126509
720575941579273553,720575940630154041,72685
720575941536838898,720575940628445399,89529
720575941720792378,720575940617630001,21179
720575941546262152,720575940639557173,97769
720575941526621517,720575940617926198,117660
720575941525195289,720575940633829774,69452
720575941591923051,720575940628163400,154667
720575941352589360,720575940623435701,513587
720575941556783524,720575940632293191,62072
720575941553378305,720575940619873974,209798
720575941500196002,720575940627570451,363743
720575941572606878,720575940641887963,98690
720575941465179734,720575940605743038,61059
720575941613474323,720575940623973578,517748
720575941499197921,720575940631109165,570708
720575941471923008,720575940603891936,803082
720575941437425964,720575940626242191,17536
720575941556940452,720575940622628852,45792
720575941629775586,720575940623053493,904046
720575941542880517,720575940632299335,63985
720575941450666830,720575940622886158,40137
720575941411400815,720575940619655814,929309
720575941569897630,720575940626512881,51235
720575941604585662,720575940621042452,814631
720575941510005520,720575940629012732,43647
720575941438264127,720575940614412511,105542
720575941553448705,720575940628237041,131036
720575941610690150,720575940635170211,115393
720575941551491390,720575940633358431,819581
720575941444674986,720575940623606419,66297
720575941460305348,720575940626784560,125024
720575941431091887,720575940616793246,802991
720575941499434658,720575940621669997,76831
720575941578229237,720575940634276833,61411
720575941475177009,720575940609581614,549628
720575941563200768,720575940637063799,87525
720575941407048366,720575940654680993,68977
720575941526950221,720575940625887119,57052
720575941531959269,720575940620281765,127516
720575941595519857,720575940615949791,31776
720575941555237459,720575940610256846,92468
720575941574260233,720575940626020752,121420
720575941516302691,720575940638251098,95173
720575941566176857,720575940636070392,164516
720575941477198129,720575940620470652,810036
720575941547113140,720575940606836169,44298
720575941413487761,720575940628773675,79950
720575941460358982,720575940661030017,98988
720575941478796418,720575940621064801,68242
720575941458679536,720575940620493361,39685
720575941659191120,720575940621753992,36264
720575941489564873,720575940609880274,142506
720575941558418468,720575940629187825,542758
720575941478964330,720575940619538993,580963
720575941411322479,720575940623213203,40333
720575941451607930,720575940615133755,114009
720575941461967629,720575940621353392,100727
720575941460315718,720575940612482522,107215
720575941602032118,720575940613222567,72583
720575941732504107,720575940628575464,73887
720575941626567818,720575940629640695,128827
720575941562531496,720575940607480073,56466
720575941431091192,720575940637653646,138034
720575941565474823,720575940623762701,119859
720575941575733647,720575940611753682,33151
720575941448720733,720575940641216384,95242
720575941670123687,720575940620012081,77452
720575941612605869,720575940613481369,141043
720575941479257027,720575940603374624,107573
720575941544435388,720575940626468185,150478
720575941593881963,720575940623510541,128261
720575941504039845,720575940615395326,142661
720575941630369772,720575940627275645,76979
720575941650124529,720575940631505711,910333
720575941632559301,720575940614865570,122279
720575941539847260,720575940625989732,519232
720575941686919151,720575940618388615,160209
720575941475347771,720575940627418184,159408
720575941623804924,720575940639898420,162465
720575941534986418,720575940603548640,808816
720575941435230094,720575940626457150,99342
720575941471358839,720575940625634830,128994
720575941547527860,720575940625739266,67295
720575941583764614,720575940624027160,529134
720575941550197565,720575940622748599,124018
720575941605224126,720575940633397964,163684
720575941688207343,720575940632207890,118594
720575941523015927,720575940628312049,558665
720575941560070771,720575940623683018,62835
720575941534672472,720575940624172779,132094
720575941687421302,720575940632041247,38194
720575941493515696,720575940607081161,46217
720575941512376908,720575940618773302,77805
720575941612409574,720575940645002276,64624
720575941507215639,720575940629795958,142450
720575941624302730,720575940614126523,116646
720575941642239570,720575940627022467,595369
720575941565249846,720575940616080212,818446
720575941593251691,720575940625293129,87588
720575941597039040,720575940609614601,74704
720575941624363884,720575940625077175,80031
720575941611883181,720575940620724417,166735
720575941494009982,720575940611875503,541808
720575941519375532,720575940622416460,532274
720575941522022835,720575940633475609,28121
720575941573325065,720575940629583098,138476
720575941459520326,720575940624063891,67489
720575941529439672,720575940638252358,136149
720575941555956051,720575940634682815,155674
720575941594546727,720575940631858373,163811
720575941640162335,720575940618751312,48461
720575941575272713,720575940611820754,15759
720575941565750423,720575940627661711,114729
720575941499028859,720575940655352993,59360
720575941456503024,720575940628212796,516944
720575941552493959,720575940616032710,111255
720575941564784182,720575940617717819,57322
720575941501903154,720575940615258163,911091
720575941449304142,720575940628986217,83592
720575941529407620,720575940630937851,55430
720575941508662657,720575940636086647,23824
720575941431905784,720575940616583681,810368
720575941471919456,720575940611140325,126832
720575941492227559,720575940639251278,548114
720575941515780707,720575940625413395,30837
720575941439217964,720575940620615814,149212
720575941393295620,720575940626744195,78495
720575941613757404,720575940632419212,54023
720575941495491015,720575940621527841,94960
720575941444556970,720575940622819765,97146
720575941569076980,720575940613353538,143120
720575941596689308,720575940622152948,94604
720575941536648168,720575940656144289,814107
720575941464231437,720575940629185835,104344
720575941486445965,720575940660348801,139047
720575941506268766,720575940628317715,63782
720575941643552673,720575940627798037,119779
720575941530968011,720575940619712561,106908
720575941558696819,720575940629331817,103206
720575941598496960,720575940611624568,55810
720575941588506764,720575940627560236,806095
720575941599012905,720575940615665986,86347
720575941566799098,720575940620472046,803785
720575941575195912,720575940610634609,93907
720575941471729472,720575940638364735,78859
720575941581706105,720575940629495281,543959
720575941473016362,720575940612476634,164017
720575941437924319,720575940614854034,119204
720575941643603301,720575940632184111,93090
720575941547635636,720575940617608377,526854
720575941448780366,720575940614403218,127282
720575941506682903,720575940630677807,130751
720575941453073223,720575940629880702,16287
720575941478604000,720575940621954157,62063
720575941613416601,720575940627728657,63233
720575941352445744,720575940621572443,91635
720575941530286565,720575940611960274,37817
720575941554526747,720575940625267214,515733
720575941460593552,720575940622338428,63741
720575941528072614,720575940627755797,120225
720575941488017616,720575940627726441,210632
720575941469393373,720575940625358776,173126
720575941565436770,720575940639974363,45810
720575941612371430,720575940605807904,82805
720575941634023099,720575940634085472,139867
720575941625394587,720575940609505545,33112
720575941554042651,720575940606595337,516277
720575941533327491,720575940634693089,171262
720575941491632304,720575940618165990,70561
720575941564541440,720575940611201998,145374
720575941432137313,720575940637183918,71058
720575941584047711,720575940611456435,62111
720575941440520143,720575940617570358,93107
720575941653843729,720575940632907091,515466
720575941632473580,720575940605829297,74708
720575941427599956,720575940623362380,74436
720575941533515907,720575940625558873,127422
720575941629509090,720575940641195765,111049
720575941437740607,720575940661041537,166329
720575941484216762,720575940609154243,102982
720575941466080022,720575940618731899,70327
720575941603327734,720575940621339886,515921
720575941564553479,720575940629130039,815461
720575941576368054,720575940624218602,32521
720575941584337118,720575940627974808,109943
720575941595161733,720575940626449964,57231
720575941582520927,720575940618274489,141284
720575941538460565,720575940630909970,63405
720575941571989832,720575940617136214,129238
720575941628917986,720575940629711376,42264
720575941506763589,720575940625507161,88791
720575941632534725,720575940627548285,95313
720575941589097284,720575940631967831,71453
720575941555075044,720575940624076936,102530
720575941516351587,720575940617979609,51213
720575941407932975,720575940620591195,35069
720575941351357232,720575940610945122,33742
720575941558739471,720575940636330217,141499
720575941571540638,720575940615961739,236418
720575941591499627,720575940627103518,27021
720575941572314107,720575940632213646,93975
720575941493620167,720575940632131740,27935
720575941434901134,720575940631957049,152411
720575941723611962,720575940629191211,122085
720575941514398723,720575940630694594,144400
720575941597950620,720575940624963255,500113
720575941701245402,720575940625307748,129427
720575941468917824,720575940609935310,807265
720575941508250658,720575940634714075,530838
720575941609821258,720575940632881453,155761
720575941529575096,720575940601325484,89324
720575941653732881,720575940648652676,51977
720575941613728988,720575940613029794,154866
720575941473928234,720575940633671705,75282
720575941447786677,720575940620985697,130155
720575941485593094,720575940631177035,815888
720575941457702470,720575940627869071,51582
720575941569750130,720575940620596651,40003
720575941453382215,720575940620562993,65061
720575941472164138,720575940615385055,17929
720575941572850334,720575940613065907,79837
720575941607857517,720575940618319060,94355
720575941413466516,720575940615137199,814901
720575941476778602,720575940655144865,124898
720575941534304266,720575940628072903,75925
720575941574967990,720575940628581120,114037
720575941644783521,720575940613274799,134345
720575941561334061,720575940630234940,112284
720575941504341669,720575940630936131,82616
720575941651286805,720575940606471102,530105
720575941437652703,720575940620467365,36390
720575941554020743,720575940627669656,71936
720575941631484898,720575940621082544,179663
720575941393022614,720575940639991541,79957
720575941611488685,720575940635467371,61133
720575941457977840,720575940622551334,197993
720575941592508523,720575940622069347,1053955095
720575941721494586,720575940636539896,149143
720575941731385643,720575940621488922,126031
720575941567051258,720575940620109082,79146
720575941559512621,720575940641100021,172053
720575941451237498,720575940632861997,63707
720575941447780277,720575940631116847,113624
720575941455249203,720575940645240116,28350
720575941472131392,720575940616869789,47255
720575941576934645,720575940625087527,912347
720575941448312925,720575940619363544,69312
720575941524704075,720575940623962090,155726
720575941527146009,720575940635119758,72854
720575941572094536,720575940619531502,552320
720575941625518188,720575940628130052,61413
720575941479900896,720575940627834511,97630
720575941490334005,720575940613162518,132983
720575941613784284,720575940617413691,531833
720575941481113597,720575940612683670,933190
720575941448212661,720575940627722841,128555
720575941625968586,720575940626801680,17197
720575941490438860,720575940625765306,81053
720575941588595255,720575940624417771,114010
720575941545280948,720575940632796264,516765
720575941535878170,720575940621302808,187644
720575941441489103,720575940628117381,547498
720575941435176590,720575940615756683,546043
720575941575460790,720575940631763779,89250
720575941588975614,720575940630428716,98408
720575941481746173,720575940635945882,52115
720575941537053416,720575940629382700,119159
720575941526867622,720575940613562178,810022
720575941531014885,720575940629878479,44225
720575941576455016,720575940625005031,531248
720575941506194597,720575940622973701,133588
720575941541551196,720575940616330267,67250
720575941597094300,720575940630077946,78707
720575941503818987,720575940620652166,149267
720575941490906057,720575940625821017,42734
720575941479796815,720575940632960849,104973
720575941475735601,720575940619067045,72706
720575941572234910,720575940614993164,532415
720575941610787658,720575940627931908,72739
720575941596600709,720575940640140733,806991
720575941448212244,720575940625621652,527122
720575941565459095,720575940615430230,818902
720575941580491129,720575940621458378,22770
720575941572264008,720575940614902183,68522
720575941556534244,720575940640574835,165793
720575941567494650,720575940631904719,196764
720575941538487501,720575940633701602,93857
720575941614637331,720575940630587964,93399
720575941480046499,720575940627221071,83696
720575941565146466,720575940619869051,905878
720575941586049926,720575940625317139,55460
720575941496226432,720575940605361841,127661
720575941449555637,720575940611853006,36657
720575941489961164,720575940636300901,162969
720575941482089923,720575940629042417,167716
720575941650177813,720575940616616514,68864
720575941475288094,720575940621096071,22061
720575941451025735,720575940626621898,142237
720575941563422120,720575940626670491,519186
720575941614195987,720575940632319051,518820
720575941596491633,720575940635789236,81515
720575941457203782,720575940629598521,819679
720575941631211963,720575940614825026,52337
720575941529713848,720575940626924675,556617
720575941604172217,720575940618469445,524888
720575941513439441,720575940612979093,114534
720575941426991700,720575940631525004,39679
720575941644307320,720575940610327538,167009
720575941483049658,720575940649691513,45563
720575941539905149,720575940624521916,78195
720575941483794874,720575940613486819,193071
720575941509864914,720575940621145332,54457
720575941732226091,720575940632171857,156682
720575941451847802,720575940623437606,89890
720575941568988666,720575940608971100,87703
720575941526969188,720575940630008783,17212
720575941575392009,720575940646073879,60881
720575941618198143,720575940646143267,83017
720575941542620764,720575940618085569,18741
720575941486102082,720575940607786882,545062
720575941639139189,720575940625954744,87136
720575941556002387,720575940626410392,71873
720575941441265599,720575940614171202,134228
720575941496333952,720575940623914679,126002
720575941511751378,720575940632669777,55548
720575941458953712,720575940629116716,90331
720575941558018163,720575940617688389,810052
720575941545747900,720575940621800257,34470
720575941651528177,720575940628088423,809863
720575941607408749,720575940621743117,42652
720575941450009269,720575940621352468,20224
720575941481151651,720575940625257144,40735
720575941623800828,720575940617931547,141343
720575941537133205,720575940622984984,127815
720575941474554673,720575940632558675,48904
720575941564867840,720575940633456671,550425
720575941658980888,720575940629496619,580196
720575941529351044,720575940634908272,218472
720575941591741068,720575940634298975,41204
720575941533924739,720575940611597938,43452
720575941528652676,720575940628230396,81139
720575941499478946,720575940620903201,111154
720575941514187340,720575940624018154,141489
720575941442352591,720575940615916742,88875
720575941473546811,720575940626589768,93101
720575941585476742,720575940608772291,71071
720575941597849244,720575940624215221,65863
720575941593804395,720575940616198587,908927
720575941626158794,720575940626655321,813010
720575941703417306,720575940625133543,121360
720575941615591321,720575940610733870,134994
720575941557481124,720575940617464630,50826
720575941491467440,720575940641623515,63690
720575941550516084,720575940618245789,191129
720575941489420750,720575940618674203,133467
720575941438613548,720575940619064443,85996
720575941688397430,720575940633812962,78133
720575941459007728,720575940634903403,58955
720575941450334542,720575940629839619,141750
720575941497218889,720575940645693220,49526
720575941571534238,720575940621071203,104393
720575941466406998,720575940621811803,136310
720575941439323071,720575940611596078,146192
720575941544934076,720575940622244009,30195
720575941458548976,720575940633987228,263935
720575941545471593,720575940617065275,810241
720575941487965648,720575940636556174,102534
720575941552672666,720575940622114992,107752
720575941634046395,720575940629577342,169641
720575941626285625,720575940617055062,132557
720575941406788399,720575940626901593,143424
720575941518852206,720575940609251523,46349
720575941566586983,720575940613441650,53629
720575941497218171,720575940619604136,83701
720575941547256125,720575940640676413,58312
720575941443251626,720575940615188586,126153
720575941651232021,720575940629413194,93831
720575941471708480,720575940626002436,67027
720575941562887826,720575940620103558,64146
720575941504579132,720575940627494666,170581
720575941486277382,720575940645337454,80038
720575941633245600,720575940608888277,51328
720575941408111151,720575940611667349,67697
720575941502130571,720575940611297433,75011
720575941513764675,720575940623872492,98139
720575941476353386,720575940620322401,517535
720575941450616398,720575940636553902,95025
720575941559639055,720575940627431940,59201
720575941562609320,720575940625369358,141030
720575941605207998,720575940640049360,77513
720575941556386084,720575940626344741,124774
720575941477846302,720575940621091181,530587
720575941613980569,720575940629406282,99045
720575941525509401,720575940615018146,125089
720575941461563347,720575940620014868,65652
720575941588842295,720575940635831415,143526
720575941459914707,720575940630082555,64462
720575941641679461,720575940624560392,166071
720575941470243595,720575940629814071,27374
720575941590752652,720575940616323999,35812
720575941508714590,720575940627726312,70884
720575941560766579,720575940640424782,58817
720575941537859555,720575940622033185,87733
720575941352725808,720575940630378583,30824
720575941595815973,720575940617478374,149517
720575941730966315,720575940619007489,52120
720575941483247869,720575940616559519,51058
720575941526982681,720575940617781332,807030
720575941573496840,720575940630667372,857165
720575941526388324,720575940631417081,72086
720575941563912599,720575940630687247,128004
720575941406763567,720575940628810539,133708
720575941577299033,720575940622932997,136867
720575941438181205,720575940628573911,908593
720575941608884969,720575940612478383,806500
720575941555472612,720575940606764041,165301
720575941481397702,720575940628760848,141065
720575941505261874,720575940628002792,43665
720575941506259621,720575940637225328,57735
720575941611813353,720575940614009827,90790
720575941576317239,720575940619075073,449952
720575941402292003,720575940623462441,124042
720575941529567364,720575940623343692,173858
720575941643050104,720575940618602581,101219
720575941607252589,720575940626856336,62209
720575941605096382,720575940616817974,34920
720575941722926138,720575940622375962,101710
720575941578320629,720575940615437727,120895
720575941516022521,720575940624314250,178244
720575941653904852,720575940621000468,132297
720575941436638240,720575940621304004,815451
720575941538126307,720575940635137643,66485
720575941577855477,720575940628575761,121516
720575941589623095,720575940615195615,51590
720575941571768990,720575940631226711,89005
720575941480552271,720575940628931560,121803
720575941553652051,720575940620415727,103247
720575941564061184,720575940635653786,126353
720575941512474577,720575940614031614,71052
720575941501519755,720575940624282406,78732
720575941619289215,720575940612352741,147088
720575941547263924,720575940612579989,43904
720575941574226870,720575940646051694,91082
720575941491443404,720575940623225549,172000
720575941490916553,720575940629108332,25039
720575941596552561,720575940630699970,539451
720575941496726857,720575940651198710,807456
720575941533344690,720575940622977123,103519
720575941530492875,720575940612016498,19904
720575941540834908,720575940614383682,89569
720575941537677298,720575940637406180,46289
720575941515578435,720575940625445363,40891
720575941403066224,720575940628915755,109800
720575941447491092,720575940628187079,116593
720575941644914808,720575940620364379,188882
720575941505108293,720575940639683389,26792
720575941431434633,720575940621917222,18759
720575941490288949,720575940622350696,126952
720575941668591091,720575940622251242,135321
720575941631912096,720575940629477883,936661
720575941443442346,720575940638470003,551807
720575941564775527,720575940634256540,100879
720575941458869151,720575940636771758,101958
720575941496823168,720575940620717667,31458
720575941547821236,720575940626665859,112579
720575941502817730,720575940623532056,72868
720575941535791338,720575940612307921,171008
720575941593210919,720575940631189295,536056
720575941572356872,720575940607839189,73655
720575941458057286,720575940618312789,90318
720575941488999989,720575940627038982,57476
720575941438585567,720575940613367190,516968
720575941508455184,720575940637751949,107758
720575941431053326,720575940620689624,53158
720575941593960487,720575940630250540,111099
720575941566061463,720575940621134657,114468
720575941490817740,720575940632505903,110105
720575941534651626,720575940608640370,113136
720575941430775800,720575940627800136,73692
720575941552915774,720575940607948483,195498
720575941687963148,720575940605992369,39377
720575941651427313,720575940642289805,127391
720575941558733092,720575940632433962,61390
720575941553095230,720575940641692917,129300
720575941475425076,720575940654643617,165260
720575941518405230,720575940613470378,49919
720575941629588518,720575940635864927,53394
720575941490617653,720575940611003858,194600
720575941491703502,720575940623506249,158074
720575941632134816,720575940614664913,125129
720575941544328453,720575940624623288,33188
720575941558047982,720575940613535554,19906
720575941573443849,720575940637772772,139920
720575941458204144,720575940617590929,79072
720575941506452133,720575940623399523,542375
720575941488404277,720575940633155226,801733
720575941535469400,720575940629636602,92015
720575941642779000,720575940624531652,36783
720575941557734180,720575940636887141,565656
720575941545412713,720575940655762593,38592
720575941609994217,720575940625609810,94980
720575941622553852,720575940615711391,30599
720575941410921387,720575940636306424,60782
720575941507186817,720575940635576160,117656
720575941617159125,720575940636242153,111228
720575941626103754,720575940624343224,513313
720575941477244724,720575940638290148,159270
720575941527303193,720575940637730623,90300
720575941633203141,720575940655230113,78396
720575941484070842,720575940611947443,179772
720575941461040595,720575940606649376,91236
720575941593418198,720575940627270738,23636
720575941564909415,720575940633928787,172475
720575941481825277,720575940640280117,168732
720575941429721519,720575940626166020,124084
720575941525430372,720575940611790193,121796
720575941614562323,720575940605355966,48460
720575941602149366,720575940626470146,30044
720575941660765752,720575940627624700,97165
720575941504698674,720575940660280449,89440
720575941513996378,720575940624595893,92996
720575941534879754,720575940645369111,236419
720575941639612021,720575940627163785,36131
720575941554124115,720575940635850864,33912
720575941450213754,720575940624945438,24068
720575941552003463,720575940640682611,132684
720575941572245662,720575940630255226,131348
720575941600498473,720575940624189320,109770
720575941467254358,720575940632665548,60220
720575941544606388,720575940616466388,906708
720575941538419605,720575940617172573,128858
720575941490714933,720575940618410324,132785
720575941572431880,720575940633353809,68370
720575941500071842,720575940628694991,131946
720575941521882291,720575940638349796,534450
720575941452175226,720575940630827001,162929
720575941564170135,720575940628720296,142687
720575941514539523,720575940628411409,144885
720575941556661028,720575940625782576,75966
720575941526161410,720575940620007589,194333
720575941543196189,720575940645695268,189841
720575941477395050,720575940629724367,909230
720575941482306045,720575940623125759,142916
720575941527967142,720575940633806699,542131
720575941688991244,720575940630756734,539369
720575941432526350,720575940637722182,68688
720575941480135648,720575940619965643,106949
720575941526453158,720575940628931856,123160
720575941543837445,720575940616616075,150738
720575941412532335,720575940631575314,525203
720575941516088154,720575940608288092,144607
720575941538950549,720575940606069438,97144
720575941450683258,720575940627482639,134661
720575941557630686,720575940626761561,184200
720575941670224305,720575940618331577,93262
720575941595526695,720575940627168273,93017
720575941413965969,720575940621668955,76029
720575941483263686,720575940616295493,27665
720575941481909946,720575940631234105,206612
720575941611504230,720575940628092541,93972
720575941659372112,720575940630765946,120691
720575941687302156,720575940637199472,250935
720575941433597838,720575940623592521,95171
720575941632358853,720575940619628270,146652
720575941599054272,720575940647814788,542392
720575941475725883,720575940627389256,567978
720575941668908531,720575940610046930,184838
720575941643337889,720575940621086452,132616
720575941516272387,720575940646479907,534569
720575941462712976,720575940635637422,63731
720575941640958053,720575940618870881,821449
720575941615738009,720575940607869618,196514
720575941559004531,720575940644772388,99002
720575941506371493,720575940604518432,49839
720575941563071495,720575940633676479,61049
720575941653897433,720575940621434150,115572
720575941458271903,720575940649813881,67643
720575941492007911,720575940632618157,74987
720575941617813375,720575940610505701,526143
720575941655949780,720575940612937970,68652
720575941687752687,720575940644976407,137362
720575941449177934,720575940610978094,68621
720575941535399256,720575940615693474,81880
720575941584718431,720575940623189065,86897
720575941681073597,720575940635229688,527570
720575941536198376,720575940625723922,130239
720575941416673308,720575940641171840,527338
720575941538729621,720575940616955229,49073
720575941686360438,720575940622934742,69683
720575941408150575,720575940611390840,540456
720575941686838284,720575940623966090,134609
720575941415866140,720575940623281591,47991
720575941507231255,720575940611940570,48599
720575941567604270,720575940629214825,110168
720575941479723232,720575940625871741,40327
720575941483462074,720575940622655949,151848
720575941561484845,720575940629917050,174425
720575941557284900,720575940612589735,47369
720575941552316990,720575940626828028,130025
720575941610744422,720575940621235846,75711
720575941653794265,720575940605712486,126172
720575941552313662,720575940639647651,113290
720575941604260598,720575940609024604,79706
720575941514047697,720575940638543593,41769
720575941433139598,720575940622779397,807430
720575941656771096,720575940621324148,81623
720575941477668161,720575940617211968,518520
720575941431033737,720575940625170362,169391
720575941579242997,720575940609233163,121469
720575941625976458,720575940630311996,110957
720575941473938528,720575940635699351,29535
720575941581221497,720575940631644178,73166
720575941424935508,720575940620422012,817456
720575941512808259,720575940653326326,26843
720575941450462586,720575940623640600,96920
720575941561767469,720575940627360774,33442
720575941475178811,720575940631822354,116483
720575941535791114,720575940620954733,170635
720575941559463725,720575940638721001,164622
720575941543128093,720575940641223120,114655
720575941407721007,720575940610885330,45467
720575941642602360,720575940609777301,72162
720575941643726162,720575940655608481,181043
720575941582238073,720575940645953815,65937
720575941494557127,720575940624166123,120983
720575941426429268,720575940632811821,88135
720575941681501629,720575940612322658,522338
720575941537946856,720575940611234402,115443
720575941401637923,720575940632831775,49171
720575941566127926,720575940639159029,815795
720575941393344004,720575940615379573,116712
720575941535364586,720575940629232322,143875
720575941514677347,720575940622178940,80840
720575941447891381,720575940623606064,87420
720575941632379116,720575940630152076,150286
720575941513445708,720575940628785173,500245
720575941460296848,720575940628088823,140224
720575941526839554,720575940608989909,94170
720575941353082672,720575940625434768,87116
720575941644343890,720575940624022823,34155
720575941686043254,720575940624394498,820684
720575941427559252,720575940616109254,516203
720575941577832785,720575940633626285,77207
720575941460377796,720575940633841776,47252
720575941626516618,720575940641366224,114139
720575941624812187,720575940627398855,810085
720575941431658081,720575940612051825,61839
720575941535846378,720575940623213971,39439
720575941579160913,720575940619379009,122069
720575941439244511,720575940611196110,100255
720575941526986340,720575940625543626,36796
720575941514404428,720575940618679872,72290
720575941568615982,720575940632653112,520453
720575941425757524,720575940630083804,91296
720575941591596072,720575940626638110,117818
720575941595764636,720575940618816054,808485
720575941553121086,720575940621712154,108729
720575941658965784,720575940633301474,201682
720575941570772296,720575940622363588,906109
720575941517701230,720575940628852730,93867
720575941569813618,720575940626332166,117324
720575941515436122,720575940625113127,78654
720575941462376848,720575940622586145,544064
720575941536408586,720575940629956879,113249
720575941440302421,720575940632471107,223187
720575941478385258,720575940635273720,548457
720575941567987450,720575940626387044,127911
720575941644346824,720575940618396399,148213
720575941486520205,720575940612924522,152559
720575941521740467,720575940626574142,546862
720575941615827669,720575940640802904,117314
720575941722614074,720575940641633499,30524
720575941404699504,720575940625584176,52276
720575941450344541,720575940640006973,533863
720575941611611565,720575940619084891,14526
720575941538677397,720575940627435592,91287
720575941409338027,720575940629002502,58434
720575941503437547,720575940637258894,78867
720575941484035581,720575940626483337,40084
720575941514892899,720575940628142352,525260
720575941504008279,720575940630791419,113830
720575941539548565,720575940608719113,159878
720575941518702508,720575940627672074,177192
720575941475727646,720575940615709663,728325731
720575941560078195,720575940638968016,178635
720575941548135048,720575940630570690,23467
720575941592736875,720575940623218390,75744
720575941702705370,720575940650495609,83030
720575941519677144,720575940619756148,137995
720575941515853827,720575940623678488,52884
720575941654605785,720575940630820879,137761
720575941619383679,720575940609226709,92605
720575941470374464,720575940625260361,62605
720575941690387419,720575940610072388,40745
720575941668001457,720575940604843436,67368
720575941626444652,720575940630845435,136516
720575941410849135,720575940627064595,127544
720575941504125634,720575940627305212,56754
720575941535312833,720575940623840781,109768
720575941606505069,720575940646090787,124923
720575941490957109,720575940631926073,532261
720575941625626826,720575940623827436,100381
720575941690661851,720575940632226274,124216
720575941522308427,720575940628741105,109020
720575941593532523,720575940644323744,557875
720575941477041258,720575940630656204,42508
720575941561891885,720575940630134775,522314
720575941520460471,720575940632412216,170211
720575941584578270,720575940631389241,116472
720575941632247200,720575940625343640,74106
720575941552999707,720575940612572054,804275
720575941516931756,720575940615322434,79425
720575941535398066,720575940628918001,525555
720575941527052644,720575940623073449,556828
720575941564813666,720575940629920056,107008
720575941503954341,720575940612127151,43212
720575941536606474,720575940622339466,143872
720575941479974368,720575940622713114,115205
720575941589442116,720575940645925508,156805
720575941459722963,720575940631374923,126098
720575941532899557,720575940653436406,102892
720575941535637682,720575940619042683,199925
720575941630831084,720575940616432607,53436
720575941579070041,720575940640177536,128593
720575941413755284,720575940624514599,57645
720575941624090620,720575940629394691,43432
720575941436653600,720575940626929594,150587
720575941352411440,720575940630446021,158604
720575941351990832,720575940629986819,551911
720575941555571108,720575940615505714,533326
720575941574119862,720575940629111035,48491
720575941496971648,720575940630344007,39461
720575941598703040,720575940644182984,94988
720575941412312721,720575940619983380,935961
720575941453803433,720575940632572447,125349
720575941644524882,720575940621269925,188725
720575941414723988,720575940615068327,130525
720575941439738943,720575940609806712,117782
720575941497577339,720575940625479426,16986
720575941541547356,720575940633107607,520786
720575941459760068,720575940617965878,175425
720575941489259573,720575940636950413,79680
720575941404089968,720575940632002017,812456
720575941493842096,720575940616282809,105310
720575941527884454,720575940633735575,121843
720575941518560172,720575940628312658,50264
720575941491001909,720575940612326362,82412
720575941611436764,720575940625044068,153389
720575941518599640,720575940625683687,57855
720575941574385673,720575940630706247,97157
720575941504233788,720575940661333889,43777
720575941512095953,720575940617598109,31626
720575941535624626,720575940620319317,940782
720575941655095252,720575940658982017,63351
720575941535740097,720575940604389054,176579
720575941411248811,720575940634513515,149882
720575941689231000,720575940613020018,129086
720575941611138278,720575940617266571,514600
720575941530753509,720575940607674754,131450
720575941447624212,720575940627371133,449558
720575941498581729,720575940606729858,203885
720575941497773435,720575940615500798,28419
720575941660564536,720575940633894030,74557
720575941460439622,720575940610849242,82842
720575941580675961,720575940616848030,65305
720575941435861536,720575940624909309,58989
720575941506038437,720575940635134827,216237
720575941527681668,720575940633284435,805650
720575941630010662,720575940620512391,75001
720575941657470488,720575940647617412,159063
720575941553871495,720575940614000849,534140
720575941482507261,720575940632280680,814058
720575941628383526,720575940611860121,76498
720575941619929983,720575940639736739,146830
720575941600841257,720575940610729113,88267
720575941552618267,720575940615257490,140164
720575941574540296,720575940627134470,543394
720575941558051087,720575940630469881,100621
720575941518572972,720575940614436775,159388
720575941679441341,720575940615720095,134817
720575941531694027,720575940630635386,546191
720575941568676398,720575940606728715,112324
720575941502529003,720575940617932101,814172
720575941491153353,720575940621885556,552250
720575941426691668,720575940625461762,818130
720575941497369673,720575940628001352,64382
720575941555110298,720575940610933572,23184
720575941412301423,720575940620135303,107426
720575941620426623,720575940620958854,25768
720575941504589733,720575940636298047,117332
720575941521204215,720575940631301989,192178
720575941471841291,720575940611092270,120990
720575941520394163,720575940636579817,55480
720575941642348626,720575940623810540,72757
720575941689075608,720575940612504818,83727
720575941498070178,720575940621889456,143827
720575941411442543,720575940619821470,63657
720575941525847396,720575940655571617,815926
720575941523840331,720575940637617520,507689
720575941476032321,720575940628695313,117601
720575941574211510,720575940616936285,134110
720575941574755688,720575940630931539,87037
720575941481681350,720575940624907337,74208
720575941536000995,720575940627477050,89735
720575941559004775,720575940610140378,59272
720575941448299613,720575940621670132,81748
720575941653744857,720575940620779246,26507
720575941550277887,720575940604932017,62406
720575941611963309,720575940602864300,575760
720575941653039633,720575940622057972,67202
720575941499191458,720575940633911959,97999
720575941533230258,720575940617180219,522881
720575941478122858,720575940610493379,146288
720575941574694031,720575940653313953,169369
720575941503459890,720575940637508917,144746
720575941637839733,720575940622243610,23798
720575941545135465,720575940638540672,125096
720575941435544352,720575940645821207,117236
720575941353201200,720575940613020274,15834
720575941446459924,720575940620182399,248072
720575941399975715,720575940633234658,124852
720575941603720377,720575940633057762,129391
720575941506533029,720575940630503034,522770
720575941730797611,720575940614744017,569340
720575941453112489,720575940614579837,175244
720575941481381117,720575940603980256,38291
720575941720866362,720575940612217342,25714
720575941564169984,720575940608838702,37186
720575941519579308,720575940612274837,154788
720575941506476382,720575940629803026,816003
720575941430103433,720575940640547928,807519
720575941596114565,720575940628797512,76845
720575941624865482,720575940635693033,805854
720575941502252939,720575940637570014,40509
720575941546274184,720575940616812315,81507
720575941486631746,720575940621250486,99659
720575941688753371,720575940628478184,233046
720575941470584128,720575940637373040,803818
720575941689892760,720575940641824200,808822
720575941631712416,720575940623448614,140171
720575941523217143,720575940624792197,64318
720575941474440544,720575940625079484,549734
720575941474213947,720575940621487536,512197
720575941506624290,720575940648535417,93402
720575941441887423,720575940614846929,108867
720575941625364891,720575940622109478,25014
720575941491579852,720575940639375182,71935
720575941468102934,720575940615190993,130632
720575941592999638,720575940620095341,134808
720575941631156194,720575940639901237,79844
720575941405251184,720575940606508674,40678
720575941555942913,720575940621601462,529246
720575941542761052,720575940628482308,76680
720575941656100176,720575940635697380,20977
720575941538818709,720575940645635875,128354
720575941580010361,720575940623485910,188018
720575941525449572,720575940632959535,36192
720575941448391005,720575940617726272,89317
720575941523597643,720575940634269977,71680
720575941553025598,720575940637504910,117800
720575941405202288,720575940630207488,115989
720575941431917326,720575940622844903,122573
720575941645821640,720575940622315945,514848
720575941532426730,720575940630418652,956305
720575941460426640,720575940626534858,107773
720575941510768144,720575940620700287,47123
720575941536620314,720575940607718101,55856
720575941589782924,720575940628605096,80927
720575941722442042,720575940635632023,143513
720575941543178525,720575940620383768,17184
720575941658636368,720575940634458010,72137
720575941495565438,720575940605986476,134127
720575941537384931,720575940612376689,79183
720575941480933795,720575940638531637,97356
720575941486800962,720575940611270629,67994
720575941604034806,720575940630146135,102316
720575941506691900,720575940633693154,22030
720575941575525558,720575940604640945,820141
720575941543700765,720575940628263686,62828
720575941545286792,720575940623897096,161542
720575941572842504,720575940650875769,818911
720575941565935662,720575940604624096,69146
720575941598813340,720575940610931064,524264
720575941590098487,720575940620014416,550938
720575941540154573,720575940618099417,500022
720575941514305795,720575940626002634,132112
720575941630078758,720575940607077762,202903
720575941411603115,720575940623817776,529508
720575941651760401,720575940621365313,69951
720575941433082382,720575940616621497,832921
720575941478396778,720575940629871813,804917
720575941459504543,720575940630272411,83093
720575941535140786,720575940614053149,36225
720575941701824986,720575940622145449,135459
720575941514002179,720575940635648919,171530
720575941572984989,720575940643482784,141538
720575941461935556,720575940614326439,91041
720575941451164238,720575940617870737,524824
720575941575912886,720575940619607350,101713
720575941542313245,720575940620653807,63625
720575941467201366,720575940629236209,170912
720575941562956183,720575940610236740,810607
720575941659550800,720575940642562445,99240
720575941437631455,720575940626641098,116710
720575941660856956,720575940630673786,810501
720575941596651909,720575940624795879,103621
720575941425414228,720575940625780026,91804
720575941433260814,720575940612725906,88046
720575941427182932,720575940646505326,93048
720575941613674393,720575940628241226,158741
720575941590942248,720575940615602107,165914
720575941496385920,720575940621088773,83985
720575941658581584,720575940635437966,183934
720575941575000841,720575940622033791,100632
720575941391550358,720575940622281412,154432
720575941640779551,720575940630983186,109382
720575941490859214,720575940611050052,47397
720575941428534447,720575940621716067,60017
720575941479146882,720575940631238487,233675
720575941469739997,720575940624882190,522988
720575941403626864,720575940636370153,109255
720575941590287927,720575940618139220,516780
720575941593637927,720575940618827318,111919
720575941440156507,720575940633486756,56627
720575941558078735,720575940612138927,134551
720575941486893890,720575940627828306,171510
720575941598267433,720575940621728844,57808
720575941542119965,720575940633401199,513842
720575941550507263,720575940631479460,164300
720575941555438564,720575940628708139,120275
720575941539089138,720575940633183884,536548
720575941573237769,720575940630546084,113655
720575941533810520,720575940628400492,123066
720575941563400758,720575940635666409,176645
720575941512101708,720575940606169376,200074
720575941591891051,720575940640014464,286595
720575941543930044,720575940634772671,302843
720575941565928039,720575940608731972,63452
720575941650535957,720575940632240465,105841
720575941547323828,720575940617687769,107026
720575941503774699,720575940627620881,77273
720575941732756523,720575940628783632,46199
720575941642329170,720575940609244885,183306
720575941441544911,720575940627658259,97086
720575941584623326,720575940606499017,112470
720575941435892512,720575940622953229,40214
720575941519547864,720575940624801063,129827
720575941594260950,720575940626610960,14284
720575941462924944,720575940635662510,541628
720575941633600160,720575940629370118,32563
720575941590729868,720575940622751145,807578
720575941644119201,720575940632934751,128061
720575941641226527,720575940631057679,149480
720575941434730016,720575940620619358,41486
720575941412473745,720575940633280608,62315
720575941633684667,720575940615484738,97009
720575941509553362,720575940626363880,157660
720575941688796684,720575940639285493,541880
720575941431419823,720575940623399181,48167
720575941504687781,720575940628279804,15270
720575941627411513,720575940613692950,97273
720575941453053097,720575940647620484,55031
720575941517857134,720575940624916226,79480
720575941583568479,720575940627123206,926811
720575941477422657,720575940635384474,514658
720575941566351150,720575940615219103,245519
720575941537552611,720575940637081455,222812
720575941534613002,720575940635276127,154706
720575941562419624,720575940632477348,76791
720575941438608191,720575940643956168,428737
720575941474333226,720575940637495524,165393
720575941440256859,720575940629585146,103622
720575941481308495,720575940621082996,88518
720575941480926850,720575940621187753,137603
720575941631337196,720575940611453107,205908
720575941451456169,720575940619699068,137067
720575941643674312,720575940652658166,219699
720575941591040766,720575940624547051,73168
720575941588644932,720575940618574400,547159
720575941563069952,720575940627319683,136096
720575941685905391,720575940621805172,141646
720575941643482962,720575940651939318,236335
720575941498613065,720575940634997399,106341
720575941624411291,720575940624405235,40912
720575941431332344,720575940631573243,115451
720575941519290551,720575940633296465,146985
720575941508629633,720575940636128180,24562
720575941448355253,720575940620512603,116838
720575941476222785,720575940623186943,86782
720575941513085004,720575940624872380,816065
720575941580476405,720575940627419925,75477
720575941542582789,720575940605931180,128314
720575941563106304,720575940638766426,153374
720575941507943440,720575940612740835,809985
720575941578251857,720575940637406821,97174
720575941573170697,720575940634510967,14798
720575941545172156,720575940639356213,62525
720575941592802599,720575940611568686,157558
720575941567962994,720575940635571118,68180
720575941527419814,720575940627907197,161717
720575941632638112,720575940659975297,126704
720575941572132680,720575940624499947,94567
720575941598830236,720575940621860973,128295
720575941526095782,720575940644084503,40298
720575941519429292,720575940635744879,27822
720575941596189297,720575940630750279,808760
720575941688391407,720575940615088434,150864
720575941508680976,720575940632894535,244865
720575941540144253,720575940612598755,88517
720575941441425087,720575940625965820,30972
720575941568455418,720575940631408199,813940
720575941438272530,720575940626925657,87510
720575941496122752,720575940613568739,111337
720575941471947787,720575940622411242,178999
720575941575932815,720575940623833638,543835
720575941451783802,720575940634739863,106305
720575941526632194,720575940631065144,804708
720575941411113387,720575940622851511,91444
720575941574440456,720575940612293730,85318
720575941441190491,720575940618458461,82731
720575941625265772,720575940636316137,806578
720575941476645937,720575940631312633,86618
720575941549856033,720575940625260180,126461
720575941491665584,720575940624454743,92862
720575941502414935,720575940630484811,81446
720575941499924386,720575940602857696,39652
720575941488174800,720575940633782135,27002
720575941566260071,720575940645122948,104416
720575941590123063,720575940612901807,48298
720575941576777832,720575940615515039,518635
720575941581442143,720575940629088719,95988
720575941568180014,720575940614448424,34435
720575941490309582,720575940635149669,124307
720575941550541629,720575940645706548,154437
720575941521170355,720575940619965104,185350
720575941651213553,720575940622630069,811123
720575941496682363,720575940623747268,113403
720575941463520781,720575940621683182,80641
720575941393201302,720575940637911741,83766
720575941591767180,720575940631097462,136226
720575941611306413,720575940615001128,92849
720575941413079188,720575940626123353,118276
720575941539329429,720575940625453340,159834
720575941439799359,720575940608066946,100998
720575941496390343,720575940612956322,518056
720575941477486641,720575940621767088,26505
720575941527299405,720575940639342406,551340
720575941431045295,720575940630159916,88832
720575941530001893,720575940639257077,523016
720575941550294845,720575940640394037,543170
720575941562430727,720575940619865547,816870
720575941533800170,720575940640766004,96130
720575941630661346,720575940619927768,85490
720575941490578741,720575940610339011,151267
720575941731981099,720575940641118004,108838
720575941498388130,720575940633670882,26310
720575941476584753,720575940620128282,541621
720575941410688171,720575940617731467,60869
720575941460361412,720575940613903978,105126
720575941589982775,720575940613527789,805889
720575941443092906,720575940611486131,93874
720575941409975663,720575940626267261,906146
720575941404444016,720575940621585446,166439
720575941680956605,720575940636327543,79616
720575941568914290,720575940633243949,91732
720575941505609532,720575940623823596,54463
720575941534563866,720575940608683017,102100
720575941671678375,720575940614694924,60788
720575941611059274,720575940620634096,803722
720575941687364982,720575940635031447,108016
720575941441522011,720575940623334732,24433
720575941518548184,720575940630750459,158429
720575941492602288,720575940631204163,947005552
720575941507351621,720575940622532595,512794
720575941525868454,720575940626085776,76149
720575941645611128,720575940621400929,124217
720575941448354324,720575940617766374,150803
720575941472312640,720575940640112768,66712
720575941562846376,720575940614780327,107596
720575941505344421,720575940620929121,135668
720575941543200797,720575940633765284,557181
720575941589548428,720575940632634252,22038
720575941550821694,720575940614014179,124458
720575941480967247,720575940621356464,42795
720575941415251740,720575940641254452,94508
720575941565279335,720575940629913655,79019
720575941595759655,720575940624292244,147396
720575941393708438,720575940631093519,118022
720575941596670912,720575940632385066,44909
720575941596917952,720575940621362241,130546
720575941593588263,720575940605655398,154448
720575941510284754,720575940626974650,521175
720575941486519504,720575940622488090,134393
720575941558961956,720575940638758470,544342
720575941560523535,720575940630088236,575682
720575941431432111,720575940639973309,98666
720575941489706293,720575940609313092,139750
720575941571372795,720575940638817725,816235
720575941413989404,720575940627046479,806779
720575941430323849,720575940618599150,39602
720575941668315379,720575940639736272,16937
720575941393628310,720575940624347389,85939
720575941612918803,720575940629929854,183937
720575941497793147,720575940612065394,32363
720575941604710334,720575940618247333,520931
720575941535308314,720575940620546053,543353
720575941545352584,720575940612340430,75714
720575941437462335,720575940640068029,84643
720575941483792637,720575940611323670,37937
720575941624834442,720575940626047492,78999
720575941604374774,720575940620951233,203679
720575941563308551,720575940620000203,83554
720575941643053176,720575940618268061,147828
720575941467258454,720575940631987474,117439
720575941495839687,720575940619452062,131652
720575941498631291,720575940624817845,28806
720575941475102250,720575940632384527,117704
720575941553027719,720575940623310333,103022
720575941494464199,720575940621087821,147432
720575941430790575,720575940631218681,169994
720575941488689717,720575940620667352,60603
720575941640255263,720575940631868463,21002
720575941609773130,720575940639604789,102374
720575941527712601,720575940603391712,73250
720575941572945039,720575940639979648,806948
720575941480920450,720575940619983665,98195
720575941645755848,720575940627964949,70232
720575941566690102,720575940626307109,105969
720575941686568943,720575940618041830,105191
720575941645079240,720575940611480930,81775
720575941506699173,720575940644891336,82580
720575941566756602,720575940626307459,75938
720575941499177697,720575940641696475,64390
720575941575270152,720575940616151052,160968
720575941515769347,720575940640645584,68354
720575941565266791,720575940625769253,63263
720575941515592538,720575940611623661,284058
720575941556337124,720575940605594814,30190
720575941553253950,720575940618517277,138888
720575941519664600,720575940637904000,530346
720575941352068656,720575940633853559,41949
720575941475525662,720575940620755366,107983
720575941450824007,720575940617514397,142950
720575941412536175,720575940639209917,546751
720575941491047113,720575940649959545,324804
720575941507779397,720575940629873790,531224
720575941560220275,720575940616844500,80147
720575941480671683,720575940636707951,115876
720575941481236899,720575940636684378,518986
720575941537235688,720575940631139927,33347
720575941526445570,720575940617999419,164598
720575941634187195,720575940622938913,63560
720575941594228950,720575940613237490,534892
720575941451848570,720575940635447391,137736
720575941687112175,720575940629769086,65217
720575941722876730,720575940626116429,81052
720575941669921713,720575940612354983,91135
720575941504832562,720575940634186906,143821
720575941417143324,720575940622045172,157940
720575941392615940,720575940625680568,47695
720575941537682837,720575940623865624,63654
720575941552487679,720575940626192132,97200
720575941494993095,720575940615572597,814968
720575941602641398,720575940620313873,22996
720575941539294101,720575940645461636,91126
720575941469134455,720575940614905759,92150
720575941584793695,720575940607046786,84806
720575941528983992,720575940631924072,804567
720575941611254761,720575940629875247,121507
720575941652207121,720575940630942457,131153
720575941590474238,720575940618074041,118420
720575941594012711,720575940645263127,78714
720575941619738338,720575940616408065,68685
720575941438684991,720575940627175671,93162
720575941477017118,720575940644083912,147915
720575941643058533,720575940625490532,440899
720575941558296621,720575940616546902,30448
720575941661583484,720575940620148673,101702
720575941553177223,720575940638263012,64830
720575941594760999,720575940622257335,140324
720575941504040023,720575940608481372,85685
720575941483306182,720575940633503405,245550
720575941522320631,720575940621225910,81885
720575941594134897,720575940622191393,117600
720575941641104159,720575940626380388,473440077
720575941547743521,720575940617429131,129305
720575941661142584,720575940607287170,123867
720575941410870699,720575940621850608,199109
720575941438594834,720575940639202467,110503
720575941496480711,720575940628599296,159579
720575941537307368,720575940635673023,127549
720575941501432811,720575940652466934,44201
720575941467145046,720575940623404168,200313
720575941626586476,720575940620317525,95145
720575941447846837,720575940622317897,109492
720575941512213969,720575940625515341,84160
720575941633883835,720575940636164344,198971
720575941643896658,720575940638492250,123258
720575941557381284,720575940629126087,173712
720575941351394096,720575940620165285,59536
720575941475795306,720575940617821248,806638
720575941658904344,720575940625388848,140108
720575941506156348,720575940659863169,124405
720575941508594210,720575940631309905,16577
720575941495464830,720575940614153955,134797345
720575941643733093,720575940626600579,150748
720575941482614979,720575940612822422,28008
720575941518430574,720575940631708719,910303
720575941575150479,720575940639161552,115885
720575941630128364,720575940634054355,152607
720575941534806250,720575940630776057,110156
720575941624122267,720575940623302035,46001
720575941470630263,720575940630145071,173198
720575941593467350,720575940623400189,809557
720575941579841013,720575940627574921,22158
720575941623131388,720575940636483252,73999
720575941502834738,720575940627161372,80517
720575941518745004,720575940625035668,125275
720575941512839756,720575940640257152,121454
720575941453195945,720575940624734512,805597
720575941513742947,720575940610367556,96063
720575941544958652,720575940624441383,70687
720575941615427481,720575940635962735,23696
720575941490753998,720575940628603356,802525
720575941631801760,720575940622165174,167213
720575941686091894,720575940631371991,809826
720575941547808948,720575940615494086,76881
720575941559627279,720575940623923336,149809
720575941721325882,720575940629425963,518114
720575941475768938,720575940630461804,14046
720575941549933117,720575940639081030,143708
720575941436628799,720575940633027223,911584
720575941451815290,720575940614366248,542313
720575941501670123,720575940640514419,111361
720575941460915923,720575940624352041,282518677
720575941562071442,720575940632187181,804916
720575941499643298,720575940634177250,77321
720575941576660072,720575940626667663,15287
720575941595931687,720575940620065671,197271
720575941448340756,720575940625396460,132068
720575941596453788,720575940621251818,58729
720575941515646969,720575940618499141,88966
720575941471705611,720575940626941455,43748
720575941474983227,720575940627445074,90456
720575941607745133,720575940619439576,26047
720575941534641434,720575940646405998,550276
720575941462104845,720575940634984032,101974
720575941590666024,720575940621380190,54537
720575941429256440,720575940642021773,120752
720575941651221233,720575940615686749,115131
720575941442460623,720575940635475552,216246
720575941431822433,720575940633430476,539204
720575941544583685,720575940619170974,542502
720575941670880423,720575940623617771,39475
720575941589470206,720575940636588430,518786
720575941655107540,720575940624769168,79715
720575941559690222,720575940620324056,107179
720575941553281690,720575940614602671,36230
720575941591484556,720575940644786228,167394
720575941516199514,720575940608729795,28264
720575941607558765,720575940626082148,808908
720575941505869221,720575940617956569,60042
720575941645208520,720575940631965783,113345
720575941406655918,720575940606418110,175533
720575941540420813,720575940626973700,527270
720575941451044430,720575940627484218,54968
720575941518663640,720575940627806480,68611
720575941471668235,720575940610724466,32609
720575941632143084,720575940624049214,114745
720575941550714942,720575940619039773,155231
720575941534731713,720575940627081828,38196
720575941587908164,720575940630037036,159036
720575941507976833,720575940645946164,28778
720575941540829645,720575940634572956,109039
720575941527834500,720575940618003515,149633
720575941688251887,720575940617293910,32978
720575941721244986,720575940618875819,100246
720575941538554261,720575940638847807,77137
720575941510965970,720575940614755234,43412
720575941489058761,720575940631334671,112813
720575941449810613,720575940631997381,164792
720575941732146475,720575940619598897,548311
720575941552230974,720575940626939407,129496
720575941639404405,720575940638134872,182235
720575941470399499,720575940620791028,812704
720575941566397287,720575940627431301,90400
720575941544677637,720575940637091674,56294
720575941573967176,720575940614605521,540510
720575941554325843,720575940639400307,151537
720575941556878244,720575940625940152,65011
720575941564791303,720575940623724899,135293
720575941548867901,720575940623352760,911437
720575941667390195,720575940631305180,100610
720575941439843135,720575940621295014,107360
720575941430190328,720575940615894877,801181
720575941626440091,720575940613337410,35793
720575941538065640,720575940635899896,517039
720575941414799761,720575940624084518,126851
720575941607534189,720575940619550708,157644
720575941597887388,720575940632395684,219188
720575941652994801,720575940623954058,215978
720575941542265093,720575940631914856,805591
720575941538705045,720575940630237696,50336
720575941478258282,720575940627847428,100792
720575941516031834,720575940617605154,137233
720575941452699049,720575940612048114,50422
720575941516061027,720575940639636643,561724
720575941437020434,720575940627676971,115503
720575941461344196,720575940617813814,140117
720575941506900503,720575940630957007,44708
720575941562831616,720575940630407639,163266
720575941496230272,720575940614386850,130628
720575941623400300,720575940642199496,810151
720575941412773268,720575940623110426,22604
720575941486261968,720575940622255017,38650
720575941542644509,720575940620688832,81975
720575941653355481,720575940631659475,86418
720575941577817333,720575940643781320,143916
720575941533634282,720575940615699306,41102
720575941430243086,720575940622459588,810197
720575941550782526,720575940618096212,67196
720575941438767916,720575940618915823,39966
720575941411667883,720575940655637665,212493
720575941552940059,720575940632069650,525992
720575941524943972,720575940629756663,198232
720575941525486594,720575940622791885,98886
720575941584578182,720575940640913571,147538
720575941564945408,720575940656115105,140386
720575941505011004,720575940624918932,50684
720575941542901852,720575940621204115,184908
720575941502675394,720575940621498111,555697
720575941593593896,720575940617859288,137028
720575941546415449,720575940624997560,110131
720575941688270319,720575940629464570,62146
720575941514370636,720575940623595731,208964
720575941598522304,720575940630144323,537666
720575941439802197,720575940638822207,30030
720575941437272338,720575940624486729,807032
720575941412001940,720575940624064295,300907
720575941532507267,720575940606450955,96320
720575941452123258,720575940614997471,77704
720575941631715259,720575940630698703,571334
720575941409073838,720575940633811795,487675
720575941510800850,720575940614778124,803706
720575941465433430,720575940616934203,107117
720575941515460601,720575940616316741,117683
720575941515202883,720575940628951422,45076
720575941633448379,720575940615616827,580314
720575941535666954,720575940625213454,143224
720575941490973644,720575940624162328,68369
720575941567860212,720575940618736965,47525
720575941508631586,720575940615219050,109817
720575941412283247,720575940638916954,56094
720575941501941483,720575940626500670,84443
720575941626321260,720575940621785182,532441
720575941643679570,720575940628240122,70261
720575941594909991,720575940619619019,67387
720575941498824571,720575940628567934,141402
720575941510892304,720575940624952307,105035
720575941658782032,720575940626533063,33074
720575941600109353,720575940605498302,809986
720575941434065184,720575940630936057,35424
720575941480689376,720575940635469978,167637
720575941507103070,720575940622093428,98541
720575941546655593,720575940616394683,171398
720575941439404511,720575940625504956,247841
720575941482733507,720575940628148712,115539
720575941575326095,720575940621181004,225823
720575941619404927,720575940617654341,128710
720575941437631551,720575940615099334,31719
720575941458807199,720575940632733132,141906
720575941655632340,720575940626488914,50719
720575941516214362,720575940634818399,112787
720575941536215011,720575940630312130,71581
720575941582158457,720575940633218861,92641
720575941351504944,720575940634270931,72489
720575941440465493,720575940625934896,70358
720575941486566096,720575940616589766,97794
720575941490844878,720575940631037148,68675
720575941573865117,720575940624403044,160818
720575941557102628,720575940634288665,201198
720575941579851857,720575940631282373,530378
720575941563207319,720575940632669977,60370
720575941583122527,720575940637570869,809402
720575941593517419,720575940625042951,810013
720575941488015312,720575940617092057,939916
720575941550016545,720575940652297974,62094
720575941642994888,720575940617039163,535210
720575941516849112,720575940636945380,170400
720575941440975451,720575940639288637,142838
720575941567698222,720575940616185371,157389
720575941519448792,720575940639541838,67783
720575941417083932,720575940619833816,166901
720575941687089164,720575940621346164,144751
720575941459386067,720575940633491342,156589
720575941631444706,720575940625557125,192875
720575941652477937,720575940638829109,76095
720575941624503148,720575940615124948,816281
720575941612537446,720575940610366915,223736
720575941547765025,720575940632564781,130171
720575941644126113,720575940635371164,78426
720575941587689284,720575940631610472,102118
720575941575259912,720575940633280156,149418
720575941614672659,720575940620266801,193238
720575941436406048,720575940623337229,111904
720575941608067693,720575940626903298,207550
720575941491935207,720575940604021425,23167
720575941490213577,720575940638950051,112809
720575941686279542,720575940615220802,25773
720575941541026652,720575940642687904,69403
720575941594064235,720575940623213055,94280
720575941539359986,720575940631894802,25123
720575941514869571,720575940608213426,548999
720575941442379178,720575940604974978,906442
720575941594575729,720575940621505775,72935
720575941613613276,720575940624150857,178611
720575941644776568,720575940629707484,550800
720575941565653911,720575940604824236,119278
720575941549826621,720575940634619929,206944
720575941530518987,720575940633246871,38166
720575941458447571,720575940612321194,909416
720575941442310863,720575940624236267,143045
720575941536481546,720575940633640929,107992
720575941513340739,720575940627074588,24462
720575941565347426,720575940614701730,22040
720575941574941597,720575940620488513,92278
720575941649909233,720575940630567788,805893
720575941535167320,720575940632007844,910718
720575941508482654,720575940631976729,69766
720575941461122771,720575940618076957,163785
720575941561422248,720575940640097332,106133
720575941689041164,720575940638044250,542356
720575941689407384,720575940609470659,56007
720575941458972144,720575940622096778,143454
720575941460827859,720575940620213268,146510
720575941555628836,720575940611782874,805225
720575941612657325,720575940631127756,227555
720575941436266016,720575940626828053,75333
720575941620196735,720575940614380771,77869
720575941688732172,720575940616094523,36461
720575941521265143,720575940616302292,107783
720575941469370688,720575940615866636,815682
720575941565880215,720575940627238931,536150
720575941457294576,720575940623505421,104414
720575941627913785,720575940629786959,517893
720575941484520333,720575940630020171,54639
720575941552519937,720575940609859960,806016
720575941613064924,720575940614711238,72552
720575941508078430,720575940627222440,198311
720575941578377973,720575940616491423,58266
720575941563384930,720575940623354348,109019
720575941536456218,720575940625642340,113661
720575941568474356,720575940633593057,116205
720575941611818515,720575940611197297,903831
720575941439096594,720575940616895244,198095
720575941514897923,720575940630780919,73246
720575941579775569,720575940623658023,68017
720575941465015830,720575940638919485,173672
720575941515767289,720575940623628070,531182
720575941491313614,720575940608836291,12271
720575941490992693,720575940631233340,54978
720575941476784234,720575940623073833,56506
720575941499512801,720575940626509187,902782
720575941607402093,720575940618075549,514039
720575941353440304,720575940625450371,518389
720575941563655063,720575940623615751,84116
720575941521760947,720575940621686406,80029
720575941583167839,720575940616649617,109205
720575941611043402,720575940636211945,809397
720575941498276065,720575940612846578,407846
720575941632857285,720575940622294800,38766
720575941554333211,720575940637643632,134040
720575941553326081,720575940627200812,121503
720575941477368606,720575940617900123,18861
720575941534415850,720575940619080773,533088
720575941639807775,720575940646853508,96325
720575941689119350,720575940615345570,147525
720575941535401650,720575940620458260,73543
720575941593890929,720575940638363206,39393
720575941568595826,720575940620981274,155659
720575941632767941,720575940633975065,95668
720575941575260680,720575940634615648,168616
720575941520784631,720575940622030861,46262
720575941437796140,720575940628982939,81787
720575941459071391,720575940632505683,104993
720575941669232039,720575940631497035,167938
720575941440836437,720575940620889947,47466
720575941498470267,720575940612626538,808060
720575941654661849,720575940633587117,141935
720575941452594227,720575940612267470,63995
720575941474358368,720575940604598974,118939
720575941585344902,720575940607446658,153657
720575941524119117,720575940642399648,807743
720575941602525942,720575940619832661,73656
720575941450599005,720575940636834446,550957
720575941723527738,720575940620490064,543791
720575941449523381,720575940633697727,119581
720575941587015134,720575940637235261,532843
720575941481361571,720575940627917834,142846
720575941645380216,720575940615865650,527055
720575941461640644,720575940618648640,536957
720575941499021129,720575940635175871,142008
720575941503617340,720575940614308283,153999
720575941477070442,720575940614348967,98142
720575941588924215,720575940620473547,140179
720575941588895799,720575940629355515,140753
720575941454953453,720575940622246538,93845
720575941651434517,720575940637055797,83360
720575941645812936,720575940633590180,132637
720575941503882327,720575940625149437,521617
720575941449048501,720575940621089960,138346
720575941431733423,720575940624113604,151645
720575941477239860,720575940617889819,584183
720575941572608840,720575940631579219,805931
720575941560464911,720575940618262758,112931
720575941407599151,720575940626993576,138127
720575941566769966,720575940616209494,31092
720575941563014407,720575940629441150,908285
720575941434362144,720575940627342086,43797
720575941524465227,720575940629500410,129972
720575941574887163,720575940618035037,62673
720575941540658268,720575940621170292,92703
720575941452257402,720575940635714296,88032
720575941535996170,720575940630719340,139749
720575941430480632,720575940618831576,27832
720575941591222270,720575940623834723,19188
720575941574281142,720575940647538484,55943
720575941393394838,720575940638251583,526831
720575941537423080,720575940627820304,526176
720575941551300670,720575940623934955,813295
720575941484801602,720575940618568768,112971
720575941599661097,720575940621201391,93178
720575941624352923,720575940612371941,64319
720575941535198040,720575940643136141,145998
720575941531864451,720575940627255324,125048
720575941579356149,720575940629650007,230888
720575941586271878,720575940611297649,59625
720575941488990517,720575940634161634,93212
720575941525514829,720575940620237648,87118
720575941553696257,720575940622261168,82183
720575941484057229,720575940622438634,64298
720575941506838295,720575940634224609,150826
720575941687208204,720575940660617345,117326
720575941459103472,720575940618211668,113961
720575941528343718,720575940660803201,530418
720575941401609507,720575940617735380,88432
720575941691331224,720575940646464803,106094
720575941478620290,720575940628862723,120481
720575941549617697,720575940632302919,49711
720575941533062787,720575940605981105,122614
720575941533960938,720575940625973135,811990
720575941604107961,720575940631551247,209323
720575941624229740,720575940623866556,95210
720575941478980576,720575940620395456,124348
720575941545067964,720575940618040997,818120
720575941515387139,720575940632840495,213648
720575941579797329,720575940629040119,23927
720575941391630486,720575940627910419,46006
720575941481884102,720575940637412841,131100
720575941554350931,720575940613695338,184302
720575941434998816,720575940633382300,802205
720575941493616327,720575940621002480,20996
720575941558492275,720575940612695525,97551
720575941483231674,720575940614778930,70206
720575941599970089,720575940626227352,29691
720575941531795843,720575940627038376,88916
720575941557564580,720575940616878238,78203
720575941441828047,720575940614203601,517689
720575941409414315,720575940630434048,131230
720575941586137222,720575940618321857,40365
720575941610776394,720575940639404496,56819
720575941517590444,720575940632734637,60013
720575941490640693,720575940609887698,90787
720575941499582025,720575940630501120,515073
720575941574924904,720575940627424072,31836
720575941476384577,720575940638574525,16475
720575941414621212,720575940628437269,78934
720575941527751078,720575940629145084,61980
720575941559425139,720575940620204166,42420
720575941430241121,720575940623160456,115907
720575941402370851,720575940631117519,517126
720575941578979161,720575940631155256,138733
720575941544149509,720575940629513157,912478
720575941572202312,720575940626858472,110399
720575941586294918,720575940630945231,74977
720575941551353087,720575940636868719,88329
720575941644075937,720575940615898566,36599
720575941625744074,720575940626272002,72514
720575941406619822,720575940610797010,143070
720575941457366768,720575940631184471,123949
720575941474479675,720575940626086728,848955
720575941625105866,720575940623311804,27904
720575941659356240,720575940631732431,194647
720575941439205420,720575940632605357,135828
720575941505968549,720575940641175541,146593
720575941492759984,720575940633100615,60157
720575941584963167,720575940633360610,136431
720575941612575149,720575940628340245,62858
720575941351045936,720575940632530913,807593
720575941508555905,720575940626689679,106141
720575941514991251,720575940624197045,123661
720575941652628977,720575940624631700,116166
720575941489620940,720575940626112526,98427
720575941495443070,720575940623019290,42939
720575941569923066,720575940626782360,529148
720575941503619415,720575940622839585,24863
720575941467653398,720575940621569371,59817
720575941409401259,720575940639932275,126760
720575941528507780,720575940624094602,91581
720575941536293130,720575940636318576,174221
720575941528110980,720575940621334980,51866
720575941547337844,720575940637046158,802998
720575941491688368,720575940639055157,137247
720575941430906721,720575940645941812,802290
720575941431087374,720575940621424854,195816
720575941587422020,720575940640046424,56268
720575941511218130,720575940630286639,111652
720575941687033462,720575940624582985,79042
720575941429294985,720575940630577450,59322
720575941515956067,720575940614398570,228085
720575941592168811,720575940624001683,119396
720575941563469207,720575940626063653,148885
720575941567001959,720575940620333504,53631
720575941658799640,720575940620731245,534148
720575941541125724,720575940617729977,55100
720575941575166985,720575940619642840,109202
720575941548405537,720575940614132667,911904
720575941561548845,720575940638116723,164575
720575941545142361,720575940620588782,112444
720575941471456267,720575940614480424,177347
720575941631212997,720575940627092617,105637
720575941484980877,720575940623646140,89169
720575941552497031,720575940626944286,87810
720575941588767556,720575940633748706,104582
720575941551354623,720575940632189497,138595
720575941506249532,720575940627173834,815041
720575941494883527,720575940623891917,89142
720575941513388387,720575940616078442,150289
720575941559550835,720575940635723887,140357
720575941409149487,720575940624425924,104771
720575941538741746,720575940625483838,111419
720575941486688397,720575940615928386,900035
720575941543272733,720575940613669347,242359
720575941598832425,720575940614704290,58770
720575941732843307,720575940623726872,131286
720575941612387046,720575940628186792,59169
720575941516743827,720575940623943914,805470
720575941595997061,720575940636463471,56951
720575941399910179,720575940629915983,67128
720575941602920126,720575940614901098,76841
720575941518929624,720575940632718623,82931
720575941560511726,720575940625106876,349344
720575941491140046,720575940655971489,179318
720575941438298642,720575940618073371,131481
720575941416828188,720575940631208466,55393
720575941624199323,720575940624102448,104710
720575941501315927,720575940610280115,18699
720575941461084356,720575940614061864,123201
720575941634218683,720575940629681819,143958
720575941534183361,720575940623982216,114611
720575941478833059,720575940635745690,114489
720575941688925814,720575940620927727,51515
720575941557720996,720575940626294565,531282
720575941480439682,720575940618881950,525187
720575941487346384,720575940629763065,43147
720575941458754032,720575940640078168,239295
720575941535350104,720575940632571705,153998
720575941391572740,720575940633160495,149389
720575941579099481,720575940641497563,573299
720575941668588787,720575940627276474,580422
720575941538947570,720575940618464802,72644
720575941459656607,720575940620667271,76919
720575941607868013,720575940621056982,42753
720575941504573122,720575940634006355,53173
720575941537803491,720575940616394939,514609
720575941572018504,720575940627520258,138753
720575941612577756,720575940611848874,524847
720575941625867402,720575940641231744,93502
720575941429945592,720575940623337471,97647
720575941505839685,720575940630776892,44897
720575941479634851,720575940640970997,100767
720575941558889198,720575940620279131,93042
720575941629408294,720575940616324386,109806
720575941632799392,720575940624854474,104605
720575941478344928,720575940622107928,43403
720575941558901230,720575940631781736,99467
720575941591722859,720575940612229349,76865
720575941653794065,720575940614949938,62969
720575941474362939,720575940618155600,814223
720575941579356497,720575940615437714,72204
720575941490490569,720575940613960159,92409
720575941507615045,720575940624625816,110786
720575941661589628,720575940654955937,78795
720575941612568985,720575940618317853,914681
720575941537969128,720575940624849044,18898
720575941654672340,720575940639049560,44469
720575941611584742,720575940637938660,150287
720575941434718496,720575940623619563,98890
720575941476850462,720575940621916952,515547
720575941552714138,720575940617753122,122534
720575941433373198,720575940606175153,119935
720575941612705043,720575940627733525,107633
720575941655003353,720575940609119499,558758
720575941593923947,720575940628467196,81970
720575941481250813,720575940613492114,189949
720575941499533129,720575940629874704,92363
720575941535120922,720575940626508325,99387
720575941502097202,720575940606933634,155275
720575941548291444,720575940637701005,39063
720575941595944581,720575940627328262,34416
720575941508544350,720575940612228630,41163
720575941402014499,720575940625402501,51138
720575941453473075,720575940610493508,127599
720575941591554667,720575940621324397,137149
720575941474431328,720575940639085894,106613
720575941424912468,720575940625559358,813714
720575941431643273,720575940620969552,108471184
720575941546821256,720575940631026588,110384
720575941431702030,720575940621483504,807531
720575941556424420,720575940635422174,520058
720575941729875243,720575940628930663,78232
720575941480721632,720575940625718986,171567
720575941400738595,720575940627707529,91691
720575941514156620,720575940618009817,89127
720575941558414884,720575940646808372,580257
720575941532990040,720575940648507257,58611
720575941552775223,720575940622405708,199196
720575941590824076,720575940630293156,157577
720575941414859921,720575940630456698,520550
720575941502199275,720575940627342674,905663
720575941514372451,720575940631233581,77243
720575941563752246,720575940636562574,74401
720575941524810754,720575940621637470,104173
720575941597640348,720575940639565219,27861
720575941477677620,720575940608738908,110058
720575941680903613,720575940643622048,66122
720575941390660502,720575940618879910,815621
720575941562066088,720575940622825736,807917
720575941432512983,720575940611982322,78392
720575941540439677,720575940606839218,74825
720575941586147462,720575940650976502,19866
720575941451975495,720575940643466094,148137
720575941453229639,720575940619181551,78980
720575941668567207,720575940636556718,530834
720575941534451137,720575940626482072,122319
720575941603903478,720575940636255156,526452
720575941518705624,720575940632984749,50566
720575941547432584,720575940620410161,117030
720575941542372637,720575940637625434,63134
720575941445399722,720575940626686481,159508
720575941481734851,720575940633071260,81931
720575941475594036,720575940628806782,115846
720575941612115430,720575940629845559,66206
720575941656219216,720575940604722278,803185
720575941544869564,720575940619747137,130329
720575941575953256,720575940606756785,69815
720575941575093256,720575940632787278,551313
720575941574859017,720575940624114884,94854
720575941595854887,720575940632613549,158914
720575941690621147,720575940633575597,76168
720575941610209453,720575940632805919,103855
720575941431803384,720575940632992813,78969
720575941631539938,720575940611865442,119374
720575941471561312,720575940635174904,120004
720575941451008846,720575940617524853,201504
720575941408378671,720575940614891370,179373
720575941614224915,720575940617850909,135104
720575941438665791,720575940622545546,513769
720575941493314942,720575940620857709,29312
720575941486220941,720575940612192242,122138
720575941513296460,720575940626229706,185761
720575941537649301,720575940625599304,141369
720575941484182157,720575940625464328,35641
720575941624696940,720575940625465487,36986
720575941567654388,720575940623214616,52632
720575941691045784,720575940621641131,84532
720575941477587777,720575940627778348,905182
720575941486067664,720575940629434630,117429
720575941659219736,720575940606589105,521174
720575941687880716,720575940627117809,91557
720575941667537907,720575940616053810,97777
720575941448175380,720575940633192090,519988
720575941577701109,720575940631342111,134870
720575941482221251,720575940628335611,804994
720575941593890774,720575940632681367,821061
720575941687201519,720575940645659683,71210
720575941659199256,720575940617413561,182512
720575941430803849,720575940620446293,159046
720575941651668501,720575940634233712,47347
720575941504327077,720575940628594948,43925
720575941565262390,720575940622523912,533713
720575941482588346,720575940622662896,904867
720575941460857232,720575940626242348,804738
720575941462124228,720575940620703067,154550
720575941508558721,720575940633353327,18172
720575941579496785,720575940617009714,157317
720575941630301922,720575940629973059,142211
720575941537613288,720575940620696024,22345
720575941492303335,720575940629180725,24598
720575941536580289,720575940607268530,37957
720575941551865115,720575940623536598,177742
720575941476665118,720575940625474824,142034
720575941574817019,720575940639559741,192373
720575941455148083,720575940632649567,58860
720575941451700858,720575940612957747,77893
720575941484336125,720575940628639050,110377
720575941507852834,720575940621999393,164667
720575941574549661,720575940618417067,49162
720575941538998933,720575940629509484,137970
720575941438359103,720575940604370604,67548
720575941644035922,720575940609677636,50451
720575941502236555,720575940627171154,24847
720575941604218297,720575940621955750,15625
720575941541999708,720575940633826458,549591
720575941528423096,720575940622926412,165453
720575941551378715,720575940639625635,806294
720575941496367303,720575940621685697,158154
720575941470840896,720575940623855397,815562
720575941412476305,720575940615572959,141607
720575941598396060,720575940623836685,532135
720575941417244956,720575940626953063,909382
720575941602235382,720575940615792863,539977
720575941581456249,720575940626158384,580061
720575941580307025,720575940629458694,84276
720575941436327968,720575940628414212,95035
720575941529824952,720575940627670032,816080
720575941681360061,720575940612616883,537009
720575941496166784,720575940639931299,150143
720575941722923578,720575940627401561,149551
720575941510705680,720575940625384732,40741
720575941437594668,720575940630326668,58670
720575941478567786,720575940632137636,42430
720575941572702728,720575940627146554,72811
720575941408001583,720575940622182732,47719
720575941477713002,720575940619085862,186482
720575941644523602,720575940630348599,165405
720575941504028395,720575940626070716,134445
720575941512608588,720575940605226673,135762
720575941612916956,720575940622403510,184375
720575941538287485,720575940616369218,52066
720575941514240721,720575940633933975,100589
720575941504500018,720575940638337257,158273
720575941599739433,720575940627796012,105092
720575941504470978,720575940631318227,816681
720575941391425540,720575940627881728,293125
720575941554151707,720575940623774669,129393
720575941401227299,720575940622440486,515653
720575941532326275,720575940627990020,107602
720575941490465484,720575940614186602,814439
720575941516449626,720575940614151405,201388
720575941554660250,720575940641272309,26252
720575941499725986,720575940614102434,815114
720575941593615574,720575940640713048,133798
720575941411069611,720575940603797420,88722
720575941412797807,720575940612861677,174037
720575941650635249,720575940645053732,50286
720575941430625199,720575940615466911,83344
720575941469233117,720575940644376868,215911
720575941691144667,720575940632763935,98230
720575941732537387,720575940630613835,816040
720575941516244314,720575940612668834,103663
720575941479268431,720575940636855785,141726
720575941567811118,720575940639405683,815036
720575941526536781,720575940642026203,529244
720575941703256026,720575940617604582,30025
720575941438440236,720575940624356792,912365
720575941628033081,720575940625604866,100790
720575941540706173,720575940616666198,50218
720575941594180203,720575940620520241,101041
720575941538933909,720575940610902226,122609
720575941438613804,720575940626408073,81394
720575941459361183,720575940633579360,109574
720575941598904512,720575940627244986,53471
720575941549843233,720575940625725927,204799
720575941427241556,720575940639441141,559506
720575941431628536,720575940636651662,168543
720575941535420426,720575940627412825,123143
720575941520381367,720575940626800400,224456
720575941610632522,720575940618228481,55417
720575941524035403,720575940625289660,121595
720575941703371226,720575940626166986,71256
720575941551637759,720575940621978904,163733
720575941494403454,720575940623151649,50510
720575941409431979,720575940627120842,124972
720575941582466399,720575940624544806,94527
720575941555599187,720575940622013564,156453
720575941498892105,720575940632039186,119331
720575941466541654,720575940614952635,98365
720575941471245579,720575940621160175,81366
720575941671210407,720575940629511383,44818
720575941410315947,720575940629952311,23979
720575941471402871,720575940621675585,113632
720575941593068395,720575940628189833,88141
720575941449141326,720575940640894883,99897
720575941590801960,720575940608580363,549667
720575941553429761,720575940629788983,83737
720575941662959928,720575940645949550,40199
720575941520053870,720575940620737774,521134
720575941489377737,720575940621992986,808632
720575941612599827,720575940623544551,64062
720575941645432440,720575940632079431,101085
720575941526799972,720575940620272064,103704
720575941610590953,720575940611117380,27032
720575941487024962,720575940634934170,101050
720575941441604815,720575940640069720,91311
720575941434230560,720575940642877896,78529
720575941535402010,720575940637482085,90370
720575941464808022,720575940618052948,70265
720575941530862795,720575940631097551,550442
720575941469446621,720575940627291578,111426
720575941487002118,720575940623431935,178364
720575941548225853,720575940625504601,117386
720575941575283209,720575940615922591,128615
720575941391511446,720575940633066323,113257
720575941427236436,720575940616454210,99252
720575941687602671,720575940630774603,122607
720575941586445534,720575940627974043,1051195433
720575941390655236,720575940626253318,188606
720575941554591259,720575940627409922,148455
720575941661508152,720575940621143617,144855
720575941532248037,720575940622462964,109239
720575941654164436,720575940618291525,82072
720575941671066023,720575940627000363,14269
720575941559660815,720575940633047879,74426
720575941540543101,720575940620020845,15857
720575941640631327,720575940623015694,178945
720575941502291595,720575940616522818,66460
720575941580506745,720575940633839021,148083
720575941573619465,720575940633298380,46239
720575941518159982,720575940618837844,146046
720575941406474031,720575940651145857,57595
720575941408758955,720575940641610804,98018
720575941504390850,720575940622900323,55236
720575941544851973,720575940612515546,92689
720575941510603474,720575940613903587,88867
720575941454853869,720575940623073809,88958
720575941714293035,720575940627708815,213893
720575941623618812,720575940623967466,122734
720575941608069229,720575940619121462,99649
720575941540543437,720575940629058816,235701
720575941601176873,720575940623850474,127581
720575941436702527,720575940611863666,903738
720575941585680774,720575940628656231,77268
720575941431381423,720575940634229871,816642
720575941432864270,720575940624055944,30671
720575941506817409,720575940614731314,60684
720575941657700120,720575940621765846,816249
720575941533582723,720575940623438460,53362
720575941641776210,720575940603767473,805906
720575941470040843,720575940639498997,82425
720575941450983751,720575940626849072,132788
720575941431137455,720575940620230360,123161
720575941505872956,720575940626407984,907643
720575941613126297,720575940631091397,145430
720575941527013048,720575940622469872,85787
720575941527241860,720575940615678150,137197
720575941527926148,720575940621014721,76426
720575941539274901,720575940609598473,535175
720575941508792080,720575940626280344,140510
720575941600815145,720575940641382901,190435
720575941412021137,720575940631844492,552080
720575941407115694,720575940620436912,110376
720575941412460143,720575940630548791,263136
720575941486283782,720575940622660317,142337
720575941392817046,720575940613879227,30746
720575941409409451,720575940604658912,57255
720575941489541836,720575940615368498,148031
720575941508299810,720575940627292218,815920
720575941439654623,720575940631210577,55787
720575941556043347,720575940636923199,157052
720575941657580112,720575940621853386,107838
720575941610670182,720575940623034406,77325
720575941410352555,720575940621413652,10418
720575941431706616,720575940654746529,112302
720575941546294889,720575940633099932,147941
720575941563823762,720575940623769783,19842
720575941572871675,720575940614409634,93478
720575941602040054,720575940612553189,98579
720575941617767381,720575940640305536,533923
720575941470394432,720575940635225791,99082
720575941479764866,720575940618611280,53384
720575941529257348,720575940622123527,40201
720575941534971114,720575940618861878,85249
720575941506552892,720575940633008548,160551
720575941448391261,720575940629380938,49543
720575941491585998,720575940609056469,130099
720575941525294105,720575940620530091,188577
720575941556176100,720575940640218483,146730
720575941490189257,720575940617931961,545738
720575941451166889,720575940638456227,92065
720575941469145611,720575940626940932,130375
720575941571920542,720575940616803513,76460
720575941548534664,720575940628172819,158929
720575941544625413,720575940606475465,78499
720575941556311780,720575940621623393,534200
720575941476133169,720575940619714395,13701
720575941555283201,720575940626714416,817934
720575941516794796,720575940621632646,532900
720575941487657680,720575940631501123,106646
720575941655473113,720575940612648029,80797
720575941491147470,720575940630724460,92192
720575941490015950,720575940620368775,185914
720575941577465945,720575940631839047,815497
720575941432684247,720575940630082551,154654
720575941524837988,720575940632956371,30744
720575941549258273,720575940629451515,122761
720575941516123738,720575940624940019,94456
720575941477388830,720575940648516740,545089
720575941626418075,720575940620750273,158056
720575941394100374,720575940606324401,150769
720575941501870475,720575940616451701,87496
720575941487067202,720575940631305799,130147
720575941438891282,720575940621005044,99281
720575941591777420,720575940623136681,202709
720575941685996527,720575940604519014,136706
720575941516409235,720575940622625494,75716
720575941549374975,720575940640817549,804508
720575941505792165,720575940625029052,129641
720575941666925745,720575940640515699,812256
720575941492002023,720575940626577490,54031
720575941588556612,720575940627670917,65793
720575941546981256,720575940652809889,20026
720575941585078662,720575940629656899,84917
720575941644890273,720575940625000179,539254
720575941431663201,720575940635602783,126848
720575941441486031,720575940624107460,121840
720575941630831008,720575940622234689,824696
720575941549688436,720575940633938168,130188
720575941479021792,720575940626931708,66302
720575941691009688,720575940611756441,811296
720575941540291420,720575940610583342,39957
720575941611272934,720575940616056262,34888
720575941550411581,720575940644338980,66194
720575941578804825,720575940638771007,122467
720575941523633483,720575940610105283,179124
720575941537599464,720575940637558618,549047
720575941536109578,720575940605742002,128363
720575941548217405,720575940616712278,137889
720575941502470231,720575940613190125,88127
720575941574352797,720575940626721874,818733
720575941624510572,720575940625162754,106050
720575941662970748,720575940622252097,196033
720575941552547226,720575940637509958,54187
720575941481837507,720575940613575594,112101
720575941667944625,720575940603314144,91263
720575941554014618,720575940603238828,549508
720575941485128966,720575940620807548,69420
720575941442083675,720575940610895826,22571
720575941701104346,720575940623928589,64632
720575941458339568,720575940626410515,159530
720575941503993538,720575940632773703,287685
720575941632076219,720575940612920466,23325
720575941594812273,720575940622846099,63612
720575941688940044,720575940628030863,67445
720575941590111628,720575940609722889,103717
720575941560838701,720575940619893419,20067
720575941412491375,720575940620654574,30552
720575941439813311,720575940618841910,67344
720575941642777957,720575940623101283,144311
720575941659605328,720575940620600302,137610
720575941548298868,720575940624525715,206687
720575941482655171,720575940605121452,535216
720575941627884838,720575940615559804,91466
720575941508763777,720575940613363858,96860
720575941687872524,720575940618401681,550985
720575941565400983,720575940638837594,129429
720575941390671766,720575940636769655,815005
720575941657369624,720575940620075600,109140
720575941581738847,720575940627248280,802029
720575941473176362,720575940611805845,106763
720575941690034651,720575940626091602,82375
720575941479369551,720575940630616377,94338
720575941576649561,720575940637810239,117495
720575941534930610,720575940639496774,121056
720575941642903928,720575940626688893,152601
720575941633364421,720575940615177878,146077
720575941536758554,720575940633185676,940255
720575941439823071,720575940615217258,45775
720575941642938213,720575940625124583,103179
720575941645409400,720575940624052970,121334
720575941440067925,720575940624939337,164454
720575941686186735,720575940612211240,922797
720575941615483033,720575940622190550,28597
720575941527989670,720575940632079277,49613
720575941613762012,720575940606806961,89553
720575941508784930,720575940640529616,168937
720575941463301389,720575940620806639,107770
720575941411801771,720575940626984073,197613
720575941438343954,720575940624354121,89001
720575941560144911,720575940632635053,26895
720575941416505884,720575940617918393,146781
720575941690092696,720575940636212984,187750
720575941652801241,720575940628772345,11605
720575941589854604,720575940617689816,809178
720575941551868990,720575940611498389,52472
720575941533660803,720575940623853837,20506
720575941518640494,720575940627861508,107084
720575941405771694,720575940638904664,813703
720575941462355088,720575940614611153,132282
720575941403560048,720575940633128356,102669
720575941405048176,720575940633530413,159277
720575941515505667,720575940631177231,72677
720575941428244216,720575940616857757,27578
720575941590585911,720575940632664345,146600
720575941448563549,720575940605804646,127407
720575941535469544,720575940630254235,54572
720575941471666295,720575940625105959,545290
720575941535108786,720575940632993336,54392
720575941702584538,720575940618654016,121413
720575941520709811,720575940638432053,65621
720575941440352853,720575940634076779,75307
720575941595028007,720575940635188343,580548
720575941445212330,720575940622609678,61687
720575941496779904,720575940619879533,809380
720575941546867049,720575940616061802,183010
720575941459302470,720575940625537176,139055
720575941506478908,720575940610820654,547328
720575941721463098,720575940606236337,141451
720575941429789688,720575940625062069,59835
720575941456523501,720575940625293897,68429
720575941405820463,720575940636524777,810896
720575941652790289,720575940619668741,906084
720575941565156662,720575940641922805,811829
720575941507256343,720575940620794192,184552
720575941458986911,720575940630726442,120896
720575941589010686,720575940630987991,108455
720575941434301472,720575940621373278,38829
720575941536459235,720575940618744610,69519
720575941569938546,720575940610124757,530419
720575941524513892,720575940626548753,809323
720575941578935541,720575940627402568,209688
720575941464135693,720575940624327828,24958
720575941595697447,720575940635490155,544059
720575941408546351,720575940633864417,84206
720575941515376995,720575940613984662,40680
720575941449816240,720575940629141775,65103
720575941535469912,720575940614557078,130809
720575941507748421,720575940623999626,87740
720575941587602244,720575940612773374,87419
720575941439671125,720575940628896199,110807
720575941624047868,720575940609706702,66759
720575941589591108,720575940631073879,159361
720575941547566472,720575940622622889,80067
720575941491882160,720575940621004885,545047
720575941607460717,720575940631985093,530989
720575941519462766,720575940627018117,814069
720575941598665001,720575940634968160,142095
720575941479887267,720575940640912291,808631
720575941495317632,720575940646699555,132090
720575941732917547,720575940623850595,546027
720575941461850256,720575940615954838,65515
720575941527153485,720575940616006367,180149
720575941539928781,720575940628868603,86509
720575941552313883,720575940639116733,98031
720575941438754604,720575940618798040,33257
720575941610177382,720575940627204627,77500
720575941514544739,720575940625984399,205250
720575941549579553,720575940627612232,904898
720575941560486126,720575940624429606,87695
720575941568889850,720575940610829380,198572
720575941520129971,720575940613681458,912109
720575941565484135,720575940615888396,161179
720575941519799479,720575940609601092,101776
720575941601204409,720575940636143022,911590
720575941612680109,720575940618985894,812956
720575941595449383,720575940627097733,133214
720575941497973627,720575940621579179,53372
720575941630293030,720575940608274524,170880
720575941574127247,720575940622410153,51707
720575941687593967,720575940628910159,49396
720575941557487396,720575940616457670,26503
720575941593787687,720575940617574229,34602
720575941445351444,720575940636395866,102964
720575941466896214,720575940623458312,35389
720575941593145384,720575940607821124,532876
720575941437642815,720575940628359178,89884
720575941514153827,720575940611069764,208419
720575941487591632,720575940624876011,532292
720575941564815111,720575940631703547,122180
720575941450238045,720575940628820823,32687
720575941504828722,720575940618871792,16054
720575941574437007,720575940633326244,76580
720575941505836613,720575940627728917,33825
720575941413663889,720575940640350835,114307
720575941530862821,720575940625376660,124889
720575941624531082,720575940612325299,83468
720575941438205202,720575940620315477,523904
720575941484072189,720575940604426412,50749
720575941491727079,720575940613950530,102104
720575941612499676,720575940623503945,237101
720575941609803241,720575940627903994,29546
720575941508455696,720575940618844726,139461
720575941439299551,720575940613685930,111885
720575941457000006,720575940615076418,811752
720575941567226414,720575940611290354,809991
720575941573797263,720575940625672935,77406
720575941663271548,720575940624667115,60566
720575941490601525,720575940615197950,959131654
720575941519776183,720575940637806766,108196
720575941496289408,720575940604838368,19023
720575941526486530,720575940613659629,38547
720575941477170718,720575940613736941,801180
720575941594865878,720575940625494093,79779
720575941593904342,720575940606684774,807652
720575941611095370,720575940626552597,512782
720575941459770052,720575940625256009,77462
720575941610049453,720575940632880224,105720
720575941558497139,720575940630057035,84956
720575941585722590,720575940620809051,52865
720575941451695226,720575940629947751,58404
720575941592159528,720575940636764078,539699
720575941624200812,720575940609362443,168625
720575941569000698,720575940624990501,74716
720575941477061662,720575940643993623,97901
720575941519433139,720575940621371557,46145
720575941546239849,720575940626249930,117033
720575941563152647,720575940614912268,78312
720575941477236788,720575940621577899,103343
720575941552149759,720575940629188087,13520
720575941558578447,720575940620776406,30781
720575941644619425,720575940618195510,98430
720575941500925931,720575940616577653,186839
720575941502671243,720575940624209159,128007
720575941482935750,720575940632452578,70415
720575941615798741,720575940633928078,100787
720575941519571310,720575940610603214,162766
720575941653006548,720575940621886448,10878
720575941572879774,720575940630087294,149054
720575941535431402,720575940622424052,395681
720575941538450162,720575940632915503,117928
720575941527144580,720575940619120088,113957
720575941629815846,720575940635157902,154509
720575941594230742,720575940624218409,43162
720575941451186510,720575940636877679,40536
720575941688824182,720575940631106364,29687
720575941645748424,720575940632666828,98497
720575941537429987,720575940629894850,84625
720575941510651152,720575940625053447,25392
720575941589562110,720575940638833636,89080
720575941617325695,720575940616234252,817597
720575941535714280,720575940627675497,32661
720575941702347226,720575940648679556,13107
720575941456279021,720575940625940426,902731
720575941414689684,720575940617756601,54140
720575941611582822,720575940629768523,29173
720575941558229284,720575940628482054,549546
720575941611807721,720575940620909483,68654
720575941452764585,720575940623206220,45174
720575941723160122,720575940623324820,1051479717
720575941572721310,720575940625779898,69390
720575941539157117,720575940618366528,46889
720575941639469343,720575940628174848,808930
720575941539581938,720575940613504739,194405
720575941658996248,720575940624177151,551660
720575941579322961,720575940630640804,47819
720575941596642240,720575940615171178,118883
720575941485612941,720575940613167845,118846
720575941408783534,720575940620947591,223717
720575941498704609,720575940610880324,552718
720575941513930060,720575940641801717,520303
720575941546079668,720575940630639447,80540
720575941644051400,720575940615402914,155072
720575941497518921,720575940626893770,139020
720575941443134378,720575940632133516,77840
720575941520763319,720575940631038508,92162
720575941459283782,720575940620489972,166350
720575941545341189,720575940633429023,181320
720575941459761860,720575940620987307,103387
720575941565932647,720575940633636578,126579
720575941403408240,720575940640170659,113809
720575941489950926,720575940604268972,39555
720575941524054861,720575940613838498,807333
720575941462724752,720575940630592460,112834
720575941653710041,720575940625603002,39945
720575941467817750,720575940610183025,813332
720575941594525142,720575940640159293,156541
720575941611519462,720575940617949789,135505
720575941528018342,720575940614441726,813748
720575941556621540,720575940618752848,157359
720575941671000743,720575940606595430,108998
720575941655007188,720575940610767066,191370
720575941429774328,720575940621129569,28388
720575941526564452,720575940614726261,235052
720575941589504836,720575940638930665,185696
720575941478474976,720575940640746867,91693
720575941496569031,720575940638085210,576105
720575941486025990,720575940616568977,150534
720575941532316645,720575940646614324,41737
720575941414445716,720575940609892818,112342
720575941592927528,720575940625503321,805327
720575941506621730,720575940635214015,123555
720575941519384247,720575940620355917,140505
720575941411723435,720575940606036396,172064
720575941613671321,720575940621925364,63595
720575941522247415,720575940614844994,163672
720575941655074521,720575940606460873,53431
720575941668851187,720575940626113854,140799
720575941671007911,720575940620932684,36251
720575941540598108,720575940620109076,98422
720575941565406306,720575940635228152,142022
720575941565391202,720575940632287057,228548
720575941604035001,720575940631102464,100540
720575941550386237,720575940624683620,41971
720575941512839523,720575940623674893,100299
720575941553225755,720575940644301335,810295
720575941432391265,720575940627721749,548589
720575941558004239,720575940633390500,320325
720575941439824351,720575940646486819,107676
720575941512047180,720575940621810949,97582
720575941486161805,720575940631155816,41673
720575941573074590,720575940622297835,60665
720575941518931416,720575940627473560,148810
720575941573916923,720575940621662234,107307
720575941554693018,720575940618388929,809430
720575941476182833,720575940625884541,238697
720575941476665153,720575940628188732,65633
720575941611040429,720575940620935083,837101
720575941411790251,720575940623325654,140915
720575941457058797,720575940639382691,110143
720575941512068684,720575940627156501,120256
720575941555500115,720575940615511719,816863
720575941540841421,720575940605745244,130846
720575941438875359,720575940617713206,43358
720575941549950207,720575940630451141,29623
720575941450769991,720575940618231124,76190
720575941486381709,720575940625579160,70565
720575941474364970,720575940653506550,34709
720575941428081492,720575940628208327,157742
720575941640621599,720575940630276567,550275
720575941483572477,720575940625473772,71438
720575941439192108,720575940614626828,164613
720575941643658597,720575940627097361,64196
720575941469202295,720575940636136799,83755
720575941652746196,720575940625676012,809946
720575941618477695,720575940619210667,57290
720575941431037966,720575940621229695,153935
720575941533506586,720575940619037616,17449
720575941393158038,720575940629621820,106204
720575941566837806,720575940626304077,91071
720575941557635443,720575940612680050,78369
720575941476630324,720575940629471610,144076
720575941414184081,720575940631992888,530370
720575941508034910,720575940629191939,29255
720575941626300315,720575940615944598,152135
720575941553692673,720575940632004549,318691
720575941617264341,720575940642551515,35382
720575941508647202,720575940639574104,97625
720575941535015256,720575940627984147,532889
720575941465555798,720575940652185846,105505
720575941548583997,720575940630909660,87231
720575941573219593,720575940622677545,119769
720575941506237534,720575940604386594,134972
720575941441720667,720575940611717357,50685
720575941633244357,720575940635341759,98794
720575941566107751,720575940605426110,825681
720575941657242392,720575940635320986,81476
720575941509289232,720575940627112723,93772
720575941668688627,720575940631336953,162990
720575941626371385,720575940627933639,51392
720575941580046417,720575940618428741,151454
720575941463352333,720575940630179579,138315
720575941623968764,720575940624003939,527595
720575941733044523,720575940605362633,116349
720575941623261130,720575940616178026,24072
720575941481954301,720575940630184234,34781
720575941639608181,720575940640560189,522397
720575941549903165,720575940623425416,92581
720575941545638505,720575940634566625,810988
720575941668175347,720575940636468855,140686
720575941480242627,720575940639704960,97231
720575941589347582,720575940639159273,30816
720575941483848189,720575940617932545,86003
720575941451867719,720575940628267909,806257
720575941533119242,720575940644666148,909723
720575941515656035,720575940633335123,151724
720575941611504486,720575940625686801,130867
720575941504283954,720575940617068427,562685
720575941531280843,720575940628034108,814830
720575941559959923,720575940607738825,76799
720575941562009490,720575940632900909,516496
720575941412083567,720575940625449474,811884
720575941589017143,720575940630505334,907400
720575941628221497,720575940619085397,557958
720575941643393185,720575940638640445,151718
720575941603046841,720575940636399706,153557
720575941538056424,720575940638166847,19447
720575941625383114,720575940611811704,45732
720575941615633109,720575940638409700,106801
720575941526524772,720575940633786195,52565
720575941653692177,720575940625753903,543062
720575941547062708,720575940618421963,17895
720575941496972450,720575940627600719,109221
720575941507639902,720575940620776662,55630
720575941629951782,720575940607601988,167173
720575941599013161,720575940638430185,28746
720575941587170116,720575940628928118,112935
720575941526888358,720575940633832628,58687
720575941473419050,720575940629897015,105702
720575941475192862,720575940628406828,65161
720575941553085246,720575940625384683,139087
720575941545513908,720575940612224943,141095
720575941548569917,720575940629873018,94572
720575941430514135,720575940627340165,78329
720575941645192056,720575940630017275,55066
720575941483692730,720575940635033701,76023
720575941520009907,720575940611406034,48353
720575941603672510,720575940644715936,174812
720575941474459707,720575940623351434,570588
720575941633027744,720575940612402418,57113
720575941461792452,720575940619724593,87635
720575941507620119,720575940629127759,108466
720575941462461197,720575940629815490,117085
720575941611286346,720575940623633288,108474
720575941615645653,720575940622044328,126104
720575941453054889,720575940622127877,37160
720575941433701518,720575940623457560,103099
720575941498473033,720575940620105498,139878
720575941523058507,720575940615262114,52643
720575941644299464,720575940612547737,904338
720575941497196160,720575940618250497,84107
720575941506563132,720575940620567791,546765
720575941611979996,720575940612374737,163436
720575941689080950,720575940617307275,176744
720575941530376888,720575940616721921,147404
720575941563722642,720575940612127586,580762
720575941440626383,720575940620705728,79774
720575941455474925,720575940607632579,36545
720575941626898726,720575940632223457,808673
720575941414617233,720575940647111476,516874
720575941432548622,720575940626026936,122078
720575941486877702,720575940625964046,139769
720575941722825018,720575940636021611,92128
720575941532488170,720575940605344434,909232
720575941679225789,720575940617250233,36860
720575941484987398,720575940616840790,109250
720575941482762950,720575940610382771,908763
720575941688347631,720575940628885066,530582
720575941563219554,720575940619248043,513270
720575941627676985,720575940624558087,102780
720575941611031785,720575940621055323,103530
720575941450866042,720575940624432615,104888
720575941482157754,720575940623867370,123369
720575941530868611,720575940627745895,908972
720575941443288746,720575940609347140,81196
720575941527553958,720575940644075118,101390
720575941594446629,720575940619186310,37240
720575941634075323,720575940635381934,197543
720575941554417306,720575940613628530,128948
720575941503597116,720575940638615529,57401
720575941478106433,720575940625122332,51076
720575941531964133,720575940626646544,166581
720575941426012244,720575940613080342,64626
720575941518469336,720575940624922256,58586
720575941520021171,720575940642474637,805721
720575941595327446,720575940605418668,546254
720575941511016976,720575940627685544,148171
720575941612632595,720575940639560867,230323
720575941537972456,720575940610306862,511906
720575941612301158,720575940614290897,53539
720575941526442829,720575940631620427,117951
720575941531662539,720575940627304008,88531
720575941534157034,720575940637846618,79508
720575941527141732,720575940627036170,131787
720575941514304588,720575940624567283,51892
720575941587391300,720575940626336328,22808
720575941507292706,720575940639654352,813410
720575941650814737,720575940613179871,65738
720575941610422189,720575940634532247,182446
720575941527266404,720575940625095207,139871
720575941643284856,720575940633870431,24626
720575941573656648,720575940634729879,115295
720575941558137615,720575940630243943,113265
720575941536454922,720575940638317683,159860
720575941523626743,720575940632666649,159249
720575941657305880,720575940631379663,161289
720575941489056201,720575940617874781,26177
720575941488568885,720575940632462988,75514
720575941480621135,720575940605282220,79542
720575941689205878,720575940628493820,131875
720575941400162595,720575940621140359,83080
720575941533054386,720575940627395868,519008
720575941476606257,720575940613223830,125311
720575941612444179,720575940627262739,183352
720575941486699330,720575940628704789,174282
720575941413044625,720575940626182673,124019
720575941552215551,720575940618106013,15640
720575941559173903,720575940626638985,47061
720575941690911195,720575940610076206,25621
720575941608180589,720575940643449636,89950
720575941686496495,720575940618214685,114262
720575941525408002,720575940627795974,117020
720575941554821715,720575940633006817,67524
720575941502138162,720575940621882401,109871
720575941531441381,720575940630734075,815758
720575941524606029,720575940625659028,20317
720575941442445007,720575940617234059,146527
720575941514075345,720575940617578457,18386
720575941600155689,720575940629185039,812553
720575941471785995,720575940628572815,29248
720575941542703645,720575940612775065,66981
720575941643621202,720575940620183601,24025
720575941598705564,720575940616543861,62322
720575941409118123,720575940627699712,34942
720575941528522955,720575940631121227,808791
720575941575815784,720575940614918283,52693
720575941529409739,720575940621332244,49458
720575941548365684,720575940623175182,89829
720575941596864924,720575940631978543,102239
720575941516280579,720575940640531773,193924
720575941438922540,720575940611764629,65511
720575941459356831,720575940623306025,51341
720575941579291125,720575940643020836,21449
720575941612300902,720575940617516760,62457
720575941575714998,720575940629539088,94154
720575941493708414,720575940627308828,815826
720575941502567915,720575940605413577,118808
720575941513606723,720575940604532913,59381
720575941451176617,720575940633560095,102392
720575941504201125,720575940633593440,811949
720575941480977538,720575940630678011,79764
720575941514116817,720575940630583863,127639
720575941723807546,720575940621471414,543203
720575941448018357,720575940623061031,86799
720575941626896778,720575940621853862,529931
720575941436935980,720575940625452040,109649
720575941475297054,720575940637429605,127642
720575941584275846,720575940627334525,104498
720575941476958494,720575940639213621,550905
720575941470188765,720575940660217729,19108
720575941552396350,720575940644353992,540435
720575941599236137,720575940638137140,90268
720575941520722867,720575940623319334,48495
720575941415100700,720575940629910844,60336
720575941431133537,720575940628945920,817252
720575941554548225,720575940639134141,122949
720575941601089065,720575940650274169,57156
720575941650991089,720575940632162883,62927
720575941575007752,720575940613635555,141104
720575941523093495,720575940639096125,124605
720575941576572776,720575940611164634,71649
720575941643307877,720575940623514293,134755
720575941624965740,720575940636316783,71467
720575941480610755,720575940614284463,82331
720575941570456308,720575940629022723,69019
720575941603360953,720575940631620921,68560
720575941585932766,720575940621371574,121496
720575941552743066,720575940621852307,168822
720575941655457492,720575940625937797,134265
720575941652008721,720575940628440698,87452
720575941623542218,720575940639710928,184126
720575941537150691,720575940612544938,533195
720575941497846907,720575940623186189,102869
720575941554391553,720575940619559232,158477
720575941538457549,720575940620397598,16070
720575941481028291,720575940619283269,940850
720575941505800286,720575940621071495,99551
720575941644586360,720575940611192526,90344
720575941435669522,720575940636265188,25663
720575941688508635,720575940614400443,809356
720575941538881778,720575940634579319,907702
720575941562460514,720575940624237239,15168
720575941574042255,720575940623322918,69137
720575941703639002,720575940623536086,212331
720575941555362276,720575940623362487,119692
720575941573199247,720575940618360741,73163
720575941487107650,720575940625902973,63806
720575941631323552,720575940628597135,117697
720575941427051348,720575940614707874,135783
720575941435115662,720575940625522509,132694
720575941653842961,720575940605475262,145062
720575941663968636,720575940614488115,95043
720575941631745260,720575940626951690,82455
720575941501135191,720575940633059179,806270
720575941509261522,720575940622077793,124951
720575941513999057,720575940613637785,47989
720575941583777119,720575940624538662,79066
720575941605102782,720575940628831818,37633
720575941552410010,720575940616365766,68735
720575941557268004,720575940632704173,512185
720575941502380887,720575940610202069,104814
720575941507610753,720575940612139506,803712
720575941569716082,720575940633541271,188171
720575941519754167,720575940635789620,48365
720575941572143944,720575940620439488,114161
720575941535441130,720575940624542000,40845
720575941574940008,720575940622758413,93483
720575941540135885,720575940622928764,68079
720575941602589430,720575940628454728,87689
720575941465491542,720575940632125154,44856
720575941496348489,720575940623505907,908274
720575941505372325,720575940614132074,33438
720575941526580324,720575940621843469,73679
720575941477384500,720575940630372470,163354
720575941524753227,720575940615731618,53126
720575941535118307,720575940624406664,804745
720575941527298404,720575940616459330,53326
720575941555734500,720575940621616518,85456
720575941452685127,720575940624219597,144858
720575941472289888,720575940624355509,165946
720575941526934093,720575940604847584,93557
720575941463012240,720575940621907888,530440
720575941460472646,720575940628578170,80260
720575941494055038,720575940628876150,802637
720575941571765576,720575940633395999,115154
720575941446256660,720575940640453437,131501
720575941576080822,720575940622328328,815707
720575941484446786,720575940619777520,145610
720575941663906940,720575940617473629,115614
720575941517776600,720575940633573089,236314
720575941574478237,720575940612928997,109901
720575941416304668,720575940634336887,52862
720575941567960946,720575940626644111,156991
720575941626302858,720575940634557594,28907
720575941428430767,720575940623968612,150232
720575941490965045,720575940616472626,119937
720575941526182914,720575940643918103,36330
720575941412531345,720575940611891685,542578
720575941482812090,720575940623202045,52500
720575941493726078,720575940632177107,190449
720575941732141611,720575940614695599,131246
720575941440215893,720575940632258607,515503
720575941463198221,720575940640207192,803931
720575941571978056,720575940630172571,41644
720575941519432046,720575940650973174,808122
720575941615487385,720575940626735100,42844
720575941502707650,720575940639595648,547906
720575941587178052,720575940628215784,123211
720575941630577056,720575940639585085,908605
720575941489828558,720575940628097768,102794
720575941537334755,720575940627594578,79608
720575941691356635,720575940633438035,39028
720575941463592461,720575940618531613,540378
720575941433936014,720575940627755338,930660
720575941574448635,720575940621380646,808307
720575941600360233,720575940614570961,183631
720575941669761201,720575940619802678,180421
720575941502618050,720575940613978892,137541
720575941612259814,720575940638470622,205509
720575941615961557,720575940639887475,164804
720575941593513323,720575940631839140,104782
720575941542958428,720575940640427086,49240
720575941651148565,720575940615802324,79756
720575941426847316,720575940627950312,103606
720575941593572389,720575940647651892,63129
720575941529812171,720575940622274804,518501
720575941654347988,720575940632788295,41148
720575941563535111,720575940638447523,40170
720575941500184226,720575940616629179,543044
720575941562624402,720575940628896060,37267
720575941632259515,720575940630751788,122632
720575941689307355,720575940617303697,172180
720575941571632968,720575940619929560,132022
720575941539498645,720575940616104123,568637
720575941515215971,720575940616071686,134616
720575941459573062,720575940622128161,90277
720575941503785451,720575940619837872,45699
720575941662005304,720575940628638167,43538
720575941571871241,720575940625363808,28414
720575941610625766,720575940623621414,89942
720575941437738559,720575940619158326,104764
720575941575112968,720575940620961961,84600
720575941496379520,720575940621710826,133122
720575941483505350,720575940616629190,139798
720575941400757795,720575940638440051,101558
720575941548395912,720575940637918042,142699
720575941478577231,720575940646441780,808110
720575941653813465,720575940649752441,114574
720575941688825612,720575940624804670,537165
720575941621643772,720575940622915004,806699
720575941407944622,720575940627066884,65678
720575941426831444,720575940642081952,813987
720575941496283008,720575940624389896,123667
720575941568150772,720575940620194251,58994
720575941586971870,720575940631936075,24822
720575941703587034,720575940626777744,536320
720575941442305743,720575940628351482,77543
720575941393211798,720575940611510234,107034
720575941589672247,720575940600547529,125003
720575941595480357,720575940611555251,24366
720575941579086681,720575940619797126,32707
720575941536860954,720575940627851541,146060
720575941482556099,720575940612831981,145759
720575941633492165,720575940624848423,511907
720575941686956150,720575940611002210,143783
720575941409071022,720575940628729872,117762
720575941684766703,720575940623026764,546229
720575941450522461,720575940625272551,94690
720575941546777961,720575940605789374,512683
720575941411676561,720575940634835903,810278
720575941554574931,720575940636356836,68084
720575941433061902,720575940629318138,73511
720575941450530909,720575940644355351,133503
720575941514335820,720575940614054685,84871
720575941440018261,720575940653597174,91248
720575941556968612,720575940627626695,129027
720575941652237809,720575940615253215,49247
720575941553912199,720575940618151195,558651
720575941551211838,720575940624363817,104268
720575941574586632,720575940620998997,538964
720575941608031597,720575940621565019,125095
720575941526680909,720575940625375490,905266
720575941572811592,720575940615173799,118803
720575941553945939,720575940621817441,52554
720575941584103046,720575940633989995,109336
720575941532170371,720575940622009513,217776
720575941574738171,720575940637885237,518897
720575941532427237,720575940606731977,532869
720575941507590935,720575940636393182,134136
720575941493770160,720575940632875551,123360
720575941511694924,720575940621767668,127299
720575941508198690,720575940632216928,820505
720575941441471679,720575940633805229,52653
720575941476053354,720575940631163091,912502
720575941617949909,720575940645739556,106892
720575941536787944,720575940626970901,569702
720575941523756619,720575940621244781,99456
720575941503411138,720575940621500326,125155
720575941537749987,720575940631651641,97161
720575941521270519,720575940616995985,130215
720575941522333259,720575940621711365,131649
720575941508205090,720575940614543682,53150
720575941527087460,720575940659523969,379170143
720575941450446158,720575940627395130,216071
720575941565797730,720575940619239851,529970
720575941549459572,720575940635893879,112715
720575941409005230,720575940626353701,153363
720575941477612081,720575940647908996,58323
720575941639703327,720575940631218060,53972
720575941565420039,720575940623805223,89970
720575941565775207,720575940637037939,514523
720575941662127416,720575940613527021,35185
720575941638321269,720575940609521250,807437
720575941581333881,720575940620410304,96965
720575941494766464,720575940621389764,814423
720575941553066631,720575940613188778,500039
720575941572463099,720575940613997265,49520
720575941568236532,720575940615986459,813388
720575941644958625,720575940612202202,97494
720575941574183675,720575940616480605,906475
720575941439716955,720575940617249979,171162
720575941503662827,720575940615336754,25557
720575941584105567,720575940638662708,139474
720575941458027590,720575940625962920,98115
720575941524721410,720575940625063944,550939
720575941600411945,720575940630635595,581248
720575941483174586,720575940620551105,113725
720575941627384633,720575940604007392,58835
720575941605350590,720575940630950508,144627
720575941540266109,720575940629458748,18924
720575941541471261,720575940608452956,63632
720575941477975873,720575940617109298,79089
720575941526918244,720575940615778610,524054
720575941475861051,720575940605114848,113969
720575941489292341,720575940619932404,811917
720575941620516991,720575940611336214,51783
720575941470418496,720575940639565987,87771
720575941478791392,720575940626636176,143657
720575941438462431,720575940632308043,331718
720575941610363881,720575940627988367,55132
720575941502663563,720575940615073703,552914
720575941516190355,720575940620873665,76670
720575941443253930,720575940632495585,72774
720575941592754027,720575940626876945,569150
720575941452416839,720575940620356822,191842
720575941642350418,720575940634664895,129890
720575941634077115,720575940621747565,108849
720575941504916018,720575940624018359,102539
720575941475057211,720575940625877552,88149
720575941625469595,720575940613468625,21144
720575941453268039,720575940632763852,179480
720575941581776249,720575940610683342,54958
720575941430706936,720575940635302300,116157
720575941502399723,720575940622628702,202397
720575941503211243,720575940635229859,106565
720575941502275159,720575940630198083,56959
720575941594843781,720575940619936933,64611
720575941554590747,720575940613119203,128292
720575941731357995,720575940626975107,102608
720575941504581797,720575940627590187,105326
720575941560232719,720575940647963956,530706
720575941537690339,720575940645176087,106864
720575941555018241,720575940621888950,138137
720575941611990189,720575940606471345,124728
720575941452081833,720575940633608915,532275
720575941439916863,720575940618613451,171998
720575941461076493,720575940623266829,911202
720575941723027258,720575940627138137,55920
720575941568542196,720575940637266800,164624
720575941667763955,720575940627840389,148974
720575941530637259,720575940622526981,105433
720575941574865929,720575940633080915,121363
720575941454475571,720575940631290082,144523
720575941536482586,720575940614186090,807491
720575941507880798,720575940607569417,18879
720575941477813098,720575940625285564,79472
720575941438364178,720575940617959897,279736
720575941486685958,720575940617868347,170306
720575941532139907,720575940617729254,815205
720575941644690081,720575940640179328,217032
720575941498702409,720575940620526512,27768
720575941452475514,720575940639513166,108759
720575941477530986,720575940637762879,93935
720575941574931451,720575940608276181,808542
720575941435786528,720575940614393297,109704
720575941658609232,720575940617961309,98426
720575941547615521,720575940627062543,105159
720575941632785349,720575940615358887,40097
720575941681387453,720575940637982953,178752
720575941432816855,720575940623673331,541823
720575941429804425,720575940605891040,936446
720575941568727796,720575940611142323,813658
720575941681569213,720575940610200021,531884
720575941591566376,720575940633313444,93839
720575941548343176,720575940620775645,136504
720575941563706466,720575940626431434,65392
720575941565082210,720575940647957300,518349
720575941482062845,720575940626091778,58827
720575941564749719,720575940604332460,814647
720575941493894832,720575940621395041,61963
720575941402017571,720575940621065281,517271
720575941469444727,720575940635339694,62511
720575941554199450,720575940609355054,64766
720575941531705547,720575940624275785,521181
720575941667875315,720575940629479276,128786
720575941513401667,720575940629132239,93097
720575941471434103,720575940624531856,93018
720575941431183864,720575940614848977,74165
720575941562055080,720575940605262722,810542
720575941643810130,720575940631623466,119529
720575941469478621,720575940632226700,526944
720575941414755729,720575940635954015,123056
720575941467712278,720575940624365500,110372
720575941475363358,720575940624567271,113522
720575941497309921,720575940613339634,94535
720575941565350702,720575940630530263,816130
720575941609674214,720575940621155092,49378
720575941535722674,720575940633894099,136920
720575941440398543,720575940620836122,41293
720575941468253974,720575940621425840,517731
720575941603449273,720575940637773278,244077
720575941540756765,720575940612854421,60267
720575941409717931,720575940621512233,63983
720575941732991275,720575940611998578,35923
720575941538718706,720575940628943619,805752
720575941498354850,720575940628960455,109116
720575941441276507,720575940625369884,555734
720575941569605876,720575940620225473,109912
720575941527241656,720575940616293716,904785
720575941689042550,720575940645309719,124093
720575941654084052,720575940618192273,122780
720575941495542139,720575940625997863,160227
720575941478807715,720575940629155450,135180
720575941554589185,720575940620694662,138312
720575941644133025,720575940636644600,146970
720575941599175104,720575940641883867,551605
720575941548474941,720575940624518182,62080
720575941560355855,720575940620033585,540392
720575941466976854,720575940619665023,539381
720575941552630078,720575940626571978,44668
720575941526979917,720575940612403685,81952
720575941668384499,720575940628883838,517881
720575941572223048,720575940643963592,218302
720575941526425369,720575940613338738,145213
720575941408305967,720575940637616730,544030
720575941644521554,720575940634340252,120068
720575941610059497,720575940619210654,28853
720575941492387504,720575940618977365,811313
720575941544058373,720575940654929057,514894
720575941482224314,720575940646352772,93785
720575941399546403,720575940654763169,809140
720575941688794742,720575940626620772,80660
720575941516302851,720575940624723436,82462
720575941559655439,720575940619734096,74706
720575941504015191,720575940609138898,14890
720575941605727597,720575940617874635,542238
720575941456729759,720575940612095330,96510
720575941537129443,720575940622053125,146572401
720575941465355862,720575940632082001,93253
720575941536367587,720575940640409203,71097
720575941518526830,720575940635905893,814663
720575941591910696,720575940621920536,805418
720575941555165092,720575940621662342,110000
720575941440980671,720575940613326829,84986
720575941591909260,720575940636020075,15396
720575941687764719,720575940614549758,21304
720575941520825527,720575940630107035,148849
720575941495164800,720575940625931045,30233
720575941451604602,720575940616555554,532371
720575941575114383,720575940614780583,56616
720575941620191103,720575940611344858,137778
720575941510693330,720575940633730329,50086
720575941439810139,720575940632666020,127089
720575941413713812,720575940618713634,40850
720575941557535652,720575940619323096,109187
720575941533804778,720575940629388785,126171
720575941498875465,720575940610967928,195388
720575941626525339,720575940612043925,138990
720575941514811459,720575940616154892,153652
720575941497953659,720575940633904429,30523
720575941351471152,720575940627395407,28213
720575941668391411,720575940647434372,103283
720575941605907309,720575940619367872,121234
720575941584502367,720575940642232821,134053
720575941521095607,720575940633552671,116546
720575941496932224,720575940616849035,135429
720575941579621969,720575940617640821,580780
720575941431491169,720575940620981108,95972
720575941527580600,720575940643480480,33738
720575941595422422,720575940644625568,201768
720575941472904234,720575940627330562,88626
720575941502706626,720575940616920347,105574
720575941631258821,720575940626830692,162173
720575941604473534,720575940627201149,99511
720575941628194873,720575940613364461,65729
720575941534464234,720575940637068009,89500
720575941514924122,720575940642669787,940393
720575941409200043,720575940623260599,68984
720575941611546086,720575940617711133,104279
720575941439184213,720575940633770916,808063
720575941572294302,720575940620062384,175176
720575941662837048,720575940620354987,534251
720575941626147466,720575940621432926,135607
720575941460714180,720575940617142645,811696
720575941507807813,720575940617759099,538998
720575941527443076,720575940618006529,150873
720575941507641157,720575940631069184,223578
720575941485036294,720575940627206385,149520
720575941392923798,720575940645686564,178728
720575941416171292,720575940638200297,94931
720575941475245361,720575940618591920,34826
720575941462379920,720575940626913432,35480
720575941538556821,720575940618266205,113581
720575941486080006,720575940621456321,128946
720575941453155497,720575940624651499,27541
720575941431296137,720575940610207402,559757
720575941611440458,720575940639025742,25007
720575941626090092,720575940644622496,15411
720575941572137737,720575940611217650,813781
720575941411539823,720575940632328403,133779
720575941593995371,720575940611933845,525249
720575941658618448,720575940630576122,91833
720575941516877715,720575940630165007,20157
720575941490373351,720575940647406115,211220
720575941439210796,720575940613301106,105894
720575941557184420,720575940615699522,552456
720575941411898004,720575940630383836,77120
720575941587234884,720575940619825485,124361
720575941573022203,720575940624582438,102145
720575941612500653,720575940641080283,94323
720575941535973313,720575940635671999,327390
720575941655455449,720575940646126980,532771
720575941585562246,720575940622659866,64030
720575941619258239,720575940615816605,159838
720575941408360619,720575940634552951,819465
720575941431453321,720575940614122449,534115
720575941521427639,720575940631067985,27251
720575941539187405,720575940632923192,71415
720575941574884968,720575940622761949,139606
720575941542899804,720575940629488656,171465
720575941645147809,720575940630906179,108389
720575941547542920,720575940616023382,25917
720575941568010996,720575940633843854,76782
720575941654539732,720575940617455833,814693
720575941667858865,720575940627181130,83284
720575941618765695,720575940628173587,41018
720575941559603950,720575940628696138,31349
720575941438529877,720575940606066208,76456
720575941514364995,720575940627150650,147091
720575941568165364,720575940617078356,84702
720575941480610383,720575940611933394,62324
720575941556476900,720575940645847860,517869
720575941643756705,720575940639184035,123048
720575941633422277,720575940627038794,109191385
720575941497254784,720575940629294410,103412
720575941472065547,720575940630711127,533272
720575941462142608,720575940645618724,106861
720575941453091241,720575940609490371,44120
720575941517376915,720575940638484452,545007
720575941532387306,720575940637773117,817704
720575941612579993,720575940625395801,818960
720575941651756817,720575940635018335,91925
720575941661581948,720575940633916717,173527
720575941550756351,720575940644320968,82435
720575941452531369,720575940630081244,112769
720575941572754939,720575940623496728,134321
720575941479139011,720575940602534112,809634
720575941445281556,720575940602703072,911108
720575941574618633,720575940622148137,118833
720575941533909018,720575940621865479,807092
720575941569178362,720575940624738085,99750
720575941500335522,720575940643768736,31353
720575941591836011,720575940622663548,68373
720575941439685979,720575940637873471,132418
720575941595829381,720575940631940377,64877
720575941596182641,720575940612888231,809974
720575941630150124,720575940612157041,164566
720575941442415823,720575940641490933,559157
720575941552081982,720575940626399821,124035
720575941626116298,720575940627041265,183129
720575941427262292,720575940621786250,35878
720575941555493121,720575940639011160,812997
720575941513436739,720575940637748669,138270
720575941662700344,720575940634431970,133070
720575941608517194,720575940622559882,111693
720575941624209546,720575940626318180,207423
720575941429591032,720575940621178206,76593
720575941564680502,720575940632445199,105354
720575941438942671,720575940630019407,812789
720575941670033831,720575940626171880,110390
720575941593301285,720575940637639054,142126
720575941449538485,720575940640733299,534206
720575941392515076,720575940626919312,69863
720575941514156241,720575940646483235,548371
720575941484078589,720575940630141484,514733
720575941558425070,720575940642439899,113318
720575941552450622,720575940636009847,57958
720575941465001046,720575940627643633,34559
720575941431801815,720575940614778162,86055
720575941594920581,720575940620843644,55196
720575941644513874,720575940629342619,202934
720575941657629520,720575940631037244,197023
720575941607103341,720575940633147439,124729
720575941489991655,720575940639481459,138586
720575941610623405,720575940632482105,48114
720575941449358202,720575940620742605,514025
720575941467032342,720575940638389437,71224
720575941632391148,720575940625327491,96669
720575941484541250,720575940610112068,44456
720575941568820082,720575940634629353,126358
720575941626282907,720575940610225988,130292
720575941480148866,720575940622106790,122267
720575941669269425,720575940623369827,270064
720575941570996126,720575940632817967,154340
720575941703366874,720575940637485939,904827
720575941574615439,720575940612598499,69646
720575941614832915,720575940626282442,109723
720575941495871687,720575940620904780,175490
720575941597757888,720575940620131742,43977
720575941644964257,720575940618984315,70975
720575941643613266,720575940614400415,66172
720575941592463144,720575940627632745,136416
720575941576945753,720575940630159867,74577
720575941516798611,720575940660333953,45745
720575941540783741,720575940620792926,211604
720575941484074682,720575940617907101,105877
720575941594417265,720575940615097962,35620
720575941643853768,720575940625946894,168280
720575941619573631,720575940630192027,110057
720575941514212195,720575940630086138,112936
720575941612038364,720575940621021536,119778
720575941507753762,720575940640810840,121040
720575941473952810,720575940637851069,911838
720575941609422822,720575940620595393,42685
720575941552229887,720575940622779076,811461
720575941496448635,720575940614686662,105233
720575941657627984,720575940617393781,80722
720575941538663666,720575940639494232,78477
720575941431219809,720575940634842292,172288
720575941598807081,720575940625258932,119794
720575941589426500,720575940637543598,102010
720575941580483573,720575940638414909,43019
720575941576103350,720575940627426362,140672
720575941630244322,720575940634013779,51563
720575941533164120,720575940624139288,147645
720575941557052068,720575940643705248,135154
720575941486673730,720575940629663819,583851
720575941441499483,720575940628205800,536937
720575941586973918,720575940618953630,135148
720575941584954719,720575940613194467,45185
720575941573859067,720575940622488103,910855
720575941442409167,720575940618071685,571168
720575941624816586,720575940624842760,93600
720575941402163824,720575940612309671,909727
720575941511850962,720575940628327367,76089
720575941629459682,720575940626509100,84835
720575941540915325,720575940629133903,544711
720575941617258965,720575940623472854,84104
720575941512277580,720575940640991952,46598
720575941430089313,720575940607573973,127578
720575941594916901,720575940625994829,52802
720575941590540855,720575940609183427,99961
720575941593795435,720575940625772431,82289
720575941557544868,720575940624847491,151833
720575941430753633,720575940628891770,30487
720575941552039167,720575940616231355,159143
720575941451845498,720575940623004139,542221
720575941466583382,720575940644089032,112151
720575941476531521,720575940612877937,87377
720575941427017556,720575940621423604,36420
720575941563424680,720575940625800786,24766
720575941451566458,720575940628508534,66209
720575941513580497,720575940618779294,25554
720575941537630179,720575940614803266,160324150
720575941626081593,720575940645308782,157882
720575941530757835,720575940628556431,93609
720575941429531823,720575940631369925,132818
720575941414524049,720575940616851643,75178
720575941484167933,720575940620844783,114162
720575941591005438,720575940630748984,78277
720575941547497652,720575940612707490,68938
720575941575569807,720575940621452709,536276
720575941545144508,720575940633302609,115763
720575941505700005,720575940630862799,83847
720575941590086455,720575940641286797,125540
720575941449520733,720575940637813166,98862
720575941519675246,720575940630442783,525630
720575941407195951,720575940623864503,118884
720575941470743415,720575940618348155,114245
720575941657175632,720575940624322244,154377
720575941507986782,720575940642423541,89209
720575941551434394,720575940630823618,812078
720575941513419852,720575940634245857,202223
720575941535500376,720575940617360089,515524
720575941432609239,720575940631661586,27479
720575941474677825,720575940621294412,810439
720575941599280169,720575940605608160,98306
720575941593712165,720575940628133960,80680
720575941521852851,720575940633771053,97991
720575941502025611,720575940605978470,130151
720575941614215699,720575940630426967,62208
720575941414646812,720575940609128405,122367
720575941460849363,720575940628367353,804080
720575941441407167,720575940616157657,158475
720575941594851367,720575940623609895,86803
720575941663702140,720575940615221811,236035
720575941631698885,720575940615081578,78372
720575941496684513,720575940621163636,109268
720575941605308606,720575940627406906,43703
720575941590411518,720575940630675706,43402
720575941564260247,720575940613138328,116899
720575941493805950,720575940626740099,74649
720575941628377314,720575940634038426,822879
720575941432752654,720575940625795004,533563
720575941474384992,720575940639003881,42097
720575941557241892,720575940616688089,913933
720575941439857983,720575940616261087,534023
720575941480536800,720575940638185961,65797
720575941558013711,720575940633332505,107143
720575941564853255,720575940631162655,82989
720575941582655327,720575940618665339,128800
720575941534641586,720575940623580052,154425
720575941597052572,720575940622380509,74168
720575941565731126,720575940621644228,557993
720575941489126453,720575940624232974,110338
720575941691093656,720575940616482363,143764
720575941579876341,720575940621471157,165331
720575941401441059,720575940624762365,95209
720575941658370328,720575940634870891,69324
720575941605515966,720575940617390641,817047
720575941426235988,720575940605804990,72296
720575941451392378,720575940633200524,183122
720575941570650526,720575940619341447,126128
720575941643550881,720575940621100629,131219
720575941499415113,720575940639718259,580153
720575941563120903,720575940606257074,26693
720575941546356329,720575940619272980,77005
720575941411855019,720575940640691152,47312
720575941450693966,720575940639851427,84204
720575941572006728,720575940636562031,137757
720575941631251653,720575940616146079,116708
720575941407788847,720575940622649861,105468
720575941640343071,720575940623829651,546009
720575941476365105,720575940645899799,513367
720575941613569756,720575940619380485,11328
720575941491592398,720575940623997931,93667
720575941525443074,720575940631508803,117047
720575941514128081,720575940619610072,130068
720575941427770452,720575940624778731,83681
720575941507354753,720575940645497636,64779
720575941508909858,720575940643265677,559440
720575941571485256,720575940622269445,75736
720575941524140621,720575940639839733,907759
720575941393908886,720575940625240724,80512
720575941622504188,720575940630310364,105576
720575941448313013,720575940646151715,111783
720575941513419619,720575940618424405,147452
720575941558617103,720575940628023313,81224
720575941486269446,720575940638817087,106680
720575941540658893,720575940621173339,95299
720575941643174520,720575940661057665,97028
720575941432234081,720575940635167607,114764
720575941624149403,720575940613226221,136132
720575941547842420,720575940644134856,120982
720575941476236852,720575940616524305,121065
720575941551900734,720575940619652288,107190
720575941515814147,720575940607497929,74710
720575941639453557,720575940626030776,30102
720575941595497509,720575940627535110,54542
720575941516719507,720575940627354562,521149
720575941625053339,720575940627161703,51470
720575941639803765,720575940623709322,81140
720575941431415310,720575940635981167,99981
720575941516419587,720575940623679684,133280
720575941526197670,720575940628818791,113443
720575941504809637,720575940636520055,127667
720575941513553242,720575940634669236,815671
720575941484009794,720575940621343764,49630
720575941482496765,720575940622746381,104259
720575941487135494,720575940615167338,108799
720575941575001245,720575940613516402,521513
720575941594465061,720575940635675102,24065
720575941505052439,720575940627290626,173331
720575941461338052,720575940621789862,59222
720575941453699241,720575940619556416,163401
720575941456594413,720575940630534968,128837
720575941518535347,720575940627490065,810453
720575941524564811,720575940614245535,61088
720575941540389069,720575940629345639,78577
720575941545648745,720575940613412002,16873
720575941453472425,720575940628615683,21230
720575941477520670,720575940625268156,119258
720575941481352899,720575940627592073,132045
720575941614521241,720575940620214443,529152
720575941554733313,720575940638628934,126562
720575941541699676,720575940619865941,58044
720575941644437330,720575940637614704,78547
720575941449991261,720575940633807295,55428
720575941547440500,720575940631518582,823869
720575941452030535,720575940609019093,76998
720575941496249799,720575940629199619,108361
720575941562255149,720575940620260980,86060
720575941516690323,720575940645505844,526137
720575941595672709,720575940620443725,151163
720575941586700254,720575940611268266,903838
720575941496403835,720575940617512121,108564
720575941504862914,720575940628774662,60113
720575941574607369,720575940624176586,66924
720575941477546602,720575940613224446,143895
720575941510184464,720575940615261346,62795
720575941577267289,720575940612451223,102435
720575941505145650,720575940630042076,28141
720575941535841512,720575940604678880,100031
720575941563205639,720575940629019139,40493
720575941545030332,720575940636878046,90830
720575941500963307,720575940611692467,184894
720575941430986889,720575940630392514,131563
720575941669080051,720575940639325941,806426
720575941459554960,720575940618224541,30649
720575941652301589,720575940624960776,550743
720575941513003852,720575940624008521,39210
720575941610741933,720575940641206912,54749
720575941631840965,720575940622518749,910031
720575941614042009,720575940617548884,56919
720575941688691724,720575940625703114,534175
720575941594999766,720575940621267555,25855
720575941392809220,720575940611394730,60509
720575941480253058,720575940617537209,534322
720575941574500456,720575940617674053,238356252
720575941448363101,720575940644596260,64749
720575941562066856,720575940634229399,905805
720575941669793457,720575940618463069,130746
720575941449847901,720575940620133278,514835
720575941565579111,720575940634316139,809799
720575941575226038,720575940615735711,39549
720575941460380486,720575940621445153,542492
720575941533679898,720575940616655989,808507
720575941410549871,720575940627535742,37589
720575941452293703,720575940628125948,107993
720575941547985441,720575940620688110,111318
720575941546851260,720575940628690453,50132
720575941406320175,720575940631567658,47357
720575941657585488,720575940623421389,62655
720575941462592781,720575940615338891,167237
720575941577104985,720575940622088257,41389
720575941394005910,720575940635700375,56813
720575941470065373,720575940630652124,77997
720575941589186871,720575940619024774,35420
720575941629386732,720575940628390400,802593
720575941515813987,720575940618704689,39649
720575941604189630,720575940615228467,807943
720575941529305547,720575940619780973,171142
720575941532816771,720575940641162704,198117
720575941490552807,720575940635607438,91955
720575941407892527,720575940623732368,808117
720575941587200324,720575940614247934,64597
720575941464986198,720575940636668517,104368
720575941413288340,720575940628033688,149457
720575941515684857,720575940655603617,87843
720575941459744452,720575940628038138,39912
720575941643617480,720575940624846823,161894
720575941732112683,720575940612619059,19337
720575941558487076,720575940609728632,34678
720575941624207980,720575940632814648,163117
720575941573933128,720575940615081110,585697
720575941480700611,720575940630963800,168456
720575941499856034,720575940611788970,21891
720575941554772634,720575940620952956,41932
720575941478664867,720575940621308656,24397
720575941586158214,720575940640600125,101578
720575941443235242,720575940635737336,159880
720575941562201490,720575940620341127,130444
720575941536426433,720575940630674426,62115
720575941505100311,720575940640872589,46493
720575941439596095,720575940640451536,70513
720575941426486100,720575940626382473,100265
720575941520896179,720575940632443960,187519
720575941691233688,720575940619808756,68162
720575941565735734,720575940627309394,58818
720575941582446431,720575940624750887,109390
720575941560612979,720575940616310751,30855
720575941542592797,720575940636660069,183614
720575941546105276,720575940605076140,122800
720575941624736508,720575940643946440,205555
720575941576055400,720575940628110332,42473
720575941575721817,720575940631956584,807931
720575941490147788,720575940631857495,57579
720575941408001071,720575940618761812,153500
720575941568855034,720575940637026671,82484
720575941574024808,720575940630879991,53361
720575941458278470,720575940621020598,113350
720575941556007844,720575940628568904,55993
720575941480634959,720575940615731778,55462
720575941574760861,720575940641352656,192361
720575941552554814,720575940624296376,61962
720575941556072676,720575940620591380,532693
720575941436077856,720575940622637567,23615
720575941537820648,720575940620183462,511999
720575941434114336,720575940641476916,106922
720575941432988430,720575940626304330,44415
720575941546433160,720575940614703522,118844
720575941564470631,720575940619545173,20041
720575941548330888,720575940615204561,68795
720575941552130303,720575940619551793,167116
720575941573927325,720575940624530372,274780241
720575941581699193,720575940624325267,62430
720575941568406830,720575940622235272,90891
720575941613915356,720575940621532848,184576
720575941553732691,720575940622480408,57816
720575941540940925,720575940629581946,123755
720575941406625454,720575940631068227,116245
720575941439563455,720575940625891623,171058
720575941521512115,720575940633215303,75143
720575941643289957,720575940627045272,514388
720575941513735523,720575940618529927,224511
720575941629321254,720575940610369941,35919
720575941408462507,720575940617252642,812391
720575941425022548,720575940626494722,818026
720575941591778700,720575940629128444,180369
720575941578595161,720575940653132534,543105
720575941555577601,720575940629476593,115448
720575941415353116,720575940613364338,34857
720575941653863129,720575940624082532,808516
720575941593904679,720575940628045128,171254
720575941465428054,720575940632968760,807751
720575941668368627,720575940630531706,185450
720575941485341958,720575940606737254,72993
720575941484063042,720575940661136001,167462
720575941452152903,720575940620419664,88608
720575941462947472,720575940612433010,518845
720575941600808489,720575940616189371,18806
720575941561509032,720575940618700322,125359
720575941543368989,720575940617949268,28669
720575941519145582,720575940614780712,555119
720575941665345011,720575940627018621,83453
720575941460652944,720575940616238521,209148
720575941652947217,720575940631099735,112944
720575941482230982,720575940628236200,35870
720575941529802680,720575940621913513,811163
720575941604032697,720575940617776129,102961
720575941587430199,720575940617249629,805847
720575941458875039,720575940606104254,176081
720575941458468336,720575940627784520,214052
720575941545100476,720575940627048847,121951
720575941415352348,720575940609579896,93973
720575941534702002,720575940627949929,1054019402
720575941492434558,720575940607625225,912105
720575941631861947,720575940620827730,519786
720575941516987539,720575940630969939,527166
720575941448073141,720575940625797936,64582
720575941553930497,720575940622137665,541570
720575941554500836,720575940632314060,85921
720575941461519556,720575940623366268,181612
720575941480089568,720575940633292236,540079
720575941525187353,720575940623847056,36321
720575941589415934,720575940635616436,79325
720575941687390959,720575940636488805,47922
720575941688367222,720575940628810570,108240
720575941516303715,720575940625432846,556897
720575941691229336,720575940631087301,156196
720575941532952810,720575940635875038,905343
720575941466726230,720575940629676857,809081
720575941629329446,720575940611471283,92464
720575941505176626,720575940628825703,125575
720575941469870301,720575940625781818,71751
720575941596714908,720575940638442328,104885
720575941569081594,720575940621776901,99046
720575941645642952,720575940621924890,531922
720575941513535820,720575940614639614,13333
720575941532955365,720575940621400235,198444
720575941506557500,720575940608471049,12260
720575941441742783,720575940619276156,142727
720575941525899341,720575940627001637,811093
720575941589269828,720575940639256704,28110
720575941557205924,720575940625937027,78895
720575941482971078,720575940617397341,94404
720575941516615417,720575940608866571,110122
720575941463174544,720575940627270406,815820
720575941481085693,720575940622675016,905353
720575941454064109,720575940610499523,813539
720575941609432237,720575940613518092,810341
720575941439596629,720575940629508990,84343
720575941681143485,720575940625356732,45579
720575941507496005,720575940623962904,551582
720575941687922806,720575940621226416,99168
720575941598177984,720575940614106674,39659
720575941564916224,720575940630100350,543710
720575941552999559,720575940614687931,30646
720575941545515444,720575940627763016,74804
720575941673784472,720575940620733166,811318
720575941497861282,720575940631278866,54758
720575941439654719,720575940641730549,150432
720575941402925424,720575940610261550,176652
720575941545909940,720575940628315925,145954
720575941654376916,720575940626029693,123524
720575941644907384,720575940642291872,806962
720575941696316378,720575940617612578,811064
720575941434785934,720575940631021220,158893964
720575941564708242,720575940622376083,184116
720575941612045997,720575940621680006,554304
720575941415046036,720575940623507908,82752
720575941516618387,720575940612990003,162075
720575941572575646,720575940636521573,30881
720575941539033293,720575940610547576,63786
720575941624479852,720575940615580831,115798
720575941576740185,720575940605787494,32377
720575941401486371,720575940623240595,96421
720575941534221594,720575940615442847,146564
720575941471780363,720575940622085146,93700
720575941527223554,720575940604592160,542159
720575941562999303,720575940609769739,530331
720575941534568986,720575940639119935,61064
720575941462870160,720575940624208381,54727
720575941413063828,720575940642734280,108327
720575941432479447,720575940613671594,72519
720575941534291137,720575940622341921,106405
720575941535699978,720575940639285045,66889
720575941603528694,720575940616275778,87196
720575941529160376,720575940639240912,62101
720575941500710283,720575940613712109,197058
720575941644766113,720575940630344748,95768
720575941462007696,720575940606126782,172217
720575941417147676,720575940623855763,56652
720575941685953263,720575940620944404,150964
720575941493736368,720575940633396767,106679
720575941594682070,720575940633223052,84153
720575941560788083,720575940652671990,519487
720575941553761563,720575940631034443,213772
720575941437920223,720575940619717942,130767
720575941557966351,720575940612903025,46641
720575941524034635,720575940619454288,135349
720575941595021093,720575940612692698,253475
720575941686773516,720575940626405413,73730
720575941465047638,720575940605898016,112567
720575941563828114,720575940613700722,129964
720575941507677022,720575940610864533,191303
720575941578451025,720575940634707607,102403
720575941570592670,720575940617226869,100402
720575941690719896,720575940625267092,67679
720575941619765887,720575940633957710,51505
720575941643606866,720575940633411155,81470
720575941489900519,720575940631308844,193779
720575941583208582,720575940616670045,806267
720575941496890441,720575940616752155,12059
720575941478637792,720575940629519403,95634
720575941669297575,720575940613115762,108901
720575941544834236,720575940628769040,120249
720575941532410243,720575940626270266,806006
720575941591804712,720575940615082646,806190
720575941639150197,720575940620003248,218571
720575941408079790,720575940616324767,134942
720575941626615609,720575940614501073,110461
720575941434532128,720575940624251061,122288
720575941463885325,720575940622629011,188659
720575941408213551,720575940630446198,122025
720575941549693556,720575940614970774,19712
720575941520078071,720575940616941654,60487
720575941581426297,720575940639355837,122404
720575941510172944,720575940636990821,99645
720575941509165840,720575940623638781,116549
720575941540585820,720575940610277956,135670
720575941526464845,720575940635178341,197813
720575941669011699,720575940618271705,164297
720575941596350853,720575940627526281,128998
720575941554382619,720575940628028797,550526
720575941593109800,720575940628022787,525013
720575941462701200,720575940616907678,13245
720575941690587099,720575940627349379,18355
720575941519184812,720575940611351267,909349
720575941668805619,720575940617298875,535262
720575941393795990,720575940630994999,156366
720575941578684505,720575940618011426,82724
720575941730975019,720575940619782054,127855
720575941553429639,720575940623637981,106973
720575941576977241,720575940616006946,123305
720575941426217556,720575940621260020,65437
720575941448485045,720575940620496913,817835
720575941431490697,720575940632471891,64693
720575941443050410,720575940642264461,126761
720575941598943680,720575940625397581,119606
720575941652983793,720575940634943644,20940
720575941474579771,720575940634232427,33605
720575941574128891,720575940632201543,108917
720575941593229608,720575940636301431,533164
720575941574920187,720575940629342713,117611
720575941483701958,720575940625786260,62376
720575941668520881,720575940627613801,54217
720575941525365762,720575940616743749,905625
720575941408488622,720575940615941179,805229
720575941479243427,720575940624762004,97752
720575941564764679,720575940629083377,75448
720575941456584685,720575940659492481,143023
720575941494407111,720575940625021683,235593
720575941569615866,720575940629397079,46457
720575941516689043,720575940610887829,184504
720575941492874672,720575940620571697,215770
720575941454791987,720575940620570806,92945
720575941625412234,720575940609984881,547920
720575941391990788,720575940620191777,19564
720575941657445200,720575940611616302,26916
720575941599130560,720575940629909370,154982
720575941584091487,720575940607941298,125879
720575941611944806,720575940619196574,153287
720575941452524615,720575940631163904,37883
720575941570469108,720575940628147337,88887
720575941503654379,720575940623104973,120969
720575941650769649,720575940626150402,116996
720575941569501434,720575940633153215,43214
720575941579120721,720575940620612101,110748
720575941499914146,720575940617502977,125849
720575941523392503,720575940609966802,536897
720575941555365796,720575940617413777,111456
720575941563015592,720575940604432864,149950
720575941469357943,720575940618055883,84187
720575941609705449,720575940618252801,538983
720575941549922593,720575940621725350,543577
720575941633248160,720575940622728692,156933
720575941463945229,720575940630008121,78670
720575941572341512,720575940612658858,53112
720575941411041903,720575940618282576,55260
720575941679374269,720575940618737153,562673
720575941584920159,720575940645743895,135648
720575941663203196,720575940622129780,132290
720575941652987889,720575940615376543,537837
720575941626212460,720575940628207047,530880
720575941537561576,720575940638331625,55648
720575941487333328,720575940627667794,95319
720575941570007034,720575940623255443,116598
720575941603502521,720575940636880361,102137
720575941514925459,720575940609995618,22437
720575941545525128,720575940659479937,518776
720575941536547098,720575940620673739,90278
720575941554330010,720575940635699607,76948
720575941515330051,720575940617962699,36234
720575941655280340,720575940620319727,119245
720575941561999405,720575940616775366,36154
720575941572431517,720575940629948163,71339
720575941415356700,720575940637299342,107253
720575941481181519,720575940625384521,27524
720575941638679327,720575940639237173,98655
720575941691237083,720575940616079007,146848
720575941654109396,720575940624139800,142925
720575941454366259,720575940640257368,164923
720575941614029721,720575940623220919,816917
720575941580388341,720575940621284351,214827
720575941523345227,720575940625692816,141163
720575941637780255,720575940625962312,807399
720575941480769666,720575940617929250,84213
720575941475767099,720575940622503849,164805
720575941483969858,720575940626675185,90896
720575941627354681,720575940624803059,35128
720575941440859989,720575940605826238,87475
720575941483813885,720575940611662705,63089
720575941592965078,720575940647332484,102086
720575941555376356,720575940620840368,466363045
720575941653577172,720575940631602447,99953
720575941555818835,720575940633484717,382341
720575941640038943,720575940619544685,189526
720575941521764531,720575940622102980,76851
720575941498491977,720575940623550941,63849
720575941544877829,720575940622195324,46304
720575941571371336,720575940627269651,108650
720575941611306470,720575940625811096,86158
720575941467972630,720575940631573034,513276
720575941514774163,720575940627215377,127478
720575941513774691,720575940635351659,103527
720575941515405411,720575940643182372,79124
720575941548844605,720575940611434419,911292
720575941611720422,720575940628587463,533236
720575941553295899,720575940630930373,172904
720575941720467514,720575940628133335,807065
720575941525882088,720575940632575388,530212
720575941593984363,720575940625475673,541609
720575941404468336,720575940628895232,49445
720575941470721035,720575940621521422,806886
720575941483744442,720575940609261892,42274
720575941499352393,720575940620231956,47484
720575941402339363,720575940630010172,187558
720575941566039447,720575940633194124,157054
720575941645519224,720575940627081865,180255
720575941630441964,720575940623514308,217578
720575941632581100,720575940622632925,548539
720575941662343992,720575940616353247,102156
720575941407274158,720575940622165974,73305
720575941486790662,720575940627117118,235397
720575941499322441,720575940625092414,49214
720575941638680437,720575940636113215,808032
720575941392463620,720575940624959927,546505
720575941485863686,720575940631160787,20021
720575941572755977,720575940618336093,143044
720575941584909022,720575940619120411,94972
720575941662944312,720575940624923319,112317
720575941628126009,720575940622642893,65932
720575941449261917,720575940633485207,58496
720575941654107409,720575940624721591,58234
720575941489110476,720575940619377611,43653
720575941603613942,720575940638525150,134247
720575941626744793,720575940620217582,28334
720575941594366577,720575940627348751,89768
720575941643711826,720575940615679906,48913
720575941643353249,720575940621023926,139129
720575941574412726,720575940636795790,63745
720575941565418503,720575940628338504,71288
720575941570102942,720575940624236592,56105
720575941526291021,720575940616892062,109804
720575941632999584,720575940623593571,56107
720575941549187873,720575940606763710,188834
720575941462082254,720575940616428884,21801
720575941592652328,720575940630894799,120947
720575941607799405,720575940618824528,136903
720575941689188470,720575940616374358,512955
720575941442431914,720575940633570808,906073
720575941536081434,720575940618961773,58465
720575941564748598,720575940616141785,101994
720575941597285824,720575940646605876,61044
720575941448501429,720575940614241439,101242
720575941641252197,720575940611725006,63758
720575941573430173,720575940620572287,108876
720575941575211919,720575940631288850,238250
720575941505104444,720575940621829302,807861
720575941436526815,720575940622118566,27690
720575941546462644,720575940622327728,546357
720575941476706356,720575940610801250,908375
720575941506895710,720575940638570974,92754
720575941477197418,720575940631164476,33646
720575941565309031,720575940638369252,55575
720575941400404259,720575940634288339,28012
720575941585188486,720575940635530871,231188
720575941623546876,720575940618473105,95227
720575941663737468,720575940652408310,214831
720575941479179171,720575940615857691,162745
720575941479643778,720575940633599071,51912
720575941515610691,720575940636624356,188090
720575941643881633,720575940605631153,99664
720575941690322584,720575940634221920,89657
720575941663051064,720575940625972879,71829
720575941669096881,720575940622192822,35974
720575941538716621,720575940632169356,86263
720575941546345065,720575940627005698,64085
720575941669436583,720575940629942827,89188
720575941686191855,720575940622955561,132000
720575941439709019,720575940623149021,126643
720575941638964255,720575940627193469,42098
720575941574920552,720575940640670928,92170
720575941391172612,720575940617557972,118788
720575941458131270,720575940634941614,99980
720575941508055074,720575940627421266,72349
720575941586288006,720575940635059551,41812
720575941576580456,720575940630314693,801959
720575941540023501,720575940613976301,139855
720575941566366774,720575940617699513,534810
720575941555468516,720575940626516026,287583
720575941558334244,720575940630714476,81891
720575941435862926,720575940630534518,64918
720575941518881964,720575940613206594,809377
720575941485428290,720575940620411742,809291
720575941485372045,720575940616757460,810619
720575941440909503,720575940632285199,68581
720575941524596811,720575940625834109,211731
720575941612634332,720575940630141487,22137
720575941600867881,720575940632105785,129824
720575941588878647,720575940605491302,69758
720575941428264788,720575940616924428,30617
720575941352359472,720575940627575573,125345
720575941505145879,720575940631899496,197457
720575941481785085,720575940637198766,41409
720575941490796853,720575940628235516,518247
720575941611349212,720575940631071941,88780
720575941524983373,720575940621195201,115662
720575941480802979,720575940630890807,85737
720575941480035808,720575940618024409,53910
720575941486620422,720575940630741805,175249442
720575941431044344,720575940628068424,67831
720575941573807688,720575940624715849,580166
720575941480112352,720575940622531148,169842
720575941406724911,720575940623540182,118072
720575941663086972,720575940617949723,114807
720575941488173001,720575940638300093,81783
720575941578315509,720575940645427236,218598
720575941519766894,720575940630779383,405975
720575941485487312,720575940635545848,54207
720575941518856302,720575940628842106,850463
720575941574468712,720575940614686943,20559
720575941511561426,720575940611329137,23405
720575941637519733,720575940617885670,32595
720575941460968659,720575940624988564,64878
720575941514519130,720575940620760029,94443
720575941513511267,720575940621749226,30522
720575941666166771,720575940640739699,160873
720575941525982285,720575940612582809,41317
720575941574518821,720575940607548629,533580
720575941611361965,720575940615973388,91967
720575941631262690,720575940611656891,110229
720575941634380987,720575940628747537,10395
720575941658471504,720575940628462588,19764
720575941601136425,720575940622535756,29442
720575941503518002,720575940643837988,888609
720575941411606699,720575940621398292,532662
720575941511980364,720575940607653387,94312
720575941407783983,720575940627813892,21092
720575941569800692,720575940631268252,140338
720575941496309447,720575940611807641,164459
720575941411123627,720575940624749320,541806
720575941444820906,720575940630334586,134485
720575941468982795,720575940628848900,805493
720575941633107104,720575940616487910,804234
720575941457346288,720575940623425543,87590
720575941553124609,720575940634469857,45992
720575941394015638,720575940639734973,57624
720575941688345051,720575940612238255,513346
720575941509680338,720575940614743190,149894
720575941548312353,720575940628251100,808441
720575941571262366,720575940619387973,99670
720575941437880108,720575940635908799,518891
720575941625910410,720575940630179884,118922
720575941627904806,720575940627409480,139842
720575941574285307,720575940639043637,47117
720575941563488663,720575940604809184,129263
720575941545070085,720575940639505213,133181
720575941607948653,720575940649249657,67466
720575941528402820,720575940632567363,189709
720575941504849458,720575940634085786,41616
720575941576138600,720575940626375305,134107
720575941450867271,720575940633495583,208867
720575941580350709,720575940620555173,551927
720575941626072684,720575940609459576,60612
720575941513855185,720575940624421157,558278
720575941540947292,720575940625126635,61550
720575941556965924,720575940635153515,100181
720575941534560266,720575940633494988,107888
720575941490576329,720575940620422616,526048
720575941607476077,720575940631544313,173612
720575941579588945,720575940631454735,518736
720575941535107562,720575940642517284,809730
720575941537159144,720575940632960045,129089
720575941407986735,720575940615792757,200660
720575941574704392,720575940626350629,43068
720575941472678698,720575940609808905,533987
720575941439713109,720575940621449897,59651
720575941608063597,720575940628371978,45509
720575941479969219,720575940627481628,68266
720575941688969846,720575940628987751,94709
720575941571045790,720575940628259689,56242
720575941593609767,720575940607627868,142521
720575941615231897,720575940620023024,85994
720575941456193261,720575940636895095,34395
720575941540616653,720575940621433599,133454
720575941352057904,720575940654915489,943313
720575941540370893,720575940626792778,170366
720575941558604836,720575940635444325,16997
720575941438093586,720575940622116095,43791
720575941654374100,720575940628422139,808818
720575941563942802,720575940640545880,57207
720575941430472801,720575940635125103,909539
720575941593947249,720575940633248932,104278
720575941480064130,720575940619402560,83639
720575941430838113,720575940611365166,145860
720575941511685074,720575940609411779,529557
720575941530066379,720575940620913243,184290
720575941527073538,720575940636839822,53184
720575941469847872,720575940652990454,104609
720575941611619548,720575940624784648,128418
720575941524801794,720575940611146104,72966
720575941558698734,720575940632742760,113889
720575941496123847,720575940623507213,80227
720575941449863861,720575940628525640,31061
720575941460286404,720575940613898365,58391
720575941508025694,720575940606330726,122095
720575941633387680,720575940622135841,32332
720575941512674883,720575940625407107,522992
720575941502112599,720575940618666142,131322
720575941572965384,720575940618448541,151330
720575941534882482,720575940622738164,526289
720575941534714817,720575940614328978,100581
720575941525856589,720575940623498876,809414
720575941690353371,720575940628030104,17464
720575941573050377,720575940626196456,189716
720575941540468173,720575940637334244,164495
720575941722194234,720575940614562207,906441
720575941439299413,720575940625672138,810790
720575941438052927,720575940621166319,122327
720575941416310300,720575940618159429,28021
720575941514090316,720575940616978482,135064
720575941490321865,720575940631378937,154353
720575941568398324,720575940615131699,909024
720575941451090510,720575940611316174,59469
720575941642237285,720575940621451758,112902
720575941611064041,720575940626554713,75953
720575941633009349,720575940638770493,28317
720575941723723322,720575940635563711,534385
720575941721743162,720575940627330386,78252
720575941537614229,720575940629702699,102176
720575941475790401,720575940647797892,90599
720575941572657915,720575940628651014,219610
720575941494492871,720575940646266244,99796
720575941557199268,720575940607399691,118119
720575941565582390,720575940630354169,107285
720575941511073808,720575940649823353,77467
720575941517220568,720575940630398551,41781
720575941483503290,720575940637568613,23985
720575941476561002,720575940629720835,131233
720575941538394610,720575940639385149,125456
720575941448667229,720575940611730642,52130
720575941559903247,720575940628393734,807528
720575941663370364,720575940635338908,86102
720575941688508534,720575940608932306,99206
720575941514967907,720575940635266411,104784
720575941465431894,720575940627428504,79261
720575941609335213,720575940620273279,155312
720575941625806444,720575940636066155,65442
720575941626068793,720575940623971085,116490
720575941521204983,720575940646172963,136555
720575941477393969,720575940624033830,94006
720575941351178288,720575940622827923,87545
720575941662894648,720575940621733569,53906
720575941626430410,720575940645838359,533558
720575941404468592,720575940632823912,145246
720575941429241592,720575940635742063,196849
720575941461919120,720575940604434092,88995
720575941450255709,720575940612106723,100217
720575941567893550,720575940632379410,83448
720575941438214162,720575940629464817,79360
720575941537309155,720575940623115363,100362
720575941541220893,720575940610375748,68179
720575941481679811,720575940623313740,138648
720575941612514918,720575940635459726,148926
720575941484041469,720575940637753518,87064
720575941631324357,720575940626068836,79266
720575941630236130,720575940626212625,141007
720575941472379744,720575940623334694,23971
720575941520705463,720575940634429279,74873
720575941537725589,720575940631082809,44696
720575941550065151,720575940629999119,29493
720575941504371260,720575940628653415,71043
720575941514025562,720575940639568445,64423
720575941506600215,720575940638925731,69136
720575941564843367,720575940619992240,121276
720575941478440416,720575940630511486,33772
720575941657998360,720575940608442633,581074
720575941553445459,720575940629147471,533984
720575941457173741,720575940621602913,533828
720575941587093470,720575940631322565,512149
720575941434052896,720575940617370297,82949
720575941558949391,720575940626671637,38135
720575941440907471,720575940629235084,63593
720575941440714959,720575940659977601,801652
720575941521766323,720575940628047186,81676
720575941479572559,720575940626299236,142852
720575941650226161,720575940624160845,805432
720575941516259843,720575940611494702,61902
720575941428991224,720575940628199802,14753
720575941611533997,720575940627461662,125692
720575941598723484,720575940621994736,67690
720575941631769248,720575940622006218,114614
720575941402677360,720575940634198483,56915
720575941518457260,720575940620551776,119409
720575941476147998,720575940620628957,815983
720575941431624545,720575940616547904,68098
720575941493680560,720575940630926075,146518
720575941479972320,720575940648243588,126564
720575941552197694,720575940622264745,117887
720575941415009172,720575940639736179,545303
720575941537248232,720575940618984571,41998
720575941502705458,720575940623915527,127373
720575941475576891,720575940625782116,83279
720575941560033774,720575940621051468,188114
720575941539967613,720575940628015379,61876
720575941620311679,720575940617175965,35373
720575941470921847,720575940639590470,953560
720575941499642530,720575940615255618,56471
720575941584475782,720575940638655716,51478
720575941460378768,720575940612114099,92549
720575941435657760,720575940632069657,142120
720575941632391621,720575940618592390,57171
720575941503293378,720575940607196681,134748
720575941534526386,720575940633507359,88356
720575941476701290,720575940625118956,70133
720575941559380269,720575940635158367,192599
720575941483169466,720575940615695628,80994
720575941496297415,720575940620357057,52837
720575941518793070,720575940643658532,121772
720575941584434271,720575940643806408,154713
720575941503786219,720575940622212615,53719
720575941671191207,720575940620149101,49330
720575941460007750,720575940616440332,518920
720575941473756987,720575940639490118,35207
720575941579870033,720575940620802910,54824
720575941501971543,720575940626778311,168376
720575941563411554,720575940633235551,135405
720575941612576787,720575940611953635,116282
720575941564298903,720575940611286501,68146
720575941509708754,720575940617100445,76156
720575941603072502,720575940632381970,813060
720575941533176549,720575940639827005,530002
720575941459753412,720575940622004545,40847
720575941353225008,720575940613098905,537744
720575941494255303,720575940625430280,118750
720575941503430338,720575940629639674,89764
720575941411652011,720575940631748653,199581
720575941573300637,720575940626669842,33637
720575941525504537,720575940639165885,52849
720575941560752755,720575940616420914,217288
720575941503043159,720575940617272025,40435
720575941450951751,720575940615083154,296415
720575941652859633,720575940624893479,527203
720575941530924235,720575940629425920,575914
720575941450777934,720575940640070797,38318
720575941456312045,720575940629569018,180077
720575941481775101,720575940626423493,87495
720575941549485311,720575940620051580,188253
720575941554338131,720575940620453056,88169
720575941494962558,720575940622533334,819297
720575941653850897,720575940624988341,63387
720575941564681831,720575940619662646,57957
720575941644106872,720575940620503828,126628
720575941476980532,720575940616208965,100823
720575941476622878,720575940626933009,51675
720575941450271837,720575940623903112,23626
720575941506428962,720575940616430146,73889
720575941416122908,720575940621180097,43364
720575941535729946,720575940647472260,137113
720575941471858039,720575940624466440,935462
720575941643253624,720575940622944937,110061
720575941536472035,720575940618679579,79534
720575941478119331,720575940621107847,904174
720575941432274903,720575940629085527,809271
720575941442005455,720575940627422466,171952
720575941440517467,720575940605837024,20385
720575941470263517,720575940624050175,122662
720575941568832882,720575940631469452,811271
720575941469803072,720575940630754635,78537
720575941535462322,720575940612743922,46157
720575941548269857,720575940647460643,118036
720575941598809500,720575940614744318,108003
720575941558796147,720575940613285886,133723
720575941353247536,720575940626936324,807505
720575941461278419,720575940620485057,16211
720575941628519737,720575940627029373,110045
720575941475832606,720575940625120812,581027
720575941598614172,720575940612853354,213070
720575941658536784,720575940623749843,513173
720575941500581003,720575940618940244,193087
720575941547289633,720575940619072158,151820
720575941645790408,720575940638517481,198756
720575941612316845,720575940625073801,14916
720575941657917008,720575940619473089,125832
720575941594050518,720575940625495140,913132
720575941611596265,720575940613051621,530826
720575941452474439,720575940628568650,101707
720575941611883878,720575940645524334,53712
720575941637270133,720575940629120471,59759
720575941662582840,720575940622493322,28870
720575941659051032,720575940618921473,128625
720575941643076728,720575940625044716,75418
720575941611071465,720575940609810013,60925
720575941485294914,720575940610895684,133603
720575941497169280,720575940629224747,112736
720575941554706945,720575940629102974,71938
720575941469152631,720575940616901718,118459
720575941414167441,720575940618502329,74696
720575941440685915,720575940645168584,812793
720575941630058278,720575940623791615,50120
720575941521722547,720575940632078873,38326
720575941545274117,720575940636520567,111999
720575941479210947,720575940616164213,906557
720575941518951084,720575940626986877,26701
720575941626566555,720575940636838062,111685
720575941477323073,720575940620047696,68366
720575941616903381,720575940626069962,16322
720575941542204508,720575940642669965,545477
720575941437498591,720575940625723164,87750
720575941560565107,720575940624339228,62326
720575941645285576,720575940632393258,33486
720575941551870855,720575940629139718,150946
720575941535547658,720575940631156055,546440
720575941685980278,720575940617836066,809983
720575941485713549,720575940626108553,37500
720575941540469629,720575940637439566,50030
720575941567589876,720575940632730060,47461
720575941643512696,720575940633655194,530831
720575941565235554,720575940618153913,54881
720575941553268798,720575940621947357,936553
720575941643949413,720575940623762826,109146
720575941474921258,720575940642733216,19724
720575941702094298,720575940631118610,50712
720575941451888711,720575940633989999,118504
720575941551362075,720575940629965708,807786
720575941602940406,720575940606652117,537451
720575941450185338,720575940630993423,128723
720575941655056084,720575940615823071,103567
720575941701223130,720575940617424468,32336
720575941587085892,720575940614698536,73320
720575941558609523,720575940633101759,51975
720575941523242743,720575940610268366,109853
720575941465686038,720575940631191383,90521
720575941553907457,720575940645682211,125813
720575941481453510,720575940613374873,79322
720575941622877692,720575940620050047,124710
720575941603246526,720575940625772692,77907
720575941593430486,720575940617764865,174149
720575941663075896,720575940631072337,166137
720575941563540231,720575940635325326,67063
720575941613919964,720575940638604777,82627
720575941438441746,720575940620010712,106261
720575941451970426,720575940620304500,43837
720575941521595211,720575940618290523,817230
720575941603820222,720575940621401782,116286
720575941594016619,720575940630985555,534384
720575941392596118,720575940604030566,808408
720575941484063930,720575940619970480,59591
720575941545122696,720575940626256003,808461
720575941623388827,720575940621432444,75331
720575941454767853,720575940622313451,55179
720575941488831541,720575940653576438,104549
720575941627949350,720575940625118138,813066
720575941553792410,720575940619449588,48640
720575941588836919,720575940623642858,513492
720575941442044623,720575940638920757,178981
720575941560223789,720575940629789660,909318
720575941595495975,720575940630024259,80560
720575941572788987,720575940626005287,172528
720575941453175603,720575940629996076,127608
720575941586531974,720575940627740432,210611
720575941575869366,720575940611562030,63454
720575941560182766,720575940621903280,198973
720575941644555896,720575940624431398,80645
720575941543515933,720575940610120516,243092
720575941393335190,720575940636141048,93032
720575941466131734,720575940600101641,116942
720575941515219449,720575940631824744,20697
720575941412562324,720575940611797458,103892
720575941681367485,720575940624180223,162320
720575941544565097,720575940637167582,49870
720575941453090375,720575940628892913,544822
720575941641699685,720575940617304788,95155
720575941541719069,720575940627322344,94172
720575941576690536,720575940608785365,78428
720575941459373471,720575940616959538,68425
720575941468406237,720575940619885958,338264
720575941631235554,720575940632927405,108833
720575941553585124,720575940631024837,519897
720575941542997596,720575940623977864,543261
720575941562231853,720575940627855768,116707
720575941594074225,720575940638217279,142157
720575941591552107,720575940622630870,137972
720575941585859718,720575940616214100,804749
720575941514419034,720575940637568838,160435
720575941535253592,720575940635373722,51724
720575941543651004,720575940624355051,809754
720575941495532670,720575940638751360,119099
720575941353338672,720575940633538724,45969
720575941588665924,720575940637867241,117975
720575941652929009,720575940613896173,525688
720575941731747627,720575940617873566,113887
720575941521662647,720575940621102677,66381
720575941484005562,720575940616580930,144554
720575941467216918,720575940612156402,93114
720575941438806719,720575940611913842,44322
720575941539596693,720575940630236672,79638
720575941564882071,720575940627175445,522304
720575941468396509,720575940628470545,99949
720575941504903730,720575940624398856,43109
720575941574906120,720575940636367479,146260
720575941613478553,720575940644899095,222977
720575941670213041,720575940629126659,68400
720575941540561869,720575940626929957,149533
720575941669951409,720575940635342236,43992
720575941507840385,720575940621069812,66701
720575941504132402,720575940627390297,100339
720575941414843537,720575940644358679,53994
720575941448478301,720575940615248593,101395
720575941524126978,720575940610453162,535347
720575941463627789,720575940627084669,50999
720575941574648585,720575940614850706,87463
720575941401095203,720575940615930299,174217
720575941548959777,720575940610112324,138454
720575941689111670,720575940624217013,208377
720575941659098648,720575940630017295,141022
720575941545123433,720575940631653317,53179
720575941577739609,720575940606139564,818996
720575941576684470,720575940612779690,213358
720575941534929386,720575940607380658,50372
720575941544991164,720575940614812533,140432
720575941653561361,720575940624462740,908745
720575941483753146,720575940628844231,85932
720575941563169170,720575940623673802,83289
720575941475925278,720575940604852146,33632
720575941505904549,720575940624859213,109141
720575941441166527,720575940632504740,543501
720575941602556089,720575940622084735,134353
720575941644078497,720575940628901750,201797
720575941572702621,720575940621149761,61496
720575941594031723,720575940627817800,15886
720575941594240295,720575940611576014,144975
720575941408850479,720575940643394208,104267
720575941483374333,720575940622083845,45496
720575941537645554,720575940639471413,140000
720575941473147744,720575940628676651,99731
720575941462633485,720575940610141902,211262
720575941399936803,720575940625871949,11933
720575941481957315,720575940633688476,805437
720575941596856000,720575940627958149,74799
720575941440130271,720575940618896709,127237
720575941430714209,720575940617594205,54335
720575941483590086,720575940615315562,97656
720575941474187562,720575940628206023,92007
720575941482079930,720575940623115015,76743
720575941479320483,720575940633488467,110491
720575941643464353,720575940624513427,86550
720575941589394244,720575940628680553,135155
720575941566378294,720575940630881111,101101
720575941562105133,720575940615299701,519831
720575941655242452,720575940645166627,131772
720575941530869891,720575940626268761,807689
720575941557777060,720575940617491771,264836
720575941473299754,720575940623586964,47442
720575941481255110,720575940618756642,126266
720575941441635791,720575940635136410,146897
720575941408872495,720575940617679577,99421
720575941527143245,720575940612186993,143547
720575941563019415,720575940625616670,808932
720575941536437475,720575940613784738,158951
720575941631389932,720575940631765571,66063
720575941430321912,720575940626737937,149770
720575941559932205,720575940617245908,805604
720575941564533394,720575940635754091,183132
720575941641918053,720575940626912275,55497
720575941564332032,720575940630105687,102680
720575941441320283,720575940633541165,191362
720575941532149635,720575940627657749,49111
720575941626198939,720575940621951085,111645
720575941584268639,720575940623906815,86778
720575941608242541,720575940620797805,28173
720575941496974464,720575940608656942,43817
720575941523447883,720575940617295321,38800
720575941535149802,720575940624324248,807361
720575941633815483,720575940628556649,115066
720575941573109576,720575940608346242,102715
720575941593428694,720575940610059076,93657
720575941645874888,720575940631256023,127346
720575941480026959,720575940612909265,44297
720575941516095916,720575940626425034,935972
720575941514640643,720575940618831320,25077
720575941624207050,720575940626001182,60082
720575941446178324,720575940630503639,118606
720575941500295051,720575940629051547,52257
720575941436244768,720575940611724437,130250
720575941522117707,720575940622436980,811554
720575941451038030,720575940620475817,110381
720575941431811320,720575940633093959,95261
720575941505707836,720575940619876150,81301
720575941514774275,720575940629913538,48774
720575941628112953,720575940632848045,98969
720575941508632866,720575940616398790,12424
720575941537132274,720575940644710180,63584
720575941626162331,720575940638192829,156203
720575941510185426,720575940632276495,59568
720575941501656299,720575940635021759,65471
720575941605293246,720575940630076151,148544
720575941431515896,720575940618930459,539619
720575941527136678,720575940640773491,24215
720575941402294051,720575940635677335,59558
720575941553075006,720575940614490791,46511
720575941517310867,720575940614410961,518735
720575941435491470,720575940629725711,43330
720575941456373151,720575940618852097,815876
720575941435235872,720575940630128246,518513
720575941632309740,720575940618542795,194266
720575941504612924,720575940625274114,68026
720575941521771699,720575940620140923,151969
720575941595739685,720575940615523239,516108
720575941690244059,720575940629860919,556902
720575941564694582,720575940628492943,67909
720575941527071234,720575940625541977,127983
720575941405779630,720575940622431049,34596
720575941518367148,720575940621503220,180812
720575941597126044,720575940605020337,34892
720575941614800147,720575940621593468,103238
720575941548066337,720575940624715244,98737
720575941439218732,720575940640188750,197573
720575941441625791,720575940616111666,550802
720575941435272992,720575940623053764,90523
720575941477179934,720575940630518851,154894
720575941477138228,720575940631563769,39482
720575941654165721,720575940610716770,813020
720575941490868940,720575940647415331,107002
720575941690375899,720575940633939923,101004
720575941689772251,720575940618398878,812459
720575941626332315,720575940619941080,96679
720575941681535165,720575940618940318,172564
720575941456332525,720575940615746489,119622
720575941402374179,720575940646594851,158005
720575941573114619,720575940622467828,187995
720575941530305208,720575940632386346,232591
720575941411106731,720575940618818973,76184
720575941645024632,720575940619664448,527312
720575941546415209,720575940640143192,74330
720575941480997795,720575940610979938,55927
720575941611966940,720575940633371232,76296
720575941552724542,720575940623968236,148485
720575941655070681,720575940625818501,89304
720575941469937728,720575940614995862,194611
720575941610029642,720575940618878401,808800
720575941613884435,720575940600084489,86029
720575941553407571,720575940631493463,112225
720575941514936579,720575940634463083,102621
720575941465478998,720575940617038278,95870
720575941616556245,720575940618051237,148634
720575941548247841,720575940622911693,134594
720575941439938271,720575940623110313,83558
720575941412972433,720575940628680297,129151
720575941515705155,720575940617921364,135163
720575941723036218,720575940614424231,155372
720575941572850590,720575940638311027,36014
720575941732640299,720575940632785951,68435
720575941492699824,720575940618146462,82193
720575941517263726,720575940625259081,175920
720575941597468572,720575940631302186,151187
720575941555558628,720575940637364038,514300
720575941504710053,720575940625839800,62049
720575941484127674,720575940617855611,186229
720575941653858065,720575940620529135,108295
720575941405898926,720575940608588555,816831
720575941482016966,720575940622939124,20883
720575941534462954,720575940609941653,268907
720575941554219418,720575940613560805,73267
720575941511485906,720575940629192747,106556
720575941409031595,720575940615354054,914355
720575941517867480,720575940639650109,120694
720575941609813225,720575940627146283,96976
720575941469659712,720575940606986691,805095
720575941462534157,720575940627440134,817425
720575941451489914,720575940617844514,525011
720575941534808602,720575940631393142,123222
720575941452480890,720575940631439734,530903
720575941511197516,720575940621434533,816222
720575941625739675,720575940635878042,90335
720575941488679989,720575940631435095,191375
720575941450163790,720575940628449639,46029
720575941554440961,720575940608235529,23863
720575941631826156,720575940628381829,138764
720575941598218652,720575940652371446,111471
720575941520279991,720575940645345134,515043
720575941543133957,720575940630250092,139950
720575941569208820,720575940613463954,513348
720575941436923922,720575940623367382,65433
720575941483358717,720575940617113501,152921
720575941466521622,720575940620411169,812368
720575941637532789,720575940606583072,239816
720575941588600972,720575940626669355,812119
720575941592617686,720575940619218078,45952
720575941469613067,720575940612917362,125445
720575941460027603,720575940631253199,66989
720575941513973969,720575940629367863,67210
720575941525414756,720575940627536771,149704
720575941599306432,720575940615963551,527413
720575941573356552,720575940608924740,229653
720575941438977810,720575940638478308,84414
720575941525627558,720575940625128947,145461
720575941556091172,720575940621554390,522333
720575941480902339,720575940632341388,161925
720575941515602067,720575940621650175,93568
720575941534602522,720575940646273902,58732
720575941520541111,720575940629070342,148396
720575941503816939,720575940610989209,581315
720575941481452227,720575940622670835,47074
720575941477764417,720575940637848030,85226
720575941516071779,720575940640265277,75297
720575941488413134,720575940624352318,905237
720575941526546713,720575940622132997,525383
720575941550122612,720575940633516002,14025
720575941480043427,720575940628681749,151138
720575941436853266,720575940617193147,88321
720575941405601839,720575940614881366,815864
720575941510817040,720575940626326696,226431
720575941483745277,720575940619615355,40863
720575941439476927,720575940619137812,106980
720575941606300013,720575940606372798,144460
720575941644033106,720575940623081939,530538
720575941593550632,720575940609563147,185384
720575941624706506,720575940622935320,191324
720575941528910724,720575940621955354,84914
720575941590323255,720575940632698681,549038
720575941526523906,720575940640122240,119765
720575941641151519,720575940646310254,92530
720575941426231380,720575940606757990,809000
720575941639630548,720575940632658131,182601
720575941430816504,720575940627537095,99748
720575941557239076,720575940621565311,41463
720575941460137286,720575940628104603,157189
720575941559747566,720575940626510211,114209
720575941536418586,720575940628431003,184207
720575941503071538,720575940631599311,224969
720575941644874952,720575940632912159,545482
720575941574190331,720575940606388060,810577
720575941631457989,720575940626730270,805545
720575941518065880,720575940623272380,49306
720575941527351428,720575940624331593,133556
720575941623988635,720575940620086622,96608
720575941651198705,720575940620979622,58239
720575941458790726,720575940625371209,813546
720575941489705676,720575940622981500,146905
720575941491797680,720575940628054760,10819
720575941567303930,720575940628246504,568596
720575941450565469,720575940628834921,198023
720575941431806990,720575940620368731,809787
720575941432608983,720575940621410006,126196
720575941508314497,720575940617332258,120201
720575941609891757,720575940620363691,64376
720575941470303197,720575940631246556,534647
720575941490628812,720575940632242769,807858
720575941486444866,720575940646786595,524582
720575941510768594,720575940616960395,87299
720575941569229426,720575940611848290,126372
720575941554801380,720575940624701513,523841
720575941611342666,720575940623284237,128703
720575941529876683,720575940618702912,127579
720575941431643745,720575940639182313,74758
720575941487057730,720575940630090907,195267
720575941490812873,720575940624019992,108230
720575941622424828,720575940612356275,132070
720575941580296017,720575940629385734,543049
720575941532424170,720575940643209582,43185
720575941414570897,720575940627675474,30727
720575941590974760,720575940627032197,134043
720575941569882226,720575940622195382,544293
720575941599156672,720575940631509110,71195
720575941503873623,720575940625868440,112858
720575941505923909,720575940653167606,554379
720575941492692912,720575940632562387,530800
720575941639167861,720575940626684956,99036
720575941622857724,720575940645418548,146339
720575941595027495,720575940623915271,103302
720575941514283267,720575940628889872,232728
720575941589593143,720575940646368132,56164
720575941588371255,720575940615858026,61223
720575941499492425,720575940659801217,182403
720575941459065072,720575940630917650,94950
720575941640204063,720575940621689270,522347
720575941491444684,720575940629878519,946152
720575941484232077,720575940612327410,64702
720575941546874292,720575940620445536,85810
720575941392691862,720575940624320520,71446
720575941438548309,720575940628737323,126706
720575941436357164,720575940635070655,94856
720575941430533513,720575940630916650,140474
720575941485038733,720575940622409716,110341
720575941543018844,720575940622175615,94581
720575941515586915,720575940632607423,810481
720575941571699016,720575940614574511,62446
720575941450568826,720575940638533208,315872
720575941433735054,720575940636992686,192828
720575941435645326,720575940633721951,144437
720575941532866277,720575940620305502,76429
720575941593902550,720575940639843803,810059
720575941534202802,720575940637421742,200777
720575941439936319,720575940621136111,60297
720575941552659354,720575940619764873,81459
720575941651930097,720575940623183763,14430
720575941652326361,720575940637836477,808586
720575941594102823,720575940617285076,177267
720575941508593168,720575940620558154,37898
720575941430817199,720575940643512372,111816
720575941525018445,720575940631912495,136688
720575941624527724,720575940616165738,128101
720575941561514408,720575940629704058,164482
720575941556252132,720575940636107694,101683
720575941554508827,720575940617975965,136892
720575941507493922,720575940623493119,262043
720575941498925986,720575940629610967,96116
720575941510916684,720575940615065706,176892
720575941533129859,720575940617659577,580578
720575941479763279,720575940608337794,74374
720575941526461773,720575940625634028,104256
720575941519554776,720575940617143454,98714
720575941409023662,720575940629468263,84872
720575941513844985,720575940605699104,152582
720575941687987439,720575940632745186,535930
720575941547283636,720575940615054888,93198
720575941469751517,720575940625871181,561487
720575941651267313,720575940619753419,142117
720575941653443857,720575940608350987,97301
720575941453055047,720575940630085502,134241
720575941450084174,720575940646472500,63265
720575941555583140,720575940626487829,89806
720575941625610698,720575940631365089,818341
720575941601215529,720575940635877044,519452
720575941486441026,720575940640001614,153099
720575941679679677,720575940627598852,122669
720575941632764064,720575940626903829,809990
720575941514001361,720575940625954853,516341
720575941519477164,720575940609428178,551543
720575941509520850,720575940619810068,87566
720575941526707878,720575940612342770,121825
720575941440870491,720575940635789423,93080
720575941531120075,720575940627613973,124193
720575941609447145,720575940626189328,39457
720575941429576073,720575940614233263,176121
720575941530746315,720575940630372153,46165
720575941614877397,720575940619221829,806350
720575941557372580,720575940630678902,135085
720575941651617553,720575940618570053,133477
720575941590039180,720575940628962639,52175
720575941611701834,720575940633786451,29997
720575941408923310,720575940644775972,147058
720575941427572308,720575940606435006,815281
720575941516972435,720575940630138679,136243
720575941593520235,720575940622344216,940005
720575941490395081,720575940616478806,151273
720575941508869136,720575940629226058,103696
720575941655411156,720575940630485886,537735
720575941539557874,720575940617879553,210576
720575941535261450,720575940615750318,24596
720575941610942538,720575940640403790,67880
720575941440429141,720575940636572152,530900
720575941685948911,720575940613510038,104652
720575941586350214,720575940627870095,60654
720575941631610299,720575940624397862,532086
720575941633914811,720575940632126506,541525
720575941595914791,720575940622190276,54670
720575941722198842,720575940637445183,808894
720575941438557202,720575940618680000,54874
720575941476477802,720575940623519635,99361
720575941490991413,720575940633818263,106934
720575941459880147,720575940631269135,100197
720575941532374915,720575940621066093,63709
720575941576943976,720575940623560132,18881
720575941549550708,720575940621958576,134813
720575941505834821,720575940639105614,116270
720575941433371406,720575940628976113,547560
720575941537453795,720575940620751750,155444
720575941492320944,720575940616000066,86726
720575941443534506,720575940623260696,525846
720575941496906368,720575940613942045,156863
720575941414688028,720575940636589669,820667
720575941439826383,720575940627585286,45016
720575941616200661,720575940640856205,133813
720575941539913085,720575940627716802,160915
720575941495083134,720575940612866802,58421
720575941609829865,720575940607032194,83320
720575941625767306,720575940624293449,68244
720575941441936731,720575940622348947,67496
720575941527120642,720575940643195159,123494
720575941454747629,720575940644697124,138730
720575941644052562,720575940617932289,822689
720575941590973480,720575940622477823,145506
720575941659490640,720575940636981481,158664
720575941440033621,720575940616373151,195836
720575941543051805,720575940621701104,88048
720575941653392345,720575940612820850,142780
720575941610309037,720575940612445107,135798
720575941582296697,720575940638336419,815600
720575941431915735,720575940624637522,95944
720575941563353088,720575940628612112,57864
720575941576594102,720575940640736163,70658
720575941628516409,720575940621936362,137952
720575941525934850,720575940620676289,22517
720575941526384294,720575940627426050,121210
720575941667123121,720575940621629578,91617
720575941613121555,720575940636583269,55484
720575941604274422,720575940620496237,549125
720575941565076278,720575940631356580,818608
720575941593919083,720575940621424148,54036
720575941633556155,720575940620109191,823332
720575941541885981,720575940625875784,910042
720575941482087421,720575940624505382,100507
720575941524423755,720575940608328713,111060
720575941448188253,720575940609677833,158684
720575941427882324,720575940625561165,30220
720575941503764311,720575940621926605,205021
720575941604133110,720575940620052565,95702
720575941411538091,720575940627548293,153632
720575941584352734,720575940636329535,28337
720575941540007117,720575940636748911,50762
720575941474226272,720575940626889765,554393
720575941523300343,720575940633793197,527227
720575941486157890,720575940624186153,132132
720575941543136285,720575940660912001,211956
720575941521865139,720575940633194195,126966
720575941469685771,720575940639564147,153744
720575941535710986,720575940638676457,75341
720575941478610912,720575940617836189,69581
720575941352637744,720575940622515839,132948
720575941516501395,720575940622510630,175290
720575941594635990,720575940621191333,73984
720575941603941878,720575940616191572,66562
720575941554337563,720575940632913720,22707
720575941527208836,720575940636454392,56270
720575941537455843,720575940638025550,97207
720575941543648105,720575940625156745,807537
720575941513371971,720575940619830582,97125
720575941570346654,720575940633173412,121196
720575941652347413,720575940633479628,98697
720575941590087820,720575940608486921,130264
720575941478920527,720575940631534161,22278
720575941550023796,720575940608809006,20885
720575941511104844,720575940625837799,39308
720575941644532385,720575940637181811,591745
720575941500173963,720575940639136600,140775
720575941445493012,720575940622376709,69231
720575941439879231,720575940618560742,169316
720575941553800961,720575940621350022,23894
720575941553416219,720575940624719818,127845
720575941438988095,720575940628134410,531920
720575941525435650,720575940616970836,108237
720575941414665876,720575940616883385,64419
720575941489607116,720575940621582830,59811
720575941588934398,720575940622895885,48435
720575941411772843,720575940614734534,82476
720575941591762984,720575940620687040,522946
720575941593830181,720575940618980180,118570
720575941660831356,720575940611129698,815624
720575941629561570,720575940613926111,102462
720575941609790282,720575940640263040,101275
720575941490649653,720575940636160504,65794
720575941513027537,720575940608541891,71323
720575941593626663,720575940627977415,105361
720575941645117816,720575940611219826,38476
720575941492978096,720575940628593482,806731
720575941415023252,720575940614196433,69962
720575941414586001,720575940606929419,131373
720575941452493434,720575940627984517,517523
720575941536281098,720575940624863207,87201
720575941498901473,720575940627172100,87979
720575941548506657,720575940607438805,809982
720575941486664710,720575940627314521,70098
720575941497634121,720575940633138093,64044
720575941570109428,720575940625454346,37004
720575941614765843,720575940623043307,166832
720575941610065385,720575940620381062,131486
720575941611465702,720575940627656809,30406
720575941516259930,720575940621360264,32604
720575941572345672,720575940621957381,810770
720575941655251673,720575940640249688,58688
720575941555006362,720575940636292203,114524
720575941495336062,720575940620164262,513870
720575941521004471,720575940614368483,119592
720575941460139078,720575940614721261,58550
720575941594767397,720575940646821940,133413
720575941619566207,720575940622467956,137602
720575941451820410,720575940628577167,60631
720575941643566968,720575940616949977,124709
720575941543706217,720575940632559919,123185
720575941630626018,720575940631088384,153444
720575941471372384,720575940612599193,180267
720575941514416377,720575940622676488,218836
720575941450614877,720575940612788117,163370
720575941610088522,720575940604023724,116696
720575941440283989,720575940629843755,114319
720575941691177947,720575940624539655,124927
720575941532169603,720575940627861521,73799
720575941644441682,720575940627662321,182860
720575941526515481,720575940631185782,60776
720575941572380168,720575940621790555,71087
720575941516941740,720575940632527683,120379
720575941493751678,720575940620792486,73273
720575941486156294,720575940629166391,515380
720575941518900334,720575940620255471,69005
720575941475772266,720575940630453535,808593
720575941480966653,720575940621431247,809788
720575941450165114,720575940618864542,111285
720575941554992211,720575940630587129,97943
720575941572075678,720575940628169115,133531
720575941609524457,720575940644869143,82712
720575941611476141,720575940615780714,152435
720575941457434096,720575940619682925,126453
720575941535821834,720575940628103806,150791
720575941501910615,720575940628184914,48235
720575941689945051,720575940613109410,25733
720575941703161562,720575940622138564,72323
720575941688134412,720575940618460957,81529
720575941546128489,720575940625094670,37168
720575941470786368,720575940616859682,811999
720575941559520557,720575940607564809,58006
720575941472362048,720575940624629501,73829
720575941493772976,720575940614256607,514163
720575941485502726,720575940638231997,543961
720575941626451914,720575940617319129,123481
720575941546747016,720575940631173120,547501
720575941432970510,720575940616260497,137019
720575941545927092,720575940615916182,80756
720575941544650089,720575940622089181,548345
720575941691310232,720575940615748753,108555
720575941496322529,720575940610509102,62879
720575941590118654,720575940629612344,46788
720575941519615159,720575940630172922,48519
720575941540403149,720575940616328517,522745
720575941620565887,720575940614457581,233614
720575941540668109,720575940644304544,206904
720575941539168893,720575940622974025,143962
720575941609416934,720575940620458461,77796
720575941447972789,720575940618110292,125820
720575941537597389,720575940607384242,810351
720575941483619581,720575940628909898,43628
720575941516377443,720575940618181350,543995
720575941564022114,720575940637068400,32771
720575941555780865,720575940620568235,23235
720575941595891569,720575940607196939,534845
720575941654111188,720575940639044942,101470
720575941505438789,720575940621887112,44651
720575941624602779,720575940622171416,83175
720575941486723906,720575940622861971,95707
720575941643940257,720575940619808134,36963
720575941574404253,720575940633443103,164080
720575941491584716,720575940627329881,108993
720575941491187404,720575940614530098,174511
720575941524366923,720575940631450925,812100
720575941686947446,720575940626366782,145168
720575941490795977,720575940626958878,45288
720575941434999072,720575940627256423,22602
720575941564786066,720575940630764922,43262
720575941539687373,720575940621135495,82352
720575941688589324,720575940635707534,103112
720575941463115664,720575940612042211,157695
720575941560472046,720575940632459538,527522
720575941592083819,720575940630715129,25845
720575941504459058,720575940620460679,137417
720575941535692978,720575940626312714,140442
720575941412587156,720575940641657396,96942
720575941689617560,720575940618377521,94794
720575941539781069,720575940616385759,89136
720575941656896848,720575940628887292,129814
720575941624231532,720575940621090130,103493
720575941720779066,720575940624576258,167231
720575941438873874,720575940627186569,54688
720575941502406283,720575940647762484,194927
720575941527206221,720575940620650945,104114
720575941510222608,720575940640581235,54117
720575941498901065,720575940618469716,104163
720575941540030749,720575940628923639,124001
720575941409309099,720575940615490450,138919
720575941563571351,720575940613894381,90726
720575941573349533,720575940607197826,811119
720575941625698186,720575940607996338,86697
720575941482764998,720575940623433983,87942
720575941619148927,720575940620715870,129188
720575941429068425,720575940610211029,152436
720575941566250798,720575940619259550,143232
720575941488211253,720575940621066776,26673
720575941448795061,720575940627370027,160438
720575941504745922,720575940625383950,129614
720575941483514621,720575940610489283,540019
720575941427474004,720575940647592068,80312
720575941526201858,720575940618303704,122571
720575941482539706,720575940625354904,74307
720575941572972808,720575940624877129,110751
720575941540256973,720575940637957446,812326
720575941537056483,720575940622897178,211789
720575941651215633,720575940621381029,20830
720575941481232291,720575940627659913,550566
720575941445207210,720575940616548313,45229
720575941452707241,720575940633195565,62938
720575941460765328,720575940616867894,166161
720575941493239472,720575940630196311,74569
720575941624115611,720575940625495276,183410
720575941655346644,720575940610671428,533385
720575941519884248,720575940620630406,39849
720575941564883456,720575940632684708,69800
720575941496206535,720575940631254347,46437
720575941528018052,720575940650293494,18664
720575941565835618,720575940625157564,141172
720575941574871400,720575940619859915,133973
720575941568537594,720575940641694197,115486
720575941590463287,720575940637042287,145125
720575941668686835,720575940624024516,50496
720575941579305205,720575940631916601,202309
720575941493693054,720575940624643765,99127
720575941460137030,720575940636505445,38652
720575941410769835,720575940627657988,544196
720575941591278220,720575940614686003,808344
720575941435685774,720575940625645496,57946
720575941501195915,720575940621308933,162704
720575941557487524,720575940638586787,170223
720575941452632233,720575940626595274,45818
720575941497036923,720575940626561564,163617
720575941492308967,720575940639649614,109374
720575941460893139,720575940606615561,806360
720575941529365892,720575940611930265,81577
720575941535201514,720575940632536289,86904
720575941547268232,720575940616490306,190611
720575941495485312,720575940635736671,114202
720575941538378133,720575940633179543,252015
720575941494614727,720575940612131759,910813
720575941670097063,720575940623355389,82346
720575941449919069,720575940629731371,71015
720575941533229443,720575940613361381,545669
720575941611314409,720575940614788519,60867
720575941565025280,720575940615523295,47926
720575941526999684,720575940626048387,802007
720575941663915644,720575940637625774,94486
720575941513597772,720575940621172941,95098
720575941589671223,720575940625282236,130021
720575941555558180,720575940612015730,26663
720575941642732626,720575940621351151,96522
720575941660807292,720575940626464199,911586
720575941452156282,720575940633044193,552293
720575941441482587,720575940615101359,93343
720575941392445846,720575940619146837,50705
720575941626289721,720575940621601889,117666
720575941479516034,720575940629099343,810077
720575941430020861,720575940612719274,137351
720575941558259727,720575940614023490,150893
720575941607328877,720575940623961385,35252
720575941603825337,720575940622702576,22908
720575941475956283,720575940624627388,815002
720575941448389813,720575940618274193,162950
720575941509519058,720575940625050151,76838
720575941596181617,720575940633126983,515293
720575941671128487,720575940622595572,163558
720575941429353903,720575940631006012,135185
720575941478665184,720575940629531002,172943
720575941526753412,720575940617733817,65979
720575941678541245,720575940628378378,810104
720575941449821109,720575940621138414,75324
720575941535550145,720575940616920844,117322
720575941652174865,720575940624758023,48908
720575941624791916,720575940630795513,47498
720575941491243468,720575940635117503,532818
720575941539611228,720575940609970642,85173
720575941623303323,720575940629501003,802680
720575941688971638,720575940612942614,57104
720575941503104706,720575940621743905,804088
720575941603878646,720575940627382405,912106
720575941414084497,720575940660333185,51309
720575941622313468,720575940619110198,78352
720575941630921413,720575940626648634,811782
720575941632089019,720575940621058240,34806
720575941564278528,720575940629943119,533599
720575941630105638,720575940624282879,182847
720575941438176735,720575940628170121,125331
720575941486978000,720575940621999044,160889
720575941551565630,720575940630341707,57574
720575941565661703,720575940615082927,526178
720575941476474398,720575940613486563,140809
720575941551546879,720575940630222336,23265
720575941517881966,720575940625495480,98304
720575941471766027,720575940630918308,129680
720575941508635664,720575940630901835,92948
720575941549808756,720575940609808738,96079
720575941498506569,720575940627368079,902316
720575941597150364,720575940634100335,910957
720575941654599124,720575940627568646,142538
720575941439333439,720575940654890145,80866
720575941571474504,720575940627102802,117779
720575941546204552,720575940633316516,56571
720575941564583010,720575940616769297,107719
720575941626684554,720575940629551465,158292
720575941598012096,720575940624344516,96015
720575941538705557,720575940635068046,143979
720575941572273417,720575940634599615,811775
720575941529364920,720575940620669400,87808
720575941534139314,720575940632134995,814148
720575941504846396,720575940647862324,97326
720575941432818574,720575940630202011,187098
720575941488740553,720575940622602025,57692
720575941450169525,720575940636819342,54596
720575941611690204,720575940631064631,63087
720575941438008799,720575940620894273,91285
720575941597981888,720575940614086609,87659
720575941492287463,720575940623694058,157187
720575941590484776,720575940635807087,57669
720575941596308337,720575940626706344,542102
720575941688278390,720575940612231386,92838
720575941526887757,720575940615980801,54860
720575941454813165,720575940641411547,125623
720575941510632464,720575940611239378,151540
720575941431423329,720575940621287277,515200
720575941524638027,720575940613609523,169824
720575941516163427,720575940621610150,542845
720575941429482711,720575940622513268,817324
720575941688039436,720575940615181974,96889
720575941543621308,720575940630754252,80094
720575941542893404,720575940634761185,38984
720575941536819738,720575940630925775,149173
720575941500092043,720575940620649084,63010
720575941451801466,720575940630484930,41466
720575941564867991,720575940616010937,48072
720575941589627204,720575940649769337,27966
720575941484570374,720575940613849640,514471
720575941565051751,720575940639399238,29519
720575941445733652,720575940635153503,539239
720575941583827166,720575940616190651,804296
720575941616874965,720575940629154545,51385
720575941531853187,720575940616751755,126758
720575941564788790,720575940620026351,37816
720575941561921069,720575940621913727,149917
720575941590894476,720575940645328151,153594
720575941537624547,720575940622227453,804496
720575941684876527,720575940635473760,806208
720575941505214373,720575940610579093,812108
720575941440780735,720575940616769819,142246
720575941624649371,720575940621670441,813852
720575941626590777,720575940631842700,124197
720575941536415208,720575940635853675,121191
720575941558641423,720575940604336049,184327
720575941548777505,720575940626125626,530781
720575941537487075,720575940630023680,75312
720575941429954697,720575940609042955,24689
720575941441963727,720575940621088244,261653
720575941624477578,720575940631688515,111792
720575941429296303,720575940642952500,66421
720575941495377278,720575940617622161,187170
720575941571184798,720575940627852360,127152
720575941531212517,720575940624403850,107553
720575941495415934,720575940615162031,197153
720575941552932487,720575940625669032,20270
720575941618236543,720575940624318443,91196
720575941429823113,720575940638469722,82426
720575941591864204,720575940635592628,177482
720575941430560248,720575940627784945,126988
720575941632238316,720575940613256371,137653
720575941616125909,720575940631879480,101668
720575941554637540,720575940605073342,520886
720575941507198999,720575940626010256,193428
720575941652414741,720575940631971139,76081
720575941537600498,720575940628371962,87925
720575941471285344,720575940637871706,812200
720575941526040486,720575940619784374,91271
720575941488985397,720575940619266880,68916
720575941611094602,720575940632459587,152681
720575941573951995,720575940630242498,519194
720575941584178015,720575940624268105,103012
720575941476657201,720575940629727747,20645
720575941414218644,720575940630464824,86049
720575941473533792,720575940617557794,63864
720575941451666601,720575940606077374,96208
720575941565758615,720575940610734229,129295
720575941654450644,720575940641217488,62465
720575941564477335,720575940625169296,55326
720575941566202471,720575940614936543,90624
720575941507167873,720575940631316933,33304
720575941567850610,720575940642395533,87938
720575941631558626,720575940627944202,85893
720575941573293321,720575940619446208,151622
720575941593923461,720575940659789441,31189
720575941542317148,720575940609694729,204177
720575941626386489,720575940621126081,141129
720575941688336347,720575940630204098,106996
720575941505539900,720575940623235878,205572
720575941479223264,720575940623342484,817540
720575941687474159,720575940623362889,95969
720575941469309917,720575940628423623,810424
720575941536054499,720575940624626922,107509
720575941557507443,720575940610284441,815417
720575941568418606,720575940628980789,183646
720575941595130070,720575940624747959,539857
720575941515943427,720575940647957044,48053
720575941689913051,720575940633809783,31906
720575941526755330,720575940626198790,61670
720575941478335338,720575940625636964,164248
720575941687263350,720575940627930696,516560
720575941412778897,720575940613426343,18972
720575941553789779,720575940621926753,133298
720575941626033516,720575940616829481,813354
720575941470852363,720575940628703494,531689
720575941551998782,720575940634637025,102932
720575941579471697,720575940617077405,45183
720575941611462121,720575940620152230,84053
720575941613873683,720575940617028406,41902
720575941530142136,720575940616087967,110172
720575941436418092,720575940611701978,100468
720575941657858328,720575940621823073,55304
720575941621616380,720575940633217607,804390
720575941481040975,720575940620861549,518480
720575941620305279,720575940625049161,63243
720575941523472631,720575940631906360,75239
720575941512034257,720575940635887467,70367
720575941498876027,720575940628633928,18510
720575941514259290,720575940623755447,68576
720575941437484818,720575940612277415,813625
720575941508773505,720575940610941998,33515
720575941546048692,720575940629464049,93842
720575941554762650,720575940630366146,125997
720575941560428815,720575940639140341,149608
720575941612489369,720575940614534623,813871
720575941522326091,720575940625011955,158757
720575941548897652,720575940633521828,808602
720575941567762170,720575940630885071,103634
720575941524190283,720575940607233458,814613
720575941624538988,720575940624523824,151392
720575941521964023,720575940637683790,820174
720575941491300556,720575940612543254,124661
720575941689114776,720575940613141466,75422
720575941483757309,720575940614404970,62246
720575941477574193,720575940636096879,517089
720575941484724877,720575940632742504,89751
720575941490524469,720575940626693884,913198
720575941662215224,720575940623992503,116474
720575941529954251,720575940619115166,93501
720575941476726849,720575940637410394,808456
720575941481591037,720575940620508075,105848
720575941562592256,720575940621783643,512527
720575941431777038,720575940647457412,42730
720575941431518857,720575940629617680,533389
720575941643252325,720575940620443519,72858
720575941507675671,720575940629882750,95884
720575941505614871,720575940626158461,96286
720575941504982210,720575940624385160,106197
720575941566506294,720575940639082559,116947
720575941437969471,720575940640492928,63658
720575941504290981,720575940640646029,123996
720575941549524001,720575940619725551,85357
720575941518932184,720575940626927635,133850
720575941571982152,720575940626813758,113333
720575941668577969,720575940606821506,75267
720575941481487439,720575940622260830,179793
720575941685909743,720575940627190149,109151
720575941723254586,720575940617951889,90906
720575941548240244,720575940636791950,93494
720575941523402999,720575940628386703,926479
720575941528539012,720575940635610548,14156
720575941522186231,720575940621749261,161080
720575941559957549,720575940640850304,42139
720575941612742573,720575940622503133,822649
720575941629883884,720575940618604613,100295
720575941466533910,720575940637165987,809687
720575941516483475,720575940628780309,43740
720575941504105154,720575940630706302,103879
720575941405091952,720575940620208916,148466
720575941561706408,720575940642383501,29980
720575941460534227,720575940644854052,51793
720575941590295038,720575940607368201,82961
720575941632503020,720575940641639387,26725
720575941602114294,720575940628347155,20032
720575941539420402,720575940618229277,527004
720575941519389356,720575940618975726,71694
720575941572051101,720575940622346180,809008
720575941652821745,720575940631716516,53305
720575941483220154,720575940604488672,50274
720575941619608191,720575940622780442,48654
720575941471164791,720575940639753635,74276
720575941514386691,720575940635241908,134428
720575941552480391,720575940612574887,37682
720575941439335135,720575940637995632,143419
720575941392768004,720575940629239852,519252
720575941480264387,720575940627394181,54279
720575941479927264,720575940630461302,426515
720575941462692496,720575940633450351,68031
720575941554954138,720575940620684909,129706
720575941537075738,720575940616319554,98443
720575941518069102,720575940620544895,138777
720575941645158856,720575940634522524,551635
720575941484713613,720575940620734061,138242
720575941489575477,720575940626604563,149599
720575941642500690,720575940628007144,158484
720575941612956947,720575940617040418,81336
720575941489910990,720575940623441151,105104
720575941652028945,720575940621605964,34252
720575941583015263,720575940613504153,157947
720575941510916112,720575940630408186,123218
720575941507209506,720575940633200175,122403
720575941539536789,720575940622359274,130102
720575941625653356,720575940616962491,206633
720575941474557214,720575940634361998,46200
720575941430594185,720575940611976618,806464
720575941391925508,720575940618236731,913276
720575941517967576,720575940644298184,119435
720575941617316991,720575940628526735,814696
720575941596862144,720575940652820214,31600
720575941610133933,720575940605796542,59895
720575941539590293,720575940636249524,194659
720575941449870941,720575940614773307,164157
720575941624854666,720575940622908254,36239
720575941486757005,720575940615144446,62059
720575941554822401,720575940639806909,99592
720575941594756997,720575940626907517,151508
720575941529547448,720575940628350970,246286
720575941507034903,720575940615227359,34869
720575941477161322,720575940614781546,149468
720575941507657488,720575940647909252,115324
720575941516906350,720575940626878460,831621
720575941430266505,720575940636264511,76179
720575941506701116,720575940620981440,99439
720575941481173839,720575940623124917,19466
720575941686724620,720575940612539538,70511
720575941610650029,720575940632100683,119213
720575941601284086,720575940618851963,813012
720575941393185284,720575940620927435,517087
720575941596542620,720575940645661731,129286
720575941448239380,720575940631459114,84386
720575941541903133,720575940644751908,907761
720575941543955205,720575940628155868,916091
720575941497291337,720575940605816288,105603
720575941479280352,720575940621259107,816096
720575941451223630,720575940631078460,131760
720575941580234997,720575940622728669,138342
720575941574478600,720575940619296379,101759
720575941624831228,720575940626086842,1054769007
720575941610779750,720575940615718111,96407
720575941643941025,720575940623144080,212826
720575941438971483,720575940627108967,804663
720575941630739948,720575940611104691,146572
720575941572041630,720575940606639974,131883
720575941545172485,720575940637632858,520295
720575941428980472,720575940644977175,144384
720575941574703798,720575940620674287,50563
720575941475178033,720575940620474072,69499
720575941393953686,720575940605680817,164034
720575941456905375,720575940619804107,220066
720575941540700285,720575940641304528,123069
720575941495821767,720575940627794718,388026
720575941522778103,720575940630842103,73667
720575941569253746,720575940626150462,152852
720575941667858609,720575940622100762,549412
720575941532786149,720575940622784127,542355
720575941688948376,720575940606868681,126964
720575941507442199,720575940617469021,108228
720575941533171800,720575940604835756,833211
720575941521281527,720575940625750164,210910
720575941584475614,720575940628312519,152024
720575941553490177,720575940619766430,143243
720575941535742698,720575940624207752,529366
720575941598210972,720575940623350054,115123
720575941450886990,720575940622996941,105128
720575941603285433,720575940620825108,62521
720575941599980073,720575940615184022,78726
720575941595585575,720575940628846530,115182
720575941681051325,720575940642250997,40667
720575941558681459,720575940626251909,115964
720575941504558661,720575940612312499,910211
720575941566474030,720575940623987244,130916
720575941439241695,720575940606972593,89102
720575941506735745,720575940635532954,88880
720575941554494235,720575940624730772,128157
720575941507392802,720575940613729695,131984
720575941438282815,720575940613115289,70713
720575941688986380,720575940639965528,544254
720575941518948056,720575940620073069,73903
720575941475800628,720575940619755569,91657
720575941481013667,720575940614561183,534944
720575941556189011,720575940624239623,20420
720575941506514757,720575940630960325,33709
720575941530576101,720575940612399822,73818
720575941496471675,720575940645489518,95812
720575941530606309,720575940619281857,50072
720575941563731463,720575940615885510,542571
720575941498866299,720575940631931922,512969
720575941432143319,720575940636147704,545725
720575941701829594,720575940613242597,176548
720575941450532521,720575940619962608,231648
720575941633485216,720575940615922956,85396
720575941448818357,720575940637603952,524802
720575941513937987,720575940634690411,108451
720575941568874746,720575940631448716,88281
720575941564699490,720575940645704983,144284
720575941519068888,720575940620341952,519737
720575941591014398,720575940614198578,902425
720575941564599186,720575940637330921,137011
720575941588353335,720575940618759803,115714
720575941469639645,720575940617303892,19637
720575941610031434,720575940622392260,804843
720575941536391617,720575940623420927,545796
720575941530870987,720575940634427799,29783
720575941668397811,720575940633139667,105980
720575941561715112,720575940640266915,88683
720575941491275470,720575940644015008,90897
720575941545491205,720575940622085389,819020
720575941351347760,720575940638901456,149188
720575941459431494,720575940620585933,517915
720575941506830149,720575940611273395,713207029
720575941533351658,720575940605842878,80095
720575941645344417,720575940620971028,524335
720575941537180914,720575940602497726,56636
720575941519392695,720575940615473002,148934
720575941439673663,720575940621468070,78362
720575941431543822,720575940633666495,113664
720575941461147332,720575940618493211,37225
720575941586357726,720575940627906067,65688
720575941572294046,720575940628808439,81800
720575941477830196,720575940628215689,152757
720575941658919760,720575940627284935,805193
720575941625581770,720575940622353740,78640
720575941473858875,720575940636162702,97347
720575941470084317,720575940634949274,811104
720575941471017483,720575940643672776,95927
720575941481637562,720575940640559448,75903
720575941544482309,720575940630423547,93164
720575941594040357,720575940607805314,112116
720575941535136739,720575940621071017,807800
720575941484347901,720575940631729359,80258
720575941482663107,720575940635625652,37959
720575941641682277,720575940636153451,93530
720575941678622909,720575940625743698,43352
720575941411401131,720575940625353790,76577
720575941579585013,720575940617920084,122309
720575941622625020,720575940622841468,119614
720575941563669511,720575940619157595,66479
720575941506367301,720575940634154140,38934
720575941468163037,720575940630514959,813734
720575941503393330,720575940646167150,135972
720575941433508366,720575940628106756,51927
720575941451799465,720575940636833934,550704
720575941541103901,720575940622900189,57090
720575941564433298,720575940630146103,80051
720575941515652099,720575940617677173,562969
720575941550751231,720575940637591622,34443
720575941550814463,720575940636648590,90852
720575941612586342,720575940622708393,191793
720575941548191521,720575940628456976,106150
720575941473375117,720575940622224836,162742
720575941503411394,720575940638091608,119288
720575941731410219,720575940645532980,22810
720575941515940243,720575940625828752,16532
720575941566472502,720575940629070908,171086
720575941464127501,720575940641439477,101254
720575941514054220,720575940610610990,533291
720575941574145949,720575940620286855,535089
720575941568969722,720575940621202854,515430
720575941456970480,720575940623228927,84034
720575941560262515,720575940623202634,94251
720575941516388186,720575940629986919,187959
720575941645318817,720575940625106224,20429
720575941652466905,720575940629564666,100505
720575941589353540,720575940630789058,803345
720575941595532145,720575940639632948,129410
720575941528137382,720575940628248463,174583
720575941414076052,720575940637300708,29608
720575941556746212,720575940632594755,95796
720575941412302959,720575940627954182,91393
720575941547307837,720575940635528567,908181
720575941609808970,720575940612337893,128412
720575941393153540,720575940623833869,434494
720575941438943061,720575940644531764,46792
720575941566980142,720575940627180687,67410
720575941552325438,720575940640031651,152339
720575941643714936,720575940622334699,106495
720575941643232101,720575940617747037,134867
720575941603276217,720575940614076456,87790
720575941546216628,720575940620116001,810250
720575941411197867,720575940620038433,35532
720575941656100820,720575940625389035,82442
720575941521498807,720575940638948927,95248
720575941519628760,720575940624915127,143732
720575941591545640,720575940619730590,107494
720575941616126165,720575940624496969,87889
720575941431250351,720575940628946236,65885
720575941563581842,720575940616816470,43271
720575941477028126,720575940612539443,85628
720575941461355475,720575940616122043,26570
720575941509201680,720575940628692329,139172
720575941475468337,720575940620017573,110855
720575941486357510,720575940620598869,76959
720575941405119088,720575940623429837,517102
720575941562086957,720575940626598602,46795
720575941504716311,720575940627701609,28701
720575941549738785,720575940626650174,89344
720575941417116700,720575940632502543,15875
720575941549028897,720575940609947204,565672
720575941654811097,720575940627728777,190111
720575941548764532,720575940630440407,110669
720575941691652504,720575940615676334,86521
720575941498932347,720575940625612474,806774
720575941467268950,720575940633986899,45890
720575941430510072,720575940634922859,550715
720575941506833477,720575940641713909,51699
720575941537555954,720575940635134655,116176
720575941563571624,720575940629579249,580447
720575941623195388,720575940626362696,518959
720575941548816929,720575940629247555,136394
720575941516440922,720575940622158174,56699
720575941445205930,720575940631837507,42982
720575941688041967,720575940625376841,209949
720575941413977116,720575940620185515,43697
720575941451851945,720575940615853206,140573
720575941520393651,720575940624752316,53725
720575941471470091,720575940638227253,812042
720575941612896531,720575940611568248,40354
720575941529763972,720575940625604477,808200
720575941447815861,720575940605952433,54868
720575941581310841,720575940626974666,71577
720575941523437387,720575940624331272,115690
720575941461646291,720575940625850980,162164
720575941575129609,720575940628546069,167845
720575941508727056,720575940624384183,144576
720575941587700548,720575940638064061,132304
720575941732743979,720575940621231459,177962
720575941573520527,720575940619831499,94910
720575941481311311,720575940629798082,32892
720575941548501364,720575940635868095,211647
720575941514342803,720575940624837453,17078
720575941533071747,720575940620899019,95531
720575941480840322,720575940633412971,55959
720575941438518060,720575940624034893,100241
720575941640797983,720575940627264082,65737
720575941652915161,720575940623208269,94773
720575941452494407,720575940610709038,83403
720575941652469781,720575940631757881,181959
720575941521514167,720575940642198491,530067
720575941545453748,720575940623133976,105857
720575941520145331,720575940616395101,909941
720575941497305057,720575940630751183,120839
720575941481535567,720575940615155119,53334
720575941451718313,720575940618717723,99671
720575941574683131,720575940638537449,522787
720575941487260873,720575940636160319,810346
720575941431640824,720575940623541517,107658
720575941435404942,720575940631416057,17171
720575941470115805,720575940618061140,83195
720575941608236362,720575940616099807,30430
720575941538974333,720575940625994515,75350
720575941659010328,720575940623502121,90907
720575941652905969,720575940617313885,526833
720575941687747823,720575940655112865,68705
720575941436242464,720575940621731248,122944
720575941496494791,720575940650888569,545902
720575941615600537,720575940627378178,549341
720575941576341608,720575940627305833,115544
720575941530271160,720575940634975642,160007
720575941458146800,720575940616817822,34156
720575941617706965,720575940633101516,112208
720575941545832124,720575940636563055,202666
720575941611791974,720575940644067232,546602
720575941478101667,720575940639915864,810171
720575941576105576,720575940631160972,91782
720575941568384250,720575940619145045,812967
720575941650397205,720575940630346567,194486
720575941486305542,720575940643425992,54200
720575941594207851,720575940607626453,209417
720575941575594678,720575940620628463,559773
720575941645837256,720575940627115645,186994
720575941536698817,720575940652456438,185821
720575941568920434,720575940631574924,162436
720575941586901316,720575940618518766,224061
720575941549612660,720575940634626273,80651
720575941495555198,720575940612473050,517242
720575941688793819,720575940614547879,110442
720575941401538851,720575940618834945,121383
720575941627954470,720575940617948500,118634
720575941732328491,720575940610106692,84510
720575941529956299,720575940617903617,54717
720575941544673797,720575940613641127,45920
720575941471637623,720575940621052352,214991
720575941529150136,720575940624668092,93271
720575941535301569,720575940618402885,173258
720575941593364261,720575940621984892,109556
720575941594072945,720575940622823706,94331
720575941554455067,720575940610183619,113855
720575941440235711,720575940622267201,43896
720575941576696921,720575940627681103,135846
720575941455461613,720575940648519556,150120
720575941536480739,720575940626287336,122092
720575941655391956,720575940622175414,280250
720575941527658406,720575940646565684,152650
720575941611811548,720575940630372603,99338
720575941523774466,720575940627254856,801695
720575941596778688,720575940624248319,55282
720575941483882170,720575940606401982,50301
720575941510006738,720575940636770661,164893
720575941620875680,720575940633366995,206218
720575941504763842,720575940622245492,801569
720575941590976396,720575940620712582,110844
720575941508824098,720575940625084348,516284
720575941439178303,720575940633078575,291337
720575941508137566,720575940623986189,27033
720575941654035473,720575940632714823,46365
720575941450267470,720575940625411367,531221
720575941632277701,720575940629055340,90471
720575941642500946,720575940627519247,86207
720575941415249948,720575940605834272,93475
720575941558091556,720575940604754144,129454
720575941592286760,720575940653722785,133805
720575941462330893,720575940647317113,205453
720575941536397795,720575940616024866,157805
720575941439177439,720575940657745281,85463
720575941524888141,720575940631219500,37182
720575941414304401,720575940637548260,32249
720575941611812013,720575940625426190,182587
720575941514817027,720575940620429904,27696
720575941565742134,720575940626383635,530356
720575941517080748,720575940626372354,150512
720575941452089769,720575940613065386,104056
720575941665605363,720575940607877833,805805
720575941455334893,720575940622119518,176841
720575941656772632,720575940619712085,80640
720575941402962288,720575940626854735,901806
720575941551093247,720575940633214279,810792
720575941458276080,720575940607072898,66876
720575941479038314,720575940607118025,192577
720575941679516605,720575940635076247,52788
720575941459257043,720575940605773233,117876
720575941644466552,720575940615890026,112932
720575941539723612,720575940624968013,803441
720575941605022398,720575940629369449,137956
720575941480778319,720575940622240355,94166
720575941623915931,720575940623519453,133447
720575941527142756,720575940609473656,526044
720575941627405369,720575940627699023,79149
720575941505340741,720575940626217085,149206
720575941702223066,720575940614772383,814520
720575941589335108,720575940633735844,142140
720575941515373971,720575940613473765,44591
720575941517416876,720575940643866568,154833
720575941644059592,720575940625700685,104837
720575941497975625,720575940627548432,806609
720575941561508653,720575940629606906,118051
720575941429403823,720575940630381178,204203
720575941436725311,720575940614792086,814787
720575941627843110,720575940633597977,518721
720575941486814214,720575940628837124,42230
720575941544295173,720575940632579641,125389
720575941540002765,720575940643799860,104346
720575941556906148,720575940646051460,76786
720575941481013122,720575940614061521,580918
720575941555724115,720575940625745137,22801
720575941633018272,720575940614626355,144822
720575941652380693,720575940632387228,131231
720575941459538246,720575940632005177,146431
720575941516149241,720575940621105243,163383
720575941533171466,720575940606810057,80473
720575941465215574,720575940627533370,38586
720575941451620474,720575940611193298,64589
720575941521900467,720575940625976909,100201
720575941460884435,720575940628843526,78961
720575941568174330,720575940612275685,161136
720575941473751136,720575940629505040,97936
720575941568552692,720575940622353279,66886
720575941636667253,720575940638840036,155286
720575941483937789,720575940623314505,36481
720575941494834046,720575940637311551,126041
720575941548128884,720575940627145231,108844
720575941653990361,720575940614308002,53756
720575941496522624,720575940621673200,117066
720575941490408649,720575940617575197,45305
720575941644667218,720575940638540110,161926
720575941485358733,720575940644410990,48760
720575941512850252,720575940621411822,177603
720575941542853212,720575940624154293,107028
720575941432050273,720575940637999950,43980
720575941596148636,720575940616287645,902311
720575941556940580,720575940623130718,35914
720575941591029132,720575940617551131,532256
720575941451317575,720575940639522163,149601
720575941731178027,720575940612645017,104362
720575941594117227,720575940625524508,176175
720575941546199176,720575940630647678,126110
720575941392306582,720575940632521064,65984
720575941639169055,720575940621060033,48102
720575941626059628,720575940631842104,908975
720575941551760190,720575940618656518,28474
720575941732836395,720575940623234380,526878
720575941655317209,720575940620806571,579964
720575941574726651,720575940623214730,44714
720575941573570703,720575940618554553,58379
720575941529197259,720575940633156911,167595
720575941476310849,720575940619086149,219344
720575941480780739,720575940612023922,15553
720575941670241201,720575940630529836,41862
720575941612045741,720575940618933595,29520
720575941499514274,720575940622154245,49546
720575941495006848,720575940605745696,30986
720575941407999150,720575940620944566,120849
720575941498196091,720575940632547615,137355
720575941519666355,720575940622449185,75002
720575941720387642,720575940625952002,810858
720575941430878712,720575940627346186,102229
720575941510509072,720575940617993607,15148
720575941537795560,720575940618008144,24785
720575941605885037,720575940624933813,135867
720575941461029264,720575940620250049,132559
720575941491084775,720575940628140785,64107
720575941566793774,720575940610199138,31378
720575941439562175,720575940621913264,105174
720575941437176594,720575940653362166,48466
720575941453391431,720575940629047025,73886
720575941474670651,720575940623789712,22614
720575941457449200,720575940650339449,143793
720575941454513971,720575940624351305,84370
720575941588355383,720575940621548276,112158
720575941566396726,720575940621624491,53374
720575941640324639,720575940631991749,196196
720575941503566530,720575940635175263,926810
720575941566974055,720575940655641505,128895
720575941538189027,720575940630081280,541824
720575941499330377,720575940642781236,180274
720575941447607060,720575940618484061,543753
720575941538981618,720575940632991935,23135
720575941559394931,720575940615719252,24961
720575941399428643,720575940613579178,904277
720575941472554336,720575940614434302,25054
720575941614271507,720575940638792320,105397
720575941642402898,720575940623252173,40358
720575941585067142,720575940616804753,109624
720575941491610599,720575940632879405,816319
720575941604479478,720575940628108413,531074
720575941587317572,720575940627940599,75051
720575941462876560,720575940619422533,90083
720575941506443298,720575940614699262,140439
720575941688332015,720575940609709269,105096
720575941477981505,720575940625736892,113596
720575941624626940,720575940616510977,66175
720575941574846109,720575940631188039,74857
720575941639035765,720575940628535418,114442
720575941701946842,720575940647837572,120659
720575941476638750,720575940624105257,85178
720575941590879998,720575940615137804,81928
720575941626299594,720575940644459424,126585
720575941569355258,720575940619738315,811669
720575941554610945,720575940622127088,36408
720575941668183283,720575940636756570,534837
720575941557679268,720575940640886992,192103
720575941406954414,720575940636043127,105992
720575941459213727,720575940622063969,147004
720575941591726187,720575940642633357,108178
720575941496677760,720575940614996018,166950
720575941658617936,720575940630961227,109623
720575941556919588,720575940627862665,129465
720575941536230666,720575940627218506,140381
720575941475868737,720575940627502312,110539
720575941538548210,720575940604389344,131810
720575941626342713,720575940637373254,136678
720575941472386624,720575940618641472,185541
720575941480164482,720575940619812773,140647
720575941431369943,720575940638384512,816523
720575941495318398,720575940620085840,157208
720575941416049692,720575940617958228,135352
720575941413091988,720575940607649922,136517
720575941612929555,720575940622865800,41847
720575941462085520,720575940652739062,81259
720575941519969390,720575940622285823,112081
720575941643650898,720575940608305500,814927
720575941587059780,720575940621619035,16354
720575941553939969,720575940606738562,106028
720575941595918119,720575940622615073,49319
720575941528650168,720575940628566858,157199
720575941586060510,720575940608432760,251085475
720575941429671416,720575940614074408,67884
720575941394105494,720575940629144060,240002
720575941460048580,720575940628858954,143015
720575941504516802,720575940631916205,129500
720575941555910308,720575940622662494,108929
720575941408810158,720575940629025808,42453
720575941629374434,720575940629837671,56491
720575941483067590,720575940630015995,65314
720575941598022300,720575940606622054,101928
720575941534970394,720575940636742030,137636
720575941555989156,720575940624294729,130166
720575941432289633,720575940622520652,123450
720575941431372814,720575940614326499,100430
720575941537938659,720575940622475498,29954
720575941461679300,720575940617533067,825572
720575941580208465,720575940625996019,111719
720575941475767105,720575940621644141,202531
720575941639108639,720575940617731707,90326
720575941651217393,720575940630541416,813309
720575941492027623,720575940620623725,44820
720575941656068688,720575940631576109,91344
720575941601348086,720575940631741613,816333
720575941639971103,720575940606014742,59760
720575941449158222,720575940625460232,130544
720575941565514647,720575940620625573,92174
720575941504481701,720575940623073279,95003
720575941515320579,720575940603498357,906015
720575941447788213,720575940613710511,94788
720575941644809080,720575940627346684,39667
720575941628455737,720575940622041204,112914
720575941475712571,720575940626623144,44443
720575941576474806,720575940635605183,934291
720575941615849429,720575940621638750,123906
720575941596925888,720575940629831806,125980
720575941603354046,720575940627542018,75937
720575941461664452,720575940606552450,803824
720575941598606748,720575940634018711,21035
720575941594989270,720575940643756704,159159
720575941577042769,720575940638642547,804664
720575941518466483,720575940615196625,808107
720575941471896928,720575940607424690,98995
720575941491183305,720575940615584671,524868
720575941626134410,720575940639253311,32544
720575941565799831,720575940628695034,176721
720575941446126612,720575940630848460,79219
720575941581804409,720575940627811945,221783
720575941525290340,720575940616513695,68630
720575941500474274,720575940629501739,19989
720575941579460597,720575940617582164,128445
720575941502375307,720575940634310611,84211
720575941594719190,720575940611458766,546884
720575941530760139,720575940627728009,935417
720575941560527987,720575940642058400,112147
720575941517986158,720575940622480372,86123
720575941616430549,720575940621622310,813202
720575941552648766,720575940605442220,92064
720575941458913776,720575940623539719,72540
720575941402206499,720575940629095323,70730
720575941457059053,720575940622103593,206918
720575941641771346,720575940644161815,101837
720575941429729495,720575940628750718,26250
720575941426036052,720575940628774677,95000
720575941567667706,720575940620985003,79298
720575941645061320,720575940622994970,514637
720575941496006272,720575940625966833,14564
720575941659349840,720575940619444719,117116
720575941579924049,720575940623100515,159376
720575941593661989,720575940632811880,115560
720575941563639815,720575940612544935,87965
720575941643440033,720575940632672851,97792
720575941513721593,720575940659193985,198691
720575941438863660,720575940610178261,40852
720575941475428382,720575940630889784,515518
720575941449418421,720575940627232830,106769
720575941469428800,720575940621498495,63949
720575941460470995,720575940624903170,523433
720575941565684119,720575940621864301,83359
720575941515633242,720575940605995209,129032
720575941393806998,720575940635955098,63951
720575941436870207,720575940629120503,110956
720575941651682065,720575940631214843,42843
720575941474023739,720575940620626159,66326
720575941485989954,720575940633537700,121417
720575941352881200,720575940617759266,522771
720575941490973900,720575940640351822,71146
720575941435276430,720575940621258149,60090
720575941652157657,720575940634198926,23960
720575941450111413,720575940627522106,843389664
720575941529422724,720575940617642101,123847
720575941440972479,720575940627391473,807912
720575941688361334,720575940625261598,808708
720575941547058281,720575940618717307,71816
720575941686615791,720575940605735345,45083
720575941519434350,720575940603708350,812429
720575941570822814,720575940638324201,67520
720575941722330682,720575940638673478,48287
720575941640332063,720575940617369117,167928
720575941402227568,720575940622204086,38468
720575941457246189,720575940624918535,203402
720575941490905545,720575940632927827,58105
720575941508100642,720575940639061838,54373
720575941625636763,720575940610484036,157494
720575941564496018,720575940606773705,138935
720575941489135308,720575940629000791,30929
720575941594780199,720575940616630713,51776
720575941613077401,720575940639769507,38906
720575941459004912,720575940628991051,61311
720575941532203237,720575940617078673,93480
720575941477338474,720575940637630309,125188
720575941551600895,720575940615281467,531978
720575941442117839,720575940611214802,514734
720575941561535400,720575940621785377,122201
720575941565124918,720575940635416686,312712
720575941437602111,720575940621307887,126096
720575941550144628,720575940630570577,25333
720575941437954111,720575940621240302,90122
720575941567971698,720575940604660401,68862
720575941540114301,720575940619689270,90594
720575941430776929,720575940635172003,106113
720575941411771793,720575940643501472,53655
720575941515926106,720575940607417180,555261
720575941535561394,720575940622126433,87694
720575941481337679,720575940628182978,817523
720575941478570831,720575940618106553,26222
720575941471248759,720575940626887055,548500
720575941554780900,720575940626587921,814084
720575941435889440,720575940606141612,188541
720575941578634841,720575940621166256,14569
720575941631246306,720575940618275165,76884
720575941455301171,720575940608805444,107870
720575941537219555,720575940612950642,16827
720575941430176431,720575940636079502,904779
720575941649323029,720575940609774434,131902
720575941489687756,720575940624975689,62092
720575941544846341,720575940621636161,544932
720575941611420134,720575940618094356,910712
720575941558225444,720575940625126891,168950
720575941469828160,720575940616890897,99537
720575941513260025,720575940628621673,809550
720575941439500991,720575940634330991,188126
720575941433911182,720575940612028017,60394
720575941660284472,720575940618131515,17948
720575941414047121,720575940620079600,15691
720575941450969513,720575940620900193,142982
720575941595683441,720575940606443442,96122
720575941629163558,720575940609709892,531345
720575941455088691,720575940628739454,64172
720575941439054047,720575940607987395,130108
720575941506592641,720575940626315820,111487
720575941488843980,720575940612407701,84202
720575941467577622,720575940626949519,20324
720575941652219665,720575940630783479,127528
720575941535169562,720575940640441808,51867
720575941503219394,720575940635276144,136963
720575941611964646,720575940605158065,71678
720575941430313865,720575940642372512,27456
720575941681182909,720575940631282247,518354
720575941547988541,720575940638891846,41109
720575941612282342,720575940639351349,194119
720575941452765255,720575940640847835,809331
720575941540526940,720575940626512837,114148
720575941630084134,720575940627940455,136483
720575941458597702,720575940627211522,112771
720575941402312227,720575940615928076,35486
720575941617071317,720575940612999909,517880
720575941539210994,720575940634215525,107581
720575941655418073,720575940619291446,171502
720575941555774209,720575940618046721,96739
720575941503784683,720575940620359339,198832
720575941438151954,720575940605047753,176902
720575941568054830,720575940620691951,69843
720575941505120562,720575940619794598,79998
720575941490829621,720575940629587031,27183
720575941630852805,720575940627530834,123946
720575941510117586,720575940630812231,79834
720575941405005168,720575940623426192,817306
720575941538785266,720575940624610855,59444
720575941594849575,720575940624075191,100752
720575941568023410,720575940605149118,122765
720575941602869694,720575940632201007,116962
720575941453716275,720575940627781272,133631
720575941435751980,720575940631269843,815928
720575941506049570,720575940625943344,52929
720575941445221290,720575940632427595,248046011
720575941522257227,720575940623280127,64836
720575941595317799,720575940620147067,544358
720575941430690697,720575940611356083,84586
720575941483570618,720575940637759198,198615
720575941550223871,720575940622396433,120750
720575941517233580,720575940612637810,184585
720575941569901818,720575940612769906,43819
720575941517030035,720575940622688380,184419
720575941460463174,720575940635902815,82898
720575941448572509,720575940636013919,184784
720575941515313754,720575940640395891,46187
720575941533403523,720575940628371671,102516
720575941461932688,720575940611118030,123209
720575941497106249,720575940606367166,206146
720575941486085584,720575940624670748,74731
720575941471444288,720575940624026762,56981
720575941510651664,720575940627594540,68841
720575941599139264,720575940627107271,420561
720575941661455160,720575940639648573,808186
720575941519133111,720575940627275023,89769
720575941437800978,720575940646668323,113138
720575941439072812,720575940613596397,24218
720575941592121451,720575940613362129,79494
720575941536259338,720575940630380544,200782
720575941558237476,720575940621188385,79117
720575941564893750,720575940619784071,545223
720575941488055760,720575940636113264,92797
720575941602967286,720575940616631001,805672
720575941458280262,720575940617811293,201154
720575941670228913,720575940621133165,84056
720575941353095472,720575940631502136,548220
720575941623743434,720575940624899767,515953
720575941468184797,720575940606568126,96035
720575941594866471,720575940631750308,172358
720575941603869369,720575940631567355,131096
720575941412615791,720575940607206066,60253
720575941550794751,720575940617199424,940712
720575941496601543,720575940624717043,177096
720575941584997854,720575940610230738,34772
720575941504902679,720575940620543297,112245
720575941604157686,720575940623986364,165817
720575941412938388,720575940620321825,119653
720575941573910856,720575940613592234,529797
720575941651404821,720575940628017482,67310
720575941492806320,720575940612948593,78521
720575941538892949,720575940624332012,93787
720575941644689096,720575940628906044,148861
720575941551929855,720575940617473510,47473
720575941437408300,720575940623689148,166749
720575941499481825,720575940611058611,161239
720575941414038420,720575940642297563,90796
720575941604056761,720575940626883736,529316
720575941584239711,720575940621576052,102907
720575941492148199,720575940625323778,69339
720575941479492175,720575940624679719,128543
720575941446539540,720575940622807066,45117
720575941513810252,720575940644966452,812633
720575941665455347,720575940627327337,807529
720575941480388738,720575940623686792,77059
720575941450637390,720575940629773827,43077
720575941612419942,720575940612647603,18598
720575941508123938,720575940628767217,99453
720575941553728371,720575940635592032,115088
720575941625000330,720575940614082194,122961
720575941578173273,720575940614540610,94262
720575941668086259,720575940627302745,138277
720575941481455951,720575940624108216,128878
720575941407622959,720575940632164269,98359
720575941564080738,720575940622953059,129469
720575941483147005,720575940624491755,545800
720575941687298678,720575940630176122,139233
720575941525956377,720575940626849226,90533
720575941439876319,720575940630329820,802697
720575941353490992,720575940639171903,25750
720575941686960908,720575940624272637,156124
720575941448319764,720575940627041167,27848
720575941526179842,720575940627126538,114527
720575941449981262,720575940617005766,143295
720575941451176014,720575940608933212,99714
720575941590716968,720575940617491417,66329
720575941537432296,720575940617416731,220798
720575941624779116,720575940620707916,88078
720575941410923119,720575940628092285,79722
720575941439136085,720575940618334865,44672
720575941536089370,720575940614931966,119881
720575941436112428,720575940615121570,38585
720575941483126781,720575940631141317,512553
720575941411069867,720575940624659435,105985
720575941551805695,720575940632137320,84070
720575941470624011,720575940620268123,218518
720575941645298081,720575940625978867,143780
720575941578339409,720575940631768015,80628
720575941590881064,720575940638536774,541608
720575941642522469,720575940639812304,130635
720575941659692624,720575940612193682,117698
720575941631340002,720575940632749613,208301
720575941392390660,720575940622513958,143269
720575941564875527,720575940612197986,37044
720575941600999977,720575940630928697,49672
720575941690266776,720575940638734158,806377
720575941626639468,720575940623433156,101467
720575941591571752,720575940622199688,144564
720575941498493563,720575940621268173,809036
720575941498100386,720575940617554900,105315
720575941555442689,720575940616511961,99173
720575941490765774,720575940625683970,61669
720575941448559285,720575940618241620,166417
720575941650521841,720575940616973313,86425
720575941573035422,720575940618169574,518917
720575941643203685,720575940626914831,96642
720575941408281003,720575940626257764,96793
720575941485112070,720575940641899483,49068
720575941408809390,720575940635283808,191247
720575941534426290,720575940610899154,82751
720575941511937746,720575940642715533,101140
720575941429613048,720575940631198776,117342
720575941427910740,720575940633221447,19623
720575941638910495,720575940613032854,90382
720575941533298307,720575940630758782,537721
720575941573369487,720575940629534458,905917
720575941460539792,720575940629877266,151089
720575941529350347,720575940607167189,80839
720575941503121970,720575940618052097,953398
720575941573674249,720575940626881625,805120
720575941620658815,720575940628857092,168386
720575941575101960,720575940633241952,131919
720575941570494964,720575940611550414,32191
720575941482504957,720575940620373168,85360
720575941468001501,720575940653381878,183057
720575941567845422,720575940623060104,53997
720575941594200433,720575940614743505,110722
720575941548521277,720575940624712906,106491
720575941577667161,720575940623359466,543101
720575941513734243,720575940633829145,135954
720575941459958980,720575940607613385,191856
720575941470248459,720575940640413859,146595
720575941546202812,720575940619914837,48973
720575941534008842,720575940619182507,110869
720575941393350038,720575940627799808,524755
720575941513317699,720575940660816769,140244
720575941563282944,720575940623428804,514190
720575941489989582,720575940630902469,87302
720575941505614757,720575940639708349,149577
720575941582745183,720575940642483163,50670
720575941630052066,720575940639287667,127116
720575941523370231,720575940630030970,23982
720575941458761683,720575940622897878,69286
720575941688923800,720575940630780155,36174
720575941519531436,720575940618038017,533903
720575941624073980,720575940648019065,68412
720575941490801865,720575940617822301,42040
720575941456101613,720575940637800245,139637
720575941527708088,720575940644152776,166086
720575941539327893,720575940621382852,143949
720575941480139427,720575940631768716,87772
720575941437668319,720575940620885451,514453
720575941596524956,720575940642082523,87315
720575941547563809,720575940636109687,129299
720575941542554716,720575940611508629,153116
720575941574989832,720575940622072560,149150
720575941514263801,720575940622722525,162040
720575941413302164,720575940607177494,62046
720575941502627890,720575940624004752,25709
720575941464883798,720575940627744345,109945
720575941493809328,720575940605945958,42290
720575941586428382,720575940615089369,821826349
720575941601092537,720575940633443353,804768
720575941671450023,720575940619689521,21420
720575941542932509,720575940631834159,45370
720575941588926519,720575940631958083,816146
720575941540059597,720575940611555960,41222
720575941568694062,720575940637091429,75405
720575941626339436,720575940615661766,533274
720575941506706817,720575940630676183,176724
720575941431889111,720575940615283874,24725
720575941431558063,720575940628787151,553387
720575941721304890,720575940622372476,517638
720575941490421479,720575940621780464,234642
720575941514030801,720575940626116892,527298
720575941454836973,720575940608048770,147581
720575941508381218,720575940618126459,82432
720575941498765129,720575940624132871,906498
720575941472064096,720575940613553637,39808
720575941468268151,720575940626151964,905847
720575941560549491,720575940629742718,37497
720575941644742817,720575940624268080,172355
720575941562040832,720575940612268199,808126
720575941529233336,720575940622742049,36064
720575941507865157,720575940612241626,148779
720575941504841020,720575940621697729,81824
720575941543899141,720575940633813940,902293
720575941632996512,720575940605062334,815046
720575941518082988,720575940631802565,78413
720575941576958041,720575940624125477,93678
720575941489731020,720575940624286698,203231
720575941440997055,720575940622143159,88425
720575941462331332,720575940633051679,244703
720575941433954446,720575940628936898,164190
720575941533288129,720575940632413970,15793
720575941439050770,720575940621093756,201979
720575941540077341,720575940624313641,940392
720575941547975540,720575940631910504,70707
720575941572518558,720575940636377207,149974
720575941556128292,720575940623201789,27269
720575941732403499,720575940630570204,159913
720575941662547256,720575940637581902,74768
720575941536489498,720575940611445346,221812
720575941624968044,720575940638575549,117586
720575941532543576,720575940624049338,815395
720575941442774698,720575940627499520,19425
720575941472426048,720575940623246077,539909
720575941611655242,720575940623703064,548587
720575941525170434,720575940620444436,119959
720575941436546336,720575940621488054,59513
720575941442381738,720575940615083439,903238
720575941440014047,720575940624065207,517038
720575941479894979,720575940623339305,47985
720575941520832691,720575940630203842,515510
720575941639884661,720575940628467462,71389
720575941578491993,720575940611785841,125074
720575941490132789,720575940626175546,95235
720575941610297577,720575940617171985,78191
720575941652065553,720575940625910354,78222
720575941513904081,720575940620720112,525803
720575941610798310,720575940617017305,65653
720575941616418261,720575940617672093,813951
720575941549969725,720575940622602334,21714
720575941413896476,720575940623001736,805702
720575941685711116,720575940632153163,912244
720575941535551514,720575940611783464,809037
720575941491186377,720575940618268445,211517
720575941534706113,720575940614792958,59350
720575941574042767,720575940633070732,187933
720575941691614104,720575940654075809,378488
720575941569063924,720575940624378499,535996
720575941525713830,720575940619494527,86651
720575941410988203,720575940626654154,16913
720575941508279937,720575940615657538,534924
720575941651491857,720575940620295047,119362
720575941573241416,720575940652940278,92672
720575941438755116,720575940617021086,132825
720575941512222284,720575940619299311,152535
720575941495662720,720575940642413604,14546
720575941610506729,720575940628048428,155668
720575941611654829,720575940620212103,131583
720575941582710623,720575940640157492,142647
720575941459208403,720575940633183815,111833
720575941448456980,720575940619861963,550674
720575941427786580,720575940632903628,172802
720575941551004415,720575940635618793,131602
720575941514674010,720575940619146048,812509
720575941547807624,720575940626620464,183475
720575941564510610,720575940622780404,530722
720575941479603680,720575940639810931,31400
720575941564702464,720575940638186842,417195
720575941471614475,720575940627912464,161082
720575941589434110,720575940627071276,89774
720575941549372705,720575940622288666,47981
720575941494930375,720575940616924902,183567
720575941572111261,720575940632388675,807259
720575941449197749,720575940618769665,134194
720575941550613566,720575940636201839,153069
720575941430781065,720575940632591171,98023
720575941539923741,720575940625962023,812503
720575941581543801,720575940639062106,140412
720575941537903602,720575940624733773,105533
720575941658522392,720575940620403649,149180
720575941617988479,720575940621996129,540394
720575941450235214,720575940620046283,143734
720575941632784032,720575940631880040,56938
720575941435244064,720575940631455084,953627
720575941592453995,720575940619578352,515333
720575941490935753,720575940624659386,75568
720575941450984263,720575940638070079,70079
720575941433694862,720575940615781179,209230
720575941626481563,720575940626832412,96581
720575941475307057,720575940624205546,127812
720575941453681065,720575940619836632,121687
720575941460238276,720575940638598726,179634
720575941542043996,720575940623858616,102021
720575941581747577,720575940626271588,102646
720575941495084926,720575940628401451,35068
720575941512354636,720575940632921144,97663
720575941663338364,720575940626068755,195582
720575941404343408,720575940615901234,37411
720575941504762306,720575940642655963,91086
720575941480352707,720575940606762598,56175
720575941686140143,720575940626900755,117142
720575941412487313,720575940632677090,58018
720575941508713566,720575940636053752,97786
720575941567555066,720575940627014474,543305
720575941562319250,720575940624237450,127940
720575941504682405,720575940635518359,77650
720575941598602396,720575940620658927,149913
720575941659551568,720575940626233290,13224
720575941524866818,720575940626829868,39015
720575941593893413,720575940638480948,97256
720575941414810001,720575940626051940,176125
720575941534890730,720575940621079211,134352
720575941572492539,720575940630429945,94357
720575941652507925,720575940617589721,531301
720575941629698342,720575940635774327,149117
720575941448427540,720575940644787400,544998
720575941414224788,720575940632353351,178965
720575941625939308,720575940634202081,901410
720575941529340088,720575940621581121,16903
720575941431370633,720575940633428415,22739
720575941515222521,720575940623171268,67282
720575941535412402,720575940639975256,116660
720575941445337258,720575940631772111,541738
720575941624810634,720575940625729226,107018
720575941626307274,720575940636193387,244344
720575941478179905,720575940633889619,103122
720575941572091387,720575940641632653,45197
720575941720592698,720575940640896856,810248
720575941453393459,720575940632234157,145299
720575941574032649,720575940622416778,131953
720575941484167421,720575940634025901,117961
720575941491214286,720575940624050213,126855
720575941561026349,720575940610093525,94516
720575941576516790,720575940640815067,71774
720575941430713953,720575940627471356,127542
720575941440847189,720575940614053329,117201
720575941625482442,720575940608173916,87777
720575941549864564,720575940638682458,124324
720575941566552118,720575940628351631,158946
720575941497534281,720575940622061940,136481
720575941527364121,720575940631705797,112457
720575941596049797,720575940616991316,65930
720575941468242198,720575940631308818,115285
720575941554220827,720575940617489409,55748
720575941639894133,720575940612112819,82269
720575941596975004,720575940641613557,125597
720575941573764680,720575940630104826,159418
720575941597678889,720575940636996159,812145
720575941633369285,720575940630367274,150490
720575941651136497,720575940630012411,133482
720575941537075427,720575940627020008,86088
720575941612252636,720575940612777434,187286
720575941476556609,720575940632379467,811994
720575941661452412,720575940627285097,251450
720575941431559928,720575940606838283,153795
720575941566732391,720575940626949894,82168
720575941446129172,720575940621572449,97829
720575941445211156,720575940628333788,813632
720575941524691277,720575940616195467,818263
720575941528447435,720575940613127314,807923
720575941627433017,720575940616649145,123468
720575941543360517,720575940617416148,122414
720575941551663871,720575940629758251,131720
720575941468171485,720575940629942019,101383
720575941482027203,720575940615056081,519630
720575941534789464,720575940646757172,102103
720575941478559850,720575940632847161,13429
720575941564592738,720575940620307806,56802
720575941516955052,720575940633773919,84930
720575941612358950,720575940615756774,252889
720575941515882745,720575940630642380,13440
720575941670103985,720575940616842169,813024
720575941662663992,720575940623260713,121969
720575941480066467,720575940635013823,105419
720575941559513582,720575940638931133,159524
720575941549720692,720575940631497209,95066
720575941440049887,720575940638028510,485322
720575941434655520,720575940641609691,208511
720575941591943976,720575940623222542,62443
720575941460582288,720575940617648245,519174
720575941487906000,720575940610056402,513279
720575941585385094,720575940617861561,89854
720575941615814101,720575940638994522,98906
720575941475357470,720575940644954056,113812
720575941471077751,720575940616331679,72191
720575941536815642,720575940622592809,126818
720575941643609505,720575940623557926,108783
720575941624291580,720575940639882574,171578
720575941614848409,720575940619410671,51561
720575941603239102,720575940608755977,111753
720575941485781826,720575940600934665,44001
720575941497256320,720575940614382051,55211
720575941448214877,720575940614832435,56488
720575941507453313,720575940647515524,805791
720575941501783179,720575940616303956,580023
720575941461366980,720575940623964853,90216
720575941605193150,720575940626634439,66982
720575941537243122,720575940636325495,109188
720575941506674711,720575940628967503,165042
720575941492077799,720575940624688362,81749
720575941490129356,720575940616437021,127993
720575941390308246,720575940634211865,119071
720575941654976468,720575940613682090,53778
720575941564059904,720575940636492901,803732
720575941510694416,720575940625237891,1053526057
720575941552095515,720575940626896528,139660
720575941434410528,720575940616789734,100434
720575941528338616,720575940650869238,530820
720575941564841991,720575940638525662,52551
720575941527678630,720575940629263610,113745
720575941543734813,720575940639790013,140484
720575941594758277,720575940630891624,60125
720575941400451619,720575940638664576,97869
720575941465239382,720575940628806444,58879
720575941669465511,720575940624376584,130886
720575941539037309,720575940626146853,91773
720575941481801469,720575940625098935,148107
720575941351407664,720575940612968946,38636
720575941414913681,720575940630290748,128645
720575941490107340,720575940620066580,126156
720575941586594182,720575940628358533,20364
720575941668398323,720575940622018698,524230
720575941483039686,720575940610008132,205317
720575941632153580,720575940633587148,49717
720575941578547545,720575940628515331,50576
720575941450884942,720575940630313271,131377
720575941581641311,720575940621205487,802568
720575941457611423,720575940629985849,149943
720575941440028111,720575940650646137,102700
720575941458764358,720575940609201163,79689
720575941525861030,720575940623082595,140463
720575941429916591,720575940619550646,104685
720575941483767482,720575940644709792,53825
720575941563543650,720575940614238417,121298
720575941509085057,720575940648250244,411813495
720575941430628600,720575940609304668,130983
720575941476138292,720575940616256795,814393
720575941658119192,720575940637561321,207712
720575941477439809,720575940639237710,148210
720575941430544376,720575940625528638,523806
720575941513995596,720575940646951732,285142
720575941430940152,720575940636563557,79809
720575941584985439,720575940655347617,180340
720575941538286322,720575940625777040,63411
720575941451083433,720575940635741432,137671
720575941574253832,720575940618727760,80142
720575941524958722,720575940623431679,129186
720575941483830338,720575940632666572,22348
720575941507571490,720575940635955903,67799
720575941653881617,720575940628918020,533659
720575941575188367,720575940615890630,177844
720575941434821408,720575940609859083,159161
720575941571481160,720575940626131237,109865
720575941506914594,720575940625949383,145185
720575941459925318,720575940621922398,817703
720575941537743765,720575940647887236,73096
720575941451037767,720575940638038342,116748
720575941471348032,720575940637625203,150450
720575941483556861,720575940633758177,57678
720575941547755188,720575940639285813,100399
720575941484066557,720575940626298768,14948
720575941495415678,720575940615487391,521342
720575941654918105,720575940641345269,203757
720575941460711635,720575940617342395,144037
720575941476762945,720575940643814816,40953
720575941689057142,720575940639341245,135948
720575941499236681,720575940638260708,18223
720575941552416922,720575940615940550,120217
720575941658463256,720575940632304911,171253
720575941593944177,720575940624031946,96872
720575941512513233,720575940648000644,121167
720575941510736082,720575940636348900,133256
720575941594058353,720575940623956221,103607
720575941688976140,720575940628295189,85328
720575941534604632,720575940628159314,107237
720575941579469813,720575940610194581,96988
720575941480695375,720575940620402345,18453
720575941513159377,720575940631450451,174859
720575941542241628,720575940607364617,121400
720575941631321314,720575940635996023,184147
720575941425916756,720575940624382442,56825
720575941658541080,720575940610340420,121513
720575941590996264,720575940617753758,131795
720575941614813203,720575940617312827,33111
720575941519568494,720575940634503449,90200
720575941516049299,720575940615753243,49893
720575941485016205,720575940628010513,183235
720575941514770531,720575940628502223,518153
720575941580099409,720575940630466295,135925
720575941468266262,720575940637550820,55011
720575941430081550,720575940630494795,32979
720575941516095148,720575940632320815,810647
720575941598027676,720575940612019162,179502
720575941578276697,720575940622364492,112482
720575941406686255,720575940648819321,64503
720575941470246365,720575940632414994,536115
720575941564870663,720575940616410909,97049
720575941475834945,720575940631573037,26795
720575941572867081,720575940634991551,34241
720575941558592883,720575940625571465,118304
720575941526116196,720575940609898190,57831
720575941551357723,720575940622140680,809950
720575941450244701,720575940642940045,159513
720575941439099199,720575940641949941,544627
720575941550913791,720575940633190703,804596
720575941511663058,720575940628797973,44083
720575941445371818,720575940622020084,81252
720575941478506090,720575940621780104,535165
720575941685299695,720575940634893419,556502
720575941461628173,720575940639301747,813272
720575941644959864,720575940618107339,35999
720575941651192597,720575940654590113,123884
720575941538040306,720575940621566973,806141
720575941585466334,720575940624856762,519320
720575941451260750,720575940631826007,109625
720575941578535669,720575940604692070,137862
720575941580479609,720575940611757266,131851
720575941532851429,720575940646783267,106312
720575941495372414,720575940613176239,213259
720575941659166288,720575940641231757,515911
720575941633775803,720575940640431694,521607
720575941565807202,720575940622281668,513069
720575941498894305,720575940624615216,61907
720575941554697370,720575940645923107,80698
720575941589928247,720575940612986803,50167
720575941445567914,720575940634370529,534748
720575941560188175,720575940622428087,47391
720575941701873114,720575940619748517,45873
720575941493712254,720575940621449454,103285
720575941446368788,720575940620083579,147205
720575941578556149,720575940626515556,89548
720575941522581579,720575940629828507,186452
720575941569015802,720575940635287962,128066
720575941557625971,720575940631095291,803613
720575941471555648,720575940613032598,38639
720575941431532719,720575940611085358,162754
720575941495856839,720575940627086681,151923
720575941463895821,720575940623802151,34736
720575941542079580,720575940606919602,330394
720575941585936606,720575940633378411,112191
720575941428495535,720575940635844506,157454
720575941455317741,720575940610936562,80371
720575941602227702,720575940614762914,69563
720575941628678182,720575940609488964,23581
720575941527204354,720575940632633548,156168
720575941476739633,720575940612761598,25934
720575941627507257,720575940639483206,31434
720575941594668246,720575940627718984,134146
720575941610644969,720575940648397177,115137
720575941434871694,720575940618853547,29583
720575941574830089,720575940624977934,222040
720575941414277265,720575940622442409,72797
720575941430229719,720575940624443832,82311
720575941574004662,720575940617478961,904287
720575941583859807,720575940625113597,103602
720575941414290577,720575940645468963,125012
720575941534927282,720575940615790230,120227
720575941448826037,720575940634364311,265794
720575941446167828,720575940621762113,157311
720575941497328000,720575940619551611,131464
720575941565484551,720575940627953950,97236
720575941486545986,720575940629585602,53424
720575941480942787,720575940617559481,816374
720575941519128759,720575940627963127,36535
720575941580096121,720575940620937675,164762
720575941499616162,720575940620210822,138853
720575941525443586,720575940605204140,79643
720575941568504366,720575940609290947,154197
720575941662441016,720575940634551959,44024
720575941553503259,720575940618240171,35787
720575941492161968,720575940637440489,176837
720575941510599122,720575940625666341,21353
720575941686090614,720575940615684582,815516
720575941626276665,720575940625076880,32387
720575941644482977,720575940631834927,139392
720575941450569294,720575940612177882,812490
720575941528141990,720575940622030806,909053
720575941536255720,720575940632920621,90354
720575941643657317,720575940613347793,36160
720575941619633791,720575940610976739,22832
720575941536386792,720575940630749916,114983
720575941623889404,720575940630936408,73846
720575941624331884,720575940614111650,28717
720575941553446145,720575940626352176,213231
720575941431220439,720575940640276955,809393
720575941561888768,720575940630971136,807353
720575941615815577,720575940618928129,93074
720575941652482837,720575940629743738,31230
720575941519715767,720575940636516526,70420
720575941469699191,720575940608413193,142203
720575941464134413,720575940627011197,20245
720575941475077691,720575940636726117,87350
720575941669915313,720575940623494643,549262
720575941483272445,720575940617617849,108565
720575941721193018,720575940605244704,910750
720575941553769114,720575940618818395,26182
720575941471705463,720575940633227428,72536
720575941521926323,720575940630676224,548227
720575941609437002,720575940610632494,60473
720575941540674173,720575940620966638,138222
720575941462100368,720575940631493739,132019
720575941506166588,720575940621326006,17063
720575941502866626,720575940623313677,71883
720575941485988930,720575940630786115,109292
720575941430417111,720575940623921847,82400
720575941495262590,720575940615957853,115005
720575941565892194,720575940625023731,184088
720575941407062702,720575940619087262,87175
720575941611539018,720575940625391036,84469
720575941530073272,720575940629511174,34290
720575941593332843,720575940628392266,156981
720575941408995758,720575940627964179,125788
720575941573133213,720575940630659198,49936
720575941440620123,720575940623620425,15836
720575941476941854,720575940632602927,520874
720575941579101009,720575940635034905,143901
720575941539172557,720575940609282005,128022
720575941640449055,720575940649865718,815961
720575941447422996,720575940646436899,48344
720575941548536180,720575940619842901,164164
720575941439694655,720575940644391368,212428
720575941508647774,720575940615812025,25061
720575941484575554,720575940627307620,121463
720575941651856657,720575940637652398,227698
720575941662004792,720575940650942841,23909
720575941521108151,720575940615263188,814772
720575941565468770,720575940640896600,138543
720575941690038235,720575940622761213,55719
720575941620300927,720575940626260836,51832
720575941603247033,720575940626494663,104846
720575941470023232,720575940621572378,101663
720575941594763734,720575940629987575,46799
720575941483661254,720575940608850389,171871
720575941653102097,720575940624240324,131379
720575941475742238,720575940610401860,47584
720575941658353944,720575940638284622,109597
720575941575209117,720575940626673180,67411
720575941624578698,720575940619139653,93207
720575941515615843,720575940618759985,811651
720575941574391478,720575940644698272,72798
720575941479290959,720575940623299549,106450
720575941620300159,720575940635920751,14829
720575941584354950,720575940611560494,180072
720575941563698688,720575940629488658,190871
720575941620139135,720575940616559477,41873
720575941515160931,720575940617045365,190300
720575941519469495,720575940627468821,178554
720575941412237972,720575940615975227,90291
720575941577928273,720575940614012134,165868
720575941637307253,720575940622089510,116932
720575941410652271,720575940629456066,77905
720575941590222590,720575940632851993,57850
720575941609801901,720575940615899622,102381
720575941474093610,720575940637296105,142815
720575941701829338,720575940633882323,70259
720575941410714027,720575940613778326,275629
720575941597967772,720575940626535957,148664
720575941585606534,720575940632651859,94270
720575941483929085,720575940622832398,84449
720575941467876061,720575940641020288,500064
720575941413204625,720575940621004397,811426
720575941497510217,720575940622220551,159595
720575941643951717,720575940630357243,167516
720575941482730950,720575940629493626,94978
720575941511142354,720575940616710717,24362
720575941611338214,720575940621175979,182474
720575941535753450,720575940624372362,91338
720575941545908404,720575940639374243,124792
720575941483954106,720575940630354117,152473
720575941589064004,720575940629302910,137455
720575941456868077,720575940623320649,56962
720575941497608521,720575940625087724,54804
720575941544512005,720575940627727016,165089
720575941723870522,720575940642670752,90317
720575941438888927,720575940622830856,75758
720575941498648393,720575940616017382,65718
720575941466282326,720575940630955064,17430
720575941560768045,720575940605649440,77024
720575941459994694,720575940633935661,58195
720575941481739203,720575940621995174,51591
720575941459364767,720575940604008160,955900
720575941464921110,720575940631525090,805944
720575941519673966,720575940618163013,97348
720575941565836695,720575940625213966,535531
720575941407133999,720575940622429168,554211
720575941618459007,720575940623697589,33407
720575941550180980,720575940635389808,133249
720575941483559878,720575940645076260,69111
720575941659026200,720575940625936330,515526
720575941554533377,720575940612965791,13100
720575941659034192,720575940623487504,66559
720575941431577007,720575940643812887,909568
720575941645203617,720575940608144002,103066
720575941533794691,720575940605810720,111614
720575941562395816,720575940613959180,154293
720575941431825166,720575940605610784,911524
720575941401383971,720575940638819817,104670
720575941586072030,720575940639815989,517753
720575941653954772,720575940628696552,144215
720575941518507948,720575940627430376,15632
720575941581749113,720575940621491276,153649
720575941565818519,720575940629448747,150940
720575941514157411,720575940617986589,29590
720575941540281213,720575940615474875,816330
720575941567766574,720575940622712609,113115
720575941686739724,720575940622937323,146256
720575941553790343,720575940638145001,532069
720575941470588171,720575940624878602,908297
720575941487942352,720575940628021815,810691
720575941437543509,720575940619242305,62412
720575941508396161,720575940626444034,145986
720575941644063864,720575940615217375,908470
720575941521155767,720575940632604371,523428
720575941624578300,720575940625564505,88474
720575941427036244,720575940626166012,810215
720575941532882405,720575940627147907,116148
720575941533214442,720575940625942372,101218
720575941440153791,720575940626163697,1054556738
720575941583009631,720575940633886253,152790
720575941490474037,720575940641369808,130735
720575941497237217,720575940616633461,31534
720575941558652175,720575940627986821,135028
720575941669929649,720575940629859371,24812
720575941414569617,720575940620374693,53901
720575941519972531,720575940608863241,87458
720575941544869225,720575940637527693,66412
720575941631828923,720575940618664533,132773
720575941511496146,720575940628269628,136435
720575941505348677,720575940619416113,46619
720575941503356907,720575940637629016,817671
720575941535240370,720575940628123535,131910
720575941575110920,720575940626697091,88142
720575941573704008,720575940640445659,152130
720575941534792626,720575940622301965,129244
720575941686746124,720575940633062335,106434
720575941589363966,720575940620022651,154376
720575941466159190,720575940629375799,571508
720575941721286202,720575940622224816,270711
720575941473305440,720575940614485544,139666
720575941489499852,720575940619968892,511846
720575941558440749,720575940627477897,16602
720575941479233666,720575940617828609,69001
720575941552465919,720575940647436340,548269
720575941429113775,720575940620595883,94603
720575941525507074,720575940610637870,99771
720575941568473588,720575940629303707,120390
720575941605472877,720575940630734839,131321
720575941592783211,720575940622724429,76225
720575941588533572,720575940644223267,88113
720575941477368372,720575940641797773,557192
720575941507185221,720575940617908820,70185
720575941430952801,720575940614625534,813799
720575941558631027,720575940642565851,31090
720575941619912293,720575940620819659,819159
720575941508501121,720575940639219007,82240
720575941575683161,720575940614381283,553807
720575941593868327,720575940623176728,103670
720575941438934869,720575940613711894,548910
720575941516329475,720575940624082238,564325
720575941521928371,720575940620801729,176100
720575941452051015,720575940621825518,153928
720575941613517721,720575940628204550,101213
720575941550413055,720575940605392160,147560
720575941510530064,720575940624919559,128887
720575941550747391,720575940616471483,91469
720575941470151435,720575940632179783,67555
720575941516069881,720575940617529233,74518
720575941604225209,720575940624486375,19096
720575941530100920,720575940619308720,529078
720575941560847219,720575940635817370,157008
720575941569069818,720575940629549178,80475
720575941505753111,720575940645691700,100021
720575941687823343,720575940610850838,78467
720575941630605548,720575940610941816,144301
720575941393300484,720575940611199842,65667
720575941524732491,720575940639015770,101428
720575941393762454,720575940630252604,94784
720575941652315865,720575940618762605,812241
720575941643511672,720575940629010432,97878
720575941504026199,720575940634307042,36441
720575941482014205,720575940627641875,128346
720575941519334572,720575940623472363,82167
720575941534420312,720575940622857447,120513
720575941479449568,720575940618399444,43261
720575941493382064,720575940621878021,78251
720575941503329218,720575940629562668,112395
720575941626799754,720575940632052792,64941
720575941595407749,720575940632107676,142069
720575941516702355,720575940630713645,36961
720575941610371046,720575940620650734,156706
720575941545127017,720575940611227050,92266
720575941472280896,720575940629297158,89909
720575941459334559,720575940615922971,16963
720575941437147436,720575940618684496,83879
720575941614014739,720575940637126542,122426
720575941632388293,720575940630258806,124373
720575941450237021,720575940629680379,532220
720575941639215647,720575940617522827,32195
720575941579759953,720575940622988070,94755
720575941454124781,720575940608334002,36443
720575941511899980,720575940623175571,58048
720575941549165373,720575940623207688,88439
720575941403106416,720575940629793691,173192
720575941516512858,720575940626457034,88234
720575941519719091,720575940608636169,132463
720575941548168072,720575940615517813,31347
720575941434739086,720575940644651556,107057
720575941671024039,720575940630980311,48142
720575941525451545,720575940626642584,104608
720575941477340721,720575940646932100,58482
720575941538840818,720575940619906987,86395
720575941632303776,720575940621172545,29805
720575941538710397,720575940636315022,136503
720575941596115589,720575940622873844,92740
720575941607742317,720575940636282431,126923
720575941508336769,720575940622778751,523404
720575941546900360,720575940636867440,210822
720575941542663709,720575940632093738,49699
720575941552574491,720575940625883454,97396
720575941489983950,720575940625629159,59612
720575941670067879,720575940619890136,75126
720575941593434920,720575940617576660,91793
720575941618873471,720575940613657650,96958
720575941552470663,720575940620275565,500034
720575941689045467,720575940625896229,70889
720575941554236699,720575940624133780,66038
720575941497867745,720575940643191693,90470
720575941535163363,720575940610343642,911583
720575941541900380,720575940633378274,142111
720575941671120295,720575940625486571,197323
720575941492193255,720575940628891910,551156
720575941543473413,720575940612251059,119688
720575941633600416,720575940627103490,165887
720575941550165054,720575940628754436,518428
720575941552180223,720575940613224178,213941
720575941488918729,720575940620148340,122867
720575941467600150,720575940618057921,815609
720575941539578773,720575940631391995,121928
720575941461628560,720575940622788428,807318
720575941550518271,720575940621712821,85075
720575941431835150,720575940623432141,78939
720575941452516265,720575940639742627,36717
720575941474210144,720575940627943420,160976
720575941514003409,720575940634238309,521734
720575941451439017,720575940628034307,142842
720575941553542683,720575940635630703,151563
720575941448009492,720575940639126325,63156
720575941614198937,720575940635034719,139179
720575941504466341,720575940624025187,115134
720575941478748266,720575940615203478,154342
720575941547789117,720575940623131747,40870
720575941572553211,720575940616649501,817035
720575941598150848,720575940611517048,130914
720575941575045277,720575940628339530,68817
720575941415013524,720575940645181128,129120
720575941532267651,720575940624217075,142442
720575941431038305,720575940623499957,823683
720575941391970710,720575940622909124,919711
720575941400484899,720575940623407556,99286
720575941542597661,720575940631618920,26286
720575941486755906,720575940618196153,88784
720575941658263320,720575940616628921,140476
720575941662939960,720575940619524254,21660
720575941589583671,720575940645652788,65485
720575941674161370,720575940620361131,530522
720575941409614251,720575940617750848,100835
720575941574291599,720575940617043542,142943
720575941493779070,720575940647839108,183232
720575941591126782,720575940620388517,527173
720575941519993527,720575940623471044,559087
720575941614048153,720575940631663557,64962
720575941625031306,720575940640303267,124653
720575941459112863,720575940609476562,512552
720575941566717434,720575940613707798,83860
720575941667763699,720575940636325865,550403
720575941534106200,720575940617685387,551244
720575941574072463,720575940614316650,265620368
720575941432152535,720575940625706895,524799
720575941561412754,720575940624245436,810724
720575941443350186,720575940627735537,70421
720575941506148668,720575940611148754,117178
720575941470827127,720575940615097255,154106
720575941352906800,720575940618603179,817194
720575941414409361,720575940626919882,135521
720575941469795191,720575940618038612,97685
720575941427944276,720575940610077252,131671
720575941498951291,720575940632528813,539272
720575941414456980,720575940631178563,145522
720575941501692811,720575940600150793,72377
720575941518556851,720575940618405848,38608
720575941516622995,720575940636532837,519821
720575941553573915,720575940606019774,80268
720575941629967910,720575940642150133,94894
720575941598412444,720575940607375794,11650
720575941730003755,720575940604926082,814419
720575941490837196,720575940624641002,62698
720575941484190906,720575940627144323,109504
720575941585013470,720575940645631524,106178
720575941518933427,720575940634702743,810411
720575941631008748,720575940633391211,193682
720575941495024839,720575940639095229,88622
720575941410866347,720575940604786912,102170
720575941644284360,720575940609844117,809608
720575941572840591,720575940635409815,238959
720575941562821522,720575940627993737,35270
720575941438568767,720575940622199977,70036
720575941483648454,720575940633247315,179973
720575941625871212,720575940620772437,66748
720575941534362200,720575940635324095,95360
720575941570151924,720575940623081942,29950
720575941618516607,720575940636892590,70377
720575941534621016,720575940645581166,84789
720575941481469519,720575940636359023,109062
720575941498154107,720575940645286179,203254
720575941450617978,720575940617143453,146517
720575941405178992,720575940630605881,14125
720575941481120198,720575940625844664,76458
720575941476459828,720575940628424010,111966
720575941514945859,720575940614158819,122907
720575941603639286,720575940620007559,93821
720575941515381507,720575940622383692,170240
720575941538713493,720575940620492679,76740
720575941539345557,720575940630742888,50417
720575941532851941,720575940616522726,515627
720575941538641138,720575940627342602,99762
720575941499411529,720575940613894034,81519
720575941509942032,720575940634510703,61253
720575941497844642,720575940624140732,113116
720575941594758181,720575940635450987,72056
720575941574129161,720575940638239558,155135
720575941481461946,720575940623724558,813255
720575941504330034,720575940610961506,131542
720575941649024021,720575940623058782,551167
720575941443079338,720575940625566492,35937
720575941631403490,720575940623784205,203572
720575941549166881,720575940620211316,32493
720575941519524524,720575940640321853,203391
720575941436437036,720575940623804560,91072
720575941538002920,720575940612808657,64966
720575941504964261,720575940633170207,128058
720575941563809890,720575940617381681,41368
720575941554247652,720575940611176494,162515
720575941530900355,720575940638901875,115261
720575941565748839,720575940624675079,103447
720575941603421686,720575940629783692,52962
720575941431953422,720575940619137819,118115
720575941543321629,720575940644260768,24932
720575941430157665,720575940628366352,45447
720575941615829205,720575940613922966,51288
720575941554202395,720575940622319966,567028
720575941667870385,720575940623467213,110605
720575941461969619,720575940621340429,76746
720575941595829873,720575940624947125,92649
720575941516616664,720575940621120353,218845
720575941545055081,720575940616703794,273650
720575941476939550,720575940632165260,80354
720575941544832261,720575940622864372,60560
720575941580106741,720575940633680098,48879
720575941427672148,720575940624896183,177262
720575941558461988,720575940640591056,25754
720575941503951410,720575940624988304,190772
720575941351441200,720575940640510427,68623
720575941701487578,720575940620606561,142240
720575941721929530,720575940626873718,100425
720575941499187681,720575940627720360,125709
720575941435632658,720575940621936008,183617
720575941391252630,720575940628995067,46215
720575941603589566,720575940621420660,1050693172
720575941594543399,720575940632905663,133510
720575941442117071,720575940636747854,133449
720575941629493986,720575940627867208,146136
720575941536015642,720575940640238451,523757
720575941610720330,720575940620533595,807615
720575941603926713,720575940646609028,536292
720575941494177918,720575940646163235,944698
720575941572712861,720575940605335910,177842
720575941491004873,720575940633906016,100541
720575941611798249,720575940627749116,96334
720575941595449969,720575940619653440,804516
720575941448813134,720575940625012301,902860
720575941507500823,720575940632229516,140063
720575941559865838,720575940625435469,550105
720575941644708216,720575940618924379,99928
720575941445097898,720575940628071409,202330
720575941538816461,720575940633199059,90121
720575941565519255,720575940631626860,817680
720575941527554982,720575940644892360,133624
720575941555925505,720575940616310715,26759
720575941650844145,720575940626176830,100354
720575941564504832,720575940629921835,75920
720575941478840995,720575940617975586,72737
720575941448159837,720575940624131050,120418
720575941489461449,720575940605256649,141776
720575941457116653,720575940630213632,542084
720575941632147692,720575940636092590,27512
720575941595774341,720575940627985402,132800
720575941547143304,720575940610272836,130003
720575941477435185,720575940629492011,15916
720575941536082147,720575940635865195,118957
720575941630911419,720575940625114174,905700
720575941494906750,720575940613366243,130052
720575941474929729,720575940625313636,806845
720575941628862434,720575940615089494,20605
720575941567481390,720575940624347978,71704
720575941533911578,720575940628745209,101287
720575941655384281,720575940625594174,150267
720575941481094223,720575940611596846,534186
720575941543282461,720575940635445695,157566
720575941610786634,720575940636843119,77039
720575941537771250,720575940644608036,92339
720575941393382294,720575940617861755,68193
720575941595499377,720575940629979087,30698
720575941484800322,720575940610739173,61157
720575941403698544,720575940624045411,107103
720575941513758563,720575940620967796,125869
720575941611352796,720575940616452182,53627
720575941478215331,720575940617071321,76660
720575941514483788,720575940614710470,138811
720575941721933370,720575940624250859,88224
720575941515266451,720575940634757015,76866
720575941351438384,720575940620393131,123672
720575941723490362,720575940634213532,553925
720575941610212525,720575940617745698,122128
720575941626002122,720575940629535788,47470
720575941610465769,720575940605444576,29274
720575941567306996,720575940632459234,20752
720575941602484409,720575940633648045,42823
720575941615645141,720575940623853309,137900
720575941596731036,720575940624169001,149559
720575941606079853,720575940634117112,817502
720575941480134635,720575940608090069,817146
720575941612866835,720575940627910908,149331
720575941656053460,720575940628139848,549524
720575941618460031,720575940630674682,33422
720575941407762094,720575940636378231,97846
720575941523493111,720575940640791155,115864
720575941570163956,720575940620551126,25491
720575941552165255,720575940611959011,28560
720575941535595018,720575940624989960,190972
720575941536242442,720575940607286450,169512
720575941459611076,720575940630710523,178291
720575941596578161,720575940632747551,181162
720575941461082381,720575940629155895,812932
720575941687808239,720575940632706643,103189
720575941604092150,720575940611507478,42446
720575941539841485,720575940629951481,957664
720575941531183333,720575940617427897,109799
720575941631634080,720575940621599604,22444
720575941625028716,720575940621708981,808514
720575941547755325,720575940624546055,91681
720575941526729986,720575940640628432,48808
720575941552782169,720575940613448874,148848
720575941401375011,720575940627942391,1058881154
720575941504859671,720575940622588307,54267
720575941410862703,720575940628540904,112272
720575941429537967,720575940639396003,48647
720575941723295034,720575940612570595,42819
720575941510901776,720575940631893579,526005
720575941578315089,720575940645458542,104017
720575941570139124,720575940631271251,60845
720575941474179168,720575940624187465,69679
720575941437988159,720575940629861419,67177
720575941479886816,720575940614682321,808346
720575941469436683,720575940627191171,169004
720575941481671366,720575940624500372,579914
720575941459694918,720575940607673865,115303
720575941539167613,720575940622356950,148825
720575941524282699,720575940661154177,116720
720575941452858695,720575940630964421,104713
720575941554442779,720575940624909575,546250
720575941483398141,720575940630785730,42707
720575941610206125,720575940620831879,34336
720575941552643994,720575940614563734,92483
720575941490855886,720575940618182178,72691
720575941644943304,720575940621985776,37600
720575941430794121,720575940642924941,107089
720575941534816026,720575940636233208,87060
720575941491510220,720575940628297627,67977
720575941550401535,720575940639155433,119368
720575941485360848,720575940625817256,165145
720575941591921548,720575940632523055,135341
720575941567955502,720575940624670612,200419
720575941689245336,720575940623705368,23801
720575941513582682,720575940629066087,28743
720575941475532347,720575940608643164,57725
720575941465973014,720575940639371317,211898
720575941451181134,720575940635917675,162662
720575941477037854,720575940640671603,46410
720575941590451767,720575940624765626,71834
720575941493844350,720575940605977265,102924
720575941505190706,720575940628845840,196645
720575941410971051,720575940620784805,561131
720575941625222043,720575940660160385,28068
720575941457686512,720575940613529395,821592
720575941458693791,720575940632910111,536307
720575941604332534,720575940607042178,159414
720575941633145541,720575940622789631,533290
720575941572890270,720575940618468130,159910
720575941527104770,720575940617678897,146037
720575941499778722,720575940609414468,125080
720575941431433313,720575940645569572,33860
720575941485855810,720575940615915974,198783
720575941575566479,720575940633565154,122293
720575941589205828,720575940629025015,170017
720575941456231327,720575940634095767,912064
720575941575939983,720575940620743663,539778
720575941517115820,720575940621181678,98010
720575941484031997,720575940623005453,104541
720575941446353940,720575940632923951,535768
720575941546683241,720575940624921639,543461
720575941496100992,720575940605775806,90751
720575941573728777,720575940634116448,811586
720575941520562871,720575940638349534,96353
720575941669234855,720575940622018736,167641
720575941431019105,720575940605870560,808856
720575941501509003,720575940628586604,32068
720575941470433547,720575940628455912,103420
720575941453183539,720575940633094431,90487
720575941483076538,720575940612105690,40291
720575941559267955,720575940605919334,907699
720575941476415006,720575940626575997,40960
720575941519378092,720575940625695525,163411
720575941416809500,720575940630553484,71034
720575941557679012,720575940619298865,180757
720575941579715409,720575940631684321,147622
720575941441920859,720575940615507710,58387
720575941563817362,720575940627062274,100981
720575941557201828,720575940607830402,26542
720575941445199274,720575940612828926,125469
720575941592728872,720575940639886424,122449
720575941483542214,720575940626702128,139239
720575941596479132,720575940636104811,81119
720575941405183344,720575940623454413,108931
720575941426327380,720575940638331718,104879
720575941548403261,720575940621205638,52696
720575941552894526,720575940622283900,95074
720575941476693610,720575940638088681,143809
720575941482315971,720575940624199721,137702
720575941638255477,720575940635334044,32347
720575941652645873,720575940631586924,36233
720575941590979724,720575940623153546,49909
720575941687153526,720575940613574865,327959
720575941659104336,720575940619589547,172430
720575941563433128,720575940633286335,113968
720575941655648473,720575940635995767,24874
720575941494835399,720575940621655686,127860
720575941553269275,720575940626524938,151801
720575941533052138,720575940637784383,216665
720575941536411368,720575940624874727,60699
720575941661367676,720575940638184164,529909
720575941431367087,720575940637699773,152592
720575941516252762,720575940623719463,151943
720575941527051620,720575940624018570,56659
720575941504493884,720575940633893215,107574
720575941393212310,720575940619866740,49492
720575941445389226,720575940628452986,185532
720575941563890998,720575940604444081,171780
720575941611218665,720575940641404624,539541
720575941549722941,720575940626179940,26676
720575941643654757,720575940625099853,512873
720575941438049855,720575940647522356,152571
720575941594453361,720575940655983777,125963
720575941554497819,720575940638507354,545407
720575941527405849,720575940634302047,77239
720575941505684247,720575940631061559,543100
720575941481232070,720575940629524780,117282
720575941492981680,720575940622467708,537834
720575941490045493,720575940618172187,23171
720575941565390231,720575940626309864,139282
720575941732717611,720575940611292339,36888
720575941492457086,720575940618706043,129171
720575941615573145,720575940632655955,124070
720575941599319232,720575940626569085,211509
720575941613097948,720575940622945485,135245
720575941528993227,720575940629902608,57298
720575941515206147,720575940639276085,62502
720575941563320162,720575940613865183,108639
720575941574948872,720575940625142972,116592
720575941458574320,720575940637782086,544805
720575941471433335,720575940617297620,77603
720575941546037692,720575940638329151,107932
720575941486470722,720575940625239816,204362
720575941556891172,720575940650377849,809737
720575941669585841,720575940627170250,127389
720575941436728639,720575940624109464,813087
720575941546506632,720575940617207645,68741
720575941460851155,720575940641285877,911803
720575941439340255,720575940627418389,100717
720575941567841780,720575940623011096,95017
720575941581708665,720575940614635518,141197
720575941483904066,720575940628675945,807473
720575941446039316,720575940633184813,91645
720575941533090021,720575940627057539,514203
720575941560747891,720575940620707649,148950
720575941565513526,720575940632565075,54480
720575941351688240,720575940614239338,116114
720575941518308056,720575940612547442,103410
720575941632603077,720575940618944891,103337
720575941609985257,720575940621831804,63901
720575941553849223,720575940636399582,48375
720575941540656732,720575940630305271,93788
720575941504157675,720575940634474894,817015
720575941540803453,720575940619839821,131350
720575941560805421,720575940627869461,149130
720575941504545730,720575940629427303,181343
720575941533714666,720575940618971163,127802
720575941512089809,720575940633615807,210629
720575941534766258,720575940618066715,33848
720575941536815848,720575940610658766,516326
720575941537846165,720575940615875933,125375
720575941670125489,720575940627020487,54242
720575941435865998,720575940644450208,166990
720575941547671841,720575940608404747,126700
720575941535894499,720575940631528495,100813
720575941610817354,720575940626730524,81171
720575941577336409,720575940626579087,131613
720575941460805843,720575940626778776,531381
720575941560777843,720575940614496735,145868
720575941576014774,720575940624005868,802493
720575941595167271,720575940610397845,59192
720575941480262991,720575940614357731,160350
720575941498441953,720575940628170259,113179
720575941538704509,720575940615257238,31749
720575941479288399,720575940627817948,125154
720575941655669784,720575940619050149,36392
720575941568236914,720575940627235134,132028
720575941696304858,720575940610505881,97027
720575941669665201,720575940624420284,122134
720575941610767178,720575940628930151,27198
720575941574117263,720575940613430499,70793
720575941568763386,720575940611893490,57135
720575941612665052,720575940608239371,529408
720575941623931132,720575940623123532,126242
720575941576642230,720575940608828785,61478
720575941504787650,720575940621987711,561699
720575941565709878,720575940623837880,542189
720575941547315124,720575940630949573,34775
720575941519660760,720575940626577850,161757
720575941487956432,720575940624740279,90240
720575941577008232,720575940625909541,144419
720575941467615709,720575940610288452,108587
720575941690083224,720575940645621870,98855
720575941471147127,720575940611603418,810653
720575941632915360,720575940618234297,129466
720575941574919163,720575940632394571,56721
720575941480096963,720575940627409490,120975
720575941645366392,720575940642497677,518026
720575941501900738,720575940618929112,906710
720575941484738114,720575940609966690,131549
720575941536970778,720575940612047858,518272
720575941564339351,720575940618320162,132544
720575941662223228,720575940613352106,83517
720575941596157888,720575940604729312,12441
720575941572500488,720575940627661640,133765
720575941521453747,720575940617972052,74062
720575941574889736,720575940628967106,96855
720575941605704813,720575940627249162,135983
720575941572462587,720575940627862415,127348
720575941438741292,720575940638441269,37139
720575941466197078,720575940613999263,803098
720575941594464369,720575940617739357,60903
720575941490343911,720575940609462370,33559
720575941414935956,720575940629666938,545337
720575941670330289,720575940640438094,143878
720575941535679410,720575940635590810,207591
720575941464056589,720575940616737734,518440
720575941491185614,720575940620498303,931939
720575941611182566,720575940639731363,127852
720575941427967572,720575940629002570,151781
720575941688121462,720575940639519822,121269
720575941528573643,720575940626580794,804921
720575941426020692,720575940629243191,123077
720575941497023872,720575940617196683,943654
720575941476884766,720575940632308025,78351
720575941574355464,720575940613142490,92422
720575941607892077,720575940631761349,131368
720575941681259197,720575940642958132,25908
720575941402372131,720575940612993194,35932
720575941661742904,720575940613602541,534013
720575941650212117,720575940633585612,204450
720575941472146218,720575940631109858,898638
720575941535082433,720575940634283616,65262
720575941572523784,720575940610184654,41210
720575941535548760,720575940619240572,57327
720575941642665592,720575940620169851,18633
720575941480860867,720575940653941153,130202
720575941534208856,720575940635859813,45815
720575941594502183,720575940634455403,74760
720575941553597668,720575940622998115,812120
720575941652155409,720575940615981206,131312
720575941431556622,720575940627075258,60803
720575941574988809,720575940648831097,73946
720575941481028943,720575940630578396,175231
720575941487588560,720575940619757515,516125
720575941515089657,720575940619542107,80565
720575941639064607,720575940624273957,46760
720575941545224197,720575940624318758,77896
720575941517392556,720575940614414539,115954
720575941552906046,720575940612120945,15038
720575941431511649,720575940617259893,80603
720575941572863241,720575940622926324,546020
720575941650345969,720575940626727710,520000
720575941597294272,720575940624206847,215854
720575941557878287,720575940629244751,32933
720575941572079262,720575940623481226,41376
720575941400249123,720575940621063277,62238
720575941535755242,720575940618030621,110990
720575941475153969,720575940616758484,100282
720575941731173675,720575940620701889,61010
720575941688054390,720575940629791563,154952
720575941480624323,720575940615732310,97733
720575941498879305,720575940609535096,551812
720575941461658308,720575940613528722,806574
720575941511868882,720575940623817156,78441
720575941447933204,720575940643311245,142582
720575941568918266,720575940612320098,814430
720575941491691751,720575940617480121,29156
720575941555309825,720575940618972673,189982
720575941620222335,720575940629863737,173137
720575941623995338,720575940631836946,88336
720575941431458775,720575940629016219,59290
720575941611673702,720575940639199797,583601
720575941731235371,720575940626748072,54922
720575941461639891,720575940624680426,62918
720575941452133545,720575940635163499,171788
720575941512472131,720575940614513258,238896
720575941515334499,720575940633529707,50542
720575941580171089,720575940638975977,61428
720575941485677890,720575940622911768,122982
720575941703025882,720575940623333196,14052
720575941498007458,720575940611212238,119414
720575941657572432,720575940618067227,125498
720575941488207305,720575940624147464,148249
720575941584929887,720575940626863388,545367
720575941576356968,720575940615594641,119877
720575941412866927,720575940645557870,552491
720575941597172124,720575940640775512,67825
720575941450440029,720575940629235244,523552
720575941569678330,720575940626044924,92106
720575941564238743,720575940621657965,93264
720575941555478564,720575940623462072,807518
720575941588752382,720575940623176481,101189
720575941481569615,720575940614254130,41547
720575941453005383,720575940615781307,62710
720575941440052959,720575940630204476,103983
720575941669575079,720575940620714479,95794
720575941651115281,720575940626513171,66099
720575941554900452,720575940631247932,115222
720575941643501394,720575940641305333,819171
720575941466564694,720575940620283813,63399
720575941472500539,720575940632685538,164174
720575941554262938,720575940632643501,120959
720575941604528062,720575940640879861,86243
720575941496480128,720575940625663468,28267
720575941590736268,720575940633936941,43186
720575941475580468,720575940631780833,104991
720575941546180201,720575940631257508,89765
720575941624972955,720575940625512683,42588
720575941462438413,720575940627535961,100324
720575941460185744,720575940631792184,106885
720575941435766060,720575940619284545,814284
720575941430856585,720575940632941101,57196
720575941586749918,720575940617498708,544202
720575941515688771,720575940616404191,18064
720575941510866960,720575940609143672,139053
720575941538924413,720575940646658083,45934
720575941686532620,720575940616586077,140923
720575941511552210,720575940617903643,35279
720575941393603990,720575940611086894,193282
720575941549370401,720575940618065984,111889
720575941516436570,720575940615369322,59736
720575941504060907,720575940617312320,196234
720575941467054358,720575940630732414,32625
720575941445849876,720575940617894429,813869
720575941571526728,720575940621949022,91742
720575941653478868,720575940634625391,135731
720575941732536619,720575940617859486,808305
720575941433106190,720575940629762426,59025
720575941480527234,720575940614310331,914852
720575941507796293,720575940613845485,532181
720575941534573400,720575940620224116,74371
720575941557445796,720575940622416520,46476
720575941669729703,720575940624986810,145072
720575941611437898,720575940634221212,553131
720575941498356603,720575940613469334,123798
720575941552771994,720575940638701375,45470
720575941584286686,720575940629211756,103033
720575941654585044,720575940628249938,34165
720575941562447016,720575940628453735,72118
720575941643502437,720575940635677176,549807
720575941643005778,720575940625370194,812901
720575941598530716,720575940628544143,518988
720575941403818864,720575940623971917,30561
720575941565732142,720575940611669987,48318
720575941448058549,720575940610650414,143658
720575941688904155,720575940624869671,103645
720575941429357231,720575940619417669,82466
720575941530327224,720575940636184687,88562
720575941613604883,720575940616611001,13790
720575941525877785,720575940606939010,95566
720575941492354174,720575940626228562,815358
720575941529416632,720575940614788392,55916
720575941429268105,720575940617765521,111603
720575941593654891,720575940620415824,180703
720575941450154574,720575940612899990,41048
720575941686974070,720575940616300729,83728
720575941432177111,720575940633537188,160258
720575941534709697,720575940616344849,96995
720575941563973174,720575940638379598,814509
720575941433394702,720575940631077750,581059
720575941537266930,720575940625959610,153267
720575941475505716,720575940615074922,159948
720575941633504197,720575940622544297,166841
720575941513967865,720575940630356012,104898
720575941404536944,720575940620191704,516690
720575941659336784,720575940620491654,73707
720575941637864309,720575940622926853,118175
720575941537485032,720575940627223036,107282
720575941572512251,720575940614829718,120059
720575941502743602,720575940631831879,119244
720575941404604784,720575940628785708,117861
720575941440853083,720575940647536260,57580
720575941584665439,720575940625794393,197963
720575941603015158,720575940616795509,152475
720575941631154373,720575940635567979,139372
720575941431742639,720575940644743790,544258
720575941558421742,720575940605612000,80789
720575941353222192,720575940624597542,156016
720575941573678408,720575940625432103,513730
720575941554257306,720575940625183502,129446
720575941624913546,720575940628533351,32559
720575941534555658,720575940626983882,70814
720575941596483740,720575940637542285,93166
720575941507148567,720575940612251055,45517
720575941519624814,720575940609174392,70401
720575941546894441,720575940633571041,524517
720575941627483193,720575940628121874,90601
720575941555660371,720575940648635524,137843
720575941504229911,720575940628813049,819344
720575941661888056,720575940629220175,119010
720575941643592274,720575940626148354,31875
720575941653846545,720575940634198112,111670
720575941553608346,720575940620460927,111287
720575941526736717,720575940625955877,208285
720575941508615262,720575940621868415,131534
720575941630798316,720575940627461392,183290
720575941509090770,720575940610148306,226016
720575941507927365,720575940629573993,231879
720575941572138235,720575940635906160,104734
720575941535023794,720575940629275898,669738951
720575941731152427,720575940624650476,113461
720575941448453981,720575940636216553,172182
720575941391563926,720575940629061627,62318
720575941519553196,720575940631360965,99530
720575941514273529,720575940625775630,137280
720575941581684857,720575940628174608,97110
720575941573275899,720575940626857368,808257
720575941519415980,720575940624508455,75403
720575941463843341,720575940611210872,21386
720575941559231503,720575940628864762,217737
720575941459020016,720575940621105646,99239
720575941445259690,720575940630669303,160640
720575941573963624,720575940625396252,22073
720575941406656942,720575940644030920,27973
720575941460270406,720575940622369396,525531
720575941480105039,720575940630157643,910225
720575941688723163,720575940612940506,208512
720575941526527876,720575940629600709,73775
720575941544569093,720575940647893636,525914
720575941481213347,720575940620440199,150928
720575941537772413,720575940630107131,940088
720575941431714808,720575940640147827,132782
720575941432788951,720575940617171573,525246
720575941437188575,720575940626340624,102006
720575941657333016,720575940639582848,148824
720575941533780202,720575940629278726,67433
720575941516797075,720575940613116778,804389
720575941445594538,720575940605754336,102322
720575941574902888,720575940633457197,41885
720575941596465285,720575940631225764,97634
720575941550417151,720575940628190522,35691
720575941586429150,720575940620543110,812725
720575941626847626,720575940613142514,87194
720575941624883820,720575940622633364,174450
720575941574778806,720575940634146808,80027
720575941568434290,720575940624698300,48911
720575941505296293,720575940635731063,36967
720575941490966581,720575940616367577,89601
720575941441794495,720575940613440921,91895
720575941504466711,720575940611077093,815166
720575941496363392,720575940624844071,77495
720575941611105866,720575940606143409,165666
720575941497060514,720575940639622272,147909
720575941503147714,720575940630015479,75159
720575941585995910,720575940621689584,73386
720575941612530278,720575940625732624,122762
720575941701010394,720575940635137178,536322
720575941430799864,720575940609843298,45687
720575941568865524,720575940646736772,35104
720575941663814780,720575940629787291,140113
720575941459215007,720575940619165213,805414
720575941507307287,720575940623436364,163037
720575941640408863,720575940620984747,120795
720575941545388037,720575940607049673,143432
720575941642991461,720575940623258845,157533
720575941670572465,720575940612257489,812249
720575941477144682,720575940623657513,80266
720575941587294788,720575940627471633,81602
720575941454817587,720575940620478959,59066
720575941408845871,720575940627503635,105581
720575941483793338,720575940633475424,814831
720575941516144730,720575940624992747,87722
720575941643704776,720575940639972597,161420
720575941547481633,720575940608883804,93778
720575941584123999,720575940632904356,133324
720575941467974678,720575940615099698,21643
720575941574926088,720575940618935041,73202
720575941555819603,720575940638722537,166128
720575941593478696,720575940608419676,96319
720575941439214124,720575940624193980,22857
720575941656039892,720575940629076679,514672
720575941578917209,720575940645437476,130165
720575941590435070,720575940617030585,19570
720575941520336823,720575940627951619,43958
720575941516097795,720575940634309477,35520
720575941732445739,720575940611208056,37115
720575941430819465,720575940631810391,185626
720575941657205840,720575940633038748,130046
720575941544688308,720575940632787916,801219
720575941498932642,720575940627075977,520593
720575941560103795,720575940614183218,175459
720575941535193322,720575940610196181,51666
720575941644007250,720575940626815826,37075
720575941650880241,720575940638174953,197228
720575941582504287,720575940632428867,145012
720575941461972676,720575940625721610,39416
720575941459917011,720575940633820130,123269
720575941669267121,720575940613881775,102122
720575941545257148,720575940612728981,75887
720575941351686192,720575940607227010,72746
720575941489053493,720575940623150716,63064
720575941558470382,720575940620681552,78218
720575941518431159,720575940625876517,25187
720575941430386446,720575940625047815,805544
720575941595309425,720575940653406966,50088
720575941548088865,720575940618125569,52727
720575941557413156,720575940619061317,155242
720575941486219149,720575940617150878,89723
720575941479459235,720575940632786124,81567
720575941537518229,720575940619488621,908152
720575941496620155,720575940619459126,192440
720575941691168475,720575940623463463,140638
720575941432341463,720575940627945724,77346
720575941463686669,720575940612252002,548812
720575941481247674,720575940621445569,811783
720575941537348579,720575940638837338,186817
720575941622639100,720575940623960063,144603
720575941521390007,720575940620382400,53447
720575941496693120,720575940611807795,48964
720575941508958480,720575940614884502,47185
720575941615091865,720575940627411593,517495
720575941656790040,720575940636593144,70179
720575941490760905,720575940623780872,114602
720575941410281839,720575940643573284,68519
720575941585121414,720575940605565886,85377
720575941407253039,720575940626973715,93548
720575941554491108,720575940611945170,158179
720575941527275289,720575940623102090,47038
720575941606801261,720575940619880326,807309
720575941412726673,720575940633724767,96292
720575941624262858,720575940630517110,52797
720575941624249755,720575940656097697,122045
720575941487405776,720575940624046472,35230
720575941463126029,720575940641548685,127761
720575941691145691,720575940627149086,545984
720575941451318087,720575940619302278,92519
720575941565122614,720575940621066049,51255
720575941651817745,720575940632591683,144211
720575941536008714,720575940631835663,162526
720575941703495898,720575940628721992,152554
720575941580632565,720575940632669741,220799
720575941599901737,720575940631063749,79959
720575941625934474,720575940640687861,109232
720575941539054541,720575940618304670,826042
720575941439932763,720575940616682530,101774
720575941554463259,720575940612543146,110063
720575941579602933,720575940635373466,53718
720575941526739878,720575940631057223,131670
720575941565049959,720575940621979745,142172
720575941732333355,720575940618242338,32692
720575941457837727,720575940642626779,197753
720575941392571908,720575940627328873,62702
720575941449858426,720575940632366879,10043
720575941521220791,720575940632753223,553734
720575941551151615,720575940628599516,539235
720575941604987838,720575940623451829,812471
720575941518437230,720575940628363642,141772
720575941394054806,720575940644398536,97081
720575941440132575,720575940631901409,46337
720575941652017173,720575940634655851,54058
720575941519195864,720575940648699524,195001
720575941515649091,720575940614198312,31138
720575941538643405,720575940632931294,138660
720575941588732996,720575940661216897,77173
720575941431148814,720575940630343747,173976
720575941532367538,720575940620508912,1058174678
720575941553728666,720575940614605730,134914
720575941536264434,720575940626846360,815107
720575941441951183,720575940619465131,33921
720575941669657777,720575940636685198,122236
720575941576032104,720575940617414237,91611
720575941537080291,720575940621040244,68907
720575941430695855,720575940639249222,107403
720575941416353052,720575940622785560,92786
720575941494935239,720575940622905869,140831
720575941723614010,720575940614248367,123285
720575941594921942,720575940626493700,209357
720575941662208312,720575940640410702,544631
720575941474210912,720575940636485733,89154
720575941544683452,720575940631106349,581290
720575941504132290,720575940607060425,73757
720575941475812673,720575940613024370,145338
720575941615645397,720575940625436976,544262
720575941530319800,720575940645621614,46672
720575941498151547,720575940619424421,529469
720575941686488303,720575940623730314,143134
720575941540563837,720575940616159861,49560
720575941490524366,720575940611807919,36622
720575941585998726,720575940626337566,78747
720575941566750518,720575940628651575,81349
720575941519079022,720575940621386017,518589
720575941431254743,720575940627646280,23479
720575941433039374,720575940624970987,910740
720575941439117397,720575940638603661,96505
720575941471749495,720575940626821157,517962
720575941544261225,720575940628487153,73368
720575941505755973,720575940627061946,81451
720575941610799334,720575940629670906,90193
720575941535725802,720575940619673920,116110
720575941411040427,720575940637277552,41664
720575941510820818,720575940638687395,77234
720575941485424134,720575940620430983,106289
720575941618496639,720575940632139949,109264
720575941595436246,720575940631059407,143691
720575941474956574,720575940632842963,106862
720575941643095969,720575940635653880,563981
720575941580360273,720575940606867145,903316
720575941504203826,720575940615624354,97930
720575941555517011,720575940610253432,810834
720575941554080283,720575940621012390,72648
720575941642369125,720575940631484357,523846
720575941662499708,720575940624275262,149502
720575941431379887,720575940616855872,51020
720575941431296248,720575940602829536,69865
720575941645521528,720575940621253590,181145
720575941625160074,720575940617927892,90952
720575941481015459,720575940628376085,91903
720575941631901371,720575940622269693,145335
720575941497264969,720575940621067712,72345
720575941448493237,720575940613094323,107172
720575941431687672,720575940631824426,73654
720575941477262388,720575940622592099,39211
720575941461247699,720575940618119483,98880
720575941512939985,720575940643509527,163274
720575941410858155,720575940630325366,78421
720575941536861210,720575940641555163,526993
720575941464020493,720575940618224601,40341
720575941604957630,720575940624807205,543339
720575941544677481,720575940616164767,110823
720575941516734062,720575940626187014,819206
720575941569529332,720575940620980304,573635
720575941570436084,720575940621211924,117687
720575941569403762,720575940629394075,109859
720575941495946624,720575940636024687,541831
720575941501653483,720575940637773631,113883
720575941503136818,720575940622387850,111960
720575941536167434,720575940613039578,22237
720575941591918187,720575940623053715,117104
720575941489402421,720575940633049671,123068
720575941655042777,720575940627892935,520574
720575941553261466,720575940629745463,98704
720575941573315983,720575940610510275,135015
720575941625975498,720575940632652319,53791
720575941508179294,720575940624683708,92238
720575941434077838,720575940621693142,94186
720575941479595906,720575940610427050,179459
720575941576656822,720575940638325470,542083
720575941491857127,720575940622180784,98801
720575941475469883,720575940613553202,935725
720575941461921220,720575940637704048,29364
720575941555672915,720575940631284511,59249
720575941516202899,720575940619586580,98936
720575941499035554,720575940605238914,23440
720575941655323097,720575940622295832,60545
720575941617589887,720575940611453906,32320
720575941550476861,720575940622701695,173646
720575941502522967,720575940630260791,539608
720575941566002230,720575940645807726,132937
720575941576469096,720575940614721534,78328
720575941502435307,720575940642562779,161481
720575941429726857,720575940628481301,81625
720575941553788161,720575940615126934,66614
720575941529319352,720575940639782875,101791
720575941599316160,720575940625826448,58060
720575941527157325,720575940629661306,54382
720575941553560474,720575940631985751,817299
720575941491322313,720575940632319032,543814
720575941535800513,720575940629078800,68022
720575941458841759,720575940642103693,116664
720575941564789650,720575940628499394,37295
720575941495465854,720575940627408466,518373
720575941431732728,720575940608242354,201993
720575941686538735,720575940615730594,118675
720575941502420715,720575940612592281,125472
720575941503250519,720575940625803668,124226
720575941540067789,720575940630303307,22778
720575941530731723,720575940638563150,106441
720575941632884384,720575940612061107,116793
720575941458140998,720575940612499406,132323
720575941687136012,720575940620821274,77072
720575941629257254,720575940606860721,141549
720575941493009790,720575940604337696,54063
720575941470575479,720575940645999139,808939
720575941459733203,720575940631721721,100855
720575941577096693,720575940625143027,531894
720575941485211533,720575940629686267,808563
720575941554233683,720575940632087367,26352
720575941479483299,720575940620994214,78120
720575941506952773,720575940648907641,540509
720575941607152493,720575940636008031,115920
720575941688240091,720575940628362812,19900
720575941643444837,720575940622281352,826417
720575941413289620,720575940631470923,146242
720575941573377096,720575940630561783,92187
720575941668012465,720575940628515332,115084
720575941598398144,720575940622204225,115842
720575941431528184,720575940616470389,549376
720575941429439480,720575940630055290,139349
720575941626342026,720575940632394777,61283
720575941440425919,720575940632129567,904945
720575941537967053,720575940632172770,45392
720575941553942919,720575940636961647,551906
720575941528057732,720575940620232686,820818
720575941604223417,720575940608796427,85117
720575941480163296,720575940607599305,530543
720575941653075729,720575940615232658,94244
720575941472082528,720575940620859488,50404
720575941546767292,720575940616974166,529252
720575941663897212,720575940632531983,543014
720575941586682846,720575940626628636,143050
720575941498217083,720575940638726259,114382
720575941603842489,720575940624046007,24707
720575941669883057,720575940612278501,122053
720575941552442367,720575940621162572,105200
720575941540092797,720575940612974961,68117
720575941514389068,720575940617545821,513293
720575941568249134,720575940618753445,117427
720575941573839688,720575940633592268,564072
720575941610347878,720575940638196157,105698
720575941483527622,720575940626622595,33206
720575941453397575,720575940620574190,141622
720575941651175153,720575940626642874,99053
720575941490114791,720575940636474286,119686
720575941416556828,720575940612637845,101181
720575941537846421,720575940626299594,103513
720575941353213744,720575940619930534,51646
720575941639956767,720575940630917976,196694
720575941459396563,720575940615215958,84819
720575941687163119,720575940613253874,137469
720575941486496141,720575940615044502,51053
720575941560477711,720575940632804712,164303
720575941480218242,720575940623028250,547671
720575941670042033,720575940637834608,123131
720575941430650977,720575940642773044,74088
720575941461491411,720575940632432402,84060
720575941478059114,720575940626394249,50688
720575941523363403,720575940621087879,59484
720575941471488887,720575940633615585,146779
720575941480154336,720575940619930021,140776
720575941505440060,720575940622574823,808502
720575941477553376,720575940625422867,812112
720575941466758998,720575940622661846,101921
720575941631809004,720575940626982087,83047
720575941414417300,720575940630210375,145145
720575941580001657,720575940642471988,96657
720575941507911262,720575940618127387,136338
720575941426591060,720575940619969300,107371
720575941469262199,720575940627733013,59045
720575941548300861,720575940615065922,151307
720575941513155843,720575940635232119,818942
720575941680564669,720575940629960192,168823
720575941722815034,720575940620768647,142067
720575941588804420,720575940613630742,99388
720575941463142925,720575940626182019,87109
720575941499889570,720575940633352929,61177
720575941587968823,720575940629296185,834985
720575941516835182,720575940623407143,811512
720575941451009102,720575940635917722,127885
720575941625961324,720575940650178169,49980
720575941670126257,720575940622565069,105550
720575941481886650,720575940614166690,95252
720575941514158289,720575940622093406,580492
720575941543374109,720575940635646911,137672
720575941433561998,720575940624322905,67342
720575941547115656,720575940624143036,803328
720575941651914993,720575940616747869,43982
720575941417117980,720575940619459894,226310
720575941592597800,720575940629923031,67875
720575941611988444,720575940639314291,85740
720575941458843718,720575940629436716,180524
720575941433456782,720575940625824131,57044
720575941406722990,720575940624049147,67341
720575941524842242,720575940658529665,86298
720575941412575124,720575940607448450,91141
720575941573385224,720575940624008328,166911
720575941466440278,720575940622057989,131909
720575941431418638,720575940617815225,160473
720575941732085291,720575940619617712,167563
720575941471470656,720575940618485787,132765
720575941530163128,720575940630962280,39806
720575941615638997,720575940639173437,111607
720575941575556022,720575940628463559,94923
720575941467225430,720575940617182267,525800
720575941515724643,720575940629419111,57050
720575941565337959,720575940635353445,32079
720575941429162337,720575940613268963,30764
720575941496170624,720575940633771684,104650
720575941584514782,720575940638574662,83673
720575941523571191,720575940623016803,531405
720575941447093429,720575940650910073,13282
720575941689109878,720575940628358419,810710
720575941572297118,720575940619872715,551643
720575941538064253,720575940619801793,905485
720575941643708833,720575940604658366,32849
720575941595369765,720575940630766098,86433
720575941448094901,720575940634652023,122251
720575941540020828,720575940635463086,143659
720575941443949738,720575940623991333,817709
720575941520954615,720575940625349159,182548
720575941519701102,720575940606143422,248362
720575941653002713,720575940614710737,137679
720575941505786181,720575940630474434,59611
720575941553564551,720575940623338316,93391
720575941477755201,720575940628457448,526245
720575941517304979,720575940635941624,142774
720575941557341455,720575940622040419,106227
720575941556307364,720575940632716698,815347
720575941633464736,720575940626463869,555319
720575941466118166,720575940631544618,59385
720575941526965785,720575940618886228,145723
720575941512088140,720575940620826388,66106
720575941503849707,720575940634525153,546208
720575941511862225,720575940624771255,71298
720575941552126270,720575940654083489,112219
720575941687817455,720575940645540119,230646
720575941524428802,720575940625346362,183656
720575941686371055,720575940632068383,161418
720575941578474833,720575940608436235,128712
720575941561846829,720575940617002613,535164
720575941590982398,720575940617632133,154390
720575941462091920,720575940623237011,32550
720575941592913191,720575940617540766,809537
720575941654501337,720575940618267339,818681
720575941609339309,720575940629709250,816676
720575941458116422,720575940623799699,72104
720575941440644437,720575940619983297,114904
720575941575827382,720575940623798455,105322
720575941351483696,720575940613793950,30585
720575941483140550,720575940615332674,137152
720575941565602567,720575940608185218,148598
720575941497770977,720575940637475982,83160
720575941564931687,720575940626846410,88154
720575941557188516,720575940632208707,115062
720575941633071008,720575940648706692,42553
720575941503274034,720575940625703098,64109
720575941467352854,720575940618651675,81068
720575941552578202,720575940613618216,100489
720575941485138829,720575940623641351,124731
720575941502598231,720575940630241239,112425
720575941535134947,720575940623112119,904099
720575941598430912,720575940626215635,66828
720575941598177728,720575940609781769,36498
720575941491504359,720575940606657470,43260
720575941653934097,720575940632284776,31850
720575941435082382,720575940636958309,81643
720575941555890916,720575940626200457,906027
720575941547942792,720575940617111308,144660
720575941614777875,720575940612305506,525115
720575941600619561,720575940611538126,19236
720575941668600563,720575940625296969,130368
720575941353444144,720575940627197190,77055
720575941522572791,720575940606274592,69107
720575941589278348,720575940628226185,516310
720575941405026672,720575940607128777,201219
720575941688490870,720575940621076801,536418
720575941702967770,720575940623130838,179306
720575941504748226,720575940621229477,169701
720575941461624845,720575940629022875,811440
720575941565724214,720575940621087570,56771
720575941657614928,720575940630524631,47376
720575941413145236,720575940631620089,110161
720575941511474130,720575940627713045,114499
720575941553742107,720575940645933079,194526
720575941440093787,720575940627849274,544533
720575941604727486,720575940602974688,43506
720575941430724271,720575940629178923,133992
720575941514155363,720575940622950663,40884
720575941500628107,720575940629784108,92631
720575941561430952,720575940631061868,546648
720575941506832257,720575940626499594,130596
720575941450743418,720575940618974533,69017
720575941594457201,720575940634200160,35960
720575941612544173,720575940644873416,213021
720575941466401622,720575940624374334,811340
720575941521994571,720575940622251519,55296
720575941408028719,720575940627951256,113762
720575941444651690,720575940625023416,529691
720575941438598930,720575940617306717,38707
720575941499401033,720575940627145861,128769
720575941633477061,720575940631555535,901544
720575941529586123,720575940612365464,111714
720575941505881413,720575940636159039,66601
720575941732354347,720575940615928635,97243
720575941477468190,720575940615257300,36210
720575941506804028,720575940612628709,174347
720575941438875733,720575940622366218,131920
720575941611553866,720575940640770931,97867
720575941613252060,720575940622801366,119567
720575941573687291,720575940625267640,80786
720575941559443182,720575940620011034,27249
720575941503921090,720575940642029019,116879
720575941669792433,720575940629958444,180171
720575941552381082,720575940624263914,140327
720575941502144087,720575940628734737,138390
720575941466482006,720575940623435815,123905
720575941562342802,720575940627735050,56320
720575941567290158,720575940655589025,87522
720575941654042324,720575940619807793,75170
720575941533252227,720575940622486388,149876
720575941643741285,720575940626978818,68592
720575941475819329,720575940613166042,104731
720575941584560350,720575940621021632,163109
720575941629929510,720575940659015041,93105
720575941644596129,720575940620159659,55386
720575941469539136,720575940637528206,87959
720575941513901009,720575940613433622,23697
720575941594443633,720575940642451189,104247
720575941618011519,720575940637646170,49419
720575941468756445,720575940633312482,809729
720575941537157608,720575940620167253,77824
720575941504251954,720575940616110239,98609
720575941544441861,720575940604425696,110408
720575941481418691,720575940638760307,70430
720575941575578255,720575940614724514,138542
720575941415067540,720575940631806539,129851
720575941534612568,720575940613136613,37728
720575941440338005,720575940620697697,106455
720575941573647867,720575940606691932,131570
720575941523050231,720575940625626638,64105
720575941588006980,720575940620607025,208509
720575941435607840,720575940636634743,130126
720575941482703546,720575940625622909,87778
720575941500995467,720575940625554575,801167
720575941611853286,720575940611816824,139664
720575941586501598,720575940621993430,64209
720575941573188751,720575940621044207,115563
720575941470596875,720575940605995721,813320
720575941453308585,720575940612110946,99877
720575941412382063,720575940640967888,529234
720575941393974934,720575940630990184,74931
720575941553291777,720575940650818425,76169
720575941645372536,720575940626601218,168192
720575941578640209,720575940621219524,44953
720575941589997196,720575940637317342,122087
720575941595593767,720575940621010566,535527
720575941645973960,720575940635557751,818424
720575941547778996,720575940616234683,525486
720575941643663304,720575940631549125,72220
720575941575124744,720575940619386747,215301
720575941463470861,720575940627657853,50186
720575941732269099,720575940629624446,43967
720575941542967045,720575940620575476,93141
720575941551785626,720575940620957353,30313
720575941566369078,720575940617490717,90956
720575941613445273,720575940631608172,126965
720575941467022614,720575940623458633,531334
720575941508712994,720575940619200532,165026
720575941614023699,720575940614275070,101505
720575941556026195,720575940614800382,189658
720575941579661557,720575940641487568,32294
720575941431421710,720575940627675013,539765
720575941508539938,720575940626127432,545962
720575941574494715,720575940630724204,530821
720575941593365031,720575940631385551,115009
720575941590266167,720575940612029297,517777
720575941490097353,720575940607473931,57456
720575941588204087,720575940621780997,141300
720575941479763363,720575940632177453,145641
720575941503646514,720575940628060166,911588
720575941535001010,720575940619981550,820652
720575941439778783,720575940632716128,45656
720575941554675098,720575940624141129,167071
720575941407750062,720575940625615248,175308
720575941595362343,720575940629971650,588669
720575941702354138,720575940619767974,52377
720575941459330719,720575940633230929,134525
720575941435988768,720575940617817556,96380
720575941467987734,720575940661325697,130446
720575941470892555,720575940607013297,43774
720575941563868328,720575940637041118,909556
720575941514545731,720575940645249572,855431770
720575941481710927,720575940640759248,88878
720575941401686563,720575940609657355,72654
720575941524595787,720575940623271306,19483
720575941510991888,720575940633258925,128736
720575941507864193,720575940644978711,18302
720575941611959725,720575940637719878,906093
720575941547187892,720575940628796521,139611
720575941732513579,720575940612556402,807872
720575941549059873,720575940639565382,99506
720575941476713780,720575940622929507,92413
720575941499518626,720575940636473207,149214
720575941530220773,720575940643207191,41132
720575941581318265,720575940638418621,158987
720575941624357578,720575940620475339,58012
720575941555671635,720575940634597913,546591
720575941474476830,720575940631568927,814806
720575941500093602,720575940606241154,71830
720575941535884810,720575940614569470,543273
720575941638531701,720575940627704488,131370
720575941626676874,720575940630252428,175673
720575941481454159,720575940620465067,537975
720575941662084220,720575940634703215,156395
720575941662123900,720575940625334349,812296
720575941394043030,720575940636757476,121757
720575941480457952,720575940619293622,119668
720575941592029836,720575940641661429,135737
720575941532095205,720575940639919413,53081
720575941572047099,720575940628505616,147234
720575941523540043,720575940620989781,201913
720575941551124286,720575940621038006,104987
720575941463731725,720575940621365268,45192
720575941589978679,720575940616616002,517436
720575941409079723,720575940617190998,519994
720575941519687859,720575940632064331,82003
720575941498917449,720575940628268616,87321
720575941595805084,720575940632830163,810336
720575941460391750,720575940622326953,125413
720575941352670768,720575940610585366,56398
720575941689844443,720575940624562469,515650
720575941594018411,720575940617020210,164586
720575941555705939,720575940625507870,82059
720575941518996846,720575940622209048,17196
720575941480725216,720575940626034435,535259
720575941560106222,720575940636136567,119591
720575941589636407,720575940631261132,166122
720575941473200480,720575940624806152,153950
720575941556466404,720575940616825062,127738
720575941536347930,720575940626653336,514724
720575941434055968,720575940624407740,96168
720575941459260144,720575940637030975,905335
720575941628592866,720575940605676576,388968038
720575941431965025,720575940628327034,38394
720575941515830019,720575940616686130,178975
720575941505400997,720575940623646733,820774
720575941536445633,720575940624312555,42773
720575941530839427,720575940617105822,808473
720575941611279337,720575940627072168,107863
720575941625634203,720575940633791513,71651
720575941552218430,720575940633311187,47963
720575941475850043,720575940625687344,75396
720575941652913937,720575940630818242,512233
720575941440306773,720575940629971852,814850
720575941600054057,720575940612142051,87135
720575941435143456,720575940624535042,12909
720575941431103625,720575940612638998,114123
720575941552545563,720575940616897548,79000
720575941596476805,720575940632858925,81875
720575941565614855,720575940632995501,67188
720575941530971365,720575940638769990,103547
720575941351367984,720575940631593925,137391
720575941573083208,720575940612472689,31523
720575941409153839,720575940632269229,215334
720575941691216859,720575940623987125,13505
720575941577753937,720575940624811139,98577
720575941401644067,720575940641814005,44906
720575941504977458,720575940619903537,117305
720575941477283121,720575940643939694,521789
720575941594415217,720575940637594995,808380
720575941459927492,720575940638254825,203182
720575941702064858,720575940622076680,907538
720575941542797829,720575940629704297,64733
720575941439819349,720575940633978963,93429
720575941520512439,720575940622313971,77701
720575941573861021,720575940620804109,75562
720575941529554360,720575940615244690,133330
720575941613019411,720575940617143413,156261
720575941626218954,720575940640995725,76004
720575941642950776,720575940653115382,123344
720575941625218203,720575940624294072,51667
720575941478467458,720575940621174192,807120
720575941454366771,720575940639798077,519964
720575941473350954,720575940614071970,61650
720575941455361261,720575940623323721,60798
720575941516654841,720575940628549894,102633
720575941461724371,720575940638417886,512993
720575941461327571,720575940622013097,189532
720575941525793282,720575940618626439,818803
720575941575560630,720575940628266506,201109
720575941490796238,720575940622780165,188935
720575941546627260,720575940628927491,38659
720575941642221176,720575940610745373,807737
720575941512467153,720575940622503412,112406
720575941687985391,720575940630949203,18659
720575941519487704,720575940629724380,107487
720575941575518390,720575940624106948,36395
720575941458259952,720575940624806292,124293
720575941691361176,720575940610537336,40006
720575941655615188,720575940624228393,144904
720575941655224793,720575940633927359,157197
720575941463391245,720575940630013690,118556
720575941438537535,720575940626791964,38919
720575941477024564,720575940621233925,156123
720575941480526560,720575940634941503,167493
720575941473400928,720575940622451273,41891
720575941532182501,720575940630818422,71228
720575941532600805,720575940616444347,83803
720575941552470271,720575940622253238,112070
720575941491308233,720575940621839469,101097
720575941478839887,720575940639234367,25203
720575941554188315,720575940616152844,50393
720575941565301143,720575940607848393,71708
720575941445392148,720575940616622860,907673
720575941438223071,720575940647120163,126617
720575941679486141,720575940611903954,43659
720575941516281091,720575940635597048,90879
720575941407895599,720575940612302506,204811
720575941538795250,720575940619599921,194417
720575941567282478,720575940659379073,809573
720575941573815368,720575940629755770,59675
720575941432766990,720575940638440158,124456
720575941589654340,720575940619240875,147053
720575941593959531,720575940613799218,101274
720575941530154424,720575940624164104,906549
720575941461304275,720575940652427254,243004
720575941507527774,720575940626880805,146637
720575941567858164,720575940612565733,114127
720575941565228183,720575940638233572,131595
720575941567747578,720575940639020122,92789
720575941460507974,720575940621608001,150916
720575941662031672,720575940623047779,99565
720575941612205030,720575940609819619,136036
720575941689328091,720575940635237271,121288
720575941542820956,720575940613547673,515433
720575941481167951,720575940617753142,556700
720575941437883103,720575940610773602,93751
720575941514789443,720575940630236542,122248
720575941604142777,720575940626856945,150904
720575941518497196,720575940628035402,107621
720575941434001550,720575940624755180,937641
720575941489279438,720575940634873054,97816
720575941537881981,720575940607989771,511952
720575941560260879,720575940639431238,524497
720575941498671778,720575940633695736,57731
720575941655181012,720575940631993159,104044
720575941632987808,720575940628773361,580092
720575941576811353,720575940628689660,71236
720575941559678958,720575940620002036,540535
720575941575046153,720575940622437503,231611
720575941515825913,720575940630759485,265253
720575941459780678,720575940616948748,553970
720575941593339688,720575940634480791,82648
720575941507009605,720575940611858837,55036
720575941594007403,720575940625367783,126560
720575941663959420,720575940630725162,535800
720575941535311538,720575940622044148,531718
720575941507663745,720575940628889347,160012
720575941481343174,720575940606934473,46317
720575941538359957,720575940614476967,45695
720575941514199116,720575940642713229,110833
720575941472399680,720575940625011128,512443
720575941557818532,720575940620953989,527437
720575941562425768,720575940615820556,180875
720575941488408629,720575940612344306,817802
720575941491006409,720575940629198833,543000
720575941537809021,720575940629000783,813660
720575941413099156,720575940620764692,152760
720575941613682908,720575940633398123,105648
720575941567761522,720575940624184575,147189
720575941456987885,720575940644245920,125996
720575941590351358,720575940622885354,105767
720575941484498317,720575940622942730,60204
720575941545732540,720575940627697231,37134
720575941644644178,720575940627710607,122505
720575941662587192,720575940616695835,137383
720575941415914268,720575940629332524,170990
720575941589330743,720575940610158821,93388
720575941591857771,720575940628837352,31344
720575941506855262,720575940614780219,910161
720575941549963636,720575940625066483,890497
720575941624016124,720575940617909627,104523
720575941439261759,720575940606339430,81559
720575941511184400,720575940655398817,532468
720575941539567765,720575940636124015,32523
720575941513827427,720575940640386176,149488
720575941541020541,720575940621781670,174385
720575941441451967,720575940624417052,56531
720575941405909934,720575940636571310,847034
720575941595419173,720575940629400619,125810
720575941533265893,720575940625817831,128840
720575941595417639,720575940616967508,101792
720575941631526085,720575940615730875,541582
720575941391516420,720575940626564964,91414
720575941690463384,720575940624346564,85552
720575941730756139,720575940638653018,82978
720575941513179857,720575940610575918,104648
720575941631276524,720575940618907757,806167
720575941545687996,720575940622151804,107386
720575941516006905,720575940630079685,99379
720575941413120660,720575940643569175,816696
720575941514376524,720575940640117968,115605
720575941548482952,720575940612658984,106715
720575941572421790,720575940609372252,102160
720575941481020925,720575940613971485,814836
720575941572070984,720575940636059503,56259
720575941576900697,720575940622078704,23910
720575941540491901,720575940613532831,79504
720575941506850117,720575940608883209,101653
720575941568367610,720575940630006267,19721
720575941477734506,720575940638677070,517892
720575941476757098,720575940621145792,104601
720575941523736823,720575940617844921,20970
720575941524078925,720575940630976312,147130
720575941654682836,720575940623840589,274169
720575941482185402,720575940640347709,71449
720575941537647848,720575940617328596,30349
720575941461749971,720575940629901328,50827
720575941471314699,720575940622907350,49610
720575941508707856,720575940638990911,216660
720575941497748603,720575940627737900,914370
720575941591877516,720575940613251299,519482
720575941660461112,720575940631967183,537415
720575941533022808,720575940616682786,118725
720575941595823260,720575940623212170,808646
720575941488422965,720575940626663440,910851
720575941645365960,720575940642369736,805762
720575941524025675,720575940627341314,513958
720575941439174700,720575940620825035,63791
720575941563033000,720575940621192368,561550
720575941689382107,720575940607340555,119506
720575941547145096,720575940607585737,74497
720575941566482990,720575940632522538,146341
720575941429179311,720575940622607459,542709
720575941449141173,720575940632903906,57823
720575941496256128,720575940609801570,106382
720575941575125512,720575940636814734,52177
720575941436391200,720575940620679244,76876
720575941393070486,720575940616031417,64865
720575941506975070,720575940644274848,83003
720575941530124216,720575940614900127,90497
720575941458157894,720575940622740999,138409
720575941554900563,720575940622918911,51022
720575941515867907,720575940628884854,156429
720575941549947764,720575940609097058,49899
720575941412609169,720575940623537958,123443
720575941691334619,720575940627996682,512285
720575941438670015,720575940625196163,808124
720575941536074467,720575940622176577,150356
720575941659044944,720575940646034740,83709
720575941595368150,720575940626581434,47342
720575941533843905,720575940648601988,39678
720575941518950579,720575940618819675,137784
720575941428023892,720575940631927619,542171
720575941602564025,720575940624685204,137310
720575941578537461,720575940636678884,77291
720575941483576506,720575940608996188,184898
720575941486902082,720575940622112438,89815
720575941535772698,720575940637522654,531738
720575941553547674,720575940614856042,48233
720575941629852386,720575940611194926,49183
720575941518169772,720575940613645285,545415
720575941578484057,720575940618771371,906502
720575941610561756,720575940614605279,822919
720575941556763044,720575940640600784,169579
720575941490835253,720575940616896710,93037
720575941442125403,720575940614138664,546876
720575941432649431,720575940608780553,113296
720575941560650355,720575940622495092,43351
720575941453427881,720575940623838461,196423
720575941499290786,720575940628868907,81799
720575941477578801,720575940629788098,126678
720575941519045292,720575940621545819,205414
720575941569694202,720575940622089195,181513
720575941611603475,720575940640521936,101916
720575941412626799,720575940633148058,815856
720575941538122389,720575940611357081,36560
720575941488451024,720575940629491906,518571
720575941612112486,720575940621140463,83071
720575941524125515,720575940645210391,127028
720575941549652029,720575940633003212,23873
720575941690811032,720575940626933123,73629
720575941505153330,720575940644476452,565944
720575941519095000,720575940642927245,46203
720575941640812575,720575940631301829,215494
720575941536932323,720575940616642790,81385
720575941563789992,720575940618720320,63569
720575941630382316,720575940627969359,100454
720575941504191575,720575940641530075,150575
720575941632070331,720575940622743551,118997
720575941430603401,720575940629274097,539792
720575941480770211,720575940626025776,39256
720575941469493367,720575940636563636,103581
720575941470498059,720575940615945794,118192
720575941627711545,720575940628495878,269446
720575941448520468,720575940628180392,810009
720575941550390589,720575940604909246,549020
720575941670923431,720575940606239666,19640
720575941560023667,720575940631394003,86139
720575941595335301,720575940615307154,806777
720575941644778657,720575940627739978,81420
720575941604321209,720575940622996762,167475
720575941543150109,720575940617353433,64351
720575941453817769,720575940622445552,158720
720575941475987265,720575940605934112,105231
720575941571036062,720575940620917119,108820
720575941510290448,720575940622150128,139726
720575941539436749,720575940626657808,150761
720575941564760162,720575940628241171,146226
720575941565688839,720575940614827922,200133
720575941579779961,720575940618095173,807269
720575941533803242,720575940609600580,104202
720575941644973768,720575940617217510,142166
720575941460949904,720575940633664156,78629
720575941557351844,720575940617492436,104602
720575941525792002,720575940618876830,809570
720575941556486884,720575940626745193,167758
720575941564486034,720575940633889761,115498
720575941534520664,720575940614308305,110988
720575941525317890,720575940622375894,116791
720575941460923536,720575940621381542,101152
720575941484305661,720575940623442470,43362
720575941433089934,720575940638542424,524270
720575941572877819,720575940612081777,122289
720575941491799527,720575940623497653,83467
720575941547614388,720575940616864340,530051
720575941533680321,720575940641776032,182830
720575941430188792,720575940638247357,139549
720575941552475135,720575940617486809,102576
720575941485379590,720575940616316884,116447
720575941441680831,720575940603539424,152273
720575941584179039,720575940631277131,153604
720575941732288811,720575940631275513,48620
720575941448191837,720575940606064416,66880
720575941624735996,720575940623653267,56324
720575941403052912,720575940621883383,92386
720575941597512640,720575940620731561,910281
720575941632291515,720575940630313338,41697
720575941414784540,720575940615215210,46117
720575941519348846,720575940647047220,141647
720575941528287398,720575940633132236,538067
720575941519295960,720575940623082509,908759
720575941507178881,720575940630251564,69460
720575941558141988,720575940606449766,47930
720575941552041863,720575940629412139,142718
720575941643213138,720575940614045858,818087
720575941585848030,720575940627526652,77458
720575941670150055,720575940620572737,126479
720575941564932455,720575940622925005,101448
720575941550249471,720575940625641418,94275
720575941596849797,720575940622107418,218657
720575941611732909,720575940631558191,804122
720575941498662818,720575940614444338,828491
720575941594923734,720575940626174750,118713
720575941615675349,720575940611924117,115870
720575941529222840,720575940638882256,22668
720575941634127803,720575940619495547,77581
720575941412495471,720575940623932952,36442
720575941508703838,720575940622074544,540417
720575941480338595,720575940629337191,51750
720575941416790300,720575940613010837,524248
720575941441618523,720575940652593398,812216
720575941532342245,720575940627170846,108520
720575941517477036,720575940639698766,123266
720575941545117445,720575940635606629,72425
720575941584949214,720575940627067919,114981
720575941512479953,720575940623043196,158646
720575941515945571,720575940623099085,68658
720575941568635438,720575940612188273,84482
720575941542399005,720575940630784298,81819
720575941668397735,720575940632281901,46221
720575941411245227,720575940605572064,27270
720575941537119971,720575940641323405,42596
720575941504226885,720575940620353518,144030
720575941537464547,720575940617112693,80538
720575941557721636,720575940629702014,179473
720575941657632024,720575940630430495,537925
720575941455872493,720575940629460986,93812
720575941427893332,720575940612197101,196622
720575941555458387,720575940629709182,67854
720575941477478209,720575940633182628,106524
720575941462778125,720575940627550214,37720
720575941461674963,720575940621198625,100101
720575941553227418,720575940628055573,97886
720575941475295530,720575940611994830,221556
720575941631157408,720575940623948546,25075
720575941559493421,720575940628241649,112929
720575941642876024,720575940635095191,51739
720575941455491821,720575940623374591,95424
720575941689318040,720575940613963951,526851
720575941505189399,720575940604900832,135388
720575941514096204,720575940611917169,563617
720575941439309631,720575940605956896,43875
720575941535084570,720575940620686063,545842
720575941562915730,720575940645745188,133234
720575941593948805,720575940615052584,37378
720575941518109400,720575940623710133,18380
720575941498097570,720575940627490691,106354
720575941535258968,720575940631363279,141921
720575941628060454,720575940606557886,96290
720575941491564720,720575940624686060,81006
720575941593761131,720575940621221614,41393
720575941543334149,720575940625074446,129023
720575941470212573,720575940617284825,73598
720575941506259772,720575940611738994,544981
720575941409904299,720575940623311630,60534
720575941408628910,720575940612439269,519536
720575941549697652,720575940629137451,526288
720575941603834553,720575940626318867,127997
720575941624899722,720575940626132030,814995
720575941439029951,720575940622575103,65685
720575941536149224,720575940636010488,106335
720575941490833072,720575940618155348,906089
720575941513399875,720575940647514676,137252
720575941643215717,720575940622474100,72173
720575941486842690,720575940623645133,67276
720575941645512824,720575940635104447,144208
720575941507979870,720575940623881872,813983
720575941611246253,720575940618739358,115509
720575941643852705,720575940615430311,139827
720575941504235826,720575940626488624,144713
720575941521272055,720575940627298831,39502
720575941565777767,720575940614746178,254745
720575941490989621,720575940619219269,53928
720575941611967974,720575940608440668,580392
720575941414309268,720575940634643886,189861
720575941533365770,720575940642644788,80812
720575941539173069,720575940622880244,51296
720575941427987284,720575940631926329,45247
720575941499461026,720575940630582007,64816
720575941656387096,720575940622960041,153211
720575941593161256,720575940622592726,80526
720575941411745451,720575940647074595,135984
720575941565951847,720575940622477993,73200
720575941521750451,720575940625484048,136244
720575941722861626,720575940617668662,46958
720575941560210291,720575940629285275,556048
720575941534255114,720575940618161099,120997
720575941624762314,720575940623484455,52360
720575941526721869,720575940608035374,807515
720575941587436087,720575940632155207,816086
720575941480793730,720575940624357885,99867
720575941595049430,720575940637435113,129337
720575941511138124,720575940611401709,906196
720575941585579486,720575940618751902,70665
720575941483801530,720575940622285194,203683
720575941632851131,720575940639718453,74119
720575941608157293,720575940638763846,107483
720575941519141804,720575940603938238,94467
720575941433290254,720575940618277681,106966
720575941414682652,720575940638390494,34075
720575941565628514,720575940625722919,207581
720575941503500267,720575940644347940,60740
720575941633499845,720575940609633860,146293
720575941686814838,720575940621012133,103124
720575941544217349,720575940617557649,45865
720575941431686831,720575940609243349,43294
720575941644728440,720575940612076238,177497
720575941549136673,720575940615403231,74837
720575941700844506,720575940627329798,151869
720575941469601655,720575940630711377,69061
720575941534953482,720575940622805798,181296
720575941610338406,720575940636070519,84569
720575941450746183,720575940621772148,540251
720575941629766182,720575940626753045,256361
720575941530903171,720575940620953291,805141
720575941593466731,720575940660108161,261094
720575941623908604,720575940606095550,114291
720575941554883556,720575940632930188,515467
720575941533493682,720575940624315115,212519
720575941535402418,720575940636818062,126631
720575941584809055,720575940644202696,24858
720575941512505420,720575940639453555,35985
720575941612471654,720575940621502384,524718
720575941668989683,720575940636678542,57198
720575941527359654,720575940626666877,136566
720575941599362496,720575940628506952,65460
720575941601991353,720575940621774360,65385
720575941525501284,720575940637955968,911576
720575941436899807,720575940645782068,168032
720575941521380855,720575940621760422,127341
720575941514486339,720575940628976131,531216
720575941500369547,720575940620720775,211203
720575941553345051,720575940639837091,47450
720575941598393536,720575940653201654,80256
720575941691235547,720575940611875221,84363
720575941568773422,720575940621787260,69890
720575941540855677,720575940615460350,27817
720575941495041920,720575940631012370,248502
720575941515115866,720575940629359607,812428
720575941504182359,720575940624246250,138070
720575941610058413,720575940636574436,814628
720575941549424417,720575940624574922,514066
720575941612322278,720575940621023214,131629
720575941484160954,720575940621522446,813384
720575941431884558,720575940631978592,110140
720575941670152625,720575940625630212,333223
720575941431165688,720575940636381541,181516
720575941549546813,720575940625020651,525981
720575941625756827,720575940620669531,193061
720575941589029118,720575940614783027,124805
720575941550191677,720575940616176571,521578
720575941611011049,720575940620750830,107080
720575941559415853,720575940619842469,163937
720575941485863746,720575940629453116,26095
720575941615601049,720575940610902904,543181
720575941515702362,720575940627704263,817237
720575941508174942,720575940628678991,54099
720575941433635982,720575940635962559,44723
720575941614291987,720575940661327745,908237
720575941604967789,720575940623995748,812674
720575941564991591,720575940637534309,120167
720575941655899092,720575940630620985,169511
720575941467413078,720575940608635913,903120
720575941669568689,720575940631217751,136620
720575941630517730,720575940623826729,34919
720575941584305759,720575940625097916,557883
720575941663307132,720575940632166604,74896
720575941448299540,720575940631330255,534137
720575941496873289,720575940622024957,535725
720575941435912480,720575940624708583,73604
720575941661639992,720575940617849920,115267
720575941455099699,720575940621226661,71756
720575941525998502,720575940624632578,65411
720575941611659949,720575940626578576,66237
720575941401279011,720575940645689710,55176
720575941628162361,720575940625379859,28732
720575941611920045,720575940612879783,907397
720575941509945810,720575940630140026,68364
720575941436786220,720575940625067294,147665
720575941690306523,720575940606208446,23427
720575941433362446,720575940621132253,147541
720575941458132895,720575940612547698,811175
720575941529628856,720575940620009432,544729
720575941534782296,720575940645206295,55395
720575941492373479,720575940616383389,11084
720575941610366026,720575940605118142,557784
720575941560794157,720575940614964655,112818
720575941538355349,720575940604493024,83058
720575941644904648,720575940626355081,104473
720575941658616912,720575940635637428,106819
720575941588792644,720575940629636802,16686
720575941659903032,720575940623166302,38588
720575941407842095,720575940622927541,217973
720575941432205838,720575940624853600,954336
720575941547437236,720575940618595558,255483
720575941575950774,720575940618168038,125078
720575941537723517,720575940622568944,808264
720575941576469430,720575940628018691,61458
720575941477897346,720575940626639259,813403
720575941588159812,720575940608759620,810775
720575941518881902,720575940624198861,58737
720575941487010370,720575940619066708,185125
720575941670235569,720575940624682087,55030
720575941467257174,720575940634438937,127996
720575941506898341,720575940624977930,31750
720575941569186042,720575940639872061,99209
720575941544739177,720575940631633208,111860
720575941490654158,720575940636808805,80057
720575941480467363,720575940619301766,82641
720575941553698587,720575940637120357,87849
720575941496661217,720575940602891232,37785
720575941573798216,720575940627430269,45986
720575941564275607,720575940621730842,78419
720575941501929010,720575940606425033,811860
720575941626224027,720575940612567002,96596
720575941490964174,720575940627142428,68785
720575941458844063,720575940625349780,97189
720575941402440995,720575940617219933,553895
720575941518439384,720575940624167165,26914
720575941412004756,720575940617484248,820912
720575941645871048,720575940620494100,535518
720575941461751507,720575940620597382,89329
720575941478631786,720575940621521678,129361
720575941612980243,720575940621271540,91694
720575941511369938,720575940622225811,520185
720575941453257129,720575940620179137,111711
720575941553203610,720575940618092249,134517
720575941671143847,720575940618901553,159252
720575941522952183,720575940619095454,93625
720575941409916271,720575940655307681,218469
720575941515445571,720575940613077201,74523
720575941430760841,720575940632769361,102327
720575941500130955,720575940630745847,93634
720575941514720099,720575940631761977,817974
720575941524021069,720575940618444864,811508
720575941566719335,720575940622486644,170770
720575941483885709,720575940612206810,808817
720575941459672275,720575940629935107,40549
720575941457232877,720575940625744586,128637
720575941573689743,720575940631187287,119222
720575941514406291,720575940631490980,36676
720575941440816575,720575940611690477,43917
720575941480080579,720575940616169915,116132
720575941470733323,720575940632680895,111695
720575941553617124,720575940632410947,168997
720575941497663201,720575940626212496,181881
720575941545567412,720575940626787614,123750
720575941557974287,720575940631434541,908060
720575941654866900,720575940630425119,48197
720575941580350545,720575940627435066,89859
720575941551150910,720575940621423041,172588
720575941403564656,720575940619074587,57251
720575941624694939,720575940626972676,101922
720575941409041835,720575940633191891,816414
720575941612861971,720575940629353319,48183
720575941551538943,720575940627762965,28437
720575941494295934,720575940617657205,104899
720575941569715570,720575940628823639,540411
720575941548396660,720575940621325594,103642
720575941496207744,720575940633480078,167518
720575941612421350,720575940633554636,520765
720575941408827695,720575940615798540,257650
720575941564081927,720575940622303326,181484
720575941590559784,720575940632717408,18009
720575941653001489,720575940636775342,125317
720575941482735299,720575940624936171,541545
720575941568521210,720575940626443526,818077
720575941484143869,720575940637534576,119698
720575941436936492,720575940619752329,80689
720575941438361429,720575940616280763,79282
720575941612127251,720575940624756836,149525
720575941686760431,720575940661118593,79981
720575941525036644,720575940609890402,116610
720575941548161140,720575940633117265,809421
720575941466780438,720575940638874064,27517
720575941585400710,720575940624097869,192569
720575941547415988,720575940614103505,511762
720575941605837677,720575940628676343,117672
720575941584610655,720575940629357074,163748
720575941580521717,720575940629987132,541566
720575941507674206,720575940639925211,68232
720575941570041970,720575940622111514,174315
720575941552226331,720575940622333097,63063
720575941486868432,720575940645450548,100773
720575941662104956,720575940624048898,104999
720575941559334415,720575940624456388,264433
720575941652271637,720575940609448899,67929
720575941527000578,720575940632384737,38864
720575941515666243,720575940625301031,140956
720575941639604853,720575940610703224,520284
720575941409034670,720575940622514556,143538
720575941434149920,720575940615419019,31969
720575941670499495,720575940617253259,814832
720575941667207601,720575940633021338,909220
720575941554466970,720575940607708873,540088
720575941463966221,720575940610907890,50662
720575941441180507,720575940622116428,139742
720575941537804237,720575940626229337,71833
720575941580020561,720575940630241676,54144
720575941547796360,720575940618882427,125184
720575941601983990,720575940615230523,97762
720575941607283053,720575940631658380,66787
720575941553667867,720575940625632516,810956
720575941575043741,720575940640691619,519086
720575941491821287,720575940619180373,27648
720575941459367494,720575940619069765,121864
720575941582412383,720575940629793552,108961
720575941578308597,720575940608327435,98501
720575941687133814,720575940637549790,201624
720575941429622447,720575940615252074,106502
720575941534826250,720575940618408029,42624
720575941431332489,720575940657940609,818965
720575941432154071,720575940621356470,125669
720575941567872302,720575940623004184,152255
720575941499704738,720575940614385960,108076
720575941612417043,720575940630610488,50717
720575941483924154,720575940620098901,123542
720575941550644223,720575940626593295,65389
720575941507410526,720575940620311430,82693
720575941669929639,720575940646092420,108621
720575941601947894,720575940630916347,27466
720575941519224280,720575940631044059,804956
720575941526958724,720575940642283149,105018
720575941596735109,720575940635028671,46424
720575941582710879,720575940608669379,143908
720575941454165299,720575940634231653,158178
720575941516776558,720575940623363598,535128
720575941691572120,720575940622849925,531126
720575941604034238,720575940626376394,817715
720575941412822420,720575940623939021,103848
720575941628466470,720575940624772173,24846
720575941555690724,720575940614295533,137264
720575941721815354,720575940620658091,95004
720575941459959507,720575940626834762,50291
720575941565745718,720575940613192173,93043
720575941506670209,720575940630802487,278442
720575941681273789,720575940655782305,532635
720575941596075121,720575940628325242,511976
720575941508878882,720575940606229792,110788
720575941534463425,720575940605128550,95658
720575941564758935,720575940618115585,186910
720575941430001327,720575940625294572,102737
720575941473447995,720575940629995390,245814
720575941528871883,720575940627958046,27246
720575941472957226,720575940627823753,41585
720575941575163752,720575940628638146,64719
720575941643178616,720575940623925700,166131
720575941666681587,720575940616134939,814527
720575941652010481,720575940630937916,76350
720575941657422872,720575940627709287,163055
720575941658940240,720575940619186240,821706
720575941626341996,720575940626195081,117086
720575941604500470,720575940620455046,539445
720575941516222099,720575940607053186,521450
720575941458969414,720575940630340664,817364
720575941462947728,720575940629749442,42575
720575941611673261,720575940643573664,191817
720575941568028274,720575940626816649,105069
720575941466786582,720575940634870428,524580
720575941498625403,720575940627600783,903536
720575941475591966,720575940625371280,105553
720575941439058911,720575940628798204,87433
720575941668657651,720575940627988879,19741
720575941476301377,720575940624349990,57036
720575941425659476,720575940644038180,170458
720575941572194057,720575940633539103,27997
720575941668935667,720575940629151943,116143
720575941581350265,720575940619453611,44136
720575941645190264,720575940659297153,68495
720575941479175075,720575940619988557,30633
720575941515795043,720575940625531236,81534
720575941481446991,720575940621763311,121852
720575941441360319,720575940609236060,124138
720575941616956885,720575940613188319,77158
720575941612204774,720575940621947491,29990
720575941414133905,720575940631149074,151842
720575941516259171,720575940634401305,99543
720575941440857941,720575940631543158,95915
720575941467254237,720575940639230180,810927
720575941451772282,720575940639501621,127325
720575941574404105,720575940637181815,134805
720575941639723893,720575940606115518,125507
720575941469720896,720575940630533903,118593
720575941657650512,720575940629799877,52170
720575941527196036,720575940641748532,77027
720575941610268746,720575940625801415,30558
720575941475516446,720575940636918639,161069
720575941499312969,720575940620262527,514116
720575941661238328,720575940621003611,30833
720575941549138721,720575940624722615,87885
720575941575957647,720575940630189532,41287
720575941414541201,720575940614631254,96842
720575941461855428,720575940635863032,520565
720575941652498417,720575940643740452,520672
720575941449908317,720575940620654616,451851712
720575941402234915,720575940654915745,113844
720575941633433285,720575940623899027,91490
720575941521263607,720575940625731842,110268
720575941430666159,720575940629713680,187358
720575941659283536,720575940620884756,139045
720575941456772336,720575940624785422,69091
720575941689094808,720575940631016275,92439
720575941460298692,720575940624480915,117389
720575941476123700,720575940608708617,127553
720575941502943211,720575940606401507,119247
720575941506465084,720575940632934030,121325
720575941489251534,720575940610660962,59076
720575941478910371,720575940625696748,128091
720575941542480476,720575940618002964,516607
720575941459366982,720575940624343373,61818
720575941409738667,720575940627681850,152094
720575941506425634,720575940624168959,529997
720575941595558693,720575940636965038,530784
720575941497121761,720575940612765462,119907
720575941492172519,720575940638458340,138623
720575941579882833,720575940615072307,59717
720575941540759069,720575940607878601,118373
720575941465421142,720575940622562636,139462
720575941477135978,720575940622817549,100280
720575941554305107,720575940631258428,108532
720575941612612966,720575940605958572,11999
720575941569282292,720575940620793182,59996
720575941471732599,720575940637562469,806241
720575941477545521,720575940633915982,130213
720575941492904112,720575940633247569,87331
720575941435581740,720575940637632419,123566
720575941411022191,720575940625117159,76694
720575941548246305,720575940617378833,75771
720575941563835655,720575940637760053,142559
720575941462159044,720575940643801248,568904
720575941507257925,720575940611700520,39338
720575941439515327,720575940625125128,80074
720575941544718772,720575940604976318,815018
720575941617906559,720575940639023332,70535
720575941441636047,720575940621734320,208518
720575941511903820,720575940629663800,106233
720575941536024513,720575940637148528,101207
720575941614795027,720575940609213705,547571
720575941587026142,720575940625130219,79394
720575941515141219,720575940615195202,97645
720575941476878366,720575940615625026,88179
720575941480754656,720575940629750142,103245
720575941469533963,720575940633439851,167848
720575941518975916,720575940617259835,542797
720575941593058155,720575940625770384,130219
720575941624840906,720575940645176264,818040
720575941571887368,720575940635663472,819278
720575941474265374,720575940614166495,156301
720575941524119885,720575940620593840,811493
720575941482063613,720575940633486561,105429
720575941574389768,720575940615133590,516047
720575941457034733,720575940618454848,50341
720575941589192247,720575940629512195,103299
720575941509876752,720575940626568906,71066
720575941549671997,720575940613330403,98327
720575941484663558,720575940627303699,811947
720575941506697857,720575940638253028,140716
720575941575867062,720575940623116765,120347
720575941473674848,720575940606744510,156449
720575941658555216,720575940616453563,147260
720575941508589953,720575940635821801,31023
720575941519312567,720575940607152085,135886
720575941553452935,720575940626804738,517477
720575941655952340,720575940630127660,813310
720575941595691045,720575940645437038,86656
720575941563316231,720575940627478147,25958
720575941520255223,720575940637050735,808920
720575941650073109,720575940626393530,83642
720575941568006132,720575940611976115,74125
720575941566840886,720575940640883931,133709
720575941654405076,720575940630727675,92635
720575941462152388,720575940620664559,198223
720575941554795418,720575940623801834,55340
720575941572711070,720575940624181542,46981
720575941623300860,720575940626088835,90086
720575941529724856,720575940638867765,67143
720575941593828645,720575940609015876,103364
720575941567519226,720575940618436847,60651
720575941593346600,720575940640326717,96031
720575941472062475,720575940625356109,25499
720575941560552975,720575940621390975,129770
720575941733097771,720575940626791824,117204
720575941689273819,720575940629469548,129161
720575941440782427,720575940628981578,104932
720575941623126474,720575940643847022,812465
720575941536456163,720575940605676041,69087
720575941532063363,720575940630317927,89421
720575941459317919,720575940636609343,116192
720575941503454295,720575940619308820,145557
720575941584963679,720575940618614475,204141
720575941517844440,720575940611137723,85763
720575941576521832,720575940614361868,110921
720575941534951178,720575940632803007,161462
720575941688208623,720575940632453674,138066
720575941553300051,720575940623735501,195861
720575941594728150,720575940625219004,105250
720575941475235649,720575940629840207,45839
720575941528397496,720575940605989297,50887
720575941584066143,720575940630912556,810315
720575941479188192,720575940613221928,805933
720575941476769386,720575940626309168,70244
720575941489401653,720575940614294579,107123
720575941505010370,720575940640478269,103275
720575941595171542,720575940608584713,192443
720575941493639806,720575940621405318,93115
720575941554482259,720575940605667458,817504
720575941633139872,720575940623931918,47920
720575941539476885,720575940636149428,38432
720575941577008488,720575940628399559,550391
720575941431192417,720575940624886676,526046
720575941560748659,720575940655926689,36489
720575941654225364,720575940631639500,433166791
720575941652240657,720575940604391904,103418
720575941514436940,720575940632804383,51412
720575941493244542,720575940612986482,158839
720575941506625921,720575940624980467,146378
720575941453865385,720575940613007530,550511
720575941454381875,720575940626812553,66986
720575941448991581,720575940661189249,818468
720575941474160736,720575940625606916,209237
720575941574386845,720575940636260215,84168
720575941414051220,720575940615845014,575651
720575941531686787,720575940633464109,137262
720575941578376025,720575940639252157,74589
720575941559155559,720575940619588568,213650853
720575941551183934,720575940633579745,34714
720575941632989637,720575940645104948,68307
720575941459496944,720575940642079477,60666
720575941472318016,720575940637969222,39622
720575941473791328,720575940604567486,87842
720575941613498899,720575940628588587,87239
720575941563507095,720575940623059443,43804
720575941436304672,720575940628096893,144248
720575941536391666,720575940645191112,44502
720575941498723234,720575940623199684,53050
720575941534458305,720575940611982598,77362
720575941489133001,720575940619932608,354532
720575941590447415,720575940626550730,60825
720575941593462312,720575940620527487,50641
720575941463804941,720575940635873502,117583
720575941567862260,720575940630700795,153890
720575941511355089,720575940623533459,826083
720575941600188201,720575940636991918,54220
720575941513783555,720575940630729180,161189
720575941549594228,720575940636324971,129975
720575941489771982,720575940632515855,95014
720575941471816203,720575940635358059,95792
720575941506364732,720575940631856696,82378
720575941399380515,720575940625099191,34584
720575941578359121,720575940633703649,132149
720575941352405552,720575940640855504,82626
720575941514656867,720575940623712656,171455
720575941496536192,720575940636660366,106347
720575941527098393,720575940620758437,81629
720575941484597058,720575940627084332,133206
720575941514053841,720575940617260637,85881
720575941463750413,720575940610219618,45394
720575941531859173,720575940618178777,159907
720575941589087543,720575940628445327,805840
720575941466785302,720575940624845200,533352
720575941536053953,720575940629998444,52860
720575941507354658,720575940611778713,807686
720575941537086184,720575940631084589,65584
720575941643659858,720575940634598039,69768
720575941458364371,720575940622479763,913405
720575941601965814,720575940608607324,68631
720575941532539621,720575940618059092,137932
720575941627955238,720575940613718824,148285
720575941563522216,720575940618406941,540511
720575941496622049,720575940616584607,24549
720575941467788054,720575940604147633,109100
720575941489432782,720575940625873895,28872
720575941559959341,720575940613520498,96289
720575941594444581,720575940642028021,580417
720575941482181574,720575940625040973,81935
720575941575964264,720575940642563232,53329
720575941633426107,720575940624023559,535163
720575941559839759,720575940632630319,182410
720575941500432290,720575940626774617,97540
720575941565874071,720575940607521202,526542
720575941630013154,720575940645100055,206377
720575941429684655,720575940622638153,93318
720575941535443890,720575940629242055,113199
720575941624690796,720575940618683456,100071
720575941551847935,720575940623756329,173492
720575941478021482,720575940628788552,517750
720575941486753286,720575940606130860,84971
720575941452817715,720575940640856664,43120
720575941519300535,720575940632175756,87285
720575941514500684,720575940619111515,146501
720575941690528731,720575940623655605,918599
720575941392392196,720575940626961241,50044
720575941566747190,720575940624108807,531424
720575941563364754,720575940625969640,109988
720575941507696197,720575940632774175,73081
720575941461838276,720575940608696412,67263
720575941495864263,720575940626848408,90081
720575941528821636,720575940616883741,144218
720575941449721269,720575940611128274,93828
720575941661843256,720575940613542314,101878
720575941565410711,720575940629801975,155896
720575941631021804,720575940614054802,555969
720575941546993769,720575940629124711,154935
720575941553757185,720575940615104150,905945
720575941414840724,720575940623962111,54363
720575941412372369,720575940629602554,120543
720575941552876862,720575940632733792,67006
720575941509035393,720575940647714436,532144
720575941547812532,720575940645659684,17324
720575941448642397,720575940638781417,37404
720575941665955059,720575940637749574,110282
720575941414838417,720575940615565398,518944
720575941619410303,720575940613599528,64852
720575941458438640,720575940629784376,22733
720575941476402026,720575940620589848,173930
720575941468072413,720575940632671848,36905
720575941555840932,720575940633810111,42088
720575941533808106,720575940627378965,141954
720575941565527047,720575940626327720,816645
720575941402964848,720575940630674425,80033
720575941411358379,720575940627444617,138153
720575941508609153,720575940633924577,581215
720575941486811600,720575940631259863,543467
720575941543084317,720575940616047249,25617
720575941603643070,720575940620970662,38666
720575941391207574,720575940622730480,121075
720575941554171546,720575940612291802,102531
720575941650088177,720575940626719621,810247
720575941527330436,720575940628482447,144863
720575941615511193,720575940615615929,116134
720575941519319991,720575940623407812,138278
720575941555999652,720575940624590886,124752
720575941595661605,720575940635286008,146233
720575941689494747,720575940639900880,186000
720575941555160986,720575940610524339,102505
720575941482009786,720575940628882960,67204
720575941662969912,720575940603501024,213604
720575941668795891,720575940640110670,214086
720575941514742163,720575940640467163,66566
720575941659150160,720575940620576773,127362
720575941585449950,720575940629973753,35736
720575941639565429,720575940627621962,73906
720575941658917400,720575940634422880,27596
720575941654096913,720575940630216091,176348
720575941556568612,720575940636370665,102846
720575941471881568,720575940620968361,147289
720575941559344110,720575940631539001,131272
720575941599079104,720575940624335689,60837
720575941528395723,720575940638963517,815860
720575941515165283,720575940623554500,550531
720575941480969379,720575940636733156,209239
720575941436966188,720575940634490594,27981
720575941651234033,720575940617938077,182112
720575941561536045,720575940621333669,516859
720575941481633478,720575940614052970,74601
720575941437272850,720575940628026237,171496
720575941632583877,720575940639326835,102414
720575941534954584,720575940607926229,138467
720575941588781380,720575940635230627,233451
720575941460741587,720575940621617391,95504
720575941469154167,720575940629327486,30416
720575941626245945,720575940614457384,73154
720575941668926129,720575940633774187,345335
720575941570044574,720575940611846769,80373
720575941548221832,720575940637145828,61360
720575941411829652,720575940632236856,517468
720575941502361227,720575940631509067,112517
720575941655238361,720575940628402770,153367
720575941490163253,720575940631324716,42235
720575941561414034,720575940644657700,88339
720575941404981360,720575940616786433,121954
720575941591505515,720575940608481860,811024
720575941690529755,720575940607693065,89600
720575941629144102,720575940620830290,41525
720575941491656112,720575940620875741,146700
720575941538126066,720575940623957228,807935
720575941623696522,720575940624807301,800870
720575941515336451,720575940628081226,81218
720575941517801944,720575940607547337,76323
720575941431806049,720575940609597193,553941
720575941691441627,720575940612304179,137332
720575941519832503,720575940629292785,63757
720575941527535526,720575940640329635,90411
720575941658042648,720575940626007573,134266
720575941471306048,720575940634102553,104701
720575941651588373,720575940635341980,68304
720575941501944919,720575940622611848,77425
720575941585597406,720575940631132985,165208
720575941595474471,720575940615348135,69159
720575941653778644,720575940638834246,108179
720575941519298487,720575940623905416,67112
720575941564343606,720575940628512004,123108
720575941534722136,720575940633354835,83271
720575941631319739,720575940618420417,816848
720575941487096838,720575940630237687,531798
720575941439967573,720575940620786431,67912
720575941609540426,720575940618633014,159211
720575941431776471,720575940624454408,103269
720575941502684210,720575940614599318,59349
720575941653173233,720575940620921771,55038
720575941571525790,720575940622078249,86553
720575941549521953,720575940636593806,83213
720575941437919967,720575940624765939,58269
720575941437674540,720575940617123028,543891
720575941643319160,720575940639598963,175188
720575941491139273,720575940621029030,514451
720575941613431036,720575940645532292,206313
720575941519367091,720575940624885429,130448
720575941450180189,720575940609568068,164962
720575941574646632,720575940626390044,47077
720575941542980101,720575940638796102,97409
720575941535233002,720575940620142203,66921
720575941476201012,720575940648243076,109316
720575941579028213,720575940627495708,56106
720575941559331443,720575940625480394,817282
720575941528318596,720575940613805846,157388
720575941701845210,720575940636405349,124545
720575941487167696,720575940624601731,70380
720575941480239267,720575940623396339,64613
720575941535182563,720575940646307574,60609
720575941480902530,720575940638361919,128321
720575941596180081,720575940636921828,49011
720575941642967122,720575940617199547,170479
720575941653481177,720575940629437483,537649
720575941462812304,720575940625485843,158782
720575941681474749,720575940617097659,14760
720575941650162709,720575940620034974,35215
720575941403445616,720575940633135455,180542
720575941548031368,720575940626008764,220958
720575941454792755,720575940631182892,122213
720575941486075789,720575940653447926,132293
720575941595887772,720575940644615790,811718
720575941412685201,720575940615991362,58507
720575941459413971,720575940626308752,138688
720575941469883712,720575940615440543,85658
720575941467931926,720575940615066591,134118
720575941574786824,720575940628741436,81664
720575941510997776,720575940630523518,159640
720575941490144716,720575940604872416,119142
720575941643677010,720575940615193651,112066
720575941618414207,720575940613529258,533878
720575941488780341,720575940622258089,137286
720575941644901832,720575940607463369,125850
720575941565570402,720575940631225303,548887
720575941457994566,720575940632090666,64710
720575941565236327,720575940640784984,130606
720575941657135184,720575940627015503,92060
720575941594164593,720575940628528881,166068
720575941509270738,720575940622628566,119412
720575941453100339,720575940635659359,68243
720575941414665361,720575940630296643,536966
720575941632891333,720575940629401163,38405
720575941610609581,720575940640836660,816167
720575941494714311,720575940610150083,114015
720575941655570905,720575940627336581,112679
720575941460745683,720575940623061735,73840
720575941575820687,720575940644277152,226448
720575941490607925,720575940637236878,524941
720575941652177941,720575940642528141,74985
720575941505085207,720575940644665800,116682
720575941502077835,720575940618901533,33689
720575941528164792,720575940628696500,24542
720575941575800665,720575940629796222,932861
720575941600811817,720575940637983814,546594
720575941575265896,720575940612807317,84722
720575941569611258,720575940630673152,548929
720575941633182395,720575940626009421,154360
720575941732573995,720575940626358617,90148
720575941563992320,720575940640563315,48191
720575941484204541,720575940622084634,183788
720575941544177852,720575940626906942,516394
720575941451883898,720575940637621349,528974
720575941519559896,720575940632483532,97328
720575941573059230,720575940616698566,136643
720575941453723305,720575940621804927,108454
720575941507456279,720575940621727728,83439
720575941689273307,720575940631642455,180712
720575941539560434,720575940631690511,195607
720575941723829562,720575940624817131,117664
720575941519506392,720575940631431251,32169
720575941591506795,720575940620661675,910819
720575941533406851,720575940641520347,195440
720575941557477284,720575940619259271,83833
720575941513656163,720575940609621461,140261
720575941631503301,720575940620244053,39297
720575941652174297,720575940615800076,75597
720575941606637677,720575940621806445,807944
720575941437884178,720575940615711745,162206
720575941589374718,720575940617161617,99073
720575941471714167,720575940623967927,98065
720575941653607185,720575940620996265,74865
720575941503956284,720575940631516690,71183
720575941668362673,720575940617682006,192084
720575941653663700,720575940629306667,87379
720575941431166679,720575940619751872,805694
720575941529334200,720575940616200788,133067
720575941680565949,720575940635749018,262110
720575941536587786,720575940614150195,100647
720575941503247410,720575940617838265,69782
720575941533755267,720575940620905921,29380
720575941564607074,720575940619437515,128274
720575941574275254,720575940629071771,100704
720575941640222495,720575940633302995,17090
720575941545797481,720575940628324112,121593
720575941612443494,720575940623298696,41395
720575941489771726,720575940642457741,141842
720575941416269340,720575940629352807,42708
720575941402106403,720575940633963233,179253
720575941474980417,720575940610449614,813518
720575941414203028,720575940621334804,75298
720575941437461010,720575940629819547,57961
720575941589169732,720575940630932943,902432
720575941628462630,720575940632617043,94058
720575941427087444,720575940608408282,79114
720575941534759690,720575940623690122,122459
720575941588412484,720575940622027809,142343
720575941461733843,720575940618378011,72105
720575941663617148,720575940622757247,93659
720575941657572944,720575940622765508,130539
720575941505427525,720575940615674822,27276
720575941453509683,720575940630107586,124883
720575941449878365,720575940621929571,931519
720575941632336059,720575940626588700,305390
720575941611667430,720575940627784970,522870
720575941610685002,720575940628779002,58110
720575941486810946,720575940644315592,548329
720575941510311634,720575940629123945,532339
720575941645304993,720575940620532171,153684
720575941533922435,720575940635633771,109426
720575941478327520,720575940607785308,70764
720575941513446211,720575940622492808,151877
720575941478438506,720575940627581309,152804
720575941429165048,720575940629461351,94183
720575941502786866,720575940649956729,50647
720575941411295343,720575940623094808,133303
720575941503550039,720575940632616991,532686
720575941437938962,720575940638863987,108104
720575941655558361,720575940622974173,97860
720575941651503601,720575940605726385,174967
720575941583759494,720575940633190169,72490
720575941516082275,720575940633353299,513207
720575941447530260,720575940620862993,120069
720575941614244883,720575940630495685,131119
720575941566964270,720575940620277942,132492
720575941655717332,720575940629499756,51691
720575941449109341,720575940629908072,168670
720575941513419729,720575940619616123,532445
720575941459783238,720575940630893305,163034
720575941458669983,720575940639212632,104082
720575941536123368,720575940612960661,110068
720575941427857492,720575940648652921,38049
720575941559903214,720575940620910939,176280
720575941465093718,720575940631521484,90860
720575941465924886,720575940609856324,63967
720575941537200867,720575940622545629,547719
720575941483354109,720575940621385716,95339
720575941610889290,720575940639523150,94124
720575941497379195,720575940625534187,806893
720575941593882987,720575940623649416,67874
720575941573966331,720575940627078787,531065
720575941638921333,720575940609360323,102852
720575941587856708,720575940624649964,25448
720575941429212591,720575940621582016,112436
720575941521403827,720575940624766768,85111
720575941567001703,720575940615854278,83628
720575941660514872,720575940619030813,103440
720575941499589705,720575940615566230,34810
720575941566958695,720575940619941681,537477
720575941486662096,720575940628527095,178860
720575941655543257,720575940620238686,115936
720575941439924543,720575940626296337,157463
720575941652781524,720575940636671886,821837
720575941459157830,720575940639264245,170348
720575941542001437,720575940629202391,816535
720575941490196428,720575940638903871,183966
720575941540197212,720575940618281428,544887
720575941593425959,720575940614530223,196019
720575941540535388,720575940614996703,68456
720575941589625156,720575940634423321,200958
720575941603115961,720575940635586405,519914
720575941563851106,720575940622374896,806313
720575941401068835,720575940621415133,809839
720575941611671114,720575940628443654,63096
720575941669603505,720575940607945858,131554
720575941536897818,720575940614206367,33774
720575941632995781,720575940634030765,131866
720575941680878013,720575940613613209,537420
720575941410973355,720575940631133184,26161
720575941576745305,720575940635528696,157837
720575941722415418,720575940615907997,68803
720575941490318537,720575940622451197,76541
720575941574839222,720575940632824365,128906
720575941550172733,720575940621112199,34256
720575941603368889,720575940610047698,906222
720575941562463751,720575940628413061,47286
720575941620256895,720575940631727391,105935
720575941504981052,720575940631285292,110398
720575941643570849,720575940611324792,37503
720575941496554439,720575940626419760,166221
720575941475456286,720575940630421036,66702
720575941527150776,720575940647055907,511799
720575941507532066,720575940630296913,61981
720575941650579185,720575940612866735,130178
720575941455060787,720575940606749385,170256
720575941573852936,720575940630881271,107394
720575941560408621,720575940610747315,810000
720575941515445059,720575940619481560,95854
720575941438555199,720575940642740260,142531
720575941538447253,720575940624585766,66345
720575941612462332,720575940647654521,580144
720575941597370048,720575940646766883,77490
720575941507670341,720575940614205615,35244
720575941581473145,720575940629904939,177361
720575941493136816,720575940630862636,210672
720575941515411603,720575940632683601,126994
720575941537784291,720575940629323369,42525
720575941538055395,720575940635422560,139256
720575941669896881,720575940632589220,521568
720575941624146634,720575940621901153,95065
720575941495220935,720575940621466637,130138
720575941656874776,720575940621187148,93580
720575941590358583,720575940612931570,76610
720575941593073110,720575940611872376,98119
720575941723479098,720575940644183575,122710
720575941625193610,720575940607469404,126689
720575941505244951,720575940635689370,105695
720575941653564889,720575940627090002,125305
720575941467459094,720575940623334524,520354
720575941530524363,720575940630132498,27307
720575941430417912,720575940629328246,811091
720575941576677480,720575940609462626,92446
720575941562777234,720575940621117935,529553
720575941444818858,720575940615521954,19315
720575941438411026,720575940621776767,191501
720575941486902594,720575940622212129,532088
720575941624503548,720575940632454456,50323
720575941560564239,720575940625932837,160666
720575941596323441,720575940608302601,25639
720575941463045776,720575940619276446,279790
720575941490912432,720575940619832188,551404
720575941473696827,720575940627487877,141744
720575941452663623,720575940628334922,148530
720575941526405709,720575940613880115,97853
720575941513945347,720575940639210037,141278
720575941533889562,720575940627375612,908101
720575941593980293,720575940634664674,904029
720575941553814151,720575940610932690,92257
720575941461989572,720575940620224561,46736
720575941589976716,720575940626001296,104567
720575941472948539,720575940620084604,19917
720575941631315616,720575940613935535,217233
720575941545588404,720575940639617443,110327
720575941429065097,720575940610624206,87007
720575941578102873,720575940614709446,500012
720575941408530223,720575940652563361,40548
720575941490851017,720575940619982427,33419
720575941578653017,720575940634955631,85872
720575941547331508,720575940634056555,542729
720575941521620919,720575940613331427,129018
720575941431147534,720575940622442367,35766
720575941589660228,720575940629477627,537164
720575941353126960,720575940634740378,44173
720575941518532012,720575940636487902,98191
720575941461857235,720575940619486518,84436
720575941540389325,720575940616800780,31145
720575941545367732,720575940620553599,70338
720575941556446756,720575940644950052,23253
720575941460725971,720575940627958534,97299
720575941625575835,720575940638124265,146570
720575941609990474,720575940616406284,54896
720575941578797137,720575940643266208,200843
720575941445491476,720575940622701508,43300
720575941595070166,720575940625309882,45343
720575941663486844,720575940606450353,108989
720575941548519713,720575940633553820,909575
720575941618483583,720575940627907859,94700
720575941463661069,720575940626491906,150037
720575941575156125,720575940628587207,116034
720575941430218232,720575940614294175,169145
720575941490828748,720575940630180439,101931
720575941528026278,720575940617062486,122988
720575941569862394,720575940622903651,512954
720575941490867150,720575940620510811,97790
720575941432340238,720575940631310111,63840
720575941631349218,720575940636888127,544272
720575941431459759,720575940633599201,20915
720575941526768516,720575940618372043,51347
720575941596982464,720575940628987210,142317
720575941520835251,720575940631701608,73172
720575941536694298,720575940614230056,57122
720575941539159026,720575940622787293,172997
720575941688562395,720575940627636423,81157
720575941628325945,720575940618607680,20608
720575941463193613,720575940606775241,66443
720575941681321917,720575940630560763,135820
720575941435864206,720575940627921418,151130
720575941439450303,720575940618885243,23122
720575941546933097,720575940634674272,123311
720575941460438212,720575940622461556,156190
720575941518527148,720575940630338780,162833
720575941564872850,720575940621094022,71789
720575941498304635,720575940622382320,134332
720575941504294450,720575940617334969,119432
720575941401780003,720575940617967188,811693
720575941542867804,720575940621093217,162737
720575941474703402,720575940628628810,23600
720575941594005099,720575940629795739,575831
720575941573651272,720575940628415484,163208
720575941491321776,720575940612090005,203049
720575941406565167,720575940620550004,91456
720575941488241973,720575940625671441,29545
720575941689247195,720575940614766131,201426
720575941598473920,720575940620718831,530057
720575941513355985,720575940621635366,34265
720575941580315473,720575940660329089,114964
720575941689263478,720575940626406087,542400
720575941521192887,720575940624288520,212767
720575941553381530,720575940632093132,138525
720575941533301738,720575940635737200,135174
720575941515724547,720575940631894546,241322
720575941403667824,720575940628440060,135102
720575941596546693,720575940629470736,26828
720575941519772343,720575940617798118,88725
720575941652872977,720575940628844187,531346
720575941514221658,720575940629049091,106186
720575941574984349,720575940620224801,806517
720575941582014329,720575940620912065,180660
720575941526774786,720575940621754177,549719
720575941518600620,720575940612633770,151644
720575941450658653,720575940611294050,58785
720575941517104275,720575940623167693,15706
720575941687064694,720575940621149729,30609
720575941703442138,720575940632573240,51066
720575941681415357,720575940634688703,129906
720575941506811777,720575940635671220,144714
720575941408271790,720575940642275803,533175
720575941576410294,720575940612025954,103163
720575941518692824,720575940650017657,139022
720575941511870418,720575940639948989,199974
720575941475258410,720575940608808149,172484
720575941624260204,720575940627250532,71978
720575941439195221,720575940625243155,814254
720575941448133045,720575940609719250,38259
720575941482505667,720575940611558242,143229
720575941593498582,720575940623010345,152679
720575941624578203,720575940618063065,84251
720575941450743674,720575940628816040,47109
720575941431753313,720575940623083288,811689
720575941469278583,720575940629597169,120605
720575941611367270,720575940615202867,817746
720575941579160953,720575940623682568,806292
720575941548281972,720575940626171261,110630
720575941464240397,720575940621064513,56789
720575941596844421,720575940609165916,44081
720575941688216844,720575940620443014,154492
720575941451914153,720575940638253022,97151
720575941655623892,720575940627240783,91943
720575941572685982,720575940638463395,24364
720575941490091470,720575940627720335,813980
720575941508561502,720575940640602685,76356
720575941592505384,720575940629480433,104478
720575941513414220,720575940624856061,131579
720575941574677391,720575940623597592,213950
720575941473746784,720575940614766230,542205
720575941568577326,720575940626022183,99034
720575941505685854,720575940624683152,148730
720575941439806555,720575940616841361,105087
720575941578214901,720575940624408516,123150
720575941526122829,720575940659599233,79548
720575941666950131,720575940631958097,160591
720575941590219518,720575940623924221,118511
720575941536207336,720575940628713457,67771
720575941556550948,720575940628232467,184181
720575941514802243,720575940628550916,76257
720575941603506622,720575940633178872,556667
720575941460380115,720575940609264452,533736
720575941605537645,720575940635081567,525590
720575941428229112,720575940643576480,75833
720575941632616901,720575940649316473,67751
720575941440401493,720575940610637786,43496
720575941584076678,720575940624477192,116290
720575941528498616,720575940613484706,104780
720575941691223448,720575940618087197,334671
720575941453441351,720575940631262735,514134
720575941468017430,720575940634935833,57212
720575941521421239,720575940622368639,515399
720575941626410860,720575940614570792,113275
720575941595897024,720575940615890235,43404
720575941545124788,720575940621801310,81419
720575941631561632,720575940641742581,93937
720575941568296494,720575940613707431,47161
720575941475469873,720575940619712049,88365
720575941574624669,720575940623806868,90373
720575941452675143,720575940639533126,526052
720575941518421164,720575940631103196,141854
720575941497555579,720575940628991993,33162
720575941553504391,720575940614634207,815121
720575941517592430,720575940660507009,30502
720575941533061507,720575940623976967,88083
720575941476766314,720575940631180508,88993
720575941596947845,720575940611125112,74739
720575941416451356,720575940615463327,63461
720575941556402980,720575940639453774,52401
720575941495700423,720575940623765226,50713
720575941607924589,720575940617004091,198337
720575941563750568,720575940612306650,67762
720575941632104389,720575940629497935,37865
720575941452864425,720575940626193701,514610
720575941482363645,720575940624012552,110985
720575941559500845,720575940630003834,105671
720575941611752778,720575940619571614,99350
720575941617919701,720575940626315085,369808
720575941625324443,720575940634703511,816256
720575941521570231,720575940617317819,521183
720575941670020263,720575940627408149,98654
720575941477338420,720575940629138959,812171
720575941671142567,720575940608029826,110124
720575941573438365,720575940626963593,86851
720575941558283791,720575940639648163,76834
720575941533887210,720575940626444844,84868
720575941559482895,720575940605720497,106567
720575941642992229,720575940645759523,157675
720575941547978557,720575940618832720,128105
720575941568738036,720575940623405948,814778
720575941564922112,720575940629414479,44972
720575941610099433,720575940616628802,806936
720575941490627534,720575940630215015,34505
720575941450952519,720575940622097095,158239
720575941517164691,720575940616866587,129790
720575941444091306,720575940626201116,155143464
720575941508970256,720575940630431532,211843
720575941523695095,720575940631569871,516008
720575941686621452,720575940620704608,132945
720575941687326838,720575940629271260,95500
720575941503780034,720575940621546349,60608
720575941499417057,720575940620121204,161099
720575941438782482,720575940637799401,234248
720575941526953474,720575940616338363,38677
720575941502507915,720575940623152417,205410
720575941503727922,720575940616085945,817758
720575941578236917,720575940609302211,212928
720575941605354430,720575940626427847,55204
720575941415889180,720575940621778646,818057
720575941514790755,720575940622638294,21094
720575941702976986,720575940624554247,204563
720575941460141638,720575940611327129,212085
720575941534073578,720575940628190227,217061
720575941512882243,720575940621741971,95092
720575941517056216,720575940645179592,22644
720575941401843747,720575940645467268,63499
720575941534621874,720575940621978109,14259
720575941485746242,720575940626400019,25404
720575941440309439,720575940611597298,511829
720575941429361249,720575940631973207,818570
720575941406774063,720575940608410307,128880
720575941594901462,720575940623018983,98606
720575941462208781,720575940620584319,80881
720575941606291309,720575940623495364,52891
720575941524508747,720575940617079483,224640
720575941523230539,720575940613555618,908958
720575941498862242,720575940622295585,547554
720575941625952108,720575940626237317,550963
720575941519793880,720575940626779304,16911
720575941560397327,720575940622042550,526350
720575941442320042,720575940622707592,64651
720575941513091404,720575940605264305,174403
720575941555199652,720575940629375473,548090
720575941579936377,720575940635051199,112067
720575941530427595,720575940643693000,58140
720575941546985148,720575940614831035,905111
720575941505371196,720575940615733516,139884
720575941435369870,720575940614137255,534449
720575941579905913,720575940626584506,70397
720575941569887858,720575940622610183,104690
720575941652534769,720575940615986363,124607
720575941556341476,720575940647192708,33946
720575941671638695,720575940613863087,59130
720575941560163599,720575940614803103,106506
720575941550457087,720575940620583302,122147
720575941681171133,720575940631388743,50791
720575941613927955,720575940611108194,110594
720575941494364288,720575940625132802,98054
720575941662660732,720575940639072128,126634
720575941610062313,720575940631755306,121545
720575941556018003,720575940625803550,205899
720575941565469238,720575940636478063,53989
720575941588581700,720575940624346185,60786
720575941489307854,720575940610915954,149452
720575941645546616,720575940633799961,139988
720575941535513578,720575940617166166,67952
720575941553892231,720575940626820042,110144
720575941518457527,720575940626527314,94870
720575941653696273,720575940620044190,60453
720575941510333968,720575940635671032,537998
720575941663349884,720575940633803415,152703
720575941498885755,720575940609219029,60206
720575941470141963,720575940636606894,109291
720575941625212315,720575940628445242,53750
720575941611720156,720575940615234410,87033
720575941456067824,720575940622338269,809501
720575941517059244,720575940620705995,53981
720575941576171702,720575940641309659,43065
720575941485827981,720575940628195461,46000
720575941466702166,720575940643161623,90989
720575941659288144,720575940632258733,27779
720575941572315294,720575940646549283,125110
720575941571004062,720575940621905773,69112
720575941510380304,720575940627586091,57541
720575941659118672,720575940629947459,524500
720575941557869732,720575940614427253,549366
720575941519476908,720575940623475463,525293
720575941472097066,720575940619463088,81338
720575941732597291,720575940637168270,42718
720575941481048655,720575940639149373,177210
720575941642267237,720575940618398923,99278
720575941668318963,720575940607168523,816202
720575941604253374,720575940617972253,135454
720575941461516499,720575940645529198,118901
720575941502675339,720575940630992384,99256
720575941644114770,720575940615124692,17875
720575941658341400,720575940630779919,59743
720575941538113000,720575940618810269,55830
720575941463078800,720575940633995181,24517
720575941564208274,720575940622838797,72242
720575941586739422,720575940628672232,160091
720575941529537668,720575940628253010,208943
720575941491659982,720575940621519725,95161
720575941437633343,720575940628753640,70852
720575941434409760,720575940632433820,101801
720575941602086246,720575940632726083,46600
720575941559713039,720575940616544380,88690
720575941474925883,720575940628735473,541739
720575941572185502,720575940659723137,65451
720575941508478593,720575940629871888,140458
720575941460939460,720575940655071905,30780
720575941567434484,720575940639277000,164601
720575941546942652,720575940618208985,62002
720575941456425887,720575940632940442,817062
720575941657517592,720575940628077640,99913
720575941593536470,720575940629064188,70599
720575941507659102,720575940649813113,140702
720575941613730524,720575940627208211,580415
720575941625618587,720575940632881868,48015
720575941481344163,720575940619087645,135478
720575941670086823,720575940618589953,136569
720575941498448353,720575940611660152,126811
720575941573200200,720575940627863399,516764
720575941565858151,720575940634886240,531845
720575941584320134,720575940632075368,156410
720575941663817596,720575940634235488,214054
720575941525386340,720575940612517106,550707
720575941624057852,720575940633612845,54490
720575941524397643,720575940630266130,54659
720575941630841324,720575940632360722,91039
720575941471555959,720575940632838820,94874
720575941449394613,720575940620528736,123567
720575941598873244,720575940632668753,148297
720575941595759985,720575940617943323,181137
720575941460987347,720575940626705029,12790
720575941499373129,720575940627883792,102413
720575941515533667,720575940615502658,531062
720575941688333686,720575940626859568,58240
720575941439156309,720575940627600765,23915
720575941452339881,720575940609518946,177640
720575941460344720,720575940615728102,117243
720575941506687036,720575940624404372,179215
720575941424948820,720575940615987862,804283
720575941574608649,720575940631869783,112511
720575941491546288,720575940645531671,62637
720575941538058211,720575940615964614,806573
720575941512021458,720575940622789409,80542
720575941567747316,720575940617150676,101480
720575941565933358,720575940605645758,89860
720575941526169254,720575940625604244,221606
720575941593010283,720575940606524802,104491
720575941505543749,720575940617646036,118480
720575941574715293,720575940618590923,179121
720575941601882297,720575940623105719,113697
720575941611695379,720575940637349309,803086
720575941703327194,720575940636322367,173749
720575941502640471,720575940630055159,156738
720575941615835289,720575940623409288,212832
720575941578870617,720575940627087418,532652
720575941479928450,720575940619246246,87311
720575941640376607,720575940640687475,103232
720575941474497578,720575940645682199,188907
720575941703066842,720575940626298243,86504
720575941497107072,720575940624533396,114294
720575941573504143,720575940639505240,129856
720575941445127082,720575940637913158,145109
720575941400153891,720575940637363342,145313
720575941498971977,720575940627932746,818613
720575941573013755,720575940619781729,101689
720575941611080425,720575940630250139,52068
720575941620468095,720575940634807220,549987
720575941481401251,720575940623525356,103572
720575941578964305,720575940627855390,56174
720575941555411108,720575940625893157,95736
720575941611623401,720575940625400300,186384
720575941644084641,720575940626471196,120517
720575941473747296,720575940626854172,65878
720575941545877948,720575940609759427,90744
720575941519210679,720575940635195804,76503
720575941559414061,720575940634733722,127664
720575941483537338,720575940620132116,170928
720575941628372281,720575940636563630,65278
720575941576298678,720575940624425715,123898
720575941547793981,720575940633383251,122875
720575941462258832,720575940610652718,156742
720575941563874151,720575940645920052,944318
720575941557438628,720575940609870449,41896
720575941481566650,720575940605597886,144255
720575941562829736,720575940634054425,152568
720575941516475385,720575940618225997,133769
720575941501917783,720575940630581323,36596
720575941519467630,720575940614958120,47744
720575941452382535,720575940625159096,522947
720575941504398130,720575940620925643,27760
720575941404954736,720575940621731056,18120
720575941562652050,720575940618810708,94315
720575941511672018,720575940629789310,35863
720575941611581514,720575940636190309,257929
720575941506777890,720575940630753733,154219
720575941413973393,720575940625812880,125648
720575941478768234,720575940622975305,514174
720575941555308801,720575940630359749,111134
720575941592132203,720575940638844504,11313
720575941498946529,720575940621106086,818387
720575941495552638,720575940624738795,532842
720575941408515631,720575940636573108,906197
720575941723888698,720575940623272717,196232
720575941643605960,720575940618654528,36851
720575941458160966,720575940618043973,69382
720575941485177094,720575940636302143,50539
720575941549809982,720575940617346718,814966
720575941603215094,720575940618721968,19672
720575941408562223,720575940612968178,63833
720575941573961480,720575940631180831,57183
720575941495316864,720575940624631224,36570
720575941542440796,720575940623498483,172332
720575941481139023,720575940641377781,120170
720575941564236130,720575940623068374,814942
720575941702483930,720575940650700153,246572
720575941626115641,720575940630316158,74279
720575941431051439,720575940613032675,26373
720575941479754063,720575940619618427,51740
720575941412065391,720575940623070868,150259
720575941569202546,720575940629481063,135270
720575941414897180,720575940621406447,114766
720575941566231342,720575940627993852,810581
720575941688908763,720575940608977988,96747
720575941525226061,720575940612306867,140499
720575941604917182,720575940638004457,94633
720575941538161128,720575940605651558,124008
720575941409034158,720575940629481371,537526
720575941448556366,720575940615001450,127281
720575941461793549,720575940621228894,818816
720575941632603884,720575940632753837,118607
720575941626228938,720575940619992523,25002
720575941546718900,720575940614095400,76058
720575941477680948,720575940637491934,90195
720575941477394740,720575940616230210,99372
720575941438572117,720575940623025944,151270
720575941461441235,720575940624043107,29568
720575941574723337,720575940642478792,69659
720575941519235500,720575940635889515,173765
720575941452267386,720575940628807409,539072
720575941531258315,720575940616009729,815796
720575941574854665,720575940606083529,78592
720575941603924921,720575940615463254,81348
720575941611371338,720575940660179585,61294
720575941469597195,720575940619948854,169450
720575941496209536,720575940637507645,40622
720575941540757084,720575940620593345,124250
720575941511180304,720575940631113487,59101
720575941493643184,720575940627025470,111379
720575941351393840,720575940628011602,246168
720575941408094511,720575940646992948,113710
720575941642868050,720575940619040285,53817
720575941644560584,720575940611509485,519569
720575941456931821,720575940620480751,13373
720575941546389640,720575940621970342,95278
720575941503713879,720575940625890812,818499
720575941439074578,720575940621367832,546249
720575941563811223,720575940624008851,217533
720575941560638067,720575940620830447,150491
720575941589595204,720575940631306255,176181
720575941566660199,720575940619893999,35213
720575941507362177,720575940615270545,185978
720575941456264429,720575940627415976,24882
720575941506640001,720575940625394064,106516
720575941451022158,720575940630590524,544408
720575941412849775,720575940603996081,98550
720575941535052978,720575940636699822,109788
720575941521618611,720575940614278294,24765
720575941568207730,720575940621244848,106686
720575941407116974,720575940619255350,107361
720575941490903271,720575940623440460,188519
720575941543235077,720575940626207234,143164
720575941547794868,720575940622797481,535234
720575941480740832,720575940626291533,551309
720575941453584947,720575940628587324,230379
720575941549742196,720575940626047506,44734
720575941432408161,720575940626778928,532642
720575941428210424,720575940634923621,517201
720575941475381307,720575940605274825,531787
720575941402304291,720575940632807341,35214
720575941432187489,720575940660044417,515279
720575941540885789,720575940622633200,119666
720575941574969864,720575940627276290,186887
720575941561468205,720575940627032842,523899
720575941670450353,720575940635686763,103697
720575941542746972,720575940638416361,27898
720575941475291451,720575940612220808,141951
720575941550194431,720575940626401573,117302
720575941591701355,720575940607458827,71801
720575941430658657,720575940620876679,61787
720575941613730323,720575940637441966,147454
720575941505735959,720575940634350306,115958
720575941555019347,720575940645464599,39307
720575941476609642,720575940626951549,52287
720575941722096186,720575940613013544,32701
720575941691039640,720575940620747429,953854
720575941524842596,720575940627809881,97346
720575941668806131,720575940613190809,131497
720575941518657452,720575940625343806,204162
720575941508880257,720575940635101631,84608
720575941486399629,720575940618751515,532757
720575941520468663,720575940626530826,92449
720575941505929506,720575940632842687,928294
720575941474277216,720575940622483060,15478
720575941560064301,720575940635229797,517702
720575941667965105,720575940616928185,35943
720575941511635665,720575940651442422,63993
720575941534941962,720575940628056375,807895
720575941416717340,720575940634043640,138167
720575941435882894,720575940627501826,70591
720575941653317649,720575940626023940,143710
720575941486919746,720575940646686499,517019
720575941572659464,720575940622158113,87202
720575941658289944,720575940636144735,74776
720575941614199315,720575940636090223,106758
720575941640778271,720575940635146926,52016
720575941687852556,720575940631306538,104519
720575941482482371,720575940625385289,127585
720575941600819753,720575940632560865,89178
720575941417077532,720575940631731919,543827
720575941412709521,720575940630987468,89313
720575941669018611,720575940617857025,114927
720575941631924716,720575940621943649,106332
720575941439909343,720575940630719223,76483
720575941654054105,720575940622879758,806709
720575941531438723,720575940631401698,812133
720575941544174441,720575940630895789,527297
720575941626036618,720575940641160320,42432
720575941651066389,720575940618869406,179669
720575941564878336,720575940621377757,77150
720575941563467776,720575940627877735,28465
720575941652411413,720575940611619630,121960
720575941558407539,720575940618237533,188427
720575941440581717,720575940614761709,188262
720575941554208922,720575940610565070,42271
720575941450117754,720575940633710990,24530
720575941533475928,720575940619180854,55371
720575941595308145,720575940639916416,31777
720575941594442097,720575940613515798,191675
720575941506845253,720575940645163464,531384
720575941590072375,720575940614640031,807406
720575941476295745,720575940615620876,90394
720575941612201062,720575940637612429,93406
720575941438798124,720575940603318240,71310
720575941473205802,720575940629161468,45052
720575941530283704,720575940609778018,140028
720575941526712909,720575940633065041,98522
720575941497805730,720575940625911740,84237
720575941461006291,720575940616135692,84840
720575941458975472,720575940617874555,558964
720575941450590813,720575940622141701,173825
720575941513747665,720575940629690883,34960
720575941409418923,720575940625091879,74817
720575941548303137,720575940620243536,63868
720575941563646610,720575940627622836,110312
720575941490103783,720575940620595113,118583
720575941631448992,720575940606567358,141245
720575941452618921,720575940608215426,42346
720575941634230459,720575940641870201,147075
720575941628601058,720575940603728561,808690
720575941413145455,720575940615976891,110725
720575941564810752,720575940616931340,86835
720575941532517354,720575940624460019,42757
720575941609097034,720575940636050318,95629
720575941456998896,720575940631961740,58659
720575941440112213,720575940604831456,87801
720575941651861269,720575940609187101,812634
720575941628413222,720575940652436470,116443
720575941486511056,720575940627204636,40689
720575941543536901,720575940629015414,543538
720575941496280448,720575940621272285,127243
720575941577774937,720575940635757978,104922
720575941513851651,720575940626365005,98411
720575941495462014,720575940628216775,51940
720575941644868257,720575940627986220,912350
720575941479502927,720575940636213940,139717
720575941503410007,720575940624755088,51742
720575941440460885,720575940607969289,61546
720575941651447573,720575940641723808,56327
720575941462555917,720575940621095789,519489
720575941469677021,720575940612564135,814091
720575941562355602,720575940622213853,118018
720575941352863792,720575940619983124,575777
720575941430136969,720575940629176663,120770012
720575941547627912,720575940629950736,112719
720575941603556086,720575940615637983,30438
720575941433377038,720575940628275845,193978
720575941480203138,720575940616978518,55249
720575941576812648,720575940626393999,83559
720575941584534406,720575940631262223,85549
720575941534617610,720575940647109428,95770
720575941528098744,720575940632529962,148953
720575941653119705,720575940631309074,132527
720575941558010127,720575940627810759,74750
720575941629969446,720575940615267782,17395
720575941457023213,720575940624409673,133690
720575941628273977,720575940626533714,88014
720575941504863538,720575940617829350,109050
720575941453362857,720575940623897129,65539
720575941644985249,720575940624097485,116516
720575941612669404,720575940620125013,811880
720575941594334321,720575940636841023,47910
720575941687486220,720575940621964326,96135
720575941481435389,720575940610214769,74016
720575941455251949,720575940626282954,106294
720575941587361348,720575940614251679,151476
720575941475135274,720575940621505404,50817
720575941536690625,720575940629737210,129967
720575941629914918,720575940621414676,38262
720575941631011308,720575940634033599,534948
720575941499805090,720575940628962300,90849
720575941533802627,720575940625889929,111172
720575941547044980,720575940618608110,26519
720575941488263477,720575940607162754,520031
720575941454777907,720575940612180337,75389
720575941643331173,720575940621675246,533281
720575941418723503,720575940605394022,107290
720575941519047384,720575940631407355,97105
720575941536196618,720575940617243531,98823
720575941535734506,720575940627889033,94164
720575941441922139,720575940631470354,551928
720575941430133006,720575940619411327,21174
720575941536366618,720575940618730832,188176
720575941480055008,720575940609806293,539070
720575941440012255,720575940623941354,128820
720575941502698802,720575940625622274,91470
720575941606598509,720575940631331855,144295263
720575941529491384,720575940628624683,39137
720575941658463000,720575940613478963,183756
720575941505689404,720575940625836692,135477
720575941591257128,720575940611931109,108414
720575941660826680,720575940613944239,547141
720575941542466333,720575940613429782,99454
720575941641788261,720575940617648501,190231
720575941596694172,720575940618040157,84415
720575941434247200,720575940605145004,125548
720575941426736724,720575940640072832,809266
720575941617168597,720575940621508006,160743
720575941483093190,720575940632943407,39539
720575941439834047,720575940627036943,51859
720575941510565136,720575940619447535,160734
720575941549131553,720575940634135703,29706
720575941537055971,720575940628043389,46893
720575941723544378,720575940640430424,133055
720575941527029017,720575940632878929,103092
720575941584261471,720575940631709900,116331
720575941476679476,720575940634414959,61324
720575941474073403,720575940620732342,115307
720575941549490209,720575940646493038,67605
720575941492175591,720575940621554566,526304
720575941441831103,720575940621556646,151890
720575941413899924,720575940613215766,186407
720575941530109413,720575940628458812,55109
720575941593643304,720575940605882796,557331
720575941687885430,720575940630299254,166283
720575941610377702,720575940622590719,111705
720575941408129454,720575940628355914,41821
720575941627875641,720575940622349684,57665
720575941514375756,720575940640206389,534153
720575941399317539,720575940630933816,817362
720575941430052489,720575940618709487,173257
720575941553402247,720575940627097886,76798
720575941534681882,720575940622462580,64614
720575941503881963,720575940630597996,211317
720575941436512288,720575940612603634,158804
720575941654397140,720575940628293141,67211
720575941510064594,720575940642302605,47904
720575941619903615,720575940629114959,805827
720575941559166223,720575940635757560,159218
720575941630066402,720575940610219237,814285
720575941513869265,720575940621241293,57325
720575941621812732,720575940640099893,91377
720575941656148948,720575940630699068,207401
720575941519826867,720575940619595429,78628
720575941643899336,720575940633396900,98848
720575941626351417,720575940620413376,90144
720575941596490396,720575940649653113,127537
720575941478818434,720575940636843120,212709
720575941539143573,720575940614822506,109873
720575941438888978,720575940639146429,113944
720575941505918012,720575940633643033,70619
720575941456668141,720575940633192930,95373
720575941547726004,720575940632367119,46489
720575941353462320,720575940650701945,109643
720575941560970920,720575940632905775,85533
720575941459259039,720575940607438466,43238
720575941439864149,720575940622661820,816320
720575941573045256,720575940612825241,129414
720575941455884525,720575940612686563,534942
720575941438231359,720575940630021963,542050
720575941448665166,720575940650476409,105674
720575941513878083,720575940628494018,56821
720575941404758384,720575940616129951,119704
720575941491612110,720575940620187608,543505
720575941536966805,720575940625917827,813177
720575941487139024,720575940630654539,723961295
720575941430396335,720575940636226155,551081
720575941611547750,720575940627267965,126296
720575941556126372,720575940617648614,116241
720575941545725033,720575940608116316,53237
720575941525911298,720575940654072225,43113
720575941573390408,720575940616704050,72502
720575941440009919,720575940637328198,97355
720575941450584186,720575940622628476,161459
720575941519575468,720575940621033563,512052
720575941553125889,720575940626452421,104454
720575941573362248,720575940638962851,828560
720575941573106441,720575940627589288,115566
720575941471317111,720575940630485775,83918
720575941445411348,720575940617423189,126147
720575941546920372,720575940622223273,49835
720575941402398243,720575940627801928,58893
720575941529140664,720575940613940911,157949
720575941626330425,720575940620692103,162229
720575941535859683,720575940620139643,19355
720575941494623102,720575940612552946,57601
720575941565921431,720575940625282232,149750
720575941473540411,720575940610554547,51182
720575941509159809,720575940612511450,191227
720575941592227112,720575940619740363,90418
720575941535798042,720575940630220791,165631
720575941518058200,720575940623075819,107022
720575941547692724,720575940631643178,98301
720575941478137962,720575940634724494,525348
720575941584591582,720575940639516494,82091
720575941499506338,720575940624438675,103291
720575941351665712,720575940619631064,146708
720575941476080177,720575940622650138,24480
720575941612499046,720575940620960390,176669
720575941391048964,720575940643811488,76406
720575941555800915,720575940616289503,59330
720575941538946197,720575940633142436,542321
720575941480756559,720575940627244165,27398
720575941428843401,720575940612872173,92836
720575941521642163,720575940615325078,178059
720575941476181278,720575940611839155,815448
720575941440456655,720575940618730269,146823
720575941668250099,720575940626416145,39513
720575941520363511,720575940632139603,18556
720575941516205155,720575940621518575,516578
720575941553061950,720575940614582481,92736
720575941577191001,720575940630590590,58777
720575941431466593,720575940630678867,25710
720575941633436064,720575940615491734,26664
720575941450604666,720575940631247164,77528
720575941679255485,720575940609354179,108423
720575941537005850,720575940641605851,27673
720575941687523311,720575940650751873,17406
720575941522808395,720575940626266980,78957
720575941573624073,720575940611378274,121416
720575941517099923,720575940610903620,127496
720575941530127845,720575940610762850,160277
720575941440582997,720575940606562481,110744
720575941556171236,720575940626396106,200661
720575941546185065,720575940619180923,188129
720575941441336271,720575940625780105,66914
720575941605834605,720575940623788524,100512
720575941508621150,720575940645731620,555949
720575941504622245,720575940626012930,114860
720575941624472428,720575940638654271,69718
720575941475482683,720575940608694062,513862
720575941575091720,720575940618257053,120863
720575941487683280,720575940622019617,127514
720575941473922090,720575940640696027,19918
720575941572255134,720575940620656262,134866
720575941433161230,720575940609261922,26820
720575941622728444,720575940613959062,78763
720575941498381730,720575940630828150,98959
720575941495288958,720575940622655615,41786
720575941493567943,720575940621997034,809334
720575941625555564,720575940624189261,22528
720575941449400501,720575940631250652,121423
720575941515332954,720575940617161531,30440
720575941527220505,720575940634942362,78909
720575941536165313,720575940633568924,84327
720575941544262505,720575940630121078,809736
720575941477806878,720575940607926914,524691
720575941612516269,720575940606664126,83580
720575941520281523,720575940633003053,75299
720575941518447214,720575940633278689,807556
720575941564340631,720575940607650571,130391
720575941539180925,720575940624481988,62934
720575941507794704,720575940638573171,817320
720575941515579747,720575940631461451,812926
720575941667729651,720575940634830431,85323
720575941526920706,720575940638957400,45980
720575941550204276,720575940623021043,68023
720575941524141387,720575940622674712,143687
720575941494774654,720575940638979817,117154
720575941479505743,720575940631579500,65359
720575941539394965,720575940627206202,46007
720575941393873046,720575940635749300,43702
720575941450903374,720575940645333870,102650
720575941469342941,720575940632880185,529966
720575941407037870,720575940631557228,91255
720575941468792951,720575940611048306,19807
720575941441016015,720575940617650407,125675
720575941450512718,720575940618404510,27164
720575941564247698,720575940621238036,546060
720575941551288382,720575940632035882,119919
720575941732660011,720575940621317119,18083
720575941442067407,720575940605494560,189180
720575941644024952,720575940638546229,907261
720575941486558416,720575940622206725,131389
720575941535980826,720575940627468273,104031
720575941497441353,720575940614618741,902353
720575941411851691,720575940642304731,112763
720575941414961948,720575940611556757,126308
720575941541162588,720575940621009904,127701
720575941620220031,720575940629935703,47434
720575941565426071,720575940638006756,530710
720575941451278151,720575940626791728,32566
720575941535256754,720575940642728648,547774
720575941545959092,720575940612475610,81923
720575941690020827,720575940643053620,37302
720575941438839359,720575940626854288,90927
720575941411379115,720575940625281544,185108
720575941448250549,720575940630944360,36709
720575941623475594,720575940629075535,150064
720575941586588806,720575940620682991,72326
720575941544581481,720575940621014608,103191
720575941449255290,720575940620474789,150332
720575941486641293,720575940625065786,85637
720575941564407040,720575940623324085,804267
720575941467765782,720575940628198855,45387
720575941528675204,720575940617045019,54499
720575941668280051,720575940621111687,19617
720575941611284201,720575940606626494,580423
720575941594332711,720575940627761819,535073
720575941653528276,720575940628995778,37611
720575941409028270,720575940625400039,107534
720575941615423641,720575940637478077,35884
720575941611429222,720575940625053829,39208
720575941506623767,720575940629059287,97064
720575941474008106,720575940637456782,68690
720575941670068135,720575940621675981,162863
720575941602671862,720575940630541519,105913
720575941528646788,720575940611160622,92930
720575941624917898,720575940634122465,113736
720575941639761525,720575940610494788,195235
720575941503687659,720575940606746214,99528
720575941577156185,720575940618737748,110521
720575941633441211,720575940622692613,107401
720575941542988805,720575940619264891,117840
720575941393830550,720575940639757117,67902
720575941551209983,720575940646500996,101690
720575941516946579,720575940621363521,520164
720575941581920121,720575940620948720,62057
720575941407209134,720575940629705978,137094
720575941406703790,720575940604851936,154676
720575941511122386,720575940610299204,516387
720575941507462750,720575940620294420,817895
720575941571863709,720575940620537435,33133
720575941350979376,720575940612916370,532637
720575941556784612,720575940625305673,97007
720575941519637932,720575940630154028,53941
720575941624780234,720575940638088026,115896
720575941557412516,720575940632528671,57314
720575941668297203,720575940627382351,1052500762
720575941566308406,720575940625420523,118002
720575941566608231,720575940630816207,145371
720575941625121482,720575940639043418,113402
720575941594292775,720575940629544442,907990
720575941588068676,720575940618925435,524327
720575941612068710,720575940636346175,123315
720575941547589512,720575940626942077,76278
720575941533917315,720575940611244642,170172
720575941514975747,720575940618184000,167653
720575941595695985,720575940633079379,74022
720575941631401888,720575940626282371,100560
720575941557111076,720575940624487954,110880
720575941514288643,720575940625945843,34639
720575941476234545,720575940611646962,519529
720575941625015707,720575940628111997,55631
720575941463097613,720575940628292907,20113
720575941435245856,720575940620179821,96383
720575941536272867,720575940618526877,143425
720575941499600457,720575940620489094,115116
720575941651770897,720575940623096077,150457
720575941503934885,720575940643977070,76585
720575941642606241,720575940619058177,133717
720575941521312947,720575940638017626,24258
720575941427059540,720575940616454854,531846
720575941569374066,720575940622347755,59984
720575941730021931,720575940613867682,905820
720575941482271683,720575940628585922,21090
720575941560722344,720575940637645936,219132
720575941615864533,720575940640880216,128117
720575941652879345,720575940631372396,96388
720575941537857507,720575940629761591,19085
720575941506643772,720575940626668304,88023
720575941509209042,720575940641860853,135068
720575941563905122,720575940612407538,46066
720575941585762950,720575940626884652,37574
720575941483414726,720575940626678035,580034
720575941573995016,720575940620940927,62966
720575941574099357,720575940632454959,55792
720575941565404567,720575940641108621,108758
720575941611442665,720575940635701143,56879
720575941486424973,720575940629764601,74429
720575941525272601,720575940621700385,80788
720575941481720506,720575940613059112,96335
720575941501561739,720575940622891945,184542
720575941628152633,720575940610007394,532584
720575941619392127,720575940618244898,73584
720575941644633720,720575940647185028,100125
720575941535395594,720575940621160468,120841
720575941513236689,720575940626059657,812623
720575941435350414,720575940629176775,580997
720575941596349061,720575940629977303,150461
720575941492271335,720575940628907280,74232
720575941529269451,720575940624231206,940260
720575941470188811,720575940624183591,20602
720575941539274645,720575940622631816,170981
720575941482052550,720575940618725547,819308
720575941444290986,720575940627235258,139266
720575941595069735,720575940615697932,226131
720575941535311041,720575940615460364,105075
720575941509927122,720575940628225034,138445
720575941552688702,720575940609170371,64200
720575941567808626,720575940620706798,27351
720575941472244288,720575940628722732,38690
720575941513901411,720575940623368547,146626
720575941548499080,720575940632135722,179195
720575941624428908,720575940617298363,115926
720575941508862242,720575940623771076,245032
720575941662681912,720575940627635473,26978
720575941425908564,720575940631112668,181989
720575941563825506,720575940626775055,128163
720575941535139672,720575940622390789,45915
720575941585874822,720575940629447171,161008
720575941545781428,720575940630418257,64826
720575941449112954,720575940631984170,815827
720575941602544825,720575940621254534,280885
720575941595343237,720575940620900784,117790
720575941611365414,720575940612211635,174103
720575941476786974,720575940630589822,74056
720575941510796048,720575940634276506,128802
720575941572701449,720575940612147635,87949
720575941469763595,720575940605710112,70631
720575941679400381,720575940613440146,137389
720575941548912445,720575940612654449,103505
720575941497548513,720575940614125822,119041
720575941595809319,720575940619485656,548431
720575941436679200,720575940641876955,403537
720575941481754298,720575940630800762,125321
720575941624997531,720575940610690162,97373
720575941480094799,720575940639901016,282533
720575941520284919,720575940639706301,549601
720575941624243914,720575940634792858,55308
720575941610773350,720575940622832734,130652
720575941687950555,720575940626538056,549602
720575941644454482,720575940637837486,150976
720575941512445772,720575940628953591,99742
720575941596306565,720575940626178874,26383
720575941602589881,720575940636123243,94825
720575941536451570,720575940618815286,818842
720575941612868883,720575940648290436,130845
720575941553150599,720575940613605698,139602
720575941480972451,720575940632695904,77645
720575941631538619,720575940632101839,551522
720575941583859846,720575940617621972,547764
720575941514445667,720575940627423759,73854
720575941474212650,720575940622000993,137082
720575941437922367,720575940609739203,123662
720575941577962321,720575940627397223,77663
720575941393322756,720575940606074290,156095
720575941540088013,720575940620364736,540259
720575941731230507,720575940616517749,98549
720575941412513681,720575940615739298,121787
720575941517453272,720575940619710191,78309
720575941655181268,720575940636640248,52723
720575941514312851,720575940620447329,114172
720575941493396167,720575940604091308,805908
720575941594996263,720575940619007867,97359
720575941688379254,720575940613487274,519811
720575941479853647,720575940611724754,91671
720575941486091074,720575940614835362,908076
720575941499253321,720575940609864405,517285
720575941536454410,720575940633023815,181854
720575941495340670,720575940626042314,88863
720575941536313281,720575940637552997,91349
720575941495120327,720575940616194443,909750
720575941611628521,720575940620948340,581239
720575941481916614,720575940622498889,75965
720575941542957317,720575940628122620,125720
720575941574333341,720575940620059733,72929
720575941540443996,720575940607910980,162581
720575941534396760,720575940632837201,180749
720575941691540376,720575940625808272,39489
720575941410859435,720575940632419395,198352
720575941439120591,720575940639874493,814834
720575941550482292,720575940632121145,39321
720575941480262624,720575940620382411,141905
720575941645224056,720575940609865796,44802
720575941462449808,720575940612316847,167339
720575941526324482,720575940625744944,116229
720575941449426781,720575940652858870,93650
720575941438421036,720575940626083983,803226
720575941552054151,720575940643047460,97330
720575941505780293,720575940631339700,95453
720575941482460355,720575940617524697,47824
720575941488858825,720575940617737958,79737
720575941540449565,720575940621041185,66332
720575941490249932,720575940616295541,24354
720575941661807228,720575940632968860,127904
720575941501666391,720575940619658111,53618
720575941477257322,720575940622970582,129317
720575941610292070,720575940612027285,101056
720575941566239591,720575940626362980,84120
720575941505705797,720575940624168521,84531
720575941701851866,720575940632800344,193627
720575941533208549,720575940624281599,529354
720575941598291904,720575940631983185,1051236875
720575941594470181,720575940628264721,146547
720575941470840128,720575940628363820,911174
720575941555665747,720575940616142337,575882
720575941550133053,720575940659703937,817005
720575941600067369,720575940617594198,546194
720575941575891638,720575940624233933,40324
720575941535001025,720575940642063245,802244
720575941670249137,720575940621397675,167827
720575941514491539,720575940631528466,115647
720575941594308721,720575940638678179,810556
720575941586951390,720575940617296699,806111
720575941518447726,720575940628065661,814979
720575941474779444,720575940620195719,253454
720575941614789017,720575940622644371,70464
720575941539489010,720575940615248807,50098
720575941480317664,720575940626458897,19569
720575941453396551,720575940618408000,80213
720575941619731426,720575940640342104,66296
720575941432496225,720575940610129109,161664
720575941579822673,720575940612172339,144126
720575941502611083,720575940615038314,29363
720575941515862371,720575940624662508,289020
720575941596131953,720575940631641508,120798
720575941456642541,720575940627295631,805142
720575941590542903,720575940624717053,183721
720575941539680637,720575940609655108,73109
720575941547768456,720575940625972668,73577
720575941546280636,720575940614830888,529471
720575941491645415,720575940619035931,102766
720575941514441827,720575940622883853,43676
720575941593766507,720575940639845976,270825
720575941573908879,720575940619345473,119631
720575941578219509,720575940628459029,66159
720575941455171891,720575940623511236,93069
720575941534000394,720575940639905870,107897
720575941478865258,720575940641419728,123435
720575941524868939,720575940629933586,42885
720575941626408347,720575940617456017,110445
720575941589083972,720575940622100321,559925
720575941515490563,720575940629886423,144097
720575941564736407,720575940613696739,124570
720575941491997616,720575940617390027,513785
720575941573827997,720575940620616129,531442
720575941486856454,720575940613090787,514647
720575941614546707,720575940620194881,172460
720575941493308080,720575940633009343,908440
720575941641707365,720575940635639999,53244
720575941432138593,720575940623856776,47035
720575941496384455,720575940631278923,533384
720575941434169120,720575940615312084,32786
720575941658757912,720575940630836280,93573
720575941661693052,720575940630223771,46686
720575941506063932,720575940618046977,78436
720575941514222339,720575940617174758,250922
720575941611932774,720575940638909493,81822
720575941429224623,720575940659743105,165543
720575941667003635,720575940613291161,73525
720575941515239235,720575940612812434,523585
720575941491146727,720575940618335889,103934
720575941533359594,720575940617602843,80879
720575941630753004,720575940624776892,104218
720575941527475878,720575940624469030,50645
720575941652823025,720575940624569929,171407
720575941568290350,720575940646669347,82496
720575941554596506,720575940605376800,48483
720575941522722807,720575940629338677,548400
720575941568520750,720575940648130436,143936
720575941596497009,720575940614377214,90663
720575941560167981,720575940621094336,98150
720575941567597050,720575940618496592,100218
720575941553252670,720575940632807224,539298
720575941527235940,720575940627667880,118755
720575941624646090,720575940651208694,72979
720575941461806480,720575940623338313,127399
720575941440814421,720575940615447038,62210
720575941436340242,720575940627685509,93782
720575941634309081,720575940612392871,48158
720575941489804750,720575940621116510,810798
720575941493601712,720575940613100723,196148
720575941603582710,720575940628481899,102829
720575941451177806,720575940652748278,533193
720575941578217205,720575940621944325,67720
720575941409350827,720575940627935058,186718
720575941688756187,720575940623294088,57079
720575941558033956,720575940620693999,88742
720575941542357765,720575940623880013,805986
720575941549683006,720575940621332574,815282
720575941667951537,720575940626268934,105938
720575941431243534,720575940623022886,49371
720575941448336148,720575940611134254,119143
720575941490650313,720575940604481964,811679
720575941529459076,720575940621524673,106852
720575941599738665,720575940637282167,124737
720575941632294075,720575940625986441,194507
720575941584940895,720575940626940197,137883
720575941559093998,720575940616886758,50773
720575941536634394,720575940627854595,523982
720575941539604885,720575940635108247,158530
720575941569983476,720575940608409355,65956
720575941407060527,720575940623246550,131950
720575941402030115,720575940624326844,93319
720575941560368911,720575940640699856,31401
720575941557771044,720575940629789562,20389
720575941516628371,720575940612680883,91376
720575941451526522,720575940619113557,154674
720575941540731677,720575940628442426,58706
720575941691574424,720575940623154531,77571
720575941451179386,720575940625510275,92984
720575941445882900,720575940621228168,40242
720575941549935137,720575940630754299,535275
720575941575421327,720575940615961542,807724
720575941583133279,720575940647685172,107347
720575941534364248,720575940619053332,86560
720575941460468880,720575940613733860,124949
720575941685783535,720575940621200961,47505
720575941432815118,720575940644744864,128533
720575941663236732,720575940624531208,184495
720575941572018589,720575940612427670,556721
720575941639553397,720575940615059752,146755
720575941590046519,720575940625414666,15406
720575941630813410,720575940617571545,160256
720575941507145239,720575940630753239,33180
720575941503625963,720575940629044071,276829
720575941479680992,720575940633429470,120109
720575941627576889,720575940605504446,194718
720575941730594859,720575940629501968,52467
720575941668622257,720575940629211727,117007
720575941573093022,720575940621022555,100793
720575941477238378,720575940641690331,94488
720575941444451754,720575940613886687,564397
720575941504227415,720575940627398940,514961
720575941701477594,720575940642518157,122845
720575941578852953,720575940629247992,552227
720575941539667186,720575940626798082,104859
720575941539617741,720575940625460632,808958
720575941598460572,720575940623815486,12800
720575941578161241,720575940619432920,44709
720575941450859847,720575940626782010,53487
720575941506318908,720575940649868153,542535
720575941638949237,720575940606228233,12185
720575941533175384,720575940634743403,54387
720575941472147242,720575940614642728,530852
720575941689081563,720575940627653419,77206
720575941391226116,720575940627715764,114552
720575941669927335,720575940623115222,76745
720575941485309958,720575940650244342,160897
720575941455429171,720575940636361140,224319
720575941469411549,720575940652822945,72978
720575941529852856,720575940611059609,67671
720575941436582944,720575940621111790,85873
720575941559974159,720575940625662778,830766
720575941437628204,720575940617912347,150279
720575941484057085,720575940622963127,801886
720575941505211671,720575940658842753,54638
720575941571934024,720575940618888246,817083
720575941439547359,720575940609664779,135914
720575941669865137,720575940628324170,100808
720575941595921191,720575940611848419,135255
720575941539437810,720575940644588324,94259
720575941509526482,720575940615518523,100592
720575941522284363,720575940659601025,301517
720575941592910550,720575940625756208,154460
720575941576383336,720575940624667831,187057
720575941430816865,720575940621237825,86579
720575941556773860,720575940628130280,42281
720575941411234219,720575940635516314,530013
720575941477774110,720575940622087924,512148
720575941408250415,720575940632757305,83964
720575941474686506,720575940635257279,68939
720575941687078127,720575940611900968,904672
720575941565517666,720575940612599665,121881
720575941448412085,720575940617211806,163912
720575941644431480,720575940622868617,61676
720575941690667672,720575940617026572,129933
720575941603290358,720575940623743892,806919
720575941431783416,720575940624514027,172633
720575941393123478,720575940644225184,79794
720575941566452526,720575940631464811,137641
720575941503579954,720575940616279872,814733
720575941487515344,720575940627658066,166270
720575941579354233,720575940623936304,909616
720575941470110327,720575940645865092,22757
720575941436598802,720575940612646883,142790
720575941594972630,720575940616562150,230110
720575941482348998,720575940631046144,31244
720575941558974500,720575940627069190,174061
720575941515275667,720575940615992070,88338
720575941624341356,720575940619425739,98814
720575941574931721,720575940613507946,77409
720575941689044492,720575940633389907,120758
720575941506506149,720575940618700573,144291
720575941548378228,720575940627075721,127363
720575941475292993,720575940627254532,76835
720575941582408543,720575940627715706,31948
720575941440136789,720575940629101571,116469
720575941409157291,720575940615755679,67462
720575941515706003,720575940630292012,569735
720575941564463616,720575940631700010,110094
720575941536618689,720575940628543431,70471
720575941451916154,720575940631033175,512524
720575941577866577,720575940633523916,105850
720575941431565304,720575940631539754,122510
720575941559131251,720575940633195053,55909
720575941628252985,720575940624693552,45614
720575941514810458,720575940621527617,116003
720575941547842877,720575940610259406,115666
720575941534641898,720575940653324278,195119
720575941527004493,720575940637355497,152439
720575941481322947,720575940615723153,119255
720575941533831194,720575940622400694,906712
720575941450697294,720575940623018776,121698
720575941496482171,720575940639040445,130319
720575941547070569,720575940627062424,482595
720575941668628211,720575940622746608,18549
720575941612826076,720575940616054175,110903
720575941490115529,720575940629689943,132970
720575941679212221,720575940612651030,30080
720575941684783599,720575940605937097,806301
720575941723791674,720575940615740172,119926
720575941595038085,720575940625981080,169810
720575941528796875,720575940622897917,151641
720575941497091657,720575940635793855,94948
720575941731006251,720575940605688608,58718
720575941523678711,720575940661105793,192371
720575941584387550,720575940631482476,87730
720575941429940695,720575940625416292,214174
720575941477306417,720575940630982796,162626
720575941561047853,720575940619707842,104539
720575941515549955,720575940622892056,111011
720575941602198457,720575940615494303,157165
720575941471086967,720575940612920214,809781
720575941595956337,720575940625901187,935679
720575941559205933,720575940625186312,810229
720575941414307217,720575940627300410,78468
720575941514031353,720575940624885687,138943
720575941488426192,720575940619119739,76222
720575941515678611,720575940618997440,192382
720575941481181007,720575940616708747,70096
720575941687508463,720575940612029390,39041
720575941638883615,720575940628112636,65363
720575941437872351,720575940626873530,123837
720575941400991011,720575940637319134,525024
720575941562269696,720575940626017960,383627
720575941624329418,720575940620565057,578432
720575941439215404,720575940627610645,114297
720575941560720243,720575940617740774,183999
720575941722902842,720575940637751017,216274
720575941534925400,720575940627094917,170237
720575941643900872,720575940617859841,124004
720575941457311903,720575940618108955,540506
720575941566814510,720575940617631961,223538
720575941520742583,720575940620459457,98226
720575941515007043,720575940638208627,76203
720575941532709093,720575940622081057,514278
720575941438912556,720575940606228256,536905
720575941594725413,720575940628609788,123917
720575941590411774,720575940622181670,128112
720575941456035568,720575940615184746,106983
720575941668161779,720575940634396385,44620
720575941431215886,720575940621144703,117709
720575941551879998,720575940616100582,16454
720575941503746866,720575940620111006,521988
720575941550363391,720575940622788103,119500
720575941441341531,720575940636158315,67423
720575941668762611,720575940637336432,53886
720575941691163288,720575940637652339,49524
720575941458224112,720575940629089068,39592
720575941612187878,720575940620886209,217519
720575941506427461,720575940638664014,116012
720575941477052190,720575940626845522,114474
720575941563048704,720575940627310697,192419
720575941440975807,720575940621398399,113315
720575941574393014,720575940624281271,76828
720575941618420351,720575940615475818,533495
720575941504768060,720575940621488566,553205
720575941543328029,720575940645182487,201770
720575941598723520,720575940630106624,171696
720575941576759478,720575940625768506,65170
720575941540418941,720575940638494030,902249
720575941609390182,720575940631244335,807847
720575941657471824,720575940630504991,180064
720575941514697363,720575940614276002,109344
720575941490220750,720575940623398524,143244
720575941563715426,720575940636484600,136635
720575941505416773,720575940633236691,83067
720575941412957551,720575940639746979,520432
720575941469345245,720575940605300145,128556
720575941539359381,720575940636428389,552605
720575941555656100,720575940620309419,73030
720575941451648583,720575940621478358,803682
720575941479729059,720575940606459266,78008
720575941458208927,720575940603461478,165907
720575941436116000,720575940623072355,135211
720575941450546857,720575940653580022,806549
720575941573558600,720575940631686796,537861
720575941482634938,720575940635110286,221876
720575941430401967,720575940623184041,17088
720575941436360480,720575940619294277,186620
720575941632255980,720575940631777603,533214
720575941551326235,720575940628669289,815667
720575941452665257,720575940627201538,30417
720575941680876989,720575940632150412,176787
720575941639235445,720575940624910373,108102
720575941722049850,720575940618900358,819511
720575941496105289,720575940625752451,120979
720575941543449605,720575940612763542,51688
720575941515352979,720575940624497644,115496
720575941471126795,720575940623078985,193932
720575941603281593,720575940630817658,111016
720575941502438027,720575940633374116,27888
720575941663072892,720575940622126597,63746
720575941574573051,720575940624576551,512709
720575941480759119,720575940605566310,73314
720575941515058323,720575940620023350,91863
720575941679846077,720575940641060480,205210
720575941510513680,720575940623699396,208303
720575941690841819,720575940613732271,59939
720575941542144604,720575940614258578,94370
720575941451049806,720575940621678686,524092
720575941584765023,720575940622398728,107575
720575941572539400,720575940633087535,23348
720575941544698729,720575940616541158,57063
720575941471932000,720575940624615659,84387
720575941540220285,720575940621862405,809278
720575941575151112,720575940636844901,19424
720575941552056638,720575940635773432,108745
720575941610830569,720575940627846955,152131
720575941556231652,720575940615743705,65753
720575941668269299,720575940609779465,50148
720575941414444177,720575940637937776,76263
720575941565968182,720575940606013356,45415
720575941507113506,720575940627157962,59917
720575941478245250,720575940626844037,90953
720575941493248126,720575940625186078,119933
720575941449470133,720575940627621909,125953
720575941611692764,720575940636299327,159047
720575941527040868,720575940618215451,15969
720575941475805505,720575940638716905,85720
720575941472922666,720575940615359647,63372
720575941549157409,720575940629213127,120952
720575941671428775,720575940607211977,122839
720575941594778501,720575940635864176,71379
720575941451275945,720575940632760996,109896
720575941438295263,720575940611304362,527155
720575941576538038,720575940618814960,31028
720575941475535134,720575940608603331,51664
720575941488778805,720575940616087323,544257
720575941508361089,720575940626381356,131498
720575941479728291,720575940629656023,811386
720575941576814681,720575940612381335,169114
720575941469722487,720575940627216283,20553
720575941476550506,720575940629515024,547117
720575941404673648,720575940623494794,122793
720575941493198206,720575940626513173,142279
720575941627711801,720575940611903346,112732
720575941584675718,720575940614378449,104772
720575941542756381,720575940623681321,63041
720575941391932310,720575940614292008,513595
720575941558486052,720575940634677856,36927
720575941626374026,720575940630702789,18424
720575941590387084,720575940627357713,956643
720575941460634052,720575940623289578,242201
720575941566780519,720575940615513490,104096
720575941444740266,720575940613143794,555121
720575941603655353,720575940620129961,37196
720575941501821067,720575940606101094,546477
720575941500845035,720575940618787099,806908
720575941436572704,720575940612661145,90095
720575941578404441,720575940612221157,526008
720575941573837051,720575940615348770,529350
720575941498698619,720575940627890231,39265
720575941642603090,720575940627677258,26168
720575941406306607,720575940626632088,803947
720575941526171981,720575940636945253,97255
720575941430378415,720575940635829611,114236
720575941435894546,720575940626825853,176770
720575941513433187,720575940608650537,140014
720575941584999646,720575940631349878,67735
720575941564600210,720575940624092680,114348
720575941576877416,720575940627594005,544900
720575941515519235,720575940626286142,111596
720575941439563349,720575940627106200,89202
720575941475774779,720575940616260146,167723
720575941521514679,720575940640882339,41158
720575941351704624,720575940626497284,132864
720575941563459591,720575940647662388,100525
720575941408767918,720575940621359273,65589
720575941438946834,720575940644088992,132034
720575941598646172,720575940615551378,53406
720575941586473350,720575940623664605,16293
720575941624222875,720575940625245991,100307
720575941480744527,720575940621511606,812888
720575941530521291,720575940618552443,66389
720575941645316040,720575940631262252,172264
720575941618982527,720575940599733446,114351
720575941573281801,720575940622091391,551057
720575941565885282,720575940623072867,61378
720575941520887987,720575940622571213,179339
720575941406695598,720575940641195509,77897
720575941574975901,720575940630033270,27872
720575941554956289,720575940611912658,73302
720575941513722691,720575940626154061,62817
720575941575200655,720575940633665107,35443
720575941401446179,720575940642851213,75848
720575941612243814,720575940630775891,146675
720575941523013111,720575940619758215,108143
720575941529244036,720575940639473998,41676
720575941591878540,720575940636792974,276074
720575941667696371,720575940628563305,803793
720575941467128662,720575940639040675,116484
720575941434249504,720575940605380268,51243
720575941490860750,720575940611411698,74905
720575941538109170,720575940621658502,539249
720575941449041501,720575940638415731,83690
720575941442084699,720575940627957096,80920
720575941644547704,720575940621518218,75507
720575941633575877,720575940641500112,456264
720575941581750905,720575940621365231,122978
720575941525040642,720575940632524074,133870
720575941473709920,720575940628906795,165529
720575941521886967,720575940615603094,121447
720575941579926865,720575940623363366,77427
720575941644468562,720575940616500155,115977
720575941479837263,720575940630504279,102771
720575941427646548,720575940624520999,66424
720575941486980674,720575940623475850,142723
720575941511974732,720575940630900983,176460
720575941501891819,720575940629890364,102606
720575941412212847,720575940635901035,154899
720575941611665837,720575940618774848,98175
720575941473268010,720575940617983867,33885
720575941568728570,720575940651946486,93191
720575941512258892,720575940624362227,77177
720575941478858346,720575940628873219,96983
720575941628206393,720575940628060986,519031
720575941450043573,720575940618904229,63088
720575941352651568,720575940624956680,75564
720575941572050589,720575940622186509,809349
720575941574779899,720575940614988967,31922
720575941660742268,720575940604826802,816996
720575941614685971,720575940623508714,543960
720575941495082624,720575940644400164,155893
720575941461787076,720575940619211361,59576
720575941535089178,720575940632746391,115594
720575941533925507,720575940629153641,54814
720575941454671923,720575940619013686,562531
720575941527121666,720575940632174527,54615
720575941514635769,720575940634805667,99316
720575941489264590,720575940625366089,100777
720575941632892320,720575940623165257,131973
720575941625566828,720575940631003589,15470
720575941415138332,720575940628029306,86948
720575941510174480,720575940635654039,103352
720575941630286316,720575940627076124,73741
720575941686914287,720575940633115217,146674
720575941612584294,720575940635735407,102360
720575941632778693,720575940616476575,102388
720575941548102772,720575940635669183,94305
720575941504472645,720575940618301204,149920
720575941551952127,720575940622433799,815174
720575941413021841,720575940623510221,47374
720575941514629955,720575940620386981,902434
720575941632811680,720575940628326568,51325
720575941608214893,720575940625854990,78247
720575941530719179,720575940608336732,100574
720575941627679545,720575940612734358,60850
720575941449525429,720575940612610453,544170
720575941539183253,720575940607264348,532428
720575941438065727,720575940632017208,55435
720575941573343753,720575940629026576,98353
720575941530112715,720575940621123393,192209
720575941572276489,720575940624449881,911798
720575941631743429,720575940633201378,386769
720575941440679871,720575940638485326,116783
720575941450002503,720575940618114082,126303
720575941480461475,720575940614310627,69292
720575941721310266,720575940606181762,96576
720575941489371849,720575940623822524,101659
720575941598718505,720575940615758698,90413
720575941570446324,720575940614201640,552524
720575941503861925,720575940621563945,23217
720575941668859123,720575940620871104,533810
720575941501525335,720575940631912040,903836
720575941480262530,720575940631455503,108979
720575941413784724,720575940614315827,93110
720575941515863642,720575940609457673,123316
720575941540958589,720575940616111410,533022
720575941642312274,720575940620595659,526242
720575941574523913,720575940625302093,82966
720575941535456266,720575940610908122,74845
720575941413109140,720575940625003824,133575
720575941488505038,720575940636571828,813634
720575941587952452,720575940632835176,33816
720575941484247037,720575940623257869,515701
720575941516816275,720575940617041269,129691
720575941518800088,720575940628989483,591600
720575941580267253,720575940633734300,568213
720575941580883065,720575940627370110,817560
720575941497101179,720575940619675783,39021
720575941469859136,720575940625625236,146362
720575941440709973,720575940613799436,143275
720575941407161262,720575940624456712,133933
720575941448938677,720575940626916126,209656
720575941536314005,720575940632137770,813129
720575941720258362,720575940630364988,39934
720575941577111633,720575940636272862,221619
720575941556450212,720575940624096039,49254
720575941462851853,720575940642875080,817584
720575941584678110,720575940610246498,135656
720575941507332375,720575940624389000,138842
720575941491808743,720575940622702625,150657
720575941610407398,720575940641226624,81262
720575941657211928,720575940622471382,537827
720575941477345841,720575940612538538,92718
720575941517034924,720575940627523076,126890
720575941468249366,720575940642340085,100661
720575941480028384,720575940660799361,28394
720575941440250197,720575940621731494,150429
720575941447305053,720575940621380417,588421
720575941564569863,720575940614310195,65513
720575941534967986,720575940625507888,579717
720575941540316365,720575940614128593,43649
720575941506459170,720575940622214576,115431
720575941480632544,720575940616617885,171041
720575941490055372,720575940624972617,92249
720575941504481084,720575940633341521,133985
720575941408578478,720575940627802374,51507
720575941592093547,720575940618100770,80559
720575941572037790,720575940622105480,813673
720575941602921401,720575940624858126,813401
720575941519881688,720575940626875748,152266
720575941641014303,720575940638595135,543157
720575941611011501,720575940613664874,160233
720575941556433380,720575940624961267,119363
720575941614147859,720575940633164575,140207
720575941516934572,720575940631955653,63929
720575941534185304,720575940628960378,139913
720575941492970878,720575940627466746,58073
720575941578539765,720575940631332060,263053
720575941611980764,720575940627293470,114207
720575941519520622,720575940622473221,146428
720575941479500195,720575940622710655,95362
720575941569521054,720575940619757392,106941
720575941516146092,720575940623948727,29384
720575941513404227,720575940637943093,134318
720575941499992738,720575940620424472,196851
720575941703513818,720575940629286659,516107
720575941589988748,720575940617477009,47412
720575941644583250,720575940626318099,172025
720575941652200465,720575940619365359,99258
720575941608309322,720575940625049607,111503
720575941461560720,720575940615147315,540496
720575941540787292,720575940621474031,376785
720575941558104100,720575940608317362,125550
720575941582130553,720575940617683924,33644
720575941502347147,720575940606411966,103890
720575941414870676,720575940614288757,529130
720575941624167050,720575940628125010,50188
720575941505525783,720575940609242837,533264
720575941558618404,720575940628023882,58637
720575941722505018,720575940624617450,80956
720575941391506582,720575940616833669,27177
720575941596722844,720575940638729542,93877
720575941603413694,720575940609936139,105971
720575941579899381,720575940640623011,63947
720575941497546658,720575940618186269,123715
720575941550666302,720575940627687576,89290
720575941530348216,720575940628941318,218577
720575941567986034,720575940645255022,47504
720575941564062727,720575940613086998,193710
720575941595788421,720575940615573365,35415
720575941506711074,720575940623488477,103740
720575941624816124,720575940624307976,155435
720575941690688920,720575940612707989,99041
720575941448211805,720575940629183311,50870
720575941526109606,720575940610782766,136229
720575941538209229,720575940607873202,520135
720575941581742457,720575940630352379,525609
720575941469337207,720575940634132636,49941
720575941472018272,720575940627087930,120013
720575941583986054,720575940634015405,151795
720575941573391286,720575940620451056,804895
720575941523947595,720575940607334869,44809
720575941520779187,720575940616203166,80582
720575941486634448,720575940626953274,105313
720575941429718447,720575940631901267,105986
720575941549325089,720575940621395580,134574
720575941581977977,720575940623812109,106364
720575941504194391,720575940621956205,222960
720575941537319154,720575940627772815,129586
720575941583990623,720575940618098662,112414
720575941497782601,720575940643737367,143174
720575941506493474,720575940629875906,131425
720575941657531672,720575940622886780,207216
720575941539593877,720575940626684797,214188
720575941430277729,720575940619795533,116381
720575941390136324,720575940644414664,800297
720575941642158418,720575940622193546,44512
720575941574125455,720575940634096496,84944
720575941591986539,720575940628581894,157425
720575941496299593,720575940621314593,813906
720575941438184978,720575940615332246,90239
720575941475128635,720575940619353649,218763
720575941521352951,720575940621423296,197230
720575941564640098,720575940637981018,123302
720575941517867436,720575940612294637,28899
720575941534806810,720575940641537677,164968
720575941488386512,720575940620842846,805619
720575941592007720,720575940628592296,66753
720575941536107969,720575940618306112,69842
720575941702957018,720575940630296514,101203
720575941566799354,720575940617378843,806207
720575941545277628,720575940627817488,91306
720575941586157790,720575940611424462,58233
720575941632821691,720575940626379824,67436
720575941530691813,720575940624646076,123785
720575941641193247,720575940635411374,208121
720575941553496455,720575940643436960,102047
720575941475473473,720575940627848360,136508
720575941529119672,720575940642423797,511839
720575941568018676,720575940631433785,57478
720575941518641880,720575940626339100,92096
720575941561811757,720575940622341363,142698
720575941547749556,720575940634578071,18067
720575941430339543,720575940621760355,76855
720575941491479271,720575940628789269,63922
720575941552632218,720575940630946816,168481
720575941690351512,720575940632405831,66203
720575941508953554,720575940627014949,140062
720575941574766518,720575940625900080,75295
720575941687592431,720575940615234015,81481
720575941441002943,720575940625029639,122131
720575941508898654,720575940620754342,97710
720575941490004277,720575940636641647,52546
720575941662046332,720575940642512603,124880
720575941459119600,720575940624863240,217226
720575941599343657,720575940620757926,111395
720575941504004331,720575940613246322,118894
720575941520504755,720575940633390175,154526
720575941652326641,720575940631684603,141918
720575941643473864,720575940623894883,51873
720575941452887721,720575940620636843,550101
720575941453178163,720575940646136686,140453
720575941522825035,720575940625273421,74612
720575941497709691,720575940625393466,91112
720575941438947602,720575940610982362,96462
720575941602373622,720575940635624343,33971
720575941590980862,720575940632726732,17365
720575941496391040,720575940631927865,85955
720575941653762009,720575940637660382,58302
720575941447808334,720575940645946903,77809
720575941632582075,720575940626982154,55563
720575941450423645,720575940627560386,96893
720575941430524001,720575940646063895,135807
720575941562127872,720575940604808736,808311
720575941518913752,720575940635717567,135540
720575941645506168,720575940626804120,29832
720575941458562003,720575940623289087,61167
720575941520743863,720575940633566862,94121
720575941469844544,720575940637677680,32034
720575941498766049,720575940618280921,516414
720575941690120344,720575940616807051,102840
720575941594185511,720575940618614942,68637
720575941519927256,720575940614447400,99057
720575941505257893,720575940622301162,512595
720575941490740430,720575940611903601,85321
720575941532416229,720575940622528951,90091
720575941600056617,720575940626287408,74757
720575941601315769,720575940632928173,806356
720575941688548108,720575940639766131,179198
720575941520353783,720575940639031680,815463
720575941479795279,720575940645799022,100107
720575941614028563,720575940603568757,64391
720575941687373942,720575940627539528,144708
720575941535248577,720575940622478085,95224
720575941408874287,720575940622336280,552341
720575941540968477,720575940607028681,161335
720575941690774936,720575940647003956,77851
720575941539583869,720575940620380073,28681
720575941468264726,720575940632792657,88954
720575941626589292,720575940615032830,39793
720575941502395586,720575940620604632,523747
720575941593627687,720575940639773568,53475
720575941592445291,720575940615753629,190319
720575941468942656,720575940615046854,804803
720575941462988944,720575940618489142,135548
720575941639161119,720575940623899341,50034
720575941560787059,720575940623991757,93811
720575941562013864,720575940626716824,167811
720575941488054069,720575940619663239,114708
720575941663404412,720575940619619633,547524
720575941476697905,720575940624864492,57964
720575941479086210,720575940620608647,80425
720575941550240317,720575940625977786,533928
720575941543431868,720575940624805765,114858
720575941578213465,720575940624208391,52011
720575941619925119,720575940612846102,125384
720575941466720342,720575940632670637,177304
720575941660528952,720575940618677893,110101
720575941653675025,720575940629550074,73185
720575941690728667,720575940630101497,267717
720575941482726851,720575940629699883,77708
720575941519633335,720575940611293230,33504
720575941574729480,720575940644946980,87634
720575941432314894,720575940647882548,167278
720575941580622581,720575940624674485,111027
720575941555624705,720575940629085955,29880
720575941610794854,720575940626349767,82855
720575941478135658,720575940618293720,74554
720575941566970670,720575940635600247,111978
720575941572443899,720575940635263423,96569
720575941507110750,720575940615613842,123194
720575941576820584,720575940607484099,166286
720575941393017750,720575940624029704,116505
720575941482734266,720575940617755025,805384
720575941480183938,720575940626107696,83651
720575941628560697,720575940621089780,115470
720575941566331495,720575940618429625,33762
720575941548080756,720575940640290109,82098
720575941650820593,720575940619039623,86977
720575941546840508,720575940621642017,542481
720575941433425934,720575940625015531,550270
720575941563006720,720575940623007159,119304
720575941554170522,720575940618876062,138929
720575941505400124,720575940628073235,172013
720575941479326432,720575940621989500,809392
720575941626105482,720575940614700083,138427
720575941614007827,720575940616783752,523409
720575941461195972,720575940615343510,43626
720575941610176173,720575940626649860,71369
720575941545827764,720575940614819178,549491
720575941654028500,720575940627951528,163113
720575941498974025,720575940637662298,96674
720575941393088662,720575940629179035,113204
720575941555405732,720575940615710431,101721
720575941599318720,720575940632138051,524981
720575941546659260,720575940643141024,808736
720575941460820164,720575940630726649,83555
720575941438303711,720575940626424005,100562
720575941555493156,720575940626993694,807467
720575941464964694,720575940627978183,96676
720575941569912178,720575940617503121,132408
720575941528004262,720575940633744632,28574
720575941519703219,720575940626391754,66866
720575941545624764,720575940631295703,512861
720575941588827716,720575940626128147,111386
720575941475556913,720575940629199146,45587
720575941453322035,720575940640402851,69459
720575941547282100,720575940616826001,15905
720575941661430072,720575940623393357,818915
720575941571196830,720575940630144812,31691
720575941439994203,720575940631503928,57433
720575941505765761,720575940620263558,76465
720575941438668844,720575940625746709,167189
720575941452959559,720575940613337640,569092
720575941588333623,720575940641374861,117805
720575941574568443,720575940612479129,206632
720575941631699180,720575940603883232,84932
720575941352470576,720575940615528678,513690
720575941644674760,720575940644224200,524890
720575941458924870,720575940629340315,811869
720575941645720264,720575940628913920,339719
720575941613356441,720575940616887308,526563
720575941574861307,720575940614634694,96583
720575941442474447,720575940629373958,516582
720575941643918437,720575940624317367,157158
720575941507708289,720575940625741455,54627
720575941586496222,720575940620964011,127351
720575941566925870,720575940647303300,167414
720575941491476430,720575940613733672,210626
720575941554301338,720575940628354386,56932
720575941353538352,720575940631379919,113334
720575941645230536,720575940627927751,815228
720575941473879648,720575940636252302,28358
720575941600740905,720575940612012566,124472
720575941680066749,720575940620057776,915000
720575941477756468,720575940624769260,62566
720575941533661978,720575940612856529,804614
720575941427819348,720575940639182680,106760
720575941578560245,720575940621070797,517325
720575941517016492,720575940630578423,526545
720575941625877962,720575940610504398,802540
720575941506298684,720575940603943648,69323
720575941575288936,720575940646785924,65986
720575941408267182,720575940622956105,141813
720575941688508172,720575940611153272,541463
720575941566465326,720575940626807098,114308
720575941580001781,720575940615456985,102084
720575941481456207,720575940640032061,147295
720575941573579529,720575940639779005,95063
720575941591732776,720575940608214962,534516
720575941438093868,720575940616692274,171079
720575941644926113,720575940613145059,82034
720575941539554290,720575940619816753,117979
720575941643057864,720575940621065677,50891
720575941546612585,720575940624773524,107122
720575941555754579,720575940612208090,120805
720575941466305110,720575940641251803,31089
720575941633522619,720575940605358769,15511
720575941519882968,720575940612316529,154812
720575941431795982,720575940630595415,62912
720575941644816760,720575940628098579,540043
720575941590196791,720575940613608345,68124
720575941485791750,720575940629489212,22665
720575941483838717,720575940634803351,515804
720575941523875659,720575940647270276,114418
720575941563136512,720575940623012109,126089
720575941513897804,720575940624127676,121510
720575941604566176,720575940614680017,44334
720575941525313282,720575940636594021,114693
720575941414882588,720575940638971364,135667
720575941565685911,720575940632284207,211539
720575941551343871,720575940621492970,148784
720575941688633100,720575940630952901,21316
720575941477130561,720575940626453762,87627
720575941571637000,720575940625608329,82904
720575941351478064,720575940614219747,82175
720575941689930648,720575940645126020,806965
720575941663130748,720575940632293580,95390
720575941452326451,720575940616103380,802733
720575941582788959,720575940620846806,578800
720575941448812622,720575940620277720,40008
720575941639282719,720575940621261744,103265
720575941506642466,720575940609905476,26160
720575941595791729,720575940637161818,51748
720575941514172771,720575940627073413,85808
720575941477466676,720575940607574283,119120
720575941527260441,720575940613716274,77078
720575941515083331,720575940621120677,130943
720575941514177626,720575940627941704,108606
720575941566059318,720575940635162047,131869
720575941434311054,720575940627100478,120316
720575941523724023,720575940630856668,98380
720575941564941671,720575940625629844,143605
720575941653612761,720575940619016315,205801
720575941540729692,720575940624195472,48236
720575941446087700,720575940630368732,126132
720575941641907045,720575940630277626,131113
720575941490042318,720575940621477402,62624
720575941459447366,720575940623745816,539363
720575941562476434,720575940638280006,109727
720575941439566933,720575940615180255,73504
720575941573098312,720575940610797102,34693
720575941527681412,720575940612249442,123390
720575941413627796,720575940620193472,64489
720575941593333287,720575940611259234,551070
720575941488998606,720575940617771421,26926
720575941582717791,720575940636378999,113717
720575941497173376,720575940610989778,149392
720575941479354498,720575940628952619,812971
720575941536414952,720575940640419133,101605
720575941690614936,720575940632461074,546119
720575941612270182,720575940623587789,32074
720575941571835038,720575940618444518,48190
720575941412183919,720575940626446789,110271
720575941589297918,720575940631005015,25341
720575941504665282,720575940611159189,140785
720575941609905641,720575940635330661,150467
720575941514394956,720575940621748212,514264
720575941503489515,720575940617950865,166953
720575941513666513,720575940636447630,129608
720575941685859311,720575940634355993,64191
720575941475885889,720575940653344758,99442
720575941541112924,720575940627623178,82576
720575941589969292,720575940626117904,909781
720575941459061663,720575940630048768,89567
720575941476335668,720575940606417609,73803
720575941545276165,720575940620507119,109057
720575941643132280,720575940638757464,142894
720575941613101276,720575940637297765,80359
720575941559678479,720575940609405963,127998
720575941436567084,720575940628504337,40868
720575941626090122,720575940621132422,49534
720575941519921006,720575940633117727,213506
720575941451330473,720575940616998412,85429
720575941507325253,720575940640216483,534374
720575941401579555,720575940629190615,103999
720575941569309690,720575940632443020,552333
720575941625095067,720575940634588517,803897
720575941540508877,720575940621089109,1000913514
720575941492309374,720575940613331763,909384
720575941525923238,720575940640747995,86901
720575941615348121,720575940635814512,135453
720575941491614695,720575940629832207,211870
720575941453227335,720575940632242450,73956
720575941448423188,720575940623197163,512684
720575941572705694,720575940635368092,132845
720575941504674754,720575940628321045,511804
720575941435650336,720575940611772626,67731
720575941486966992,720575940605196465,111985
720575941580484341,720575940637855150,64222
720575941662811448,720575940637812446,78922
720575941505412517,720575940612970536,29881
720575941568591662,720575940632578607,149909
720575941534815242,720575940612798899,160257
720575941485235597,720575940619909359,213766
720575941450233166,720575940630469591,81172
720575941441496923,720575940650856057,162677
720575941486921538,720575940636178239,514173
720575941527089318,720575940617402939,43906
720575941579815761,720575940614695611,13868
720575941403795824,720575940628849404,27018
720575941640842783,720575940615383975,175242
720575941513738819,720575940608073602,904594
720575941502156171,720575940604308401,47713
720575941556062436,720575940613597905,79900
720575941499107041,720575940623742090,86772
720575941517378476,720575940618339284,110818
720575941552002559,720575940624108984,527482
720575941475760193,720575940625862602,124735
720575941491144935,720575940638890355,28324
720575941481252771,720575940624428471,156569
720575941520355575,720575940619530944,808359
720575941464928598,720575940625244936,55315
720575941490341065,720575940627442831,91001
720575941392903940,720575940617952084,87462
720575941490829877,720575940634717591,531949
720575941628099129,720575940627460483,571384
720575941574380431,720575940629101642,94585
720575941534751208,720575940615939796,811492
720575941452952883,720575940622226977,112666
720575941498187387,720575940632590440,95350
720575941467357206,720575940618851585,547099
720575941586479838,720575940624406199,911669
720575941544878268,720575940640133053,280163
720575941584565470,720575940630470348,160313
720575941463068304,720575940626075322,518654
720575941536555546,720575940622081516,67493
720575941534111666,720575940647714425,165240
720575941576321896,720575940615710988,104813
720575941533904472,720575940618393165,100702
720575941575083933,720575940631622987,128927
720575941600653353,720575940611997146,18952
720575941513665868,720575940622099405,1056014752
720575941507142750,720575940612065522,79864
720575941567548718,720575940614724915,245079
720575941652582129,720575940624071658,135051
720575941643758792,720575940613547890,215034
720575941536172520,720575940625113015,813691
720575941516266074,720575940633131091,106096
720575941552355355,720575940620517803,68996
720575941411300719,720575940625974572,93623
720575941430823599,720575940616052166,179650
720575941687834331,720575940626858695,805367
720575941568363508,720575940628109589,118398
720575941662946684,720575940611098330,143319
720575941668774643,720575940604940768,201826
720575941439243231,720575940610433144,22547
720575941505666876,720575940628712903,74680
720575941595942769,720575940621107136,903250
720575941489679049,720575940606720265,810721
720575941645592776,720575940612080869,137812
720575941519115191,720575940622492705,180160
720575941439193900,720575940620105630,27923
720575941604343998,720575940610471522,76010
720575941563842560,720575940622847669,71022
720575941590775806,720575940629797115,208639
720575941431031288,720575940614315315,94930
720575941554357275,720575940615339414,182023
720575941481665475,720575940626976180,35709
720575941508536530,720575940639832192,820803
720575941504097084,720575940631086135,65095
720575941496055936,720575940625100121,145508
720575941488942133,720575940640153405,95850
720575941507636865,720575940616203869,24686
720575941552028955,720575940626566206,193451
720575941603354297,720575940634672736,125950
720575941440547925,720575940630647371,518178
720575941471006987,720575940618756928,517918
720575941630478818,720575940609759499,69498
720575941575817103,720575940623374067,100138
720575941560279823,720575940614861223,189832
720575941558901486,720575940615369266,515826
720575941484536642,720575940622981193,47788
720575941596427121,720575940617752505,41831
720575941452416583,720575940621064384,542932
720575941576410806,720575940635214693,62168
720575941438873435,720575940621196037,158641
720575941521535411,720575940619424239,547648
720575941413890076,720575940623160202,811269
720575941597308060,720575940628877929,177723
720575941555729921,720575940608118658,100648
720575941687501039,720575940608069298,100143
720575941532777347,720575940617070405,75088
720575941458144159,720575940612489768,525003
720575941554830081,720575940635957855,94236
720575941515386970,720575940640863064,17300
720575941626231754,720575940611079010,59913
720575941630522850,720575940621629867,814474
720575941626014828,720575940638534878,534138
720575941506695228,720575940638461786,42986
720575941471104779,720575940625523214,101112
720575941604088505,720575940632430623,87803
720575941584161887,720575940634268386,115758
720575941548626568,720575940629199402,807000
720575941403638384,720575940615901382,158520
720575941477086494,720575940632012363,64384
720575941594879781,720575940613481330,125607
720575941440102485,720575940632090435,96219
720575941476818794,720575940628936039,112543
720575941472021515,720575940617316569,580735
720575941461075411,720575940624087480,64362
720575941407070382,720575940626077261,158602
720575941433315872,720575940626557995,808866
720575941507331863,720575940635089015,118476
720575941691442072,720575940624450035,24254
720575941442123727,720575940631620318,262035
720575941584695430,720575940628475816,90832
720575941503669227,720575940634699119,99095
720575941517258968,720575940631858499,106912
720575941475745642,720575940625941762,908147
720575941457688223,720575940623212988,88809
720575941491415527,720575940645260311,145549
720575941557215652,720575940614778366,140429
720575941578006617,720575940628573545,96434
720575941566490158,720575940628385866,169330
720575941441772123,720575940651255030,79782
720575941597182144,720575940629921730,106775
720575941485836098,720575940639158480,89839
720575941688426991,720575940617644945,77533
720575941511635666,720575940629735802,95745
720575941544042245,720575940637352511,88980
720575941730972971,720575940630342444,174790
720575941550593908,720575940625014013,200120
720575941545168901,720575940622875937,138876
720575941490632140,720575940617092402,39108
720575941506041660,720575940636320887,522876
720575941537331442,720575940618599115,88510
720575941507388997,720575940614378290,536549
720575941574955933,720575940621256682,68651
720575941563823784,720575940631145803,138933
720575941652385009,720575940615344315,103945
720575941428400009,720575940645889844,806953
720575941540706685,720575940621598390,22703
720575941471969120,720575940624302538,167791
720575941732969259,720575940618063517,568207
720575941689198232,720575940612630963,89649
720575941510145552,720575940628681802,96607
720575941536144577,720575940627641841,83048
720575941611546332,720575940626050062,121730
720575941628028217,720575940615443037,128784
720575941458788166,720575940630619719,814671
720575941436452396,720575940639110222,468158
720575941640135455,720575940637148486,552693
720575941553530503,720575940623008550,814766
720575941407451695,720575940631542855,864693
720575941462228624,720575940613833768,120453
720575941643613128,720575940619120037,136556
720575941562221970,720575940618665595,125539
720575941526951705,720575940627192445,193347
720575941501951575,720575940625830525,47236
720575941499125217,720575940621107336,54235
720575941563263495,720575940633648782,148273
720575941578791257,720575940637317006,515623
720575941612259558,720575940627634673,29982
720575941436428576,720575940647036980,51654
720575941474072123,720575940635467883,52148
720575941430303736,720575940636375408,829606
720575941543292957,720575940616340748,154728
720575941554075271,720575940626695811,250882
720575941666750707,720575940632354575,165683
720575941408573614,720575940631501112,520065
720575941722543674,720575940613218531,85020
720575941476827713,720575940606298558,514502
720575941522796535,720575940620777552,109258
720575941625968539,720575940624342309,806071
720575941565751959,720575940606433410,69839
720575941498645217,720575940622946282,180199
720575941510019282,720575940618685268,146797
720575941522552311,720575940612018545,119709
720575941486548230,720575940632353611,808642
720575941534110730,720575940639917171,97570
720575941576709558,720575940624457912,164044
720575941620409215,720575940648109188,541650
720575941541473628,720575940625030922,819678
720575941451309127,720575940610740889,79748
720575941610671277,720575940639072189,128995
720575941439761727,720575940622879749,572447
720575941470244875,720575940622111142,97109
720575941567016238,720575940604576689,142270
720575941462097040,720575940646764579,50575
720575941483768461,720575940628647823,26661
720575941495797447,720575940630738652,113936
720575941597911849,720575940623564435,24532
720575941549591156,720575940646022167,107428
720575941521020087,720575940619156565,186833
720575941555698945,720575940645942295,22897
720575941516089690,720575940619704400,526664
720575941594303857,720575940627498499,803302
720575941631458245,720575940627724431,44397
720575941598659996,720575940629894416,30595
720575941631774139,720575940624299499,132561
720575941494783616,720575940638367834,542998
720575941536228501,720575940628361802,52326
720575941595840668,720575940614336739,814258
720575941440994139,720575940643777844,73122
720575941541080668,720575940626258020,129937
720575941467193942,720575940627268362,514059
720575941477315358,720575940621781836,164420
720575941642158693,720575940638888014,104727
720575941438235455,720575940632628584,100501
720575941585818078,720575940644537504,17283
720575941502320215,720575940642173384,31790
720575941655178201,720575940628444410,84083
720575941644700498,720575940608512092,129620
720575941612610323,720575940637101108,151735
720575941603902710,720575940614697275,909310
720575941549538164,720575940620613409,531134
720575941408307630,720575940621280801,173250
720575941496603335,720575940611760277,60207
720575941612263597,720575940630487594,803541
720575941400475683,720575940637759295,96307
720575941574151163,720575940620026864,814973
720575941623908298,720575940641325813,38698
720575941687565942,720575940635768895,815673
720575941594336113,720575940622977925,139829
720575941574395913,720575940619445696,168751
720575941662091900,720575940621601268,32782
720575941641078629,720575940630906029,57729
720575941627973926,720575940626087426,117095
720575941612389222,720575940633392083,113171
720575941625672505,720575940613235442,551020
720575941514056441,720575940625489277,71017
720575941452926633,720575940610718387,810800
720575941669875121,720575940606392753,810480
720575941478886051,720575940626566986,62408
720575941625971052,720575940637835230,111969
720575941563474439,720575940621522598,88522
720575941526246681,720575940627750154,551572
720575941518911448,720575940609218005,197165
720575941437086994,720575940624144784,38125
720575941425741396,720575940621352630,136075
720575941470907511,720575940611985331,110675
720575941659208272,720575940612110042,32252
720575941528375736,720575940610417347,199906
720575941454062829,720575940615719569,55056
720575941566745902,720575940627078417,11884
720575941611946669,720575940635374191,809264
720575941552570503,720575940620577612,533146
720575941560298285,720575940643060424,811735
720575941569648122,720575940648205945,22533
720575941503902187,720575940639408437,21274
720575941592547879,720575940620592367,910648
720575941533400498,720575940625425703,121164
720575941447887636,720575940619928346,808710
720575941670205351,720575940616158366,140743
720575941535588786,720575940631332111,516789
720575941444578474,720575940634540907,62398
720575941573120265,720575940619868795,127687
720575941485734797,720575940611091524,50187
720575941632040635,720575940617457547,81553
720575941480888143,720575940631393487,80363
720575941617933013,720575940615468455,192231
720575941406099886,720575940622135757,811249
720575941603726270,720575940655749793,155744
720575941652410901,720575940624565175,52524
720575941470570816,720575940640420174,46871
720575941547216244,720575940619386430,91508
720575941479010211,720575940628074748,51580
720575941537819517,720575940636985422,140790
720575941504121394,720575940626484523,43365
720575941479682016,720575940622401549,84595
720575941481234595,720575940625209614,541663
720575941539743580,720575940640093056,61588
720575941576732761,720575940630043727,32697
720575941566982138,720575940636063406,812187
720575941474071136,720575940630556743,71042
720575941477495601,720575940639506109,145422
720575941659055896,720575940605850558,539323
720575941544260101,720575940614180333,20632
720575941562538664,720575940621346147,108105
720575941688210415,720575940645877271,544973
720575941407996846,720575940621292996,140688
720575941490452277,720575940621275341,115230
720575941478501482,720575940628802325,226450
720575941514820601,720575940638644958,520459
720575941584082054,720575940654389921,74859
720575941550097981,720575940628847867,55441
720575941645847496,720575940618332706,76638
720575941559661327,720575940640622653,65027
720575941612700313,720575940621943187,580843
720575941431173473,720575940610138026,813184
720575941435663648,720575940632665656,81678
720575941477034858,720575940614667170,123096
720575941449210293,720575940619686849,820827
720575941563866536,720575940625929671,221125
720575941451172686,720575940626740938,59188
720575941481042818,720575940629487719,56701
720575941491451312,720575940640896088,183154
720575941580516217,720575940630418683,34342
720575941567762990,720575940631303212,44554
720575941504445634,720575940621336941,808349
720575941506716439,720575940631285571,117255
720575941563349416,720575940617980295,84406
720575941584692446,720575940621197900,26016
720575941550012733,720575940616039197,920382
720575941430283512,720575940634852463,69730
720575941459194096,720575940633510611,123714
720575941553545043,720575940627379987,131812
720575941567049319,720575940627242554,517973
720575941690416024,720575940621026669,80553
720575941449799261,720575940616128927,21689
720575941599217705,720575940635922612,60691
720575941510925010,720575940619419227,61296
720575941490091061,720575940617500884,809445
720575941498707273,720575940613107734,147265
720575941443553706,720575940610623186,102795
720575941632208059,720575940628834153,545023
720575941414778516,720575940629602090,209503
720575941548745332,720575940614602655,42475
720575941502620978,720575940622994982,75372
720575941644718497,720575940615126378,580403
720575941515584761,720575940626003258,121263
720575941585653638,720575940615311506,117280
720575941611933286,720575940628904700,73865
720575941456921325,720575940633715960,150335
720575941425253204,720575940617947771,38863
720575941482016963,720575940628933275,812192
720575941580075345,720575940626052752,532447
720575941603194102,720575940619899668,32276
720575941469377911,720575940625571868,109628
720575941630349282,720575940635722335,110997
720575941602816502,720575940613973475,148481
720575941518361772,720575940606399678,83310
720575941456575647,720575940628630633,74871
720575941589633335,720575940628859408,99077
720575941499306313,720575940613594408,549787
720575941438180370,720575940647180932,144481
720575941553550931,720575940629453467,92874
720575941612906003,720575940611839893,114922
720575941479020512,720575940606722140,62657
720575941480449699,720575940630734895,68288
720575941483316410,720575940651425782,82118
720575941544927749,720575940613686954,940008
720575941439783259,720575940627694479,47907
720575941490878261,720575940607853490,108994
720575941519631320,720575940632241223,138894
720575941551920519,720575940639410246,94741
720575941642623176,720575940626849369,511828
720575941524749899,720575940605192284,162577
720575941586223326,720575940624220423,549066
720575941505230898,720575940622993847,116193
720575941506477477,720575940640228979,102791
720575941477760065,720575940628962678,44053
720575941515652954,720575940631996216,139777
720575941564811574,720575940625825424,56097
720575941552301118,720575940638159582,62721
720575941658145816,720575940640876672,43159
720575941686473967,720575940608061826,89965
720575941576838760,720575940613593571,518196
720575941466289686,720575940614350289,35804
720575941554637466,720575940623382163,536309
720575941567700980,720575940612153746,805355
720575941412989295,720575940620395861,105431
720575941431470985,720575940639910771,83821
720575941553064583,720575940637506014,105844
720575941450529193,720575940627571972,543571
720575941490349001,720575940627862549,86922
720575941538682354,720575940613070771,32942
720575941514845283,720575940632872365,124055
720575941507457570,720575940624706574,808859
720575941572134651,720575940653943969,77801
720575941670878631,720575940628460548,23912
720575941578065233,720575940633846829,114477
720575941486151888,720575940620963361,47343
720575941431252750,720575940633303648,129721
720575941556014564,720575940628350280,133203
720575941574576649,720575940631262668,55135
720575941529951691,720575940624669621,145620
720575941630636780,720575940631928773,89709
720575941465492310,720575940623312874,217313
720575941466034262,720575940632842707,175432
720575941498984059,720575940632793912,334854
720575941570436596,720575940632887085,148771
720575941659215440,720575940618003672,29837
720575941438539538,720575940624549646,134359
720575941638277151,720575940621569930,20945
720575941492314032,720575940629787244,912419
720575941533852338,720575940629233393,557990
720575941482057725,720575940632771757,66143
720575941627941926,720575940624811582,74453
720575941449977722,720575940629946627,130770
720575941471970624,720575940620700886,523020
720575941436574508,720575940605927042,60311
720575941499492321,720575940617508281,78667
720575941505196338,720575940628694471,147095
720575941501790603,720575940624449800,87284
720575941612125542,720575940634960319,106043
720575941584028511,720575940633365473,222790
720575941609376586,720575940623153961,113693
720575941521460215,720575940617376769,57417
720575941665659635,720575940624933476,819573
720575941690540952,720575940631744081,102908
720575941587341124,720575940644929828,128216
720575941531829195,720575940608906179,91709
720575941474083882,720575940623961101,97193
720575941552317319,720575940624774275,97796
720575941624818284,720575940648200068,821373
720575941575251087,720575940608670985,234193
720575941486529677,720575940643239821,146677
720575941668326833,720575940617195934,43540
720575941539421938,720575940620853357,69787
720575941546811425,720575940638021092,819575
720575941508470288,720575940618320212,66334
720575941603182270,720575940636852294,56366
720575941594555175,720575940613335975,174485
720575941439433663,720575940615682246,75578
720575941650610965,720575940629526009,105051
720575941688383500,720575940630934585,581105
720575941549427967,720575940631188876,194044
720575941497541794,720575940605706430,93730
720575941574688438,720575940637081719,103127
720575941547008873,720575940630086455,184616
720575941625708699,720575940601412361,42211
720575941506820412,720575940620562881,72964
720575941645011576,720575940619485819,143066
720575941479737507,720575940612331618,811987
720575941478687907,720575940614239547,28371
720575941450979150,720575940617229691,512557
720575941496420992,720575940626501676,115278
720575941541127772,720575940628351802,260823
720575941611542957,720575940630452388,817233
720575941583008607,720575940632899788,132063
720575941471785227,720575940630646906,86974
720575941546777020,720575940630408185,102376094
720575941458105072,720575940634501215,62276
720575941666485235,720575940638164029,118060
720575941491234279,720575940640905635,531146
720575941632571296,720575940624812302,76174
720575941527486489,720575940622302377,56783
720575941626171449,720575940622678110,95673
720575941592453160,720575940639357136,92316
720575941604083702,720575940622781398,159534
720575941611798505,720575940632895519,27549
720575941472849467,720575940624653299,80735
720575941599343401,720575940626993427,81346
720575941641887589,720575940623049804,146515
720575941560535055,720575940626975162,570138
720575941644816504,720575940626665489,224051
720575941495120000,720575940627334756,103211
720575941534769074,720575940624002604,125643
720575941527239012,720575940632692803,84897
720575941482839750,720575940617862100,46024
720575941553173787,720575940628201259,52518
720575941564383751,720575940633007073,124384
720575941668395697,720575940653575158,94110
720575941513876483,720575940638047651,31274
720575941406714415,720575940627039006,51848
720575941507447169,720575940639172304,44398
720575941434568480,720575940614122646,173847
720575941604451830,720575940630285532,85799
720575941517364371,720575940609158724,22779
720575941668690855,720575940616139743,914322
720575941608809802,720575940624477246,52805
720575941556115172,720575940624591749,545245
720575941623260924,720575940619672656,49569
720575941612033126,720575940617296601,809725
720575941483347142,720575940624282623,530032
720575941553001534,720575940634181020,520023
720575941562894248,720575940626753809,910401
720575941595093105,720575940625620888,18295
720575941525051492,720575940641663952,146868
720575941546717064,720575940644532590,28869
720575941569155572,720575940630449664,122559
720575941584141151,720575940620040780,184476
720575941615824085,720575940621225069,82851
720575941506419772,720575940625025533,37400
720575941552877083,720575940623496486,166491
720575941503698994,720575940655188129,819608
720575941589569022,720575940614913653,809050
720575941402095651,720575940622636725,566451
720575941478481827,720575940628855595,108655
720575941644960632,720575940630524943,67572
720575941506672805,720575940624584743,115377
720575941572268795,720575940611502546,132525
720575941597652416,720575940614190709,816308
720575941578654809,720575940603676076,116065
720575941465489238,720575940628312681,330468
720575941732304171,720575940626689282,27849
720575941513928524,720575940633553316,119308
720575941525453412,720575940614930107,55272
720575941643071176,720575940607040981,46341
720575941475671099,720575940618449553,140420
720575941481411782,720575940622412011,81609
720575941563140608,720575940614706082,136068
720575941494418631,720575940624109704,70683
720575941527912836,720575940631619409,515158
720575941504730418,720575940629597955,539292
720575941491403468,720575940631265495,131418
720575941475033659,720575940617716697,49361
720575941563890322,720575940628714089,174456
720575941476448321,720575940629697835,28099
720575941434112910,720575940609178051,533913
720575941655874328,720575940615494762,544510
720575941655059417,720575940638946805,65935
720575941702721498,720575940611088452,153667
720575941532900586,720575940620073748,953927
720575941553237019,720575940627920071,67425
720575941531762891,720575940606201641,95576
720575941391034006,720575940629532759,825516
720575941565622023,720575940632078905,161958
720575941624808859,720575940634332697,805252
720575941609615206,720575940634258131,163514
720575941438547167,720575940631469098,816984
720575941537967843,720575940635482766,13426
720575941468425693,720575940640429008,178159
720575941609358182,720575940614581138,907341
720575941433342478,720575940629508726,17517
720575941431404280,720575940639668541,50207
720575941514827155,720575940622441852,164765
720575941414520721,720575940627024217,175823
720575941569850874,720575940612967338,92916
720575941531504357,720575940633205295,806472
720575941503602667,720575940615446782,165885
720575941561884205,720575940609862411,49188
720575941596710336,720575940623045133,79781
720575941566111542,720575940639420800,51326
720575941497569505,720575940627013721,120908
720575941543919365,720575940638878269,24792
720575941586169822,720575940626065948,33322
720575941437391378,720575940638254569,805063
720575941475816222,720575940619529595,137246
720575941493723006,720575940612499222,124997
720575941534560746,720575940622648541,57054
720575941603230905,720575940620202934,123178
720575941605846381,720575940632172306,62764
720575941625561755,720575940617095986,106755
720575941491521712,720575940629026048,139174
720575941548077172,720575940615708566,77136
720575941637231221,720575940621065967,42526
720575941596281733,720575940646674996,143632
720575941428845961,720575940630617386,76486
720575941524771659,720575940655109025,88438
720575941435198350,720575940607645397,84561
720575941514647811,720575940629673209,186987
720575941486252496,720575940628487445,59828
720575941414584209,720575940618928981,59288
720575941440054463,720575940616133442,88069
720575941453512499,720575940608433091,910737
720575941527729284,720575940624859367,47813
720575941642941816,720575940640283701,93575
720575941489066956,720575940627147578,87759
720575941406723631,720575940610849348,129540
720575941631951035,720575940611869390,118972
720575941588731447,720575940617922772,115801
720575941491568332,720575940630760771,56032
720575941552809534,720575940634619759,809762
720575941624652652,720575940611649378,163461
720575941565125174,720575940637062975,809827
720575941566156342,720575940621659630,534069
720575941596552325,720575940629396858,104003
720575941569531636,720575940627895056,816236
720575941612067558,720575940628207601,117223
720575941508642142,720575940625186283,212844
720575941486395600,720575940605669553,52967
720575941461320644,720575940645635636,167351
720575941522438391,720575940614433576,117160
720575941406820399,720575940625525054,82125
720575941404727920,720575940630539794,806318
720575941496559739,720575940620671623,29006
720575941518307855,720575940617885643,138810
720575941624245756,720575940627429397,132944
720575941460795859,720575940635144078,146801
720575941429123832,720575940617928731,95722
720575941691280091,720575940617407161,125206
720575941688081932,720575940625070631,21327
720575941416817692,720575940630779586,48312
720575941589055742,720575940620040687,80501
720575941539304434,720575940621533481,24365
720575941575127816,720575940613380258,536898
720575941465752854,720575940638795846,124022
720575941595156613,720575940635696120,74864
720575941401954339,720575940645239588,529720
720575941616126677,720575940638049855,50571
720575941577948241,720575940616936633,64659
720575941543459101,720575940616580027,534025
720575941460652870,720575940624367118,162650
720575941484555586,720575940614047399,52268
720575941581724025,720575940636866906,114402
720575941614265363,720575940623986634,913782
720575941617206485,720575940650885497,49983
720575941548377204,720575940617860667,143090
720575941448037725,720575940618726171,904115
720575941578487377,720575940629977499,177371
720575941429661688,720575940605674417,108596
720575941472906538,720575940615451551,123950
720575941611999462,720575940622769740,164955
720575941552611583,720575940631425965,559386
720575941435639840,720575940623849496,110463
720575941600102185,720575940613833842,142304
720575941535639384,720575940616782365,93571
720575941472019723,720575940620310441,92624
720575941549389601,720575940625539111,27154
720575941568501038,720575940632025913,119605
720575941594881750,720575940631577419,103787
720575941413451156,720575940628257730,821905
720575941563718663,720575940621659563,133348431
720575941475800641,720575940615218087,118338
720575941613163795,720575940623425148,115043
720575941506854167,720575940622303100,144494
720575941519689582,720575940609478339,106919
720575941668054449,720575940637461389,150844
720575941508988432,720575940622058623,32221
720575941649827093,720575940628830982,98826
720575941560123919,720575940643221284,130614
720575941690784731,720575940621339713,807337
720575941431782648,720575940637102448,72431
720575941568948986,720575940619468096,53191
720575941662306616,720575940617433142,143077
720575941515030883,720575940637134455,255406
720575941504785346,720575940622589197,33544
720575941498671739,720575940621117022,86937
720575941414052500,720575940617671636,84016
720575941574889224,720575940628402063,95474
720575941687198220,720575940621555821,107875
720575941401511715,720575940612778649,61086
720575941630788076,720575940621149350,537012
720575941565375591,720575940617585638,69193
720575941535439882,720575940628086397,814579
720575941554503707,720575940631318735,87391
720575941449267549,720575940633006367,173006
720575941612887315,720575940623571383,41931
720575941536613825,720575940629593193,85073
720575941352743472,720575940632827496,815429
720575941612875228,720575940634737633,75251
720575941592183403,720575940622141761,65665
720575941504317634,720575940635080985,62971
720575941574973853,720575940612953714,810945
720575941563990016,720575940637453486,90558
720575941565575134,720575940614640424,191383
720575941462232516,720575940635764404,104757
720575941563329078,720575940624310857,813682
720575941568133166,720575940623292713,36223
720575941557636516,720575940625837968,517043
720575941553935495,720575940633049369,165627
720575941532980099,720575940629894443,100195
720575941474428970,720575940616072081,49415
720575941550849598,720575940619096349,107768
720575941688322934,720575940605056684,126856
720575941589578636,720575940616999541,119459
720575941534182634,720575940617718758,159205
720575941501974210,720575940622351996,820191
720575941508941953,720575940636864745,39979
720575941478610656,720575940636126831,70009
720575941559355151,720575940646074647,109310
720575941687111663,720575940639506749,544476
720575941427943764,720575940625658755,49707
720575941527922598,720575940616766325,112772
720575941479413155,720575940652632566,120152
720575941534383282,720575940638425919,115019
720575941482435011,720575940631683535,100349
720575941451476858,720575940647411491,47581
720575941484630669,720575940627338302,77328
720575941684802287,720575940612366322,815483
720575941650526485,720575940615449922,56225
720575941527967160,720575940641257973,95348
720575941456679661,720575940625101841,815680
720575941513914833,720575940621341716,18733
720575941536163850,720575940622182669,32217
720575941411643563,720575940618196251,315045
720575941474179680,720575940627556651,181507
720575941452264361,720575940618401605,24666
720575941499010171,720575940618107451,530531
720575941446020884,720575940620596017,91700
720575941564051207,720575940633346847,43491
720575941645265016,720575940628557841,110197
720575941474638139,720575940628314668,79373
720575941431303160,720575940650876150,108535
720575941491833063,720575940633183628,40072
720575941568595246,720575940613594535,207290
720575941613647324,720575940629412156,809111
720575941432169687,720575940639621702,138316
720575941608026733,720575940611355512,130863
720575941533712138,720575940616905019,28793
720575941544470021,720575940642924429,26996
720575941612005549,720575940625550067,70391
720575941441214299,720575940635414708,94533
720575941598951721,720575940632504643,105150
720575941484529037,720575940620002206,157351
720575941476668468,720575940624563075,73850
720575941688163190,720575940625504318,149125
720575941438382933,720575940624945907,110480
720575941504969154,720575940628760597,523900
720575941474240298,720575940615650009,35088
720575941538211299,720575940632628781,60189
720575941732722219,720575940624758771,185469
720575941433927200,720575940608736836,804992
720575941480474275,720575940635930231,100493
720575941444111274,720575940644153636,174255
720575941504765890,720575940621674990,202139
720575941567739380,720575940618790966,49160
720575941414866580,720575940635628479,85938
720575941651251441,720575940632108306,94211
720575941667039475,720575940631104965,92567
720575941633219744,720575940635679327,82740
720575941540531548,720575940625506279,165840
720575941626180921,720575940626456330,36845
720575941616303573,720575940632361932,119226
720575941438317612,720575940622113633,118645
720575941612068198,720575940637039962,808417
720575941526705796,720575940629510518,171676
720575941524882946,720575940607937922,146576
720575941474333024,720575940628795121,215846
720575941593321255,720575940631211372,199186
720575941459675347,720575940629947471,84004
720575941591213196,720575940629081347,34260
720575941616872661,720575940610147826,117171
720575941610567498,720575940630119900,63789
720575941564721718,720575940631572536,73128
720575941488249552,720575940618519454,807468
720575941542936924,720575940620915553,70266
720575941451330985,720575940643758752,93576
720575941413991569,720575940623759754,121639
720575941492315312,720575940632013724,908626
720575941590528510,720575940632358418,35583
720575941526673229,720575940633969815,813578
720575941465163094,720575940618239745,150345
720575941502600754,720575940623134633,103623
720575941508645505,720575940633475667,178823
720575941633399712,720575940612792689,60761
720575941469796363,720575940605238705,114337
720575941552368895,720575940622150583,61732
720575941584415366,720575940626180452,903944
720575941527718054,720575940640447104,26691
720575941433554464,720575940616769051,163633
720575941611056714,720575940615217887,809104
720575941489703733,720575940632889389,272263
720575941612390163,720575940634714519,48820
720575941542397276,720575940622065432,811005
720575941573950472,720575940613759027,180583
720575941532534872,720575940632353499,809160
720575941409098670,720575940640545499,514391
720575941544882364,720575940641613728,513998
720575941496366023,720575940624963220,200934
720575941432470798,720575940635151641,149823
720575941626102986,720575940623351443,48829
720575941549289588,720575940632723807,60828
720575941684992751,720575940625336307,197203
720575941464201229,720575940614711347,246442
720575941546556009,720575940614933043,15109
720575941451579770,720575940621249140,176871
720575941653938649,720575940621728214,150633
720575941614682899,720575940630054503,26140
720575941513639121,720575940631285804,150998
720575941439629503,720575940637836009,59636
720575941495889351,720575940609299246,77180
720575941562217517,720575940620414447,116799
720575941502032267,720575940635245408,31004
720575941562982912,720575940618978974,255840
720575941562021165,720575940635791514,534086
720575941497185097,720575940630950144,46436
720575941567139630,720575940625332494,173469
720575941651230193,720575940621792606,117096
720575941439730523,720575940630927311,68564
720575941610876390,720575940623721195,911661
720575941411792299,720575940625308424,68549
720575941513381699,720575940626021016,152310
720575941520654263,720575940635223694,153770
720575941585947270,720575940636990126,46994
720575941515479555,720575940660672641,542245
720575941497795913,720575940632789933,102679
720575941549597502,720575940611927502,74268
720575941564039168,720575940630626807,61148
720575941534802408,720575940611697394,810491
720575941480595107,720575940624853176,42342
720575941594352517,720575940616539990,521528
720575941551073279,720575940653896609,818095421
720575941602114494,720575940651932150,564865
720575941507683909,720575940627445842,483867
720575941626112057,720575940612376983,136238
720575941519454574,720575940633074015,808989
720575941523409143,720575940624146985,198491
720575941550200381,720575940625107352,133153
720575941623642267,720575940616543745,10817
720575941549760545,720575940641971957,181568
720575941578963545,720575940615723170,536610
720575941427668820,720575940647803524,88828
720575941644172370,720575940631337519,72591
720575941611333865,720575940630816450,49386
720575941637259637,720575940611581998,37339
720575941476025886,720575940640675389,812240
720575941497800610,720575940633580883,122284
720575941662222904,720575940640869720,86714
720575941546719265,720575940624775170,812281
720575941471657591,720575940620311205,536860
720575941537507304,720575940633546015,156260
720575941668995827,720575940640704464,534304
720575941474514235,720575940620021328,549379
720575941415807260,720575940648139129,71610
720575941448593845,720575940621614118,817218
720575941511734994,720575940626818762,562729
720575941457935263,720575940624192560,810333
720575941476994097,720575940636748095,809422
720575941483620550,720575940627262089,126796
720575941531651787,720575940626210125,125583
720575941555867393,720575940622325386,133525
720575941575259657,720575940627611269,520540
720575941603662777,720575940627592977,72812
720575941430739375,720575940619828091,64601
720575941526775140,720575940613791185,74828
720575941568402478,720575940631697455,123616
720575941490858444,720575940605645024,137583
720575941429631663,720575940627967866,51898
720575941472427579,720575940609289284,908157
720575941575253149,720575940619517062,538021
720575941519828696,720575940625548696,548135
720575941432045409,720575940629731128,38565
720575941437689663,720575940618052426,94276
720575941521643443,720575940625157629,43564
720575941530281912,720575940619753688,65554
720575941491009228,720575940623044476,66266
720575941589327940,720575940633810062,127825
720575941426417492,720575940624864007,127420
720575941593333285,720575940612092851,106268
720575941573014024,720575940660273537,120075
720575941580067961,720575940614954143,148832
720575941592589349,720575940624016933,815067
720575941467237654,720575940631754703,86763
720575941554832026,720575940621469422,73820
720575941466108950,720575940641893109,64397
720575941520139703,720575940606388000,137400
720575941455076403,720575940632916961,844236462
720575941643476050,720575940624839165,74347
720575941553740371,720575940633557355,127459
720575941639361141,720575940626584604,86843
720575941562467426,720575940644156695,46497
720575941564403254,720575940643100813,143081
720575941462029712,720575940631619353,240951
720575941610292457,720575940648672644,60933
720575941458142022,720575940622431860,39289
720575941591290508,720575940624917799,75967
720575941469896669,720575940633734366,139162
720575941488000464,720575940617589078,519836
720575941538715797,720575940614745450,122551
720575941514814467,720575940615469634,905063
720575941611020009,720575940611494629,148507
720575941468049015,720575940622264444,800865
720575941492350590,720575940619668309,817351
720575941514187354,720575940608549385,75599
720575941562332818,720575940637574757,154515
720575941651666193,720575940625077176,531848
720575941620844652,720575940637983600,175672
720575941572575240,720575940628621544,92636
720575941555365377,720575940612234970,101498
720575941531298021,720575940638435817,40990
720575941504091883,720575940632171818,544165
720575941526430118,720575940626150448,248024
720575941598004636,720575940630277888,58535
720575941603934393,720575940619329926,111544
720575941569356794,720575940631588772,813155
720575941590006156,720575940628338961,97524
720575941436534048,720575940628652284,62096
720575941702043354,720575940638674035,819732
720575941577912409,720575940624503020,63374
720575941690416859,720575940621420609,78387
720575941645046904,720575940607920732,903749
720575941639785333,720575940616925894,523732
720575941642697554,720575940627383933,82555
720575941392348054,720575940616408262,148830
720575941685010159,720575940617099125,807657
720575941607418733,720575940619282846,513523
720575941603938806,720575940635706266,61006
720575941547352381,720575940631412832,804217
720575941593666667,720575940617368532,103255
720575941537385960,720575940638926655,543127
720575941540498813,720575940605426609,542712
720575941514238819,720575940619418929,126342
720575941478733186,720575940627766268,88734
720575941452212551,720575940632543886,60943
720575941468908765,720575940636632895,162643
720575941554049793,720575940629866563,34985
720575941564390912,720575940626664680,182467
720575941524185188,720575940619765101,1053630419
720575941435728928,720575940634081899,523050
720575941476297268,720575940625121428,140632
720575941688792182,720575940634703456,62902
720575941566488886,720575940636687461,84667
720575941550896383,720575940620394689,810387
720575941501103959,720575940611554034,816543
720575941555740388,720575940640520563,102538
720575941626286282,720575940612002146,100821
720575941454933485,720575940630882664,95364
720575941498404258,720575940641575988,121189
720575941550187263,720575940622780421,119896
720575941518896300,720575940623261949,58278
720575941612272230,720575940623059080,47779
720575941579918673,720575940611541198,121925
720575941449895246,720575940620402712,54999
720575941589151812,720575940622497776,51816
720575941526697316,720575940626929445,140524
720575941580474869,720575940649882745,153700
720575941506879767,720575940622636272,99231
720575941573078537,720575940632490148,217209
720575941643352737,720575940614546578,114391
720575941425072724,720575940618579430,307621
720575941569247994,720575940630290492,203964
720575941461407699,720575940645302382,118512
720575941444862378,720575940613622014,807588
720575941565540759,720575940624136711,87932
720575941493955710,720575940617386309,908872
720575941457082352,720575940631649554,133109
720575941429813897,720575940620778623,517928
720575941680556733,720575940632384156,19367
720575941731197227,720575940604500960,206184
720575941660878904,720575940620759136,73690
720575941448199700,720575940623142365,49232
720575941604983742,720575940621514166,814119
720575941447809885,720575940605823934,569334
720575941662747960,720575940606071998,26188
720575941463126928,720575940619192709,63321
720575941475609630,720575940617813222,163018
720575941549676404,720575940610667413,144113
720575941533848963,720575940622820243,74781
720575941569840116,720575940624335909,116963
720575941476770353,720575940618845780,98096
720575941671415719,720575940633252889,812748
720575941471793419,720575940621827789,30908
720575941624784236,720575940612264857,90515
720575941485167110,720575940617488313,69253
720575941723771706,720575940624425363,40686
720575941441647707,720575940643638807,815197
720575941515251555,720575940608974549,87237
720575941573081160,720575940627784264,115081
720575941497102464,720575940643321741,15338
720575941452269690,720575940621401014,115841
720575941574543208,720575940610483268,133133
720575941430759672,720575940607002057,140853
720575941585099486,720575940620860766,555740
720575941703571418,720575940652561398,91459
720575941662897532,720575940633808538,72437
720575941565301550,720575940620353245,521212
720575941611505129,720575940638672454,148460
720575941583208287,720575940627649553,43514
720575941596517788,720575940637290341,123539
720575941449263541,720575940625413268,230316
720575941563232775,720575940612369614,133534
720575941493970814,720575940627534211,124672
720575941667843315,720575940610914258,57594
720575941566519143,720575940622856781,177129
720575941580181073,720575940618559515,182696
720575941401098275,720575940617606616,92817
720575941514156643,720575940620482395,52457
720575941659004752,720575940622235318,186976
720575941556554468,720575940628791114,545225
720575941439197996,720575940611482517,532321
720575941414498449,720575940620834544,201088
720575941416875804,720575940643849764,145898
720575941513823308,720575940612337203,813054
720575941603331262,720575940618081093,142668
720575941506935646,720575940615040918,99416
720575941503335618,720575940621348929,112628
720575941477272884,720575940612773594,194793
720575941569890206,720575940612471294,16804
720575941599335616,720575940618426717,134257
720575941532803160,720575940618095892,812370
720575941434725664,720575940627035663,82130
720575941668319475,720575940607081346,813742
720575941595143717,720575940619619675,14790
720575941565171719,720575940618378708,544563
720575941566841134,720575940621247920,44221
720575941577761113,720575940629304139,808572
720575941614806291,720575940621642630,64110
720575941461770963,720575940610048580,66263
720575941513684044,720575940613191338,89470
720575941574672822,720575940629746732,30956
720575941451725225,720575940635307639,62351
720575941414832924,720575940642467725,130880
720575941524717389,720575940630151212,62929
720575941495512702,720575940628337137,81946
720575941515485018,720575940615247839,75546
720575941507882334,720575940629029455,140066
720575941578684661,720575940634167833,74247
720575941668506611,720575940608371586,80007
720575941701461466,720575940626836252,139605
720575941612982425,720575940615768861,139925399
720575941536018458,720575940631688901,127923
720575941516464889,720575940633292057,126059
720575941475358506,720575940623134889,88478
720575941523012427,720575940624857895,198133
720575941485077766,720575940621765987,109990
720575941500151714,720575940607591625,59586
720575941466699798,720575940626561448,946056
720575941565857687,720575940622323233,70054
720575941506740805,720575940606051244,33476
720575941559092462,720575940627107465,806314
720575941441008831,720575940624709564,79210
720575941525150630,720575940616759564,267774
720575941439642335,720575940622696447,91087
720575941583544286,720575940613731270,25537
720575941493935998,720575940646586932,83011
720575941501848626,720575940630983341,913464
720575941546725993,720575940621549702,125748
720575941486891330,720575940635595512,520318
720575941436459040,720575940628940994,81910
720575941573844731,720575940625073959,147791
720575941689470616,720575940622010956,42187
720575941468567517,720575940618606337,146636
720575941643285153,720575940624614292,111040
720575941401643299,720575940617785089,60528
720575941513700428,720575940627305298,69935
720575941623328108,720575940633067871,805848
720575941490448359,720575940623532873,110173
720575941468256022,720575940618030081,105152
720575941533946456,720575940625449530,18382
720575941462415248,720575940607001986,159653
720575941504635557,720575940634382328,80100
720575941625990602,720575940610118570,175678
720575941563972455,720575940627720464,811418
720575941452377927,720575940619714008,96756
720575941653755860,720575940628206791,107380
720575941458850118,720575940627757800,135090
720575941551256575,720575940625552280,114559
720575941643636385,720575940632063043,26042
720575941546263688,720575940629181187,121616
720575941451421609,720575940618869789,118573
720575941461921732,720575940643031240,75990
720575941610957414,720575940633844110,110127
720575941552290559,720575940616204985,174107
720575941580249077,720575940608118108,112721
720575941558676751,720575940629856667,41336
720575941611739978,720575940628528377,904181
720575941526543693,720575940623856363,96247
720575941576167257,720575940628538368,39763
720575941449282170,720575940605269378,814217
720575941624350875,720575940629977959,74370
720575941496973435,720575940626138314,165839
720575941471135863,720575940609004920,909874
720575941627660089,720575940632791071,138189
720575941477798196,720575940630238007,68769
720575941416859420,720575940624030856,144206
720575941511701970,720575940621979263,222761
720575941551922238,720575940611521778,26390
720575941590948136,720575940635543726,122044
720575941525028866,720575940613775331,61453
720575941575172278,720575940644759319,122249
720575941430662281,720575940614121699,117753
720575941534285034,720575940624459907,535761
720575941471897867,720575940628504853,16082
720575941653847001,720575940620069712,78826
720575941554303259,720575940616769497,49483
720575941543015516,720575940634349152,74784
720575941404960624,720575940621113620,160947
720575941640301599,720575940614954671,530626
720575941496470144,720575940632781139,154653
720575941511687378,720575940630718146,104634
720575941459968326,720575940627850622,119539
720575941574261755,720575940622357459,53609
720575941460072147,720575940632059673,168680
720575941479100802,720575940625872973,176161
720575941565320238,720575940615309106,909000
720575941515346019,720575940609547549,914116
720575941562305960,720575940636970830,909008
720575941689001740,720575940621588077,54019
720575941721051450,720575940623097046,187020
720575941601998070,720575940617198265,51135
720575941469118583,720575940643572334,84679
720575941571962888,720575940622792423,18994
720575941482197190,720575940629400838,546930
720575941439673151,720575940640750043,512033
720575941596765317,720575940619388224,537734
720575941540788828,720575940609437653,112388
720575941657626192,720575940635213157,146107
720575941593378411,720575940614277039,542661
720575941410655659,720575940615629986,89825
720575941494992583,720575940614097617,517755
720575941552190874,720575940615108714,815327
720575941471213943,720575940616154299,829860
720575941477201438,720575940632362255,519581
720575941443217578,720575940635637951,129806
720575941631037344,720575940631018745,21856
720575941553628039,720575940612339810,245416
720575941597173440,720575940625126653,81319
720575941431479544,720575940611469518,73963
720575941536223242,720575940622131376,543811
720575941626360266,720575940606764465,207736
720575941532441317,720575940634439822,529268
720575941553745947,720575940617362747,57101
720575941572548873,720575940628301384,101043
720575941431686158,720575940625341704,150196
720575941550525757,720575940621354688,150099
720575941457800944,720575940615472477,810747
720575941639541621,720575940621433641,117257
720575941448710734,720575940626963749,163280
720575941655039705,720575940630620207,64727
720575941508804624,720575940621245805,119360
720575941555220900,720575940640217728,512680
720575941489360585,720575940633895137,77987
720575941625983387,720575940633726303,107467
720575941645710792,720575940630897260,526371
720575941546208692,720575940629938487,905253
720575941554393060,720575940639550928,99265
720575941517381742,720575940634808927,99195
720575941414699153,720575940624566453,516645
720575941529427915,720575940619256222,78249
720575941479458211,720575940626119964,96242
720575941413777809,720575940612854806,144794
720575941518780888,720575940632712479,129705
720575941514308867,720575940636536756,934955
720575941439928543,720575940632680855,161021
720575941611935964,720575940625339261,68580
720575941575042461,720575940617999761,513732
720575941504299068,720575940627257981,539688
720575941526919682,720575940635281247,40107
720575941498632098,720575940619206772,217561
720575941534741530,720575940623478908,147302
720575941392307204,720575940613977315,111676
720575941482382077,720575940635925855,114895
720575941586425412,720575940616696133,45118
720575941548359816,720575940614438685,119531
720575941689001846,720575940616390374,66757
720575941529610884,720575940641131648,61726
720575941533245571,720575940615109073,145846
720575941503321138,720575940620414794,117462
720575941651808753,720575940638165923,84620
720575941506946117,720575940615836428,125785
720575941526544898,720575940612932403,128508
720575941528339588,720575940627891784,114568
720575941537666280,720575940627005739,118004
720575941650695665,720575940626039696,119808
720575941574115997,720575940626784304,553237
720575941687761135,720575940645393006,93685
720575941414619281,720575940622642928,101850
720575941412335727,720575940610686766,74261
720575941521464755,720575940609835896,156554
720575941478601834,720575940638648639,59619
720575941449852794,720575940632936985,586607
720575941477557300,720575940610990821,83820
720575941652192529,720575940653596833,112832
720575941466050582,720575940626101434,159091
720575941436654112,720575940624640509,121137
720575941611985837,720575940623134121,548759
720575941617430741,720575940614434479,93205
720575941530245579,720575940632830509,815259
720575941687758092,720575940635015615,38670
720575941427603028,720575940626930206,162909
720575941497243977,720575940619881022,95298
720575941516345347,720575940631140805,64995
720575941579498997,720575940612678637,63954
720575941581597561,720575940632798177,184915
720575941480882851,720575940626697371,85839
720575941353180976,720575940614105746,133408
720575941563229447,720575940631823658,42214
720575941731495979,720575940629895484,180588
720575941594578902,720575940620182305,125681
720575941638653301,720575940615380639,36807
720575941652612369,720575940631982929,807355
720575941548413044,720575940621673606,137763
720575941496647808,720575940634946160,815298
720575941523404279,720575940607250699,546141
720575941442137807,720575940606861442,110322
720575941595633189,720575940606060478,96368
720575941569500154,720575940611802330,62840
720575941351431216,720575940624923320,150624
720575941652912340,720575940631451449,840028
720575941430509015,720575940620894061,546304
720575941509436626,720575940617200601,87519
720575941449995445,720575940610167665,55493
720575941548007485,720575940618681920,86398
720575941572108360,720575940632593735,108516
720575941551191155,720575940615295121,141866
720575941502416267,720575940622153136,99573
720575941524979019,720575940622129927,67946
720575941482651587,720575940629713769,90516
720575941588354496,720575940608975115,65795
720575941483087046,720575940625089464,100873
720575941589632580,720575940631711563,116788
720575941542718237,720575940625659628,42329
720575941457539999,720575940630130176,137628
720575941406833070,720575940621756276,186328
720575941559382829,720575940636880240,99062
720575941488924873,720575940622616670,108525
720575941527206020,720575940615174075,52951
720575941446584340,720575940618324037,67483
720575941478416746,720575940639577141,171284
720575941604071609,720575940635422862,552630
720575941503898050,720575940628870568,87336
720575941504778775,720575940634994807,109794
720575941525988196,720575940604425644,560567
720575941643120760,720575940626213694,115917
720575941460197190,720575940617750299,88119
720575941495283838,720575940631258875,105402
720575941521997747,720575940649263225,92577
720575941610798569,720575940627478074,55915
720575941508007714,720575940613339026,113952
720575941657556816,720575940638699683,804006
720575941595371813,720575940632411410,83869
720575941553846407,720575940655651233,87554
720575941657200720,720575940625318163,65404
720575941628918822,720575940627183290,529803
720575941525281305,720575940609524946,68967
720575941594185942,720575940629989996,122182
720575941432837591,720575940635988831,176834
720575941449944954,720575940643192224,69306
720575941599064256,720575940606918921,40294
720575941574672029,720575940620293652,812864
720575941533596035,720575940620874581,41149
720575941475273787,720575940613061338,549531
720575941493541296,720575940614628758,39016
720575941551816703,720575940639344693,102564
720575941578996817,720575940632623524,805777
720575941525736962,720575940617644372,160484
720575941462476301,720575940621756148,93154
720575941546206809,720575940622320048,165047904
720575941574065416,720575940623813523,99801
720575941536466458,720575940608495627,64406
720575941512563921,720575940620225542,92374
720575941497256832,720575940627583321,566964
720575941519152567,720575940633668578,111865
720575941430830729,720575940610718869,50337
720575941578691673,720575940617626580,161606
720575941574780667,720575940627589898,99619
720575941654795225,720575940612295793,548558
720575941532492005,720575940625909962,807533
720575941690150296,720575940621126365,318682
720575941489828046,720575940623705067,194585
720575941630780908,720575940636309940,112702
720575941595697541,720575940629873423,580414
720575941628282406,720575940614392547,131806
720575941591005836,720575940618762033,126587
720575941439687515,720575940616795478,172173
720575941414677276,720575940619480222,121185
720575941560239219,720575940644058528,580888
720575941561718184,720575940625414380,168671
720575941476660289,720575940612461426,132658
720575941613099027,720575940643866528,138297
720575941643279442,720575940638686848,46791
720575941497916578,720575940609290435,149415
720575941530836709,720575940618896197,227890
720575941548033341,720575940635758072,42977
720575941408680110,720575940612028182,36756
720575941512659276,720575940620676449,112297
720575941639610143,720575940636551086,72234
720575941671488167,720575940628540315,23317
720575941520414903,720575940620320065,100789
720575941526678274,720575940622658216,118126
720575941546817160,720575940630115454,40139
720575941552375194,720575940631550520,117828
720575941515390211,720575940630766610,125119
720575941585649542,720575940635141795,94656
720575941429669368,720575940630728779,119556
720575941479038371,720575940624142020,49295
720575941579921653,720575940604641504,164502
720575941548836468,720575940620053707,136173
720575941409743019,720575940610748280,60709
720575941477005361,720575940623525354,524312
720575941652621073,720575940616117794,817962
720575941688209420,720575940637671487,107044
720575941552088382,720575940623209677,100867
720575941432143457,720575940643804832,122450
720575941615721881,720575940612531097,152347
720575941563750290,720575940638940469,35891
720575941535896586,720575940617358267,57096
720575941480049827,720575940630951895,216218
720575941722043706,720575940610103765,141747
720575941722628154,720575940625066727,22317
720575941533418883,720575940625627023,121824
720575941408646447,720575940631570380,28215
720575941406704558,720575940643806880,143671
720575941606636909,720575940629692155,84268
720575941614723481,720575940612867045,123780
720575941446819860,720575940644172232,816532
720575941681466301,720575940614218415,186098
720575941504568380,720575940624135688,121426
720575941469344375,720575940626107725,35473
720575941504294706,720575940614378211,15797
720575941439588543,720575940630678007,30832
720575941448355509,720575940615539359,215744
720575941586599558,720575940630595644,536602
720575941593135656,720575940626326121,57936
720575941496094084,720575940616824965,1050754686
720575941472412480,720575940621843632,117161
720575941463590925,720575940627409692,159674
720575941490817228,720575940624739511,929810
720575941492946608,720575940633401336,63122
720575941531899877,720575940610881656,103661
720575941531038923,720575940661199745,128954
720575941609535405,720575940628787984,124608
720575941516798867,720575940611112142,530132
720575941560019215,720575940616403549,170038
720575941476864564,720575940620195610,58909
720575941688942092,720575940623043427,544523
720575941650284565,720575940607869276,34884
720575941518977902,720575940623133636,128019
720575941617844693,720575940626959050,192067
720575941467217942,720575940627762053,93499
720575941612670172,720575940626454786,58571
720575941586522502,720575940625714224,189471
720575941439560511,720575940628900572,39783
720575941661156664,720575940626003248,69094
720575941470460023,720575940625486996,58544
720575941477521972,720575940618604352,28094
720575941477663006,720575940621098581,208753
720575941414364817,720575940629974019,113162
720575941625593034,720575940612491695,83534
720575941516024057,720575940628610811,56000
720575941650802161,720575940632076089,156781
720575941487828533,720575940609843865,812203
720575941353092656,720575940636309594,143267
720575941533098725,720575940617692765,33497
720575941584946142,720575940629499139,122660
720575941540338381,720575940610993362,519701
720575941595529861,720575940625642012,802248
720575941479939407,720575940619454379,108355
720575941546264712,720575940626586370,78635
720575941524485451,720575940628028419,63671
720575941588216887,720575940617076107,139012
720575941460390214,720575940622614998,54862
720575941549644660,720575940629079084,249693
720575941628017209,720575940641181136,124796
720575941551788935,720575940618069721,92203
720575941687311855,720575940614467053,99404
720575941429905033,720575940631745107,521184
720575941546261609,720575940634901529,85410
720575941471703563,720575940624975760,110897
720575941652115221,720575940624581875,813247
720575941643511201,720575940647804468,208797
720575941561909549,720575940634213913,136487
720575941586738910,720575940613059290,139745
720575941526614884,720575940627987733,64037
720575941626638956,720575940639027546,586861
720575941527195725,720575940623828884,515660
720575941501802731,720575940614323106,48536
720575941520548019,720575940628445169,559265
720575941603196350,720575940625920584,27824
720575941594148133,720575940620810406,140566
720575941430524686,720575940626883465,924730
720575941561270952,720575940625049188,515176
720575941497686946,720575940638161630,225113
720575941431813847,720575940610914010,101157
720575941527964582,720575940617112882,527618
720575941504233522,720575940621797756,130063
720575941399264291,720575940624234242,815986
720575941490775216,720575940625393189,914339
720575941533403011,720575940609906389,149947
720575941519240152,720575940633251320,17348
720575941666542835,720575940623806459,167906
720575941446131476,720575940618445241,160583
720575941490852405,720575940612885683,195855
720575941599975977,720575940613094117,530368
720575941578003793,720575940614930794,137911
720575941453146163,720575940621809135,62609
720575941481123782,720575940624162823,562622
720575941687223279,720575940617368347,64504
720575941566039094,720575940633737133,99226
720575941505751831,720575940644090568,190724
720575941668862897,720575940607672003,904325
720575941482094077,720575940623971303,138946
720575941632076731,720575940621779327,29054
720575941606873197,720575940628933419,532715
720575941535521112,720575940613062440,518370
720575941490412007,720575940623187233,807264
720575941525648205,720575940627721476,143944
720575941563326215,720575940619451339,121584
720575941472008544,720575940630715518,162792
720575941611638189,720575940617918603,46058
720575941391682052,720575940631694069,910717
720575941452364615,720575940623261481,47580
720575941660829052,720575940634278295,173462
720575941645335201,720575940617540582,27536
720575941575731343,720575940627004682,61238
720575941542676509,720575940610627908,48687
720575941530226616,720575940638625443,139444
720575941404865904,720575940625005831,41227
720575941493750654,720575940623381578,93031
720575941579353465,720575940626209413,37058
720575941612501094,720575940620228884,521805
720575941625320906,720575940637519757,150770
720575941477251121,720575940628922856,85028
720575941408647727,720575940644059040,30432
720575941567114866,720575940621767306,26873
720575941598752668,720575940628304808,110518
720575941413197204,720575940628816917,124651
720575941553171847,720575940605636896,173169
720575941504881573,720575940636781167,160698
720575941440154847,720575940614959071,79435
720575941600952361,720575940627674255,22081
720575941497200353,720575940639646022,46842
720575941474431274,720575940618566557,134982
720575941538156264,720575940655762849,102455
720575941544694889,720575940613877299,120938
720575941551098367,720575940630204636,94198
720575941535928808,720575940639829667,60797
720575941670881191,720575940643986592,513435
720575941412829585,720575940615266867,57975
720575941703458266,720575940629726569,31729
720575941527720068,720575940621071380,100502
720575941533666738,720575940643696420,57939
720575941482422013,720575940630667052,71133
720575941553144474,720575940637189488,531948
720575941591871851,720575940618753088,534676
720575941660739896,720575940649446777,114935
720575941434399008,720575940625089661,174079
720575941497318625,720575940637759972,121614
720575941591510824,720575940620011736,52411
720575941655634900,720575940610449587,162882
720575941553746660,720575940622296573,46590
720575941505095703,720575940619040513,84301
720575941525944834,720575940612815766,55302
720575941537270243,720575940630546231,516707
720575941430513071,720575940628598828,58799
720575941463102864,720575940618263297,155184
720575941491388364,720575940606096416,85182
720575941625957770,720575940633973529,73791
720575941535047361,720575940611667173,218270
720575941581367673,720575940631477305,97949
720575941502410635,720575940639760718,216470
720575941563952018,720575940618841757,107751
720575941464226061,720575940620225133,66101
720575941590581502,720575940637891049,113181
720575941537516786,720575940621754367,553738738
720575941528122244,720575940630947395,178307
720575941630221862,720575940623427277,139385
720575941430781103,720575940611008986,86278
720575941523082315,720575940654185377,824431
720575941569173242,720575940660736641,95407
720575941583270790,720575940616812217,29066
720575941537774741,720575940633332947,79587
720575941510996752,720575940617954817,113426
720575941494527175,720575940631550539,68791
720575941430435721,720575940627401605,64322
720575941525411074,720575940624280873,30866
720575941669158577,720575940651681782,34751
720575941511236306,720575940623616767,531549
720575941514270467,720575940629089067,58610
720575941535267672,720575940611874510,112859
720575941441471935,720575940626812433,47537
720575941414465428,720575940618192694,814198
720575941670375601,720575940640957325,211718
720575941687217014,720575940629146107,814151
720575941459196115,720575940644798756,415213
720575941548658292,720575940621809276,531453
720575941534727194,720575940617036044,60883
720575941594193622,720575940619144731,513138
720575941550413885,720575940635696052,26097
720575941505076503,720575940631808554,131220
720575941584155270,720575940639433021,126847
720575941519788723,720575940640967413,119426
720575941459339987,720575940604668094,82129
720575941489344565,720575940632102607,911819
720575941473288288,720575940622873182,210379
720575941569707422,720575940621847149,812981
720575941433732750,720575940634321308,224234
720575941732779051,720575940618855371,32040
720575941514986643,720575940624605111,76147
720575941611674854,720575940642210011,47327
720575941490230729,720575940621291440,83201
720575941644420434,720575940625356011,589693
720575941573267784,720575940625353404,12080
720575941687889391,720575940619729835,34887
720575941651713265,720575940612657522,74008
720575941469015005,720575940628479964,58999
720575941546138300,720575940626194718,51747
720575941508096290,720575940632859731,114523
720575941408492591,720575940619216286,22466
720575941460969412,720575940615205087,71124
720575941536092899,720575940630840567,100050
720575941511763276,720575940615457851,29119
720575941662788220,720575940625148174,232258
720575941506103205,720575940616836421,65370
720575941620456319,720575940625499409,40159
720575941628331321,720575940611213810,119161
720575941484564290,720575940626572218,84291
720575941426411860,720575940631770639,114686
720575941554842852,720575940635494810,89447
720575941481505871,720575940617102604,117675
720575941517827694,720575940635187557,32598
720575941575563190,720575940603873033,38170
720575941598230684,720575940629781659,127223
720575941638837023,720575940632810652,128110
720575941610699241,720575940650009977,810321
720575941576239720,720575940630385483,806212
720575941645570977,720575940623626122,75376
720575941654106641,720575940638818749,531007
720575941478549610,720575940625418983,37553
720575941477868865,720575940623767991,47712
720575941568713518,720575940627261190,75584
720575941473519146,720575940616439330,88005
720575941574148859,720575940621289537,101279
720575941406742446,720575940632059532,96952
720575941532867971,720575940617201553,95928
720575941519529388,720575940623605907,114525
720575941732007979,720575940634691735,105755
720575941550865214,720575940619992374,130047
720575941609129802,720575940625947692,60427
720575941595898407,720575940618179362,516922
720575941526578713,720575940621065933,120358
720575941554345243,720575940638145651,523748
720575941438642962,720575940623571644,55265
720575941653935121,720575940623319566,116717
720575941531579365,720575940623781438,807428
720575941602611958,720575940629756556,125656
720575941661718840,720575940640369883,108346
720575941408954798,720575940614479085,70458
720575941505123378,720575940634293172,88126
720575941438752274,720575940623265476,111168
720575941722041402,720575940638135349,807368
720575941434176654,720575940630046767,21048
720575941515649785,720575940650505081,65153
720575941560745843,720575940607094706,526929
720575941477398321,720575940630621558,187310
720575941569111154,720575940623394253,86619
720575941571260318,720575940634132634,123809
720575941481590970,720575940632556499,124105
720575941558934643,720575940628679362,132242
720575941624608667,720575940613934563,51077
720575941430415457,720575940632978223,406046
720575941563368546,720575940630886135,146011
720575941507605829,720575940643962784,556896
720575941589762700,720575940621662598,83189
720575941502526955,720575940623472598,530299
720575941555866276,720575940617977017,545981
720575941526763545,720575940618047296,31623
720575941630290658,720575940625314058,911172
720575941414326161,720575940615024543,145433
720575941591681131,720575940646768180,42112
720575941516057337,720575940618857325,95265
720575941668985075,720575940630561914,60119
720575941567443450,720575940629331663,97182
720575941633434811,720575940616122674,198022
720575941414091153,720575940607867570,102062
720575941478113386,720575940628460292,136609
720575941606585453,720575940629485354,72299
720575941451436922,720575940637243445,914327
720575941590402359,720575940626779523,191463
720575941525021261,720575940639196137,88010
720575941391385750,720575940621437249,22624
720575941579453941,720575940642272456,85184
720575941553210395,720575940621007574,82960
720575941480342496,720575940623757752,97807
720575941498877563,720575940618098845,61774
720575941485102477,720575940632791087,140485
720575941593110385,720575940617696728,277683
720575941443134122,720575940617961245,123080
720575941533380362,720575940611373262,839102
720575941453788979,720575940642607067,213711
720575941639481887,720575940627615610,905959
720575941570737992,720575940638875199,145967
720575941431132041,720575940621097142,114466
720575941595549733,720575940615796895,196291
720575941557270052,720575940611920365,903586
720575941490107367,720575940612931480,121071
720575941439762239,720575940620527707,163139
720575941507819358,720575940620409364,132469
720575941586469510,720575940611992469,195719
720575941569556980,720575940618549021,62051
720575941502381707,720575940626752871,543609
720575941438070060,720575940608389468,126788
720575941585570950,720575940629001475,71471
720575941500799115,720575940624653547,169812
720575941479127971,720575940626510937,46627
720575941587304772,720575940636828558,112801
720575941535237810,720575940618082128,78298
720575941475708721,720575940621485138,80351
720575941411703697,720575940632161311,810746
720575941630839276,720575940635996826,428871
720575941408873519,720575940614548765,525969
720575941688171276,720575940645468014,59960
720575941477228138,720575940635201175,109006
720575941536124899,720575940629232646,158134
720575941540426109,720575940630907679,71352
720575941688903798,720575940624335034,138786
720575941519107500,720575940625031230,66067
720575941533934273,720575940620628161,552992
720575941595811973,720575940615198367,58112
720575941638451829,720575940646649220,815033
720575941731156011,720575940634071659,189142
720575941668619431,720575940619940811,38796
720575941590979212,720575940621380011,82287
720575941671008423,720575940624733192,41022
720575941587774007,720575940622116385,132363
720575941498751867,720575940628407852,138594
720575941447454301,720575940622517784,812838
720575941542087453,720575940626871025,936618
720575941566184494,720575940610631726,76606
720575941617911509,720575940628939419,154334
720575941507035938,720575940638649822,189319
720575941491133132,720575940625747217,361803
720575941449402190,720575940615591647,99533
720575941457787551,720575940628558671,125318
720575941470481163,720575940621588208,910661
720575941480260035,720575940625966152,110052
720575941407283118,720575940625975738,110348
720575941457308831,720575940629770256,187665
720575941440594639,720575940617225118,101291
720575941477286961,720575940626084240,549381
720575941496820864,720575940633422687,87261
720575941535306162,720575940622814588,89881
720575941497818593,720575940636813936,115628
720575941538115043,720575940625191352,157055
720575941573531464,720575940633970100,55566
720575941481852358,720575940625923770,56239
720575941633378208,720575940640142901,221633
720575941610973357,720575940625570334,76615
720575941578237777,720575940615918146,190103
720575941640066079,720575940632463171,44864
720575941495377280,720575940628097149,60163
720575941411466863,720575940622260485,29834
720575941557131428,720575940622622135,532849
720575941503551831,720575940630919016,546639
720575941485635650,720575940630970053,516727
720575941522305015,720575940623193293,859985596
720575941463944205,720575940627535503,843389
720575941493818494,720575940634912948,34904
720575941650848529,720575940611045700,809963
720575941538462869,720575940635496366,128402
720575941574472118,720575940636896909,93712
720575941429206191,720575940631176960,68142
720575941456918765,720575940633302809,68392
720575941417133596,720575940622132852,112032
720575941688998924,720575940636604814,99646
720575941642522312,720575940607854531,814435
720575941533363331,720575940633127967,94413
720575941409311403,720575940646928419,103806
720575941611724390,720575940619007664,38388
720575941627775014,720575940630774376,152938
720575941504341052,720575940605185964,117982
720575941436484128,720575940605183660,137733
720575941603957750,720575940643944727,107383
720575941615507925,720575940621791664,26796
720575941460834244,720575940624655285,68524
720575941732632875,720575940629967212,43771
720575941641490258,720575940636658021,166323
720575941513234499,720575940625487664,30299
720575941538014194,720575940611950741,521303
720575941515335059,720575940614892455,159656
720575941441434303,720575940637444585,60764
720575941513601859,720575940633583571,29897
720575941633625275,720575940639227967,202942
720575941450206030,720575940630702585,165913
720575941580005201,720575940626844559,20823
720575941628481337,720575940632393547,41225
720575941558986355,720575940620439723,108077
720575941474355242,720575940626885960,1050115348
720575941519590766,720575940622280447,72459
720575941499700297,720575940618191013,168323
720575941536546074,720575940615513410,91416
720575941492167911,720575940621517750,193840
720575941610633901,720575940605980337,54675
720575941506468677,720575940647051043,48889
720575941465402966,720575940603893216,38274
720575941628983522,720575940624470812,513678
720575941490568905,720575940617641657,128310
720575941573837833,720575940613764817,27408
720575941624442570,720575940622726640,118668
720575941560224750,720575940628130044,104369
720575941477442100,720575940612917105,53216
720575941539254514,720575940621415862,82812
720575941547622580,720575940631449106,159659
720575941576171190,720575940628321271,41179
720575941535615978,720575940629215131,170748
720575941600316969,720575940635739802,65156
720575941474784049,720575940611758741,48439
720575941466518102,720575940626806248,524621
720575941601096489,720575940639286717,117963
720575941580122449,720575940615139326,30303
720575941483859898,720575940625525265,148150
720575941644934305,720575940619863632,70349
720575941456663792,720575940622184701,186813
720575941703053530,720575940637223822,536029
720575941543380509,720575940645107991,150363
720575941407103791,720575940626709029,73121
720575941487344080,720575940618864263,66236
720575941566098583,720575940618720670,77978
720575941624553724,720575940624275494,533250
720575941617795029,720575940614316497,34795
720575941629798626,720575940615543975,196810
720575941678623165,720575940644301603,60614
720575941518650222,720575940627803241,44457
720575941732284203,720575940618681122,79771
720575941671673767,720575940618265044,77957
720575941486317574,720575940660286337,25717
720575941514878867,720575940629955840,61735
720575941499442657,720575940618905246,24265
720575941564059399,720575940621957670,79159
720575941555362724,720575940624296230,56420
720575941613094931,720575940647920692,131538
720575941432120791,720575940627470760,130724
720575941437079058,720575940624868024,56120
720575941575958671,720575940628126212,537926
720575941452407930,720575940623235277,169084
720575941519499180,720575940625162515,78991
720575941668894195,720575940631957560,125152
720575941515444739,720575940623004454,65052
720575941465841174,720575940615834986,135881
720575941529254276,720575940619569835,39526
720575941473679402,720575940634381454,804117
720575941732911403,720575940622038622,70431
720575941477411636,720575940640471504,916052
720575941491463856,720575940627979141,59629
720575941460319940,720575940613543702,96706
720575941534154177,720575940631997752,85105
720575941432754903,720575940617510329,533924
720575941611701350,720575940621149679,530964
720575941461223379,720575940624901107,816269
720575941430208393,720575940636931959,1061430315
720575941482160058,720575940607816649,140225
720575941654156756,720575940626970387,112613
720575941440835675,720575940626144680,54936
720575941551915911,720575940631458252,130785
720575941481971453,720575940630591358,69054
720575941458208070,720575940625666796,114887
720575941414747796,720575940618391350,54047
720575941615823769,720575940625919758,158291
720575941579176793,720575940616451362,808535
720575941527352857,720575940624374013,33890
720575941475812417,720575940623320396,515663
720575941573334779,720575940633783904,808717
720575941566169902,720575940622676812,105477
720575941521692083,720575940618194388,108727
720575941574314761,720575940624000659,80250
720575941566005302,720575940647900468,135328
720575941559808494,720575940617712674,76530
720575941437901279,720575940620564133,40521
720575941655030484,720575940621009023,97457
720575941508278562,720575940624015459,39447
720575941445514410,720575940610336707,144092
720575941408080046,720575940622896297,70555
720575941497371721,720575940627490826,46960
720575941574114447,720575940624537095,95398
720575941652735729,720575940625695280,14218
720575941497781217,720575940628142086,83178
720575941484536386,720575940622780296,144142
720575941452744361,720575940621643713,124199
720575941657679128,720575940615840913,909688
720575941663955068,720575940632401995,151742
720575941394009750,720575940623906485,130918
720575941516782227,720575940627397263,812681
720575941589889534,720575940617808981,516729
720575941491472048,720575940622283786,133497
720575941534946024,720575940619372342,525919
720575941441976411,720575940617467577,40152
720575941517291692,720575940615317727,543826
720575941477547841,720575940643001288,808201
720575941652269585,720575940630306135,125165
720575941535573697,720575940630951375,95249
720575941688698843,720575940623329514,32756
720575941558762537,720575940615380597,532463
720575941630549920,720575940624324708,810277
720575941669698993,720575940640384590,530317
720575941610300134,720575940631755320,74308
720575941631559650,720575940631144479,110837
720575941521902003,720575940629359366,85207
720575941633342405,720575940605404546,52388
720575941514738010,720575940614709190,91988
720575941595767077,720575940621414185,92531
720575941507569733,720575940630890040,514626
720575941604465086,720575940614792098,103128
720575941662204728,720575940614676886,111715
720575941723384890,720575940637673286,211558
720575941480523715,720575940612975530,165906
720575941630984418,720575940626042149,812494
720575941642302034,720575940623475592,110559
720575941470481984,720575940620932774,127780
720575941519719534,720575940618675614,103744
720575941429525463,720575940623226061,807642
720575941598633628,720575940624430060,33011
720575941502221291,720575940626688144,547674
720575941659251736,720575940629136124,514727
720575941521564851,720575940631438679,535939
720575941569736698,720575940615940537,360088
720575941642883685,720575940614177320,54705
720575941633363141,720575940625190636,110021
720575941639526517,720575940656152481,535890
720575941563312384,720575940618404312,119096
720575941483327485,720575940611248662,812752
720575941455983597,720575940644932131,47564
720575941593353323,720575940648342660,27606
720575941535456946,720575940626587523,550651
720575941474760241,720575940640173264,60680
720575941463838477,720575940627711631,76047
720575941629316066,720575940610210372,101862
720575941469628893,720575940617035276,34839
720575941622043132,720575940621954398,88088
720575941537688306,720575940618563046,73723
720575941562176402,720575940627299483,29791
720575941552467591,720575940610876258,119232
720575941563174151,720575940627579665,121521
720575941558997263,720575940619984731,17550
720575941576911208,720575940627161981,543739
720575941505934245,720575940613903778,50611
720575941545929652,720575940636880782,129474
720575941481056898,720575940616808379,537973
720575941653653265,720575940637938522,519967
720575941534492248,720575940631739641,129026
720575941415956508,720575940617030302,83167
720575941440078287,720575940617792139,125343
720575941508121378,720575940611543342,121551
720575941576327784,720575940639752893,556271
720575941486471942,720575940612556773,73495
720575941463655437,720575940639782864,824470
720575941547694881,720575940628768528,160163
720575941558114596,720575940622860788,84473
720575941483421181,720575940632171843,94917
720575941655529689,720575940627515032,104009
720575941531288523,720575940627628548,808762
720575941650829809,720575940615721309,89588
720575941572993096,720575940620917357,113425
720575941518430636,720575940609634571,96711
720575941575302665,720575940626935589,545384
720575941523303243,720575940604130481,810843
720575941483243517,720575940626262928,94428
720575941390285462,720575940652749473,36631
720575941514604291,720575940629964856,183820
720575941483571398,720575940620479366,537648
720575941593847921,720575940623637482,810863
720575941602182585,720575940619460811,136129
720575941631830715,720575940616084948,115050
720575941449911879,720575940626378824,814720
720575941591656588,720575940627336297,517064
720575941629499362,720575940646606388,120564
720575941555229185,720575940611411941,815424
720575941480440262,720575940610012565,64479
720575941508313182,720575940655210657,153216
720575941499422537,720575940617093533,84241
720575941628151353,720575940627387164,120190
720575941612496998,720575940625236234,146913
720575941505050930,720575940616593339,150209
720575941630785733,720575940622493949,286177664
720575941535749569,720575940617688267,133953
720575941538125027,720575940614646796,160628
720575941459926342,720575940628266235,803914
720575941430452951,720575940605706686,55215
720575941475827771,720575940613056947,540500
720575941459043910,720575940631756136,808936
720575941575209481,720575940622172854,545995
720575941431652015,720575940627265043,129617
720575941596925376,720575940641626075,126915
720575941512907729,720575940624991109,27543
720575941525422692,720575940636082783,144261
720575941535482650,720575940653507745,814231
720575941512006097,720575940615767446,91489
720575941573208989,720575940644896548,68991
720575941576667318,720575940649154681,49373
720575941573367561,720575940624112531,92676
720575941655167961,720575940624564204,50040
720575941687629295,720575940609920376,65575
720575941462442253,720575940624883388,77376
720575941390326532,720575940627513210,51876
720575941537717629,720575940613153938,817494
720575941686570223,720575940626493458,148378
720575941531768523,720575940635779252,79551
720575941536572136,720575940623685341,148808
720575941546314888,720575940631345450,53047
720575941559258895,720575940635865572,55487
720575941470291319,720575940606260158,183387
720575941447460372,720575940621264304,59596
720575941475722561,720575940630641465,515287
720575941512490705,720575940618925947,32744
720575941462783120,720575940617405835,525519
720575941573712054,720575940637481694,810327
720575941504437669,720575940630255447,128870
720575941636446069,720575940607498947,813205
720575941593915505,720575940633356128,126573
720575941512646988,720575940612405477,130625
720575941595015537,720575940625333822,73814
720575941569523450,720575940629439994,513590
720575941518751854,720575940632900503,154791
720575941525368322,720575940624930999,96964
720575941594064165,720575940637024367,119773
720575941461680851,720575940622119849,179852
720575941668382129,720575940639761011,134026
720575941628284473,720575940632400715,529657
720575941612124077,720575940624583708,518162
720575941532658405,720575940637487694,188823
720575941483538118,720575940653192182,82387
720575941703405530,720575940635155819,24633
720575941459601734,720575940613661042,102031
720575941480243074,720575940617870593,64863
720575941537372402,720575940618814843,28240
720575941432784654,720575940632161640,905120662
720575941499417227,720575940638624701,801745
720575941653120529,720575940636224363,82691
720575941731975979,720575940616203637,38581
720575941586175710,720575940617873565,514851
720575941598278848,720575940622713889,84484
720575941498441890,720575940635706778,131375
720575941574420489,720575940608039090,115454
720575941564123026,720575940634640091,44445
720575941514099705,720575940621623686,129838
720575941573343739,720575940622890828,246622
720575941580375889,720575940609617614,813722
720575941513540049,720575940614811810,87392
720575941413127023,720575940626097741,516836
720575941456222445,720575940623166090,88064
720575941504223404,720575940615970060,93005
720575941525941581,720575940617112123,821236
720575941392989444,720575940626193296,112124
720575941690520539,720575940625664656,523007
720575941652261397,720575940628771605,138343
720575941477649729,720575940613504749,128482
720575941430288225,720575940635476634,57362
720575941438929749,720575940633895310,121163
720575941589557316,720575940630226944,181278
720575941691632280,720575940638608966,515869
720575941486685069,720575940620814913,47006
720575941470502007,720575940626671626,40245
720575941490899916,720575940640863440,118316
720575941723669818,720575940629269607,144020
720575941444203434,720575940604200364,555735
720575941512708684,720575940661134465,69990
720575941572925947,720575940618324697,37730
720575941521499383,720575940636938586,126817
720575941506914620,720575940627038616,212806
720575941593895382,720575940617625461,168948
720575941584379102,720575940629986295,79162
720575941515064979,720575940620115029,123162
720575941559447597,720575940629723006,152928
720575941563420160,720575940618949848,99464
720575941575146127,720575940636893929,53905
720575941652513041,720575940618545940,116180
720575941473362016,720575940606699989,809280
720575941626537836,720575940632219532,141642
720575941573401353,720575940611673110,139143
720575941438961682,720575940610537028,168384
720575941533346226,720575940624009827,105828
720575941562240256,720575940631396675,56474
720575941549837885,720575940634391521,21107
720575941475215153,720575940623043327,70938
720575941632886944,720575940611943118,351115
720575941504470210,720575940634607260,132346
720575941481967357,720575940640026421,102220
720575941543974076,720575940605627424,47108
720575941490245351,720575940649314169,95626
720575941483038394,720575940632190255,95482
720575941475593275,720575940632118479,519921
720575941554232859,720575940603924512,98619
720575941439962431,720575940628256649,165560
720575941492715952,720575940605919712,80880
720575941595456470,720575940632691231,803628
720575941587896388,720575940613222809,63481
720575941392892310,720575940639303494,58877
720575941539888589,720575940625227160,46956
720575941431546616,720575940635747064,516813
720575941480957091,720575940644086295,36459
720575941632846496,720575940631929647,143957
720575941590575102,720575940636535653,125382
720575941722109754,720575940619212453,512232
720575941599141056,720575940639132494,322574
720575941564355218,720575940639193833,74209
720575941569750522,720575940606850249,98639
720575941596926853,720575940633199663,201691
720575941659048216,720575940624985324,45431
720575941508608546,720575940614299955,84983
720575941626733881,720575940632111311,127670
720575941602006713,720575940620000891,56321
720575941558098724,720575940624422141,52754
720575941584981855,720575940627696978,184861
720575941529719940,720575940656040865,154792
720575941514331724,720575940629734147,116982
720575941458712735,720575940629880067,94475
720575941552415642,720575940621954081,26459
720575941527995320,720575940640062115,140343
720575941463945485,720575940622544166,31588
720575941593057064,720575940618326306,221762
720575941443427242,720575940620647407,60847
720575941478019137,720575940633094727,109600
720575941574697871,720575940618356091,23866
720575941527733380,720575940646790532,131744
720575941521546931,720575940636035935,575496
720575941519844718,720575940614303441,544970
720575941604111862,720575940619597761,102438
720575941405201008,720575940626163837,198913
720575941581948793,720575940647635076,218148
720575941353394736,720575940621744508,40634
720575941547809057,720575940624578795,197826
720575941537094805,720575940646707235,106300
720575941480249730,720575940632085900,43175
720575941633520837,720575940609165833,93117
720575941573427855,720575940612284387,40140
720575941607167853,720575940629377530,537473
720575941457076208,720575940616483487,127328
720575941598762908,720575940630576087,188480
720575941587875396,720575940628001362,91229
720575941632643232,720575940635566584,35593
720575941531411843,720575940626176816,151576
720575941431940311,720575940612741338,107323
720575941562558098,720575940639054569,27675
720575941480782159,720575940637770559,107355
720575941403706992,720575940619010112,49178
720575941473007402,720575940648529785,120671
720575941441109967,720575940631434191,25611
720575941393300740,720575940619889355,535884
720575941461482948,720575940611058552,552304
720575941645317793,720575940613538969,86443
720575941502773995,720575940621173025,580407
720575941499804066,720575940632327016,547611
720575941440051285,720575940619493402,811677
720575941479369123,720575940624736695,85931
720575941574946299,720575940626102567,818539
720575941475284510,720575940626489416,20790
720575941535446977,720575940627643005,82979
720575941626204298,720575940646644003,120388
720575941499216713,720575940626876930,41138
720575941409751723,720575940620189934,91014
720575941572884382,720575940622287109,543944
720575941575815016,720575940644757920,812566
720575941554255514,720575940623000614,104160
720575941449108302,720575940629076585,96917
720575941541575260,720575940636772318,43942
720575941680923837,720575940607183538,181288
720575941552168447,720575940624945666,291665
720575941561096237,720575940623517320,55014
720575941440844635,720575940607410866,54174
720575941558718958,720575940607987378,19923
720575941409063595,720575940616278645,30479
720575941477512257,720575940631347193,74124
720575941484753218,720575940607936898,71811
720575941475911217,720575940627131082,54498
720575941585031263,720575940636662895,523414
720575941592421416,720575940636095851,135466
720575941442526159,720575940623439309,50084
720575941515335171,720575940619511243,109377
720575941477314097,720575940637536910,148836
720575941574999709,720575940639295558,124523
720575941600415529,720575940622108449,534503
720575941611817389,720575940643414944,86228
720575941488361781,720575940631976466,544004
720575941455723501,720575940625378121,64270
720575941629280550,720575940628564042,25867
720575941611607260,720575940625809182,24109
720575941653542105,720575940628615752,84138
720575941482618621,720575940632025036,22579
720575941534295384,720575940629170519,92117
720575941513880140,720575940622613175,109454
720575941572249851,720575940620326929,62095
720575941570746184,720575940652860918,906500
720575941490293813,720575940631733967,515495
720575941723556410,720575940638071386,154041
720575941544219141,720575940608803081,41768
720575941471781131,720575940631922969,558847
720575941490909134,720575940626110503,206227
720575941527145497,720575940647606660,34093
720575941633520315,720575940625765424,1051738118
720575941500103330,720575940618425035,136355
720575941490389705,720575940620901870,56746
720575941662349624,720575940622855935,47371
720575941595599729,720575940629436030,114389
720575941527245496,720575940622879245,546981
720575941598932265,720575940617283899,83790
720575941558733604,720575940634473697,133676
720575941536703208,720575940617393435,137839
720575941544238597,720575940614506536,170626
720575941588762935,720575940625699082,147802
720575941531891685,720575940628739644,529445
720575941546446441,720575940613440618,822862
720575941431299598,720575940625672496,127187
720575941514176346,720575940617177211,529926
720575941412499311,720575940623544675,199157
720575941545906009,720575940625022707,94396
720575941527280550,720575940616229938,129222
720575941548886333,720575940630655007,809546
720575941594594673,720575940622814302,24431
720575941650844401,720575940631605356,24169
720575941408541999,720575940634042012,807774
720575941614662163,720575940618011163,197773
720575941460150995,720575940619185830,50888
720575941506713253,720575940624669588,46597
720575941519327927,720575940615099242,142261
720575941468180502,720575940622029222,118554
720575941393057686,720575940660660865,57820
720575941471715447,720575940626364734,149395
720575941543333637,720575940610396718,106522
720575941461572036,720575940630925312,133046
720575941538567549,720575940614036452,131864
720575941563015522,720575940614118440,542573
720575941479695328,720575940619440694,94257
720575941447874229,720575940623918104,81652
720575941700629722,720575940625047293,105561
720575941508461150,720575940638169456,22001
720575941568266228,720575940625615508,74059
720575941439484895,720575940636383863,200424
720575941519144620,720575940641557133,525010
720575941491327719,720575940612328654,82171
720575941485292550,720575940611330766,87820
720575941597265600,720575940613994671,131328
720575941408599855,720575940605599078,102893
720575941449069390,720575940646625827,100565
720575941523958859,720575940612790038,573128
720575941494860414,720575940631474243,512785
720575941486922562,720575940630140519,74350
720575941507952418,720575940615557682,66388
720575941494767559,720575940624310013,143641
720575941617637845,720575940634767258,69631
720575941455210291,720575940605501641,95304
720575941687276150,720575940624281165,144865
720575941404453488,720575940634888599,93004
720575941568516602,720575940614997555,807254
720575941474173994,720575940609679555,83449
720575941524240203,720575940642389645,143499
720575941438841311,720575940621164276,538996
720575941519626968,720575940631058895,530919
720575941450734970,720575940624073510,181967
720575941538005475,720575940617642613,811433
720575941547478452,720575940627224719,123152
720575941537842664,720575940629579836,122275
720575941481347014,720575940608945091,112437
720575941554028059,720575940615422514,813082
720575941546412680,720575940630767097,148563
720575941603490294,720575940606829257,100907
720575941428238840,720575940627395338,540460
720575941438001708,720575940640867672,40807
720575941518136174,720575940626616578,157867
720575941561983789,720575940621147588,25103
720575941432419425,720575940624852967,224148
720575941405122672,720575940607332297,106239
720575941620205183,720575940629008079,808530
720575941465574998,720575940661205633,47797
720575941425865812,720575940624948467,165894
720575941564883975,720575940625084489,514730
720575941602018294,720575940626947130,62172
720575941640996895,720575940620725952,89690
720575941471556416,720575940610349892,546454
720575941681256637,720575940630824239,199034
720575941480483202,720575940627285178,61745
720575941475937588,720575940644197064,72081
720575941604793534,720575940622883220,101723
720575941633264837,720575940620211591,551090
720575941633569979,720575940629820794,817102
720575941631238882,720575940614056379,29091
720575941408604078,720575940612383082,28507
720575941455562989,720575940630411894,116917
720575941577784665,720575940605107121,84707
720575941551045631,720575940627389895,515955
720575941600827433,720575940618805277,64513
720575941564122471,720575940615458594,811859
720575941563056535,720575940617604165,809622
720575941557718436,720575940634529528,179595
720575941595296881,720575940613766184,74304
720575941553904155,720575940650290809,72792
720575941437838866,720575940624306579,162367
720575941459256304,720575940615519378,92454
720575941483153405,720575940633202479,165724
720575941450563406,720575940631687844,813395
720575941470995211,720575940638161973,190325
720575941569745566,720575940614465199,161243
720575941533337610,720575940628630011,144163
720575941449100366,720575940625679716,556995
720575941500968331,720575940635356316,815739
720575941612141414,720575940609533538,169244
720575941631479200,720575940618288925,120954
720575941546721468,720575940628329482,80992
720575941441874779,720575940619064229,202131
720575941652869873,720575940611225002,190240
720575941518345900,720575940636999535,89482
720575941519306412,720575940626045352,549404
720575941436572204,720575940605223340,52813
720575941483849869,720575940618362863,906108
720575941497098914,720575940632406802,44665
720575941462041284,720575940631756741,513334
720575941595125031,720575940614242207,76266
720575941617808341,720575940631225740,48339
720575941482040771,720575940617303179,93586
720575941481383587,720575940618453990,86926
720575941533662083,720575940644613172,153846
720575941453335111,720575940628223765,76104
720575941534901786,720575940630699223,117164
720575941603176438,720575940619813217,543741
720575941582020985,720575940637507982,111742
720575941654648025,720575940622631448,139983
720575941590835752,720575940627700554,47746
720575941595675505,720575940621797870,19839
720575941570639518,720575940620804724,223651
720575941475575105,720575940626952222,131854
720575941534104330,720575940635846847,153386
720575941687111542,720575940633763236,93735
720575941513720908,720575940627421256,63053
720575941572963230,720575940632578863,95023
720575941602393785,720575940629649411,35309
720575941589488439,720575940631608647,23542
720575941544370876,720575940621273709,96177
720575941594022183,720575940611833698,109479
720575941447338845,720575940618182480,812510
720575941477522484,720575940623087821,51489
720575941535012184,720575940610302818,138404
720575941611526889,720575940612439958,817052
720575941439159381,720575940630786346,807803
720575941482481859,720575940624449032,177641
720575941547028585,720575940613832429,90547
720575941568127858,720575940625218590,236557
720575941496338145,720575940641395163,810646
720575941598087324,720575940625726210,31019
720575941430660015,720575940630940217,123338
720575941580078201,720575940608343730,154987
720575941656258840,720575940612208754,19072
720575941476638513,720575940625534345,93331
720575941631706053,720575940617426973,814681
720575941643859026,720575940621447406,543834
720575941610374061,720575940639722147,60915
720575941603193022,720575940630927164,77705
720575941476557633,720575940615839174,820061
720575941580840825,720575940611839953,816009
720575941659617104,720575940637461861,192958
720575941534627610,720575940626004170,81331
720575941643068005,720575940627759705,107297
720575941459555231,720575940635258303,548756
720575941552474266,720575940613394686,111853
720575941645012424,720575940622102298,60285
720575941540794829,720575940632228051,530725
720575941462089997,720575940619828813,133882
720575941567626484,720575940646633763,114028
720575941535368641,720575940623756824,102540
720575941509262546,720575940630388086,107843
720575941644944504,720575940624368934,40687
720575941495544007,720575940612569194,92115
720575941671394471,720575940642642996,83438
720575941536937621,720575940636059755,122625
720575941645599944,720575940622840245,57687
720575941534149464,720575940620464331,543546
720575941440056511,720575940631972293,106937
720575941519037356,720575940614510899,103258
720575941481206179,720575940620994401,542893
720575941556341732,720575940631394519,24653
720575941499976354,720575940623678856,535245
720575941556172627,720575940628350266,115112
720575941411916911,720575940627149723,38665
720575941447846164,720575940620888897,815196
720575941548149309,720575940629474686,123436
720575941393400726,720575940624781607,546824
720575941610959206,720575940621130356,142785
720575941534124120,720575940623209703,515069
720575941562891618,720575940603895584,17561
720575941650255637,720575940611817957,70834
720575941644687265,720575940628525318,127038
720575941431058936,720575940639235142,209737
720575941577648721,720575940626390970,188066
720575941730179883,720575940616966557,44669
720575941439723349,720575940624593982,69565
720575941524517195,720575940605609830,98870
720575941652020721,720575940639901749,98342
720575941407803054,720575940629716329,56667
720575941655243988,720575940614504342,78503
720575941484742466,720575940626806033,40459
720575941701347802,720575940614525078,84164
720575941690216600,720575940611520376,85598
720575941575701903,720575940637019255,120530
720575941506856482,720575940611370610,166540
720575941581220985,720575940643623220,82730
720575941563316834,720575940640122421,128244
720575941513218115,720575940619081198,114041
720575941546964660,720575940620743151,38041
720575941643733192,720575940639213877,75115
720575941628376290,720575940622795814,906085
720575941431060655,720575940613266611,817986
720575941617317503,720575940618847281,911955
720575941546532641,720575940603125216,811037
720575941549428991,720575940641808328,58756
720575941447650324,720575940635159136,517568
720575941659199000,720575940620784321,101267
720575941451401287,720575940629157275,201724
720575941703719130,720575940620061831,98080
720575941470124352,720575940640494243,126143
720575941432684814,720575940635488942,564469
720575941450643578,720575940625004807,161308
720575941701071066,720575940628933380,67637
720575941597147584,720575940624056061,62838
720575941393675926,720575940610208917,20664
720575941553342855,720575940627486778,158098
720575941563751575,720575940623048584,59528
720575941580241489,720575940640672675,539303
720575941586753246,720575940626396803,58126
720575941438513682,720575940644303520,35904
720575941502336235,720575940626013112,30460
720575941631135941,720575940636440677,154354
720575941485388240,720575940619261750,60591
720575941626620524,720575940628795925,71672
720575941486793734,720575940633910809,552510
720575941545490793,720575940611362002,40382
720575941577911889,720575940627143994,134262
720575941441333183,720575940622132137,79229
720575941650835185,720575940636731493,42157
720575941534283786,720575940622680414,102742
720575941573007112,720575940610273348,103510
720575941415145620,720575940622474165,812627
720575941613700828,720575940624599304,75530
720575941582696287,720575940629956624,141625
720575941405037680,720575940623154601,545509
720575941594395505,720575940637557645,107849
720575941526303746,720575940631947538,102418
720575941519890904,720575940642882957,196752
720575941509168001,720575940625890067,63287
720575941671756967,720575940631030124,104374
720575941393471382,720575940630962396,100498
720575941411560875,720575940622597085,96672
720575941574686134,720575940628938826,101427
720575941555291219,720575940626272560,529693
720575941625664620,720575940623601919,96841
720575941601031721,720575940612848021,32676
720575941427626580,720575940619998262,182604
720575941576237494,720575940623370421,156080
720575941494622078,720575940619770608,145509
720575941588255287,720575940608805827,545782
720575941639221365,720575940621321057,156331
720575941501670635,720575940628140565,83525
720575941436895199,720575940632243340,524306
720575941565481058,720575940622334646,70869
720575941574640136,720575940622773685,514985
720575941691337624,720575940632870796,104004
720575941503445483,720575940620393040,89560
720575941655247833,720575940618792773,551129
720575941484030461,720575940636184824,110723
720575941658986008,720575940616835014,145936
720575941448624221,720575940607641801,110741
720575941478954858,720575940618756150,56823
720575941503360855,720575940613927208,121473
720575941722031674,720575940613533234,17682
720575941592907560,720575940643305672,27028
720575941566933607,720575940630745079,35147
720575941457640351,720575940627975940,162404
720575941498084258,720575940619737453,153096
720575941637332341,720575940622921421,141434
720575941534980618,720575940619341105,808828
720575941573443144,720575940629653442,532038
720575941615250073,720575940626878214,809129
720575941546546620,720575940627170898,68834
720575941658509848,720575940627086205,575810
720575941489304270,720575940623642407,120951
720575941483697149,720575940644176238,933242
720575941476470081,720575940625906253,85192
720575941514159692,720575940616775218,31003
720575941412647791,720575940607369737,131434
720575941555188634,720575940632399441,26786
720575941652159449,720575940626901521,37481
720575941491107534,720575940616539419,817089
720575941529952696,720575940629133052,120851
720575941559322862,720575940622156040,52637
720575941403152240,720575940617605403,77347
720575941600105257,720575940624846008,185016
720575941459349971,720575940632001080,15680
720575941559702254,720575940617691793,132961
720575941558252047,720575940621986913,95170
720575941491314633,720575940612134422,154678
720575941545165829,720575940623018253,168786
720575941508877858,720575940633014445,28058
720575941507736901,720575940620980333,78754
720575941565483062,720575940621479295,684703138
720575941573826313,720575940602605536,500003
720575941563282274,720575940628448197,116515
720575941526465190,720575940635951471,134874
720575941524426571,720575940622162505,162733
720575941486834242,720575940645849879,107023
720575941631014882,720575940625404197,812016
720575941576677558,720575940621785727,114016
720575941504857538,720575940625381397,317223538
720575941547720628,720575940625941797,94810
720575941492190183,720575940614843823,111009
720575941601022710,720575940618583453,125761
720575941496677243,720575940630923471,167225
720575941407910574,720575940636943081,91407
720575941578407669,720575940631778444,87468
720575941652259857,720575940617190459,74327
720575941509718544,720575940622979475,65121
720575941475396913,720575940646763316,113529
720575941546339433,720575940617114418,802047
720575941596050565,720575940620936619,91884
720575941496482273,720575940624012692,50850
720575941529188280,720575940628378440,816943
720575941576477273,720575940629972418,118692
720575941595176837,720575940631812577,52626
720575941634136507,720575940643450784,118047
720575941590479159,720575940605581158,529120
720575941543634437,720575940619091201,813751
720575941661838904,720575940631775033,527053
720575941561937197,720575940625969166,148919
720575941575231645,720575940618194644,174953
720575941598887324,720575940634721505,514112
720575941508514850,720575940636069751,145419
720575941546326121,720575940643373216,94122
720575941557221540,720575940619387483,520801
720575941589767735,720575940617726681,154848
720575941425753684,720575940627351378,125421
720575941579458129,720575940621166251,560241
720575941391458710,720575940625676621,105898
720575941502412427,720575940625136316,74275
720575941518472876,720575940622466584,84430
720575941476802154,720575940622108584,133020
720575941534237450,720575940611964053,88129
720575941576558425,720575940614415569,183420
720575941536220904,720575940628794884,135624
720575941415292956,720575940650432377,146197
720575941562889984,720575940610933828,122630
720575941481345478,720575940613909544,17721
720575941536288744,720575940631544659,125363
720575941625541531,720575940624349674,83369
720575941610488294,720575940632382539,76947
720575941433576206,720575940625701820,99959
720575941689511064,720575940629640783,70855
720575941534191041,720575940624252308,113145
720575941584745606,720575940635695039,122169
720575941687936219,720575940622290164,121247
720575941462605069,720575940638982633,49963
720575941431364088,720575940624465848,56017
720575941478654570,720575940621810415,78971
720575941642499429,720575940625700124,1051680335
720575941592472171,720575940641836232,936263
720575941498176225,720575940615121058,75338
720575941475742314,720575940626396809,518572
720575941405138800,720575940641444085,50015
720575941513623249,720575940623152929,537130
720575941471937088,720575940618071828,108252
720575941451969705,720575940616283714,43594
720575941475501086,720575940634164702,58762
720575941481317830,720575940612628186,86185
720575941662618680,720575940632638884,62890
720575941482829766,720575940621702582,127467
720575941617473749,720575940627513105,180623
720575941520933559,720575940626869804,177360
720575941534336600,720575940618595894,16404
720575941475994945,720575940614258482,27318
720575941573914107,720575940632434221,60438
720575941436736300,720575940622523101,153527
720575941433301774,720575940619403655,139418
720575941475431217,720575940629938127,522403
720575941482558403,720575940631009623,143390
720575941587256644,720575940638601030,38701
720575941435418912,720575940619002881,129952
720575941534951450,720575940610535410,229397
720575941613524377,720575940622593663,129833
720575941574095611,720575940631292204,521515
720575941565048930,720575940620113741,82617
720575941547766305,720575940647925124,120258
720575941549519649,720575940634460055,58314
720575941508367233,720575940623420659,81755
720575941547337789,720575940614090803,904808
720575941441505883,720575940611616974,30073
720575941461816787,720575940617530525,905110
720575941580703353,720575940624737869,27191
720575941431780344,720575940605809342,135152
720575941497899682,720575940626684285,177107
720575941631203525,720575940609171721,544799
720575941527113549,720575940611775973,147992
720575941555891027,720575940631307083,129931
720575941654951897,720575940633294527,817589
720575941432389079,720575940646132078,518668
720575941655632084,720575940630818553,206889
720575941526351181,720575940615900731,82336
720575941504072791,720575940652862454,155192
720575941567654514,720575940615360657,906251
720575941505749052,720575940633895138,105549
720575941443076778,720575940610144981,44427
720575941473351520,720575940609613507,129185
720575941506545980,720575940659323521,86020
720575941689077878,720575940632733753,134007
720575941505672357,720575940625510635,95666
720575941653424084,720575940623388819,550779
720575941390632342,720575940620087888,813693
720575941555636132,720575940623508007,78595
720575941509046657,720575940631766314,544996
720575941609303469,720575940612010961,818592
720575941535649802,720575940624362749,164514
720575941624981962,720575940632273235,904075
720575941477488490,720575940629202114,804376
720575941548788541,720575940618272310,132239
720575941399984419,720575940639508797,112586
720575941542134620,720575940620088941,28467
720575941491585511,720575940634569579,812379
720575941453542569,720575940619846241,88866
720575941668960167,720575940615650022,521534
720575941539691645,720575940637690798,152756
720575941538101987,720575940630776119,259716
720575941393713814,720575940621541590,64876
720575941473143594,720575940632792111,144351
720575941511554770,720575940634956399,521459
720575941611285834,720575940638634960,550508
720575941449366862,720575940630988818,136878
720575941639520543,720575940623423270,825725
720575941643222610,720575940623808693,151346
720575941553910017,720575940640355456,27811
720575941474727198,720575940633810527,170829
720575941447737166,720575940639151987,129676
720575941440416341,720575940623253005,100631
720575941565895063,720575940626815128,163736
720575941486600198,720575940629991323,90262
720575941408296622,720575940641834741,94787
720575941554355610,720575940610279875,100180
720575941392176534,720575940631194875,50089
720575941639451935,720575940615436893,811640
720575941521536691,720575940632760524,88697
720575941573601608,720575940611856078,526599
720575941579072089,720575940634265369,521339
720575941614040473,720575940621658829,105634
720575941501686667,720575940623835389,112401
720575941437706975,720575940633915874,136313
720575941527017572,720575940614758806,144064
720575941430413527,720575940628288133,161494
720575941554854739,720575940622352972,136915
720575941535280818,720575940616406239,86673
720575941525858916,720575940626972420,84161
720575941490085321,720575940616375967,116669
720575941614865683,720575940636812430,117182
720575941656957976,720575940612907672,188398
720575941541997597,720575940632433572,74711
720575941519686872,720575940622591446,81115
720575941524706891,720575940621386843,181579
720575941526596610,720575940611730355,122174
720575941474148960,720575940612772915,27324
720575941555513427,720575940606702601,806183
720575941454919405,720575940628883368,56379
720575941503877463,720575940621650116,145268
720575941531551363,720575940620906480,153157
720575941569236730,720575940624190249,55273
720575941572911944,720575940628182010,62644
720575941490358985,720575940637227438,733559283
720575941491070409,720575940628329222,92594
720575941453103667,720575940626981962,81317
720575941637374069,720575940621447706,117387
720575941461793747,720575940619859249,222377
720575941537947368,720575940656038817,224082
720575941496079433,720575940627467858,106476
720575941633611424,720575940642312693,120485
720575941595462769,720575940617820902,41073
720575941589667980,720575940633561427,531797
720575941666793715,720575940644751651,810643
720575941413972628,720575940621953797,124291
720575941565790818,720575940644263959,111638
720575941478092650,720575940641251829,566476
720575941414490516,720575940623743415,803614
720575941626835257,720575940605389740,132184
720575941477752938,720575940644761504,516104
720575941535640330,720575940611590809,139857
720575941614686739,720575940618600862,87383
720575941586789854,720575940612002929,72840
720575941621625084,720575940646362403,808486
720575941627728934,720575940623576458,137648
720575941604176630,720575940633017903,31675
720575941478718570,720575940618634107,227968
720575941499875234,720575940608364124,517096
720575941491467468,720575940631080552,580972
720575941603107774,720575940624896491,56933
720575941538036978,720575940629881679,914537
720575941572709789,720575940622432425,534657
720575941607695981,720575940627505576,36832
720575941564187799,720575940618506155,807986
720575941472014944,720575940626674988,104419
720575941526374733,720575940632141842,89042
720575941416119324,720575940632115983,58788
720575941626535562,720575940635635960,556493
720575941540174461,720575940605154336,522755
720575941561829165,720575940618867462,102696
720575941644808353,720575940617254261,47817
720575941479048387,720575940630983767,98641
720575941619878271,720575940619346102,805172
720575941686593263,720575940635228579,91253
720575941545489257,720575940606387046,24475
720575941449978183,720575940611083413,73300
720575941533248856,720575940620336475,151612
720575941588809612,720575940643611040,57078
720575941478279136,720575940629514296,809686
720575941494278855,720575940613669784,102385
720575941505021378,720575940638935424,80668
720575941626311114,720575940633004700,147340
720575941550669567,720575940630428204,181718
720575941535957731,720575940610816881,103921
720575941439058005,720575940642621344,113228
720575941504730162,720575940628788496,60768
720575941624439242,720575940635503540,49555
720575941514431052,720575940611935442,209941
720575941562467682,720575940610085700,806119
720575941506565982,720575940619690118,931204
720575941556537124,720575940622390198,145177
720575941430894350,720575940619767744,37758
720575941544907964,720575940606502066,61076
720575941544244668,720575940634361195,29526
720575941536601576,720575940628522152,91516
720575941516460793,720575940637053766,104357
720575941541900636,720575940612921325,96170
720575941439137877,720575940639053939,119214
720575941508774690,720575940628490513,138655
720575941596097413,720575940623452307,71378
720575941487032326,720575940615934943,142170
720575941485559949,720575940630719819,91150
720575941391393174,720575940625241836,95985
720575941455669997,720575940622270391,818642
720575941594132849,720575940620685648,33317
720575941627745062,720575940622078934,72919
720575941644633938,720575940629687143,147461
720575941450139514,720575940630211948,105599
720575941620048255,720575940647956276,57180
720575941484153997,720575940631820825,39798
720575941539130098,720575940637270086,21509
720575941449664093,720575940632881209,92248
720575941484139773,720575940620936583,47826
720575941652841940,720575940622344170,519268
720575941474361130,720575940635292084,64712
720575941490146357,720575940625906190,237058
720575941513839180,720575940638808448,158917
720575941528511876,720575940634839487,552867
720575941488743733,720575940614341603,143002
720575941433183246,720575940612947119,98156
720575941432607758,720575940626776707,76825
720575941539767900,720575940622323719,44695
720575941606145133,720575940635674601,98499
720575941535549377,720575940614551954,60344
720575941439683519,720575940626704698,95395
720575941540192637,720575940634746012,560343
720575941553979527,720575940614975810,94069
720575941481583814,720575940631082124,57019
720575941630415842,720575940608979395,57963
720575941612854748,720575940609319772,159516
720575941520787891,720575940628527439,12138
720575941472410688,720575940636467086,226103
720575941452536115,720575940613622312,84536
720575941569662366,720575940612427414,22564
720575941547666100,720575940620449908,512072
720575941408427823,720575940622290804,157105
720575941508185950,720575940619233585,143440
720575941491135177,720575940628497941,90774
720575941568140026,720575940620757231,235929
720575941539699837,720575940624170061,56280
720575941534734514,720575940640302926,145536
720575941519290028,720575940609784585,82547
720575941515380995,720575940624799723,47118
720575941667995057,720575940613127976,97872
720575941474983995,720575940615893554,137626
720575941569227378,720575940622127856,530581
720575941688773083,720575940613621145,126413
720575941632571628,720575940606664294,12265
720575941490948553,720575940649873529,153973
720575941702537178,720575940620534710,439101
720575941626078154,720575940639645757,51962
720575941468669149,720575940623491988,142716
720575941540706429,720575940630162423,518576
720575941515842138,720575940624074313,176364
720575941431877902,720575940629082684,70988
720575941454747373,720575940612917141,117822
720575941409041199,720575940622769697,128877
720575941440075199,720575940628620687,107661
720575941425381716,720575940609281326,167022
720575941505159484,720575940607508169,90381
720575941645855432,720575940641143680,202105
720575941519854190,720575940616219485,143635
720575941507180126,720575940618154385,40836
720575941632362656,720575940609733582,68608
720575941669642151,720575940630037071,104911
720575941604052409,720575940621492077,530894
720575941651253233,720575940646506019,112150
720575941559894643,720575940614614509,547033
720575941563420584,720575940606086758,40405
720575941533716004,720575940648098948,524572
720575941516547577,720575940627398745,65340
720575941515598739,720575940627145474,77871
720575941586476510,720575940609316050,521462
720575941597972124,720575940634864479,277430
720575941470632459,720575940652784289,60329
720575941517723502,720575940638421993,56266
720575941688896219,720575940625628772,135969
720575941520670131,720575940631773226,129413
720575941569887226,720575940631582283,124644
720575941567820276,720575940621905869,12357
720575941526520676,720575940620337088,53162
720575941574613256,720575940624639159,52296
720575941523361783,720575940620605063,80235
720575941643398600,720575940621020737,113165
720575941655440857,720575940629445991,530175
720575941536241674,720575940636914830,89798
720575941483852730,720575940630767724,531941
720575941549313908,720575940621402789,54816
720575941535848202,720575940613711254,164840
720575941584592262,720575940621578118,914569
720575941595204465,720575940647961652,532304
720575941462063300,720575940611668834,74946
720575941690512280,720575940654129057,46631
720575941536432577,720575940619120293,109142
720575941494569598,720575940628096232,183978
720575941687601782,720575940633272147,903777
720575941438764562,720575940634417433,129485
720575941531377867,720575940619943796,539367
720575941437256492,720575940625380878,545238
720575941569544306,720575940637189239,301090
720575941633041861,720575940630571515,69385
720575941549134369,720575940622786840,72807
720575941563449398,720575940630038991,23288
720575941468402653,720575940619450701,97649
720575941515673411,720575940630134887,119872
720575941521282739,720575940628149763,810381
720575941535802600,720575940654821025,118465
720575941632159980,720575940613618498,83920
720575941557994020,720575940609700547,173866
720575941535448090,720575940639384947,75212
720575941449288314,720575940615637334,23028
720575941533922179,720575940607734194,44441
720575941656680784,720575940618158672,260959
720575941455168307,720575940623189261,525309
720575941518476211,720575940623636714,815990
720575941607280237,720575940639089085,66357
720575941520015726,720575940606219808,64047
720575941573274875,720575940611881395,803537
720575941436571436,720575940621343670,23714
720575941412232815,720575940610568305,76071
720575941504352962,720575940625493604,66230
720575941619015807,720575940611792406,819840
720575941483145914,720575940624270589,520073
720575941506956567,720575940623056716,547828
720575941540923933,720575940645378839,64788
720575941439205676,720575940629260106,131177346
720575941548802164,720575940628896759,802597
720575941654162644,720575940611536504,86505
720575941558346867,720575940625424642,148713
720575941440598975,720575940626226946,533760
720575941628346425,720575940631596025,77378
720575941475773290,720575940605771948,815741
720575941498675579,720575940626257539,96075
720575941506433570,720575940640272693,122798
720575941464150797,720575940631131756,128963
720575941595634545,720575940612774883,36501
720575941401253155,720575940622231322,91770
720575941526857316,720575940612975358,821184
720575941516140204,720575940627188324,196522
720575941568413940,720575940622008230,52763
720575941488833481,720575940624071935,61614
720575941618019029,720575940621914381,35195
720575941529866424,720575940638027965,113408
720575941575021469,720575940613500825,516489
720575941532528771,720575940619830721,100918
720575941478087530,720575940631966777,150733
720575941629717228,720575940622433140,35545
720575941583151455,720575940628195527,159282
720575941524799490,720575940632256583,126304
720575941558580239,720575940627602206,233162
720575941733043499,720575940606220902,125351
720575941651511281,720575940636414712,147183
720575941439147052,720575940623250445,29448
720575941452016199,720575940631037907,42570
720575941626287306,720575940612967909,65327
720575941479800911,720575940630844215,132734
720575941617909973,720575940603272038,543867
720575941514468172,720575940645421591,66039
720575941533965322,720575940630432311,178056
720575941603750073,720575940617771521,821345
720575941626131914,720575940610355042,160344
720575941596856453,720575940623497959,534811
720575941581079161,720575940637968454,569998
720575941601974262,720575940630142521,100644
720575941611696870,720575940640463568,116684
720575941540654285,720575940628885763,551232
720575941630464709,720575940610178417,33307
720575941574593787,720575940615279163,543987
720575941573688975,720575940615610930,65141
720575941433033486,720575940624245946,41039
720575941554269953,720575940630012663,907697
720575941689504920,720575940604923616,129270
720575941651491352,720575940635223659,206991
720575941531779459,720575940610582392,153274
720575941473373536,720575940631840587,78086
720575941481651142,720575940645065672,127067
720575941603875006,720575940650870774,182391
720575941662461496,720575940627994865,89249
720575941517626734,720575940635962254,512001
720575941632412652,720575940618858304,525951
720575941654888409,720575940627055147,40952
720575941461992388,720575940621838826,127066
720575941564822370,720575940631248844,89662
720575941650264085,720575940638575192,173680
720575941610741350,720575940627519365,42884
720575941632344507,720575940628450378,188374
720575941516628908,720575940620150699,155961
720575941652092689,720575940612752021,198084
720575941668626419,720575940616664733,542009
720575941458523974,720575940632581945,59574
720575941611599337,720575940611508526,70097
720575941611661075,720575940638155497,810162
720575941537859989,720575940624905963,64314
720575941462375568,720575940616069682,149281
720575941573547592,720575940613339801,158793
720575941576863989,720575940629929273,804218
720575941411100843,720575940612445134,180972
720575941653626129,720575940612613551,151395
720575941519629747,720575940638974015,88557
720575941668356595,720575940620186328,105352
720575941658856784,720575940615043670,112377
720575941407049902,720575940613506582,55688
720575941613110492,720575940630987520,114246
720575941480507872,720575940625442535,535977
720575941481638342,720575940621240229,62165
720575941536318913,720575940639693656,133182
720575941474526506,720575940615150914,170165
720575941481572803,720575940628285450,361729
720575941667986675,720575940612318673,64591
720575941530037432,720575940637981774,524197
720575941545628596,720575940621798945,128911
720575941658190360,720575940610909938,151646
720575941431627145,720575940645735534,108404
720575941508893278,720575940625759525,108824
720575941608389194,720575940615897501,913199
720575941431656879,720575940606643646,23014
720575941485450562,720575940630174268,824886
720575941624651516,720575940623218764,92726
720575941441710015,720575940636767607,111843
720575941574031113,720575940631921239,40529
720575941670006951,720575940625995609,818975
720575941524849995,720575940646459188,549289
720575941564406070,720575940625427208,179974
720575941573876296,720575940627542291,74693
720575941598952604,720575940641702304,808114
720575941578827089,720575940626104522,25469
720575941464125709,720575940625119723,197828
720575941497511497,720575940611972977,143585
720575941470213085,720575940605530336,137750
720575941468253206,720575940631100460,80121
720575941438701356,720575940633394783,124507
720575941460946064,720575940631290156,48951
720575941558486899,720575940632306572,83441
720575941633497760,720575940619055643,319131
720575941457392031,720575940626094862,87078
720575941473577312,720575940631395013,72128
720575941595571313,720575940636066661,75200
720575941572766622,720575940640712792,551750
720575941670434481,720575940631189622,121849
720575941446823188,720575940628628474,906379
720575941452907847,720575940632381536,134386
720575941486130829,720575940612488089,184164
720575941483923130,720575940620522433,103005
720575941443541930,720575940614784710,807041
720575941535075250,720575940632081036,162416
720575941686896758,720575940627173465,130481
720575941481415107,720575940616027714,151107
720575941558508815,720575940615507111,137886
720575941478412256,720575940613605273,166421
720575941467611869,720575940632731704,657845905
720575941623986890,720575940632200844,137975
720575941612353811,720575940624108862,521535
720575941626336458,720575940622429772,581191
720575941603764921,720575940621551552,820110
720575941476842545,720575940635574106,50922
720575941552584510,720575940624702728,818840
720575941474275626,720575940617299490,34473
720575941467201558,720575940623101109,42257
720575941481857978,720575940634391265,50806
720575941564953351,720575940605633894,105319
720575941491319015,720575940622001833,145985
720575941425917268,720575940620090957,64670
720575941513858124,720575940621359142,90139
720575941508205185,720575940619760833,802931
720575941607727469,720575940618893366,157932
720575941574197430,720575940647081251,61946
720575941565040994,720575940605291185,86399
720575941504619458,720575940628194092,82379
720575941612144230,720575940631748152,51824
720575941533548466,720575940624002440,149381
720575941600629289,720575940628942842,43215
720575941471087115,720575940630458486,813063
720575941489446606,720575940640125749,144923
720575941587891767,720575940620967194,136698
720575941461950163,720575940615542431,523653
720575941537147797,720575940613118760,92431
720575941640748063,720575940628957696,43681
720575941436345362,720575940606477746,159723
720575941569916148,720575940636709958,811927
720575941532458730,720575940635841143,810465
720575941523248887,720575940626821513,65396
720575941401636131,720575940623348694,16555
720575941469383645,720575940621622694,32562
720575941578717273,720575940611252344,110473
720575941548398472,720575940626886602,145545
720575941412749460,720575940616579841,50080
720575941478794370,720575940633852046,125043
720575941549064253,720575940616585565,16867
720575941550175092,720575940621037296,1050111955
720575941425214804,720575940627576125,151248
720575941549274401,720575940629955919,542926
720575941630439906,720575940627363343,34498
720575941515528953,720575940614049005,70829
720575941465691414,720575940615497383,68262
720575941448685390,720575940627106916,102977
720575941391983364,720575940638099059,815972
720575941513902801,720575940631353683,24350
720575941488831689,720575940614246055,129629
720575941439761615,720575940636940870,21882
720575941535090202,720575940628570186,84189
720575941630147820,720575940620880333,67945
720575941589727884,720575940635120223,125136
720575941611660205,720575940638420302,32029
720575941574830223,720575940621893779,172837
720575941610651309,720575940622985254,90336
720575941554530532,720575940625727560,48869
720575941564367158,720575940638598709,94071
720575941410787755,720575940618970606,533109
720575941563715752,720575940627423754,120527
720575941529941176,720575940632758041,45208
720575941610616553,720575940617910017,213743
720575941519048664,720575940624811708,107786
720575941598922908,720575940627363870,62489
720575941497101696,720575940617625205,139463
720575941453422407,720575940627436391,170526
720575941644773576,720575940636196715,195713
720575941612346332,720575940622520692,903512
720575941510327312,720575940612432626,84242
720575941528930232,720575940623545624,161831
720575941604698302,720575940648678276,53161
720575941472211467,720575940620786113,813128
720575941532805605,720575940625968176,90929
720575941559774702,720575940633662690,107662
720575941473486688,720575940626912787,32397
720575941595723301,720575940616819899,187202
720575941518949230,720575940636339563,23839
720575941610566876,720575940630219428,397041555
720575941491656679,720575940620666315,59383
720575941507132510,720575940646039575,107812
720575941574277641,720575940614729709,529946
720575941570820168,720575940615742353,810870
720575941555605412,720575940630611830,72070
720575941444503210,720575940640864163,72415
720575941687756556,720575940611592154,158196
720575941477271361,720575940608621614,815963
720575941652216597,720575940620751231,813276
720575941625587308,720575940617010905,15340
720575941662485304,720575940611610578,143669
720575941563234194,720575940625749586,817670
720575941572672328,720575940630149829,71684
720575941471507008,720575940640401549,157274
720575941593611557,720575940626148733,124164
720575941687971291,720575940637707069,815905
720575941515181379,720575940606716361,108359
720575941628426978,720575940630728556,51806
720575941491407024,720575940614757974,34676
720575941595303717,720575940636575662,818334
720575941505101125,720575940631106664,811570
720575941627543097,720575940630452024,145212
720575941516762515,720575940622660535,817060
720575941473416288,720575940623631507,113213
720575941532971242,720575940628686695,810316
720575941549886580,720575940648173444,133489
720575941574876937,720575940620789697,23779
720575941484828934,720575940630989879,184575
720575941484678029,720575940625325861,88623
720575941579664373,720575940655290273,108044
720575941681460157,720575940638277978,101273
720575941552168959,720575940624338521,815984
720575941540865565,720575940616586891,60003
720575941472006923,720575940624058061,540253
720575941473572923,720575940652252918,116575
720575941554264986,720575940660150401,48957
720575941469381696,720575940622974707,50694
720575941533797507,720575940633889119,93898
720575941611543981,720575940628880912,549953
720575941459002271,720575940611474925,117537
720575941565029383,720575940635618967,122695
720575941408794030,720575940619394939,119430
720575941429375959,720575940609751138,85731
720575941641018911,720575940620519941,514228
720575941659234640,720575940626441003,16497
720575941589707319,720575940616780731,127189
720575941487825104,720575940647518340,817066
720575941533248234,720575940624899149,103982
720575941411225711,720575940626522184,93582
720575941595231877,720575940611967125,46092
720575941474726442,720575940610258289,54774
720575941555843329,720575940606340286,138257
720575941691729560,720575940616572063,129541
720575941643788389,720575940607315145,73620
720575941490739509,720575940648594308,532726
720575941482607046,720575940618736448,32019
720575941655868696,720575940609653572,818759
720575941431289559,720575940614041117,22592
720575941493613488,720575940632356921,123319
720575941507450903,720575940623687718,117987
720575941483553533,720575940629989787,112737
720575941476462897,720575940618025629,118396
720575941601827257,720575940619153477,122973
720575941537807602,720575940618041181,106279
720575941655860504,720575940616809740,50094
720575941441281627,720575940620126043,500016
720575941562915218,720575940618796352,104379
720575941412751727,720575940630010425,259791
720575941446894612,720575940623745514,809357
720575941459628447,720575940614897258,135861
720575941527190628,720575940614672786,145216
720575941521509043,720575940622238934,39247
720575941657099344,720575940639371453,537641
720575941408634671,720575940620061793,812565
720575941565401351,720575940626456232,124358
720575941546311048,720575940624633161,539319
720575941624932490,720575940629925754,99146
720575941526391810,720575940631749061,107961
720575941572711752,720575940634904677,62864
720575941593511975,720575940619215451,66165
720575941497260672,720575940623989773,534234
720575941537879538,720575940628530487,806038
720575941689054326,720575940623560973,103856
720575941438471212,720575940635473886,940591
720575941477904490,720575940637862318,131452
720575941541103133,720575940638181086,78850
720575941538343829,720575940633406745,96746
720575941555462657,720575940614861974,61806
720575941588002628,720575940629023870,904006
720575941425603668,720575940628354801,96327
720575941688335734,720575940635348331,168739
720575941540212429,720575940628415473,24852
720575941688173295,720575940632183121,126158
720575941652757745,720575940630281687,37152
720575941554151066,720575940613412147,69274
720575941477570609,720575940611083955,536853
720575941553299539,720575940631550735,135686
720575941439052332,720575940628955880,169443
720575941642837842,720575940627732423,104669
720575941485673478,720575940627710480,815182
720575941393046276,720575940635106912,116965
720575941565487767,720575940626444051,806967
720575941477753118,720575940632110543,171731
720575941447980469,720575940630980859,144989
720575941658580560,720575940607233987,38965
720575941466052950,720575940634111992,103144
720575941566705710,720575940630573368,97659
720575941554301011,720575940621680264,166457
720575941556521188,720575940621455552,63542
720575941482983866,720575940621274211,11982
720575941653477393,720575940616483701,132252
720575941460338246,720575940627473304,517895
720575941644486776,720575940617384678,90698
720575941536149770,720575940642295181,56380
720575941498418043,720575940620234177,79631
720575941661673784,720575940628751104,61758
720575941574888457,720575940618665024,53344
720575941686155759,720575940620608853,147633
720575941510102032,720575940622433050,100386
720575941565972631,720575940633668322,35353
720575941451177294,720575940634909977,30663
720575941655622873,720575940610108484,148365
720575941733095979,720575940644593312,166008
720575941475899969,720575940626268702,46922
720575941457331440,720575940630698618,100160
720575941434250638,720575940627620115,71677
720575941585530502,720575940630644547,107242
720575941518137772,720575940639986048,79860
720575941627710009,720575940611926195,91334
720575941451541417,720575940606608002,77156
720575941552496775,720575940620121758,25569
720575941474658602,720575940638224730,176427
720575941603140342,720575940622276791,38819
720575941505570620,720575940622780853,102544
720575941450782542,720575940628299563,104098
720575941669640615,720575940629998380,121264
720575941625743212,720575940629536507,41688
720575941633366469,720575940630052396,145551
720575941489915701,720575940631316780,152314
720575941556557988,720575940640852056,104008
720575941538543346,720575940628571904,521169
720575941650309909,720575940633644174,130420
720575941544845756,720575940616134924,86290
720575941645330808,720575940644966167,161908
720575941492302567,720575940614058207,517294
720575941572232094,720575940629868391,82732
720575941524184395,720575940631227641,189513
720575941509982930,720575940628981035,126895
720575941589353284,720575940627177790,803580
720575941545456052,720575940627543061,170779
720575941540607693,720575940612491762,43565
720575941504833986,720575940636970638,20093
720575941595749415,720575940640703184,95797
720575941495358592,720575940625629642,89790
720575941522412107,720575940639039184,167438
720575941645604984,720575940650842745,52742
720575941505982885,720575940625500956,69463
720575941563938358,720575940641179789,804421
720575941626772281,720575940616688286,60162
720575941539623922,720575940632779603,77038
720575941462707088,720575940621581802,144118
720575941594976726,720575940642401060,912192
720575941408758443,720575940611160755,60086
720575941569963514,720575940635541143,163639
720575941632007611,720575940629283659,806924
720575941558668047,720575940616167837,201146
720575941588068420,720575940621435597,98640
720575941535198698,720575940631187048,59808
720575941572349449,720575940628922998,902419
720575941592736552,720575940632867411,111231
720575941512465228,720575940636603493,107594
720575941644501074,720575940632716333,50869
720575941669540017,720575940621257596,103886
720575941653897428,720575940613407647,532650
720575941585417094,720575940622710366,500108
720575941453425833,720575940622617748,119596
720575941529649540,720575940619945595,550752
720575941671171751,720575940612520933,97491
720575941472326720,720575940630701430,132528
720575941645572513,720575940627968019,60375
720575941425741652,720575940607476402,56521
720575941589349943,720575940625218404,69191
720575941452577961,720575940627609725,908122
720575941556251556,720575940632638495,813875
720575941585783006,720575940635802991,61327
720575941540075356,720575940619696030,78886
720575941535611880,720575940639382131,76218
720575941474152544,720575940631221775,107182
720575941537185562,720575940627511960,122436
720575941573739848,720575940644157463,196901
720575941569055220,720575940632376907,12372
720575941467935965,720575940628576450,135253
720575941544550076,720575940605291436,57264
720575941669081587,720575940641781133,806963
720575941496470139,720575940630405632,152348
720575941525888100,720575940618917953,562165
720575941594836005,720575940615369558,927272
720575941438249490,720575940617703563,88563
720575941603584185,720575940631820330,120618
720575941547745140,720575940630118871,82394
720575941538136803,720575940632000825,102629
720575941469402231,720575940638648553,65117
720575941642546849,720575940619452632,924717
720575941507924062,720575940612420338,161971
720575941566362678,720575940624923324,112653
720575941450990414,720575940632103978,514653
720575941687435276,720575940633819417,220920
720575941569153906,720575940625415946,809181
720575941438696748,720575940647832185,580771
720575941502717746,720575940632465465,159072
720575941559254317,720575940626862692,81835
720575941555924225,720575940626653724,98637
720575941563277319,720575940633210323,94832
720575941680063677,720575940633206753,164589
720575941429389921,720575940623594493,820877
720575941502721003,720575940630078031,806326
720575941482007549,720575940608295726,101315
720575941470744439,720575940629846636,167648
720575941663741564,720575940605441312,124021
720575941543386397,720575940618957140,461363
720575941512166865,720575940633700066,98421
720575941475746609,720575940613268915,115274
720575941541441116,720575940616007005,171324
720575941563563879,720575940607805020,812603
720575941537691541,720575940613915567,138420
720575941623772156,720575940615361174,111430
720575941688538230,720575940630511953,73520
720575941515632483,720575940606744766,94762
720575941573509115,720575940621300102,76408
720575941438155282,720575940617732948,128464
720575941478481120,720575940607212380,152230
720575941633589701,720575940606569417,42197
720575941392186884,720575940633792737,62145
720575941490366409,720575940661284993,83273
720575941452407162,720575940610216516,18486
720575941468862583,720575940620459702,70008
720575941523859787,720575940623416652,32946
720575941656901144,720575940625301581,142750
720575941572947464,720575940632452626,105117
720575941538102248,720575940631252219,101026
720575941448732494,720575940629450831,811505
720575941584620895,720575940622589419,94139
720575941689182872,720575940614829986,127201
720575941598843804,720575940625108967,178302
720575941655095001,720575940632994872,58668
720575941497261440,720575940623643149,114018
720575941472626784,720575940635033023,61979
720575941549811316,720575940632183635,65910
720575941591058828,720575940633959251,120503
720575941430095575,720575940633013807,90380
720575941575385743,720575940626252062,564005
720575941565095063,720575940627469826,129569
720575941690464920,720575940617532992,40157
720575941591287948,720575940614420717,92966
720575941485447174,720575940627726223,98265
720575941652324373,720575940628988007,115347
720575941482045635,720575940640102771,62060
720575941525481753,720575940630091776,94405
720575941589381444,720575940634673890,192120
720575941624332028,720575940609775061,552095
720575941680472765,720575940628104135,66527
720575941477539124,720575940637132863,34610
720575941599284160,720575940618032930,915523
720575941524770123,720575940635555423,81863
720575941629978406,720575940617798374,19789
720575941439962175,720575940634896736,173226
720575941644641912,720575940624825579,551868
720575941642568353,720575940623147016,911607
720575941488834357,720575940622744414,46626
720575941541655388,720575940632375891,37859
720575941408273070,720575940627063738,31954
720575941681630397,720575940631307382,84968
720575941408220463,720575940625978044,124338
720575941402357027,720575940611457230,518009
720575941547837501,720575940627578306,819132
720575941649966577,720575940618158160,806445
720575941507538561,720575940630930828,47689
720575941437905375,720575940615451451,60146
720575941447844430,720575940634102639,33708
720575941430349193,720575940624208068,124094
720575941459137951,720575940637978202,940600
720575941501734539,720575940639322702,183878
720575941619599487,720575940600071689,33533
720575941416918300,720575940616595165,47130
720575941448643165,720575940612743410,87873
720575941549981217,720575940604965548,296114
720575941490662094,720575940622672324,44850
720575941549080353,720575940615907902,156006
720575941571848264,720575940637804206,109586
720575941629751846,720575940628167946,87363
720575941508718370,720575940613243807,323454
720575941589657655,720575940621989185,90414
720575941508405264,720575940605488416,95158
720575941403825008,720575940620866657,100105
720575941503736770,720575940610097618,134080
720575941723533370,720575940629895618,169038
720575941445482922,720575940623440166,113040
720575941629556006,720575940614902495,129818
720575941506514853,720575940635751269,171047
720575941505861692,720575940630756712,101793
720575941560418605,720575940614837958,530704
720575941574618363,720575940622449878,81686
720575941614883091,720575940617955289,530102
720575941601090345,720575940627655045,100318
720575941505166615,720575940602140862,149903
720575941652320789,720575940627187475,119193
720575941561419944,720575940607044619,70516
720575941478939811,720575940618430609,114778
720575941489822412,720575940625586788,88977
720575941556245156,720575940615729179,529205
720575941506630017,720575940625733415,179450
720575941565757538,720575940625794232,532089
720575941531469699,720575940607511900,34130
720575941516034307,720575940616002410,147466
720575941550515006,720575940616963229,35918
720575941550354292,720575940624983625,71560
720575941474060859,720575940623949336,78663
720575941565131159,720575940627343166,165243
720575941456509933,720575940607420850,128316
720575941624913802,720575940618346013,65044
720575941548366984,720575940614299089,550768
720575941531606915,720575940622969597,133851
720575941539547517,720575940608517385,139280
720575941689110168,720575940628068734,160172
720575941576567400,720575940631635271,805399
720575941542700805,720575940633631789,43039
720575941633340064,720575940639139280,156045
720575941463093648,720575940629039003,558121
720575941402414115,720575940632372051,121147
720575941545731945,720575940617315329,120554
720575941593206897,720575940628116183,205423
720575941452458823,720575940636662244,59983
720575941528849848,720575940622249736,57655
720575941488160464,720575940642860192,558033
720575941552505918,720575940633834451,85052
720575941574760201,720575940624549100,547331
720575941436663084,720575940644815908,133008
720575941505263127,720575940608429577,124426
720575941588927742,720575940618787675,76349
720575941721514810,720575940629057040,74536
720575941481048227,720575940611960872,142769
720575941507689310,720575940642871604,108442
720575941612340710,720575940636989295,514149
720575941555080346,720575940629148725,88484
720575941604074425,720575940633069220,543015
720575941459876548,720575940616824076,134905
720575941521752243,720575940629881026,132224
720575941572153865,720575940624620802,828996
720575941553366555,720575940623142280,521226
720575941723036474,720575940616478294,523403
720575941546899900,720575940626206864,529622
720575941490124489,720575940616133493,41865
720575941594487589,720575940632742723,816810
720575941594118763,720575940626096517,546475
720575941643064165,720575940630151162,25300
720575941595060950,720575940631319144,69895
720575941580505845,720575940617115835,104399
720575941505518652,720575940635529390,135917
720575941546020713,720575940620679533,94781
720575941553374465,720575940625217978,105811
720575941517279123,720575940639062342,75241
720575941477296449,720575940640297304,147223
720575941594463015,720575940612576227,265578
720575941643193976,720575940630662442,64157
720575941645562488,720575940625133320,101131
720575941432524046,720575940628166897,119675
720575941589982348,720575940608675797,115461
720575941638643231,720575940612524202,52507
720575941556624164,720575940610731076,130910
720575941545065477,720575940642237344,177137
720575941522767947,720575940619166667,46131
720575941452412585,720575940631554920,62554
720575941513882321,720575940613439230,131688
720575941428253268,720575940633499556,206144
720575941515889242,720575940632676435,71690
720575941490110005,720575940616493115,59721
720575941605312190,720575940622625757,44293
720575941614058515,720575940609276514,70998
720575941461991181,720575940631122476,132465
720575941566242919,720575940626851161,163763
720575941479199362,720575940640345176,142167
720575941563477160,720575940646038551,80898
720575941549473652,720575940609075157,71225
720575941557114020,720575940631983435,106802
720575941436378898,720575940615826363,520754
720575941645589153,720575940618336635,41137
720575941460973200,720575940616464434,121063
720575941506655292,720575940605641830,65769
720575941446052372,720575940630723671,116633
720575941519533678,720575940624121269,103237
720575941429228024,720575940625601468,76549
720575941425992276,720575940633641186,104051
720575941353070384,720575940657810561,513853
720575941632670149,720575940629237191,155647
720575941503541227,720575940617572609,66574
720575941484176314,720575940645497140,903666
720575941502516055,720575940618439825,170958
720575941529676676,720575940611182745,163174
720575941475678267,720575940628574225,127567
720575941473753659,720575940634090080,91264
720575941530858699,720575940633735063,13841
720575941606676845,720575940618851425,812666
720575941514278243,720575940624485127,91711
720575941654273753,720575940633235425,92887
720575941510957778,720575940632009908,35273
720575941515823875,720575940612471091,549362
720575941574468617,720575940621575334,145581
720575941538067939,720575940641725659,45023
720575941483896506,720575940629782683,174504
720575941594193003,720575940635998362,80267
720575941554574052,720575940633683757,165645
720575941441005659,720575940653367030,66537
720575941391127958,720575940612979090,27770
720575941482518211,720575940622532036,76617
720575941557640100,720575940640882384,98402
720575941503903211,720575940626153509,99948
720575941643700680,720575940616738171,58400
720575941481628614,720575940625865008,81995
720575941633257413,720575940608804363,71641
720575941494793598,720575940605607596,526570
720575941536418058,720575940640152448,132335
720575941573314120,720575940625825684,203328
720575941590469175,720575940627297688,533419
720575941443599786,720575940631046999,111921
720575941593783232,720575940622749709,210111
720575941541655069,720575940631002071,128964
720575941553882247,720575940630659781,35564
720575941552724286,720575940608014549,29728
720575941505009829,720575940633452575,139442
720575941513846275,720575940625435687,149211
720575941576811097,720575940628402929,88259
720575941559443059,720575940628654159,367193015
720575941539188685,720575940637625456,69329
720575941519745496,720575940612990634,155787
720575941633003168,720575940630876463,151145
720575941562221458,720575940632266511,135981
720575941584991454,720575940617722507,49128
720575941477310001,720575940647293219,190127
720575941547704756,720575940629620779,99345
720575941515386115,720575940628777463,52844
720575941471253111,720575940622403881,925429
720575941546749785,720575940613372979,54990
720575941505102245,720575940638797887,64082
720575941529446603,720575940628730344,165161
720575941579283701,720575940620179649,27036
720575941471482944,720575940624509181,23453
720575941497302912,720575940632987987,113008
720575941499593890,720575940622898164,137840
720575941478254186,720575940626173744,23770
720575941490317365,720575940645102359,114677
720575941477289265,720575940635458734,126029
720575941576894312,720575940628251411,66620
720575941460025158,720575940616293889,71074
720575941591929740,720575940612107362,103417
720575941569353722,720575940621573161,140605
720575941568261234,720575940605705318,28783
720575941538896765,720575940620927472,26545
720575941573614408,720575940628640719,803894
720575941452727367,720575940630215618,29782
720575941633736379,720575940621635916,529668
720575941467045142,720575940631319371,530310
720575941427360852,720575940626760211,82307
720575941558852388,720575940623642346,212263
720575941518079854,720575940628207370,168629
720575941435688590,720575940639059684,139665
720575941691022811,720575940623557373,525127
720575941430306401,720575940626973053,193042
720575941519386291,720575940631816143,136056
720575941430609801,720575940625340435,23668
720575941459459795,720575940613548185,39276
720575941689111564,720575940632489539,111884
720575941501704075,720575940618170653,548798
720575941496349568,720575940649627257,57849
720575941416916252,720575940627392002,530091
720575941667835891,720575940623900696,121495
720575941660629560,720575940617002311,117929
720575941553005630,720575940634078059,549529
720575941564741010,720575940604628158,35358
720575941475596596,720575940613160946,56401
720575941535330314,720575940624972988,512844
720575941485535440,720575940629912428,806995
720575941487947984,720575940627950418,111442
720575941529510859,720575940629364731,118271
720575941458512966,720575940620518917,227790
720575941436521760,720575940612472243,119354
720575941595617573,720575940623539992,164117
720575941546255796,720575940623582867,910550
720575941479178691,720575940644022551,90118
720575941447521373,720575940623891637,116550
720575941572589896,720575940628099816,907819
720575941611967452,720575940632437266,134437
720575941478432480,720575940626820395,125860
720575941512653265,720575940619873104,523855
720575941457358495,720575940630822108,112100
720575941603001534,720575940636153780,48909
720575941508849281,720575940615177383,168482
720575941474236768,720575940612477809,548920
720575941540545884,720575940618950480,803312
720575941655601364,720575940632416081,59262
720575941521304823,720575940631141224,150743
720575941499261513,720575940623858579,104485
720575941410417579,720575940608367746,75565
720575941614872339,720575940630755446,202873
720575941439642815,720575940623180321,193899
720575941651363349,720575940630111610,174028
720575941473988138,720575940616954966,154798
720575941454800877,720575940616476884,94135
720575941440880981,720575940647332387,115056
720575941595562885,720575940632687770,816804
720575941542565212,720575940626478026,121538
720575941580380025,720575940618340701,162389
720575941454753773,720575940631011781,81066
720575941534545089,720575940655912865,221858
720575941456789407,720575940639179709,147589
720575941535675402,720575940631127082,42706
720575941474471776,720575940612972822,103370
720575941471724299,720575940620051079,52014
720575941408583342,720575940628048999,32465
720575941552830618,720575940632164772,85806
720575941459254943,720575940651418102,58847
720575941408310575,720575940617999680,194828
720575941541848924,720575940627165010,130603
720575941553294849,720575940642645979,155014
720575941491881959,720575940631981964,195327
720575941447319828,720575940613418994,59082
720575941685985519,720575940620338159,95613
720575941546198152,720575940611933282,31651
720575941572954270,720575940627616277,179220
720575941461794829,720575940642798359,802022
720575941557538319,720575940627547518,27498
720575941687115247,720575940636530921,818080
720575941575924367,720575940619890742,205329
720575941479404707,720575940633030284,83157
720575941466547222,720575940638700707,812757
720575941653581780,720575940643202445,154079
720575941604105145,720575940623745930,206861
720575941480725071,720575940626509673,63979
720575941537862632,720575940624831240,166471
720575941524553293,720575940619523742,802310
720575941513845836,720575940648657284,46321
720575941536549091,720575940616673851,545046
720575941554707201,720575940617708747,134438
720575941531085003,720575940617528181,32185
720575941545288809,720575940625647114,172017
720575941603652537,720575940641259136,64223
720575941533930627,720575940608559172,127921
720575941563892743,720575940644521582,84738
720575941454979309,720575940629655802,152077
720575941408175022,720575940633548499,157690
720575941457432479,720575940634949995,130419
720575941508864641,720575940621849861,30658
720575941524878413,720575940621430789,142679
720575941643835553,720575940624964360,152564
720575941568201006,720575940630541399,814451
720575941626447306,720575940616548294,524556
720575941580172881,720575940632345960,135671
720575941454764525,720575940646888500,137478
720575941443667370,720575940621686254,106429
720575941515882499,720575940630819923,202754
720575941624581628,720575940605985382,163501
720575941470931723,720575940615271591,127094
720575941498094242,720575940637306677,117349
720575941524921346,720575940604381886,72214
720575941449203637,720575940648331140,66925
720575941431182511,720575940644223255,77595
720575941610625001,720575940633191066,40945
720575941431145230,720575940625790748,147176
720575941518556332,720575940631499562,100294
720575941480445152,720575940629598449,90987
720575941545143688,720575940638625350,104216
720575941558130724,720575940623140051,579974
720575941482488518,720575940615056790,101795
720575941502336395,720575940620499371,560255
720575941528485835,720575940627126074,818159
720575941441307599,720575940633859885,67269
720575941474038880,720575940626255381,148344
720575941472210752,720575940612952217,172579
720575941525458457,720575940623529037,131283
720575941688267416,720575940627153767,940079
720575941620518527,720575940622638038,167117
720575941657482520,720575940632841517,135621
720575941440803669,720575940620874734,203287
720575941502142699,720575940627348712,812054
720575941629277922,720575940623789704,42305
720575941466978134,720575940614635788,525455
720575941466974038,720575940652792310,157000
720575941536356106,720575940624426760,98523
720575941596343409,720575940607896521,189139
720575941564802151,720575940605810208,59395
720575941529840824,720575940621476800,535774
720575941410878123,720575940615563350,100235
720575941569804914,720575940611110468,207463
720575941496628679,720575940630693494,810884
720575941576101814,720575940636198507,153704
720575941603763390,720575940628461161,108129
720575941515477753,720575940630252332,549016
720575941440431055,720575940618177241,122337
720575941400344867,720575940624512520,590181
720575941516134746,720575940605395558,81153
720575941535818266,720575940624993799,535088
720575941547796404,720575940615326098,175586
720575941413896340,720575940617119462,90838
720575941350354224,720575940620286558,811279
720575941560358927,720575940640729552,23804
720575941528585092,720575940630560876,30717
720575941505955969,720575940624077606,553046
720575941554406810,720575940645698926,64542
720575941440869979,720575940627210373,39655
720575941732677419,720575940623989642,96233
720575941477738049,720575940630543980,36291
720575941527140964,720575940630647034,93591
720575941537011861,720575940618659998,81697
720575941633456315,720575940639343438,575910
720575941639391605,720575940650338038,63100
720575941662855992,720575940618850624,549810
720575941513977337,720575940653241846,120191
720575941448323509,720575940616859622,803008
720575941440323157,720575940632154285,41670
720575941624425468,720575940637183165,141980
720575941614190099,720575940628204879,810485
720575941564760064,720575940625119625,138085
720575941517850990,720575940612035697,134466
720575941507818590,720575940628803689,117900
720575941524019970,720575940626628507,807311
720575941479765378,720575940613161267,806625
720575941451642793,720575940630364160,103816
720575941454974957,720575940623061227,100531
720575941556889636,720575940632260409,60456
720575941581420153,720575940633053847,117559
720575941430461432,720575940611628786,152372
720575941515330915,720575940619588918,46952
720575941554120475,720575940630455158,65466
720575941535287128,720575940638098851,201597
720575941413096593,720575940627725957,59352
720575941668506099,720575940631948089,514487
720575941405016944,720575940621080084,113732
720575941626203850,720575940631506117,180992
720575941460885188,720575940611684787,112824
720575941540912077,720575940620481585,205004
720575941481489594,720575940628436241,129073
720575941514005713,720575940630004700,518315
720575941468178966,720575940644311968,544115
720575941525008461,720575940621888862,187670
720575941480084643,720575940645108936,134712
720575941670114471,720575940626691984,35199
720575941430128521,720575940636990005,910040
720575941439565023,720575940629419831,813531
720575941405862062,720575940616341877,135017
720575941521824179,720575940610118468,124892
720575941621337285,720575940650728057,534145
720575941440710863,720575940634257564,908113
720575941430110456,720575940617203549,905508
720575941518761582,720575940627406635,81351
720575941533148901,720575940605426562,543841
720575941732079659,720575940639809880,71160
720575941533188325,720575940623087571,545910
720575941540913277,720575940619236421,516805
720575941435859232,720575940627977457,814299
720575941666332659,720575940628632080,118488
720575941468841024,720575940632400687,104627
720575941555945188,720575940628622154,276272
720575941465715030,720575940622462685,518283
720575941626395291,720575940628719403,94635
720575941731338027,720575940603366112,150827
720575941703704794,720575940631808463,553870
720575941611707923,720575940631720417,804773
720575941526024804,720575940618950913,135725
720575941360473635,720575940628644218,42028
720575941567932786,720575940625513549,138921
720575941516281955,720575940623848328,132445
720575941545962601,720575940631822649,120743
720575941528212612,720575940614908822,37606
720575941688937880,720575940625493891,174189
720575941547348616,720575940622723306,534315
720575941408075823,720575940643706784,173061
720575941528148920,720575940613046499,145318
720575941489854926,720575940633024869,88540
720575941569736606,720575940633729069,817554
720575941579908689,720575940628223484,79283
720575941505985409,720575940611872227,904914
720575941462716429,720575940622196360,50731
720575941610455273,720575940614908010,811285
720575941568360442,720575940630127634,818458
720575941487113026,720575940632249555,110178
720575941461579972,720575940643396000,97666
720575941402468899,720575940631385029,909356
720575941531658443,720575940616194666,177322
720575941502553538,720575940634614008,805804
720575941535539137,720575940628537031,197499
720575941504964802,720575940630577022,118559
720575941563329426,720575940627441490,64164
720575941504006635,720575940627750555,80752
720575941563723415,720575940633605345,159550
720575941509017360,720575940634537441,166519
720575941611710182,720575940622475892,153997
720575941566004887,720575940625222206,165033
720575941470107613,720575940619567969,123581
720575941630605472,720575940612929715,161886
720575941589421879,720575940624303347,94422
720575941569342452,720575940628513768,151910
720575941539288818,720575940628954344,59339
720575941662313852,720575940612263321,74214
720575941519623022,720575940635440741,83024
720575941655486169,720575940620348692,188344
720575941624854410,720575940639846784,139646
720575941533807553,720575940630920785,157687
720575941533895043,720575940622088001,174804
720575941633115589,720575940611604973,55543
720575941523708151,720575940624748215,140246
720575941432278369,720575940621121729,198682
720575941538928509,720575940611547559,112325
720575941552136447,720575940639114685,108823
720575941487084038,720575940625155111,46030
720575941482978246,720575940616797301,123864
720575941580563065,720575940629089231,82053
720575941498035874,720575940624938940,114528
720575941474189627,720575940619863796,1053915969
720575941611399498,720575940626671114,68165
720575941645594785,720575940645066775,198307
720575941500930955,720575940606274827,909716
720575941474160480,720575940628632143,523897
720575941623331739,720575940626586908,802727
720575941401984291,720575940628581379,93485
720575941593433046,720575940622675348,137815
720575941457399024,720575940627305544,102427
720575941519324014,720575940635121433,176628
720575941559066995,720575940638889791,44135
720575941533062885,720575940624469188,199276
720575941456099309,720575940617017542,72603
720575941603845305,720575940618886336,199167
720575941552172031,720575940613772753,157012
720575941541850972,720575940611613337,139326
720575941476705841,720575940625184073,575256
720575941519147118,720575940619779444,50434
720575941655176404,720575940629595753,188773
720575941450541895,720575940628192787,195958
720575941576514742,720575940621618342,550363
720575941461735876,720575940622321251,60964
720575941406624303,720575940622573837,543381
720575941510850064,720575940622646980,31239
720575941629859622,720575940628025799,18998
720575941405291120,720575940623705783,36663
720575941506122556,720575940633041060,36959
720575941611288294,720575940623910349,95094
720575941663701884,720575940637184326,107463
720575941548556424,720575940625554407,524093
720575941491720167,720575940640199027,20668
720575941615407061,720575940619937445,808520
720575941520956595,720575940617294166,113105
720575941589809548,720575940631072081,98505
720575941583665630,720575940628152475,102674
720575941546407017,720575940640687056,531968
720575941514675546,720575940619657381,155658
720575941555467748,720575940632083730,119157
720575941481021181,720575940614805983,816450
720575941502705035,720575940618605376,78322
720575941440686171,720575940617193886,907499
720575941496362363,720575940637862062,517059
720575941524879691,720575940635584948,138567
720575941520768759,720575940623666213,41267
720575941482278851,720575940608766933,23945
720575941491757031,720575940627423055,43245
720575941535458024,720575940609940629,805761
720575941663490940,720575940621360222,820418
720575941437710399,720575940652575222,70926
720575941437533503,720575940624763796,60016
720575941558483182,720575940627327750,98554
720575941524025602,720575940605842400,546102
720575941610307245,720575940607976114,173737
720575941620328575,720575940638104036,22613
720575941585315718,720575940608117699,59493
720575941661903160,720575940631857548,13709
720575941447520276,720575940628693886,270583
720575941426661460,720575940613637782,57542
720575941497737033,720575940632265543,138413
720575941598915881,720575940625265040,67647
720575941445649066,720575940637830709,107704
720575941576959577,720575940638045929,118171
720575941477240426,720575940613924589,25084
720575941552050943,720575940625662956,48756
720575941507760656,720575940613640429,22270
720575941605685613,720575940620620385,44888
720575941501875179,720575940609042645,143951
720575941579799029,720575940636806622,908774
720575941438972735,720575940627351887,68950
720575941505877564,720575940609131868,103935
720575941439869247,720575940614424226,148973
720575941670294193,720575940646093166,140397
720575941722719802,720575940621320052,65477
720575941533492355,720575940638914944,535738
720575941495483262,720575940624943029,25313
720575941565776279,720575940626874511,23898
720575941662816824,720575940631377483,56057
720575941439245535,720575940617938589,38159
720575941485812290,720575940640017597,35077
720575941486750274,720575940638567913,140493
720575941503474482,720575940635177882,530399
720575941567621678,720575940619312705,131991
720575941586670814,720575940625662444,549766
720575941483513597,720575940619023774,123074
720575941416206876,720575940625161509,81186
720575941727167531,720575940620989556,242352
720575941545027764,720575940633913239,43928
720575941619210879,720575940614890858,545355
720575941573012475,720575940630742316,99101
720575941570165236,720575940625176957,88758
720575941414834068,720575940628334159,145815
720575941495485566,720575940613669782,174175
720575941533899352,720575940621740653,530148
720575941589986615,720575940621608330,936011
720575941545458100,720575940642177696,64360
720575941538703509,720575940616108511,53537
720575941412849007,720575940626566940,124964
720575941552042751,720575940623239437,83947
720575941615407257,720575940630089031,581359
720575941517205907,720575940618668760,150675
720575941645607073,720575940641490384,77550
720575941681019325,720575940642253728,913090
720575941462249104,720575940633916814,132212
720575941481391779,720575940631579899,109928
720575941690986136,720575940621385893,114648
720575941504065259,720575940637745853,808198
720575941560809587,720575940640342656,119003
720575941655208665,720575940624345096,68319
720575941443197866,720575940618508217,124332
720575941573413960,720575940620193752,50236
720575941671920039,720575940611509346,517281
720575941574874013,720575940606240433,148003
720575941519218030,720575940617065522,159763
720575941626535579,720575940616386449,517967
720575941536994330,720575940635216282,519435
720575941456660717,720575940615814171,946261
720575941530192869,720575940625413763,191479
720575941518801006,720575940618254750,558460
720575941435903008,720575940616036758,552623
720575941671574695,720575940616085334,61122
720575941567396142,720575940629694970,543277
720575941566635318,720575940630929623,65817
720575941720483898,720575940625815562,809220
720575941469768311,720575940625701680,83943
720575941670025137,720575940612260323,32721
720575941659319888,720575940616035946,534807
720575941689140236,720575940631605079,67789
720575941574124296,720575940618490929,49619
720575941455226419,720575940607650690,157292
720575941571640734,720575940629755723,27359
720575941669245095,720575940629807042,174871
720575941557539876,720575940612455338,301311
720575941652317425,720575940640842880,530620
720575941550431805,720575940625675960,126318
720575941561545896,720575940631091730,70601
720575941445411498,720575940628974608,197250
720575941449643357,720575940618057095,518908
720575941493480391,720575940615894173,814447
720575941568360948,720575940625211400,265464
720575941594134635,720575940623217869,69081
720575941598529065,720575940628513015,51947
720575941557716644,720575940622727572,134271
720575941548507016,720575940650548726,155062
720575941578522357,720575940661224065,125603
720575941550934919,720575940630948601,907394
720575941565823842,720575940632699240,519017
720575941505829180,720575940626352009,15530
720575941449178446,720575940627035932,115355
720575941499031881,720575940622179137,193765
720575941573322760,720575940608761924,119201
720575941657356624,720575940626792209,812905
720575941529175684,720575940626815640,66226
720575941533092739,720575940634332883,89571
720575941591678571,720575940624148883,72682
720575941592292203,720575940613675030,121364
720575941513210371,720575940629255484,909171
720575941503822315,720575940617076748,74167
720575941540687229,720575940624994599,134938
720575941548293256,720575940633040813,20258
720575941502791986,720575940628007930,35451
720575941555966721,720575940606031538,56514
720575941567187962,720575940627856186,814390
720575941414217108,720575940637618830,96514
720575941555447204,720575940604713184,149902
720575941412953492,720575940614077491,131334
720575941525991078,720575940612354711,110077
720575941499517921,720575940632230418,115008
720575941555055514,720575940622415856,86138
720575941504000747,720575940613055474,70221
720575941587702084,720575940639400819,121309
720575941469055095,720575940622588893,164858
720575941468720139,720575940613113325,932780
720575941528197304,720575940624211197,113414
720575941353361200,720575940637788605,67936
720575941526782978,720575940630292439,66200
720575941569333236,720575940621793160,58405
720575941545901500,720575940606421257,79704
720575941690148315,720575940638888819,74754
720575941461353924,720575940624410918,51588
720575941607144557,720575940637997936,125983
720575941639448437,720575940636099184,168444
720575941589427780,720575940629703273,20850
720575941538224355,720575940612358579,132719
720575941574840585,720575940605135038,514125
720575941544068457,720575940623062453,151777
720575941417154588,720575940617716566,908281
720575941498844385,720575940622302580,535885
720575941663864956,720575940613721837,205843
720575941435195022,720575940619339712,101083
720575941660669496,720575940620048660,61760
720575941409201579,720575940625926013,77763
720575941543510716,720575940616404820,135681
720575941458432240,720575940629704252,62584
720575941572577288,720575940642618843,553397
720575941440141909,720575940604837344,132687
720575941430762121,720575940617385814,59519
720575941624601243,720575940616872331,105994
720575941652307441,720575940616356767,57132
720575941609808617,720575940625845991,190146
720575941616312789,720575940616093964,118027
720575941458693104,720575940629095939,161411
720575941579009369,720575940606284734,124279
720575941546126524,720575940634173153,31465
720575941531737035,720575940605328230,208272
720575941466509910,720575940620204412,84184
720575941659046992,720575940610955925,126091
720575941688603611,720575940651014390,123920
720575941498815561,720575940631814028,154004
720575941595854705,720575940627427224,101107
720575941571049374,720575940639600829,89244
720575941610569574,720575940638197732,124441
720575941654768089,720575940621020097,88447
720575941578328401,720575940616403935,39889
720575941625503801,720575940611233490,45015
720575941480861891,720575940613866390,68419
720575941448404500,720575940625999544,155344
720575941553469979,720575940633303743,97678
720575941459562128,720575940615280178,810313
720575941474681130,720575940632825657,102944
720575941485934989,720575940627541265,78181
720575941489320757,720575940634935392,812767
720575941528448422,720575940619414321,811490
720575941571429673,720575940624605683,550161
720575941457301919,720575940622411021,139208
720575941608074605,720575940628056423,95262
720575941603655670,720575940635173027,103657
720575941626801190,720575940632043215,108293
720575941564443136,720575940624626320,15154
720575941490086857,720575940614143784,27520
720575941535581928,720575940637667005,95409
720575941461351108,720575940620135504,92472
720575941560525038,720575940613618915,525539
720575941541720093,720575940611425122,134918
720575941479263618,720575940625165412,48208
720575941511000908,720575940615769634,161900
720575941487786192,720575940634054625,73852
720575941533278698,720575940608161604,106393
720575941505834078,720575940616384349,820499
720575941436319020,720575940629647915,162667
720575941669543847,720575940609313860,145996
720575941525530137,720575940609330012,65948
720575941551918591,720575940637746520,533081
720575941445214996,720575940626075422,813194
720575941690066651,720575940613830722,537515
720575941546262633,720575940607888073,36079
720575941505975205,720575940614426065,49341
720575941455161395,720575940614904978,580435
720575941630688197,720575940640760179,16598
720575941593919365,720575940631061900,822037
720575941482197443,720575940643259336,100824
720575941524973924,720575940620584128,159704
720575941533050602,720575940646504814,40778
720575941570503156,720575940633027492,194411
720575941449312605,720575940622549700,114607
720575941571922760,720575940615877410,94152
720575941652392209,720575940606612098,52878
720575941686119663,720575940659895937,80647
720575941565411991,720575940634600599,124595
720575941540818524,720575940615136322,55514
720575941670167985,720575940647469603,102253
720575941496380288,720575940627483779,39942
720575941413718932,720575940624377638,10381
720575941555212545,720575940636186469,811385
720575941556731620,720575940619427163,123979
720575941436032800,720575940629706618,154672
720575941475646523,720575940618043649,92822
720575941564066962,720575940622781865,89614
720575941669391537,720575940633195148,132650
720575941581403513,720575940620939502,68743
720575941506585217,720575940621488225,95204
720575941533588714,720575940638509952,51843
720575941429175800,720575940629838080,146127
720575941733131051,720575940610123989,536327
720575941631748588,720575940635148468,122390
720575941572384776,720575940625947173,118816
720575941616134101,720575940628311098,60278
720575941474862122,720575940629762043,846271510
720575941410423151,720575940629008066,144088
720575941552011838,720575940635105175,545927
720575941509009281,720575940635508831,59854
720575941556171492,720575940623904906,105663
720575941477675572,720575940612405617,91877
720575941668063219,720575940633457183,71911
720575941503715927,720575940621948554,823065
720575941488892978,720575940645680407,817408
720575941595015719,720575940622445662,82204
720575941444706986,720575940626849432,158011
720575941599107520,720575940627869309,87744
720575941589782327,720575940617852884,23130
720575941513044556,720575940629337600,815551
720575941538800114,720575940618074205,118555
720575941501858699,720575940630221100,152508
720575941477189918,720575940622100009,140644
720575941433632782,720575940615248849,519801
720575941548613748,720575940613079258,93946
720575941413943188,720575940632258786,520217
720575941471776779,720575940627633992,61789
720575941428614392,720575940633006176,25329
720575941448457294,720575940624810424,535545
720575941454748467,720575940619523195,80922
720575941576695385,720575940639504462,102015
720575941596632768,720575940616329266,31742
720575941691055512,720575940621151142,13292
720575941448143285,720575940621154657,550182
720575941393863830,720575940645386884,83611
720575941492360679,720575940613771666,818163
720575941573755912,720575940634068927,59245
720575941523181815,720575940604906016,87266
720575941598137536,720575940636206328,160672
720575941588657732,720575940623304141,95345
720575941516494739,720575940627206915,214276
720575941628932902,720575940603786686,109189
720575941402239344,720575940652886177,36690
720575941553699463,720575940624626563,111033
720575941731263275,720575940636660855,146972
720575941586679518,720575940609240515,518902
720575941576610664,720575940632378788,101733
720575941525262338,720575940614750530,121914
720575941491337932,720575940635961200,818020
720575941440498895,720575940626097189,200109
720575941492106471,720575940623523720,77127
720575941556003748,720575940649870713,82257
720575941504129586,720575940620447623,63270
720575941510443792,720575940635817464,220217
720575941516124163,720575940622074206,41922
720575941458011206,720575940635607220,127535
720575941642309202,720575940625476332,45704
720575941545593524,720575940625132472,56177
720575941582211705,720575940615950348,230916
720575941545286917,720575940611953882,154885
720575941497619273,720575940623167768,99381
720575941564800615,720575940614435070,122209
720575941496548807,720575940632703555,523654
720575941631357371,720575940613545586,140021
720575941658156112,720575940640713843,170643
720575941484742722,720575940632196935,159368
720575941556763876,720575940630558423,44572
720575941558442867,720575940623800382,126218
720575941496651975,720575940626115386,549586
720575941572217096,720575940635260351,58406
720575941484224509,720575940631476311,537384
720575941414386972,720575940633992729,62654
720575941498944891,720575940632014696,46848
720575941595686556,720575940630796908,50506
720575941514989203,720575940641552117,83817
720575941552058879,720575940631960643,290217
720575941565600610,720575940644101024,142807
720575941402410352,720575940623766468,75941
720575941564364854,720575940627799433,106194
720575941478253731,720575940616791782,520238
720575941440723663,720575940632148051,111051
720575941400441891,720575940616334054,165052
720575941580680825,720575940608428555,123684
720575941573629512,720575940615785228,47858
720575941510958608,720575940621396718,94013
720575941434264718,720575940624993836,194135
720575941612239078,720575940617427412,72960
720575941546268009,720575940612596954,157939
720575941459765318,720575940612571059,550436
720575941626160748,720575940611665250,109767
720575941650002929,720575940626927370,23482
720575941611593574,720575940626614202,31503
720575941543649285,720575940626398601,814821
720575941598769961,720575940626683834,54196
720575941662134396,720575940621768769,59393
720575941542757212,720575940618038785,40531
720575941588669252,720575940616236446,154527
720575941458356294,720575940620826049,909045
720575941439995071,720575940639214918,129807
720575941620584575,720575940631124933,515625
720575941659177496,720575940640055640,40303
720575941502173323,720575940637751524,64404
720575941471823712,720575940620981584,74541
720575941558959396,720575940618787668,60796
720575941536326805,720575940624342569,131384
720575941414660636,720575940628649488,49133
720575941688304758,720575940618817262,144787
720575941630481056,720575940627422872,117949
720575941505910332,720575940648677508,67121
720575941489614028,720575940609601486,102511
720575941643006840,720575940624780361,82726
720575941439179487,720575940607478402,162862
720575941632932027,720575940637977828,124417
720575941527600550,720575940624582694,101074
720575941627572793,720575940617415803,206983
720575941689274331,720575940627086863,100955
720575941527049293,720575940622232503,120703
720575941671232167,720575940616077983,122515
720575941575855759,720575940627682409,113911
720575941439120172,720575940623135587,51304
720575941472623200,720575940612992741,45589
720575941457760927,720575940624436458,66893
720575941498697851,720575940624125626,138162
720575941610781002,720575940612992774,131059
720575941509288658,720575940636801135,88018
720575941551811207,720575940638119613,124362
720575941477684785,720575940641524443,111381
720575941561952557,720575940644850980,168125
720575941548751421,720575940626856496,92589
720575941668112049,720575940605783840,505727
720575941614015385,720575940621703920,117250
720575941558863140,720575940620215734,544453
720575941455798253,720575940614607675,34573
720575941439932223,720575940624875015,60981
720575941407512494,720575940632036152,514731
720575941504197180,720575940625846044,541796
720575941504465989,720575940626374040,909038
720575941431661409,720575940652918774,89018
720575941407309742,720575940630151455,906825
720575941620536959,720575940620946345,218542
720575941559525933,720575940626802460,75218
720575941507096670,720575940620825682,78748
720575941661859384,720575940622109004,41795
720575941496933243,720575940632190092,111840
720575941658324760,720575940639711347,48580
720575941428988335,720575940632320312,79937
720575941483662022,720575940638312164,42217
720575941658500176,720575940624436106,88355
720575941490447413,720575940612307554,516570
720575941435993888,720575940623194333,934633
720575941431158153,720575940626719570,77838
720575941550890239,720575940614517032,811381
720575941513080396,720575940628476716,81004
720575941597664448,720575940625630993,808454
720575941589594423,720575940621082733,108836
720575941451523655,720575940625529362,53480
720575941454787053,720575940629912567,106519
720575941604969837,720575940626673490,902810
720575941450895687,720575940614790818,97534
720575941564678039,720575940637002462,803684
720575941566418486,720575940612814498,32483
720575941585531782,720575940628016792,118724
720575941504866866,720575940644088480,110308
720575941537907176,720575940621251937,131679
720575941483668934,720575940632520495,128650
720575941559557391,720575940625719866,155419
720575941631175109,720575940632070308,25431
720575941594937221,720575940636922084,116904
720575941523511799,720575940627989803,56166
720575941533420675,720575940609408836,26319
720575941516119811,720575940628091908,531152
720575941486482061,720575940627861736,181180
720575941474714154,720575940619829814,57069
720575941433141262,720575940610952089,72939
720575941658862928,720575940627008531,163823
720575941599011625,720575940629101135,76674
720575941527165094,720575940608313301,93644
720575941490569676,720575940620112007,58355
720575941598590400,720575940635045471,107225
720575941555095123,720575940628107249,94336
720575941560153971,720575940641399259,128774
720575941540563661,720575940616503669,98513
720575941489050677,720575940611743608,87652
720575941472248640,720575940620926996,145007
720575941414779284,720575940617918091,822742
720575941459783379,720575940618627669,202183
720575941485078534,720575940605762406,137248
720575941533134053,720575940631282681,111063
720575941471742304,720575940609818339,520456
720575941536435393,720575940615167919,164315
720575941477396801,720575940628856836,109594
720575941544376764,720575940614242666,113926
720575941450481742,720575940622575017,546171
720575941485841670,720575940620630357,139723
720575941506143804,720575940630939439,513779
720575941516834451,720575940632746296,257257
720575941638709535,720575940622504572,113264
720575941409909675,720575940630729320,71266
720575941601201449,720575940625741456,87145
720575941598813596,720575940621785983,150163
720575941624067068,720575940611277922,63117
720575941666833139,720575940606029513,95681
720575941511606994,720575940632718929,19703
720575941537174165,720575940636690551,70607
720575941484789389,720575940605806624,52355
720575941625777610,720575940630606903,31097
720575941504740517,720575940628480399,513152
720575941476731242,720575940612962029,153751
720575941573960093,720575940635157605,81767
720575941413123988,720575940621581317,216792
720575941589678078,720575940632463663,76875
720575941599263936,720575940628661269,516202
720575941553039643,720575940606261084,27735
720575941645260664,720575940637165028,108841198
720575941580341493,720575940616699019,150984
720575941630345196,720575940627743400,116798
720575941553854291,720575940645433454,226094
720575941548184200,720575940628039955,105783
720575941506384769,720575940630228606,96195
720575941586046174,720575940621128432,33189
720575941412591508,720575940637649380,119034
720575941486079750,720575940621769409,96062
720575941453161267,720575940605522121,173713
720575941469446208,720575940627128216,36327
720575941627677990,720575940627186435,52654
720575941534630666,720575940621449893,48357
720575941702892250,720575940632772153,104542
720575941486961218,720575940627837096,90461
720575941594206065,720575940634696161,131584
720575941568668274,720575940621717509,808532
720575941541486172,720575940637572324,814570
720575941632991685,720575940635022703,14492
720575941476469825,720575940627541480,143649
720575941505787230,720575940618956198,803630
720575941477643073,720575940617424192,523905
720575941573104393,720575940620652564,44401
720575941624835483,720575940626323075,93419
720575941501374699,720575940614032081,78944
720575941526843138,720575940610754162,518160
720575941564849671,720575940627471887,50455
720575941518908782,720575940628467243,45607
720575941441391039,720575940618953217,123633
720575941551787007,720575940626651624,103824
720575941554456577,720575940623057688,183483
720575941459736787,720575940631287058,127718
720575941439883455,720575940613092325,23591
720575941618486399,720575940633330861,93792
720575941486282704,720575940610938586,107226
720575941446184468,720575940610445922,84197
720575941475981889,720575940629240826,109590
720575941496221568,720575940611030746,144002
720575941451247943,720575940627051535,108754
720575941431800568,720575940629013292,118597
720575941505448471,720575940624697836,55691
720575941431475375,720575940622693289,58215
720575941509529298,720575940629183985,546259
720575941624390538,720575940646245923,92819
720575941593090088,720575940608344412,125636
720575941469643275,720575940652374518,43994
720575941580371189,720575940623427021,66079
720575941604070390,720575940627082261,74403
720575941669980583,720575940621308096,99789
720575941593436453,720575940634332371,128005
720575941489811253,720575940623676341,535599
720575941685968396,720575940629758762,42750
720575941574394294,720575940629586938,130150
720575941547557300,720575940627146500,114097
720575941628465702,720575940621898928,69043
720575941498055035,720575940629602298,123407
720575941442428111,720575940619978968,152123
720575941572910920,720575940627432469,114584
720575941393301508,720575940619763915,133657
720575941574250504,720575940605834882,47468
720575941549761652,720575940630518071,47300
720575941471866891,720575940631599405,124086
720575941519700151,720575940627680247,120899
720575941557119140,720575940623145876,202998
720575941543113477,720575940620873607,219941
720575941392484612,720575940625092154,1051062549
720575941408624175,720575940610263665,529826
720575941564839778,720575940621908506,172353
720575941592090219,720575940628603925,62744
720575941536300810,720575940614695074,89135
720575941620508287,720575940631105836,34070
720575941460852947,720575940632617164,130317
720575941469150685,720575940623443933,39730
720575941579062261,720575940623472201,69651
720575941626024859,720575940631466600,36672
720575941732589611,720575940615629524,44349
720575941496160384,720575940616019522,117516
720575941438659931,720575940619704656,93616
720575941498987938,720575940622111058,112253
720575941441624667,720575940629972983,813780
720575941502684354,720575940644727076,109687
720575941565518999,720575940623018986,100950
720575941602122169,720575940625369362,54535
720575941650138901,720575940624204839,119586
720575941689877211,720575940613147955,55016
720575941659267352,720575940624451878,239492
720575941543120901,720575940625171533,22622
720575941626537883,720575940627190814,108412
720575941686863734,720575940613186789,23250
720575941457979718,720575940615876436,42637
720575941472570208,720575940641448693,80869
720575941557126159,720575940624057525,804933
720575941657128016,720575940620378239,138630
720575941525540633,720575940629617999,123414
720575941506016677,720575940629851514,58268
720575941525215769,720575940628596739,146535
720575941487196994,720575940609959726,46430
720575941570429684,720575940629512710,200882
720575941577041768,720575940617322101,99023
720575941506516037,720575940612588211,194714
720575941414217364,720575940645074455,86008
720575941457166317,720575940612193649,179055
720575941644566136,720575940650497145,149187
720575941612377830,720575940624712712,532353
720575941613780755,720575940618661277,94474
720575941537853160,720575940635503502,139382
720575941609302249,720575940627023047,85254
720575941651581457,720575940631477335,168836
720575941606929261,720575940652083190,13411
720575941611611494,720575940612988901,60574
720575941566732846,720575940629059334,120632
720575941611503533,720575940623530195,146115
720575941506658398,720575940625765649,32540
720575941439622591,720575940618018141,125995
720575941565798198,720575940629123177,57940
720575941440152783,720575940635155391,52037
720575941393908252,720575940630507068,137145
720575941475216177,720575940610307886,63986
720575941461759501,720575940615348330,110774
720575941436823340,720575940620838253,79478
720575941416771356,720575940619147349,182857
720575941568305966,720575940637643109,88160
720575941416903964,720575940622314166,122447
720575941595114023,720575940621834100,82492
720575941431919063,720575940624763891,36621
720575941481295439,720575940623450077,196638
720575941404662896,720575940618731328,102147
720575941596734108,720575940621020993,121485
720575941410875503,720575940615108754,110758
720575941576655720,720575940638453437,952914
720575941547575432,720575940636415966,93774
720575941450721146,720575940624725226,32603
720575941475258939,720575940623746509,134835
720575941626430858,720575940634911589,48659
720575941653707793,720575940629894955,51525
720575941534795186,720575940630548094,13660
720575941542440284,720575940631097159,218373
720575941488400848,720575940626709552,76079
720575941505647164,720575940616294194,65713
720575941490867253,720575940622738089,143384
720575941439236927,720575940615170210,123292
720575941591233022,720575940632693843,535230
720575941631514850,720575940623520205,66929
720575941432912855,720575940639183824,807950
720575941533746866,720575940632330600,145884
720575941543517189,720575940627063448,92411
720575941633233339,720575940622608423,161422
720575941721004602,720575940627366675,912309
720575941594802469,720575940626099493,54921
720575941688911512,720575940608193458,143255
720575941432121697,720575940619757016,191543
720575941486705872,720575940628093768,100579
720575941473128800,720575940630875387,40674
720575941520858295,720575940621337053,112731
720575941505441349,720575940632526244,104884
720575941526999885,720575940611902450,94954
720575941524341323,720575940630765253,133154
720575941611716966,720575940624756723,21505
720575941430401199,720575940625941022,256844
720575941480645088,720575940626742832,124028
720575941579918837,720575940617886779,24706
720575941440993471,720575940633806765,107149
720575941496405115,720575940626786490,49792
720575941595865280,720575940617650203,820921
720575941498156617,720575940622793707,808997
720575941572240030,720575940624099608,536285
720575941696312026,720575940626527055,808683
720575941593892721,720575940621378725,83982
720575941643493733,720575940646073454,119705
720575941595935015,720575940620461617,78404
720575941404780400,720575940634243283,124233
720575941632286188,720575940612375761,675229879
720575941593457366,720575940622473174,150166
720575941541645660,720575940627427850,515724
720575941522812491,720575940632337938,79438
720575941569154292,720575940638304222,387451
720575941535863523,720575940623602410,52994
720575941681059261,720575940624109715,194525
720575941481924803,720575940632793657,166019
720575941594035670,720575940627410042,935389
720575941590566910,720575940614972839,118968
720575941554475236,720575940623374377,50157
720575941438541909,720575940631906920,141106
720575941574910646,720575940611166387,88741
720575941642912632,720575940619014941,47859
720575941584446815,720575940630669818,815782
720575941610283850,720575940626505226,48884
720575941534552842,720575940626828828,525840
720575941514151633,720575940631388434,130626
720575941611464294,720575940605652140,108464
720575941633298629,720575940617820450,155500
720575941573149193,720575940644281032,137239
720575941489410254,720575940629010679,102317
720575941549338941,720575940621641643,200177
720575941409929643,720575940605758752,92602
720575941602827961,720575940607283804,50690
720575941458952176,720575940638327640,87484
720575941596641669,720575940620424641,66519
720575941625015963,720575940632357984,47997
720575941581501561,720575940623901927,82095
720575941408789039,720575940619607243,42670
720575941540942461,720575940622526204,100074
720575941498444155,720575940628841271,807500
720575941459362544,720575940660285569,228188
720575941656899096,720575940632362809,81122
720575941447714229,720575940628372282,113715
720575941448272148,720575940629960783,511895
720575941602568694,720575940625342308,800550
720575941441017807,720575940643876718,811948
720575941623634122,720575940629783082,822809
720575941516997523,720575940626634883,97421
720575941558221071,720575940613685043,80001
720575941589522316,720575940613810227,217360
720575941459191024,720575940639258301,542194
720575941594471126,720575940610492867,101024
720575941554043931,720575940617228573,812660
720575941490581961,720575940636860783,69207
720575941593119190,720575940634743544,94229
720575941480491488,720575940620067531,123250
720575941732248619,720575940623802859,117281
720575941427813204,720575940631639570,812470
720575941408764975,720575940626997292,579938
720575941593872933,720575940604447520,119327
720575941498380617,720575940631690794,42184
720575941552984638,720575940633450188,53548
720575941463742733,720575940614283231,167578
720575941505074199,720575940604797100,126021
720575941598910505,720575940625734588,46133
720575941468977984,720575940630724652,906066
720575941595181095,720575940625109944,132563
720575941440063167,720575940628595303,119039
720575941465465430,720575940608522761,75506
720575941643626952,720575940636131044,94248
720575941627668793,720575940617880916,120392
720575941408387246,720575940637743534,94029
720575941452051783,720575940614676626,520933
720575941702063066,720575940606725833,812353
720575941497310080,720575940618694104,148913
720575941575123087,720575940614289361,132015
720575941533094122,720575940603767980,49660
720575941679151805,720575940619615568,130523
720575941463003280,720575940632048780,47458
720575941515030019,720575940626528356,580616
720575941459230192,720575940613765869,192389
720575941392702212,720575940614954035,33376
720575941455175475,720575940605417696,47267
720575941578217817,720575940617042873,108349
720575941502333527,720575940647354659,56838
720575941573561501,720575940628245559,66238
720575941589597950,720575940618103636,809508
720575941642447973,720575940628749612,811345
720575941608151405,720575940624696368,516783
720575941597954460,720575940622319498,816918
720575941535550296,720575940633485613,529980
720575941611689034,720575940638071366,580898
720575941414907796,720575940612922646,18174
720575941391564548,720575940606495422,70302
720575941639176223,720575940616951947,50363
720575941655135193,720575940633727339,45146
720575941486552070,720575940632916705,809457
720575941612776723,720575940630496503,213422
720575941611536358,720575940609835332,130925
720575941517955288,720575940625002633,808243
720575941562400354,720575940621443243,75873
720575941526481028,720575940619864596,136752
720575941530253752,720575940625970707,117546
720575941478179235,720575940627118979,26338
720575941541662749,720575940626425700,85101
720575941518468279,720575940631983464,812597
720575941565580386,720575940612790933,581316
720575941483673341,720575940622946855,816669
720575941622629628,720575940615260226,134085
720575941573735055,720575940639215686,118670
720575941616467669,720575940633166151,815013
720575941662081080,720575940631952215,96829
720575941651592469,720575940640100149,24614
720575941504132183,720575940608756572,24715
720575941498810491,720575940637072270,277695
720575941471753995,720575940620123015,48329
720575941482077181,720575940614148527,67216
720575941633308832,720575940624014413,117040
720575941601876470,720575940611675086,105932
720575941555877377,720575940634429280,91131
720575941522615543,720575940650556918,132497
720575941431346785,720575940615111062,70305
720575941577529177,720575940623840202,813695
720575941628237350,720575940626829840,248280
720575941584924767,720575940647323444,68503
720575941632410565,720575940625827917,136413
720575941589421124,720575940624896148,63598
720575941452964167,720575940622658380,82116
720575941688154230,720575940615997663,26152
720575941495468670,720575940623165832,193742
720575941535323058,720575940623615502,804316
720575941407849646,720575940620778406,92346
720575941564793447,720575940625958330,552229
720575941520467127,720575940618215195,86951
720575941464184589,720575940617512409,529628
720575941622228732,720575940642398965,818352
720575941554616321,720575940640059008,102463
720575941538167016,720575940622174902,55821
720575941555628964,720575940617954049,60366
720575941435858720,720575940640102051,549458
720575941482891261,720575940607964427,517715
720575941499497953,720575940628533508,89121
720575941554813338,720575940621831406,543863
720575941508478081,720575940606102473,814833
720575941509519826,720575940615343938,122792
720575941593250155,720575940638431907,150762
720575941505828156,720575940618985630,116735
720575941552549403,720575940614431890,46499
720575941519316407,720575940647056163,92993
720575941414482833,720575940626239881,518089
720575941628946982,720575940645859863,515695
720575941496612736,720575940627028486,35413
720575941538815613,720575940603618494,51290
720575941476560945,720575940625278820,818174
720575941650373653,720575940611839694,38975
720575941437100818,720575940642007949,120549
720575941516207532,720575940634605531,818238
720575941547004265,720575940607380098,155197
720575941514303052,720575940614102499,558169
720575941391522198,720575940631479909,100518
720575941691523480,720575940621248884,111756
720575941544353460,720575940623938795,817792
720575941595025366,720575940658642305,34378
720575941575522920,720575940629970882,68728
720575941565656930,720575940615991658,238540
720575941431407575,720575940629856505,30834
720575941486002384,720575940629443313,90258
720575941436861458,720575940654956449,130350
720575941586980574,720575940632898444,513070
720575941591597196,720575940626149918,206644
720575941594617895,720575940635217144,211937357
720575941547512865,720575940637618862,84883
720575941563749800,720575940628645481,524960
720575941624018826,720575940607245781,28430
720575941465953110,720575940630915791,13201
720575941515702163,720575940612039886,815171
720575941558925092,720575940626680728,207488
720575941505762071,720575940647362436,131894
720575941459210963,720575940626269370,214151
720575941500919179,720575940635798975,84460
720575941542868828,720575940638099689,74762
720575941505150743,720575940617470609,144429
720575941512114129,720575940610340803,141412
720575941642482533,720575940628398295,180939
720575941564396183,720575940631878820,52449
720575941413275284,720575940631059730,46071
720575941633524384,720575940617312349,213825
720575941536906266,720575940629968463,40589
720575941536589578,720575940642508173,129799
720575941517855148,720575940638124656,192595
720575941518738348,720575940620710822,200596
720575941507563333,720575940612915478,42938
720575941506572197,720575940622890083,87443
720575941475394865,720575940623171085,82350
720575941405025904,720575940621207791,178684
720575941425973332,720575940646410019,85826
720575941598023068,720575940623788012,37562
720575941556862500,720575940627585929,285915
720575941644634312,720575940616183483,121817
720575941451788615,720575940622020613,68291
720575941534288818,720575940624494996,170040
720575941611723484,720575940642943885,140781
720575941441283163,720575940618819974,65003
720575941482344902,720575940609516811,78623
720575941574289807,720575940616731665,101298
720575941632029883,720575940618652982,120943
720575941558689295,720575940642343899,67870
720575941626220187,720575940629375306,43523
720575941619337343,720575940641225600,72386
720575941490454220,720575940604471473,76725
720575941625202075,720575940647990660,199341
720575941562171026,720575940635395429,169508
720575941631357883,720575940624362424,141614
720575941524037195,720575940620285131,535816
720575941529852901,720575940603713248,811247
720575941574493704,720575940632675276,78558
720575941507461911,720575940630145435,20760
720575941604165561,720575940631510521,115473
720575941547473268,720575940602444512,802065
720575941535641370,720575940609533230,172901
720575941639492383,720575940625329029,814642
720575941531372005,720575940616884619,129870
720575941475864881,720575940608912341,133202
720575941631072738,720575940634573026,113703
720575941524655691,720575940635675031,546654
720575941597176988,720575940626707518,54169
720575941515954531,720575940620417797,179432
720575941688062070,720575940604624998,18005
720575941670513841,720575940619846347,126095
720575941448128861,720575940637137520,68645
720575941617037013,720575940634879130,119803
720575941643501925,720575940621700190,108277
720575941490524620,720575940636041902,817626
720575941578831193,720575940634735255,118230
720575941463062416,720575940624607495,80061
720575941523248203,720575940604884396,80562
720575941505728837,720575940635112858,142215
720575941430766328,720575940618601729,90898
720575941494487166,720575940646005539,30838
720575941539160701,720575940633473948,116054
720575941451702906,720575940604474982,103312
720575941618470271,720575940626840932,48643
720575941595664165,720575940620141406,812526
720575941493140656,720575940608911452,18923
720575941560564462,720575940631024379,64954
720575941496075648,720575940604014112,53805
720575941523231563,720575940622510788,811540
720575941553112065,720575940631411983,24421
720575941586535134,720575940622258782,55978
720575941573687880,720575940632420939,61307
720575941554516708,720575940611843186,103923
720575941516427257,720575940626394256,58977
720575941542746653,720575940619324107,88534
720575941623027708,720575940612598129,55476
720575941491636400,720575940625660174,119155
720575941526874212,720575940617963318,534132
720575941486695632,720575940621168449,48636
720575941521876915,720575940618685853,810641
720575941482332355,720575940611475698,514627
720575941453842483,720575940634244207,137990
720575941531735269,720575940618207936,208398
720575941556869860,720575940637209207,135333
720575941431576417,720575940625604098,112940
720575941581595513,720575940636616164,532913
720575941484143622,720575940614046395,93833
720575941552472065,720575940620304321,809858
720575941488056528,720575940640744411,99141
720575941652884721,720575940628585728,536419
720575941550142013,720575940611498714,23426
720575941528462008,720575940626779048,90786
720575941552460543,720575940637113277,39281
720575941523812685,720575940637650830,17382
720575941570246644,720575940617972180,102575
720575941542017116,720575940625360572,141637
720575941689942491,720575940627545162,35776
720575941658288976,720575940624718088,50328
720575941593019755,720575940632901167,55509
720575941462186948,720575940637386864,13105
720575941644660600,720575940609906901,64551
720575941426290004,720575940624993411,512904
720575941569772658,720575940629136892,80097
720575941607907181,720575940609152779,87521
720575941603879926,720575940638640472,32777
720575941450872698,720575940642334965,104272
720575941412439697,720575940631575493,65342
720575941480345679,720575940630166267,45266
720575941576402536,720575940640161102,124470
720575941543246365,720575940629719422,118426
720575941703146458,720575940625300813,96430
720575941502133591,720575940638055002,144316
720575941441077951,720575940620580613,136751
720575941651654677,720575940621841185,36134
720575941442478287,720575940620245718,242617
720575941519742647,720575940625217294,184825
720575941450217294,720575940630906167,91208
720575941540846541,720575940631002199,86421
720575941573720392,720575940612711603,67104
720575941560312947,720575940622698572,139556
720575941517322643,720575940627936744,35206
720575941432688855,720575940627388041,150403
720575941415163676,720575940614822621,97279
720575941515541082,720575940629385086,120361
720575941644432466,720575940610200900,115039
720575941457244909,720575940624720259,69296
720575941506763042,720575940628703249,27317
720575941402754416,720575940628590595,79931
720575941640370207,720575940617943993,556387
720575941684900335,720575940612920386,94837
720575941575242760,720575940627044794,542118
720575941440152411,720575940615587222,84431
720575941566478439,720575940630560505,804161
720575941593563350,720575940617252353,107952
720575941632282043,720575940635715508,72310
720575941554726042,720575940631588931,512219
720575941574744329,720575940626163216,23880
720575941653606617,720575940630203333,102380
720575941491150025,720575940615932428,49575
720575941483909954,720575940622810119,904283
720575941469916279,720575940624240580,111007
720575941506267045,720575940619964757,517085
720575941602691518,720575940627970456,116083
720575941459120031,720575940625807374,529097
720575941449210037,720575940622951571,35412
720575941549082996,720575940630265952,814776
720575941515911171,720575940612395226,118151
720575941688143734,720575940622387276,127965
720575941475707195,720575940622569001,539830
720575941489423049,720575940624679605,136775
720575941643739512,720575940633689230,139629
720575941658830160,720575940631030071,126819
720575941462251972,720575940631092567,531883
720575941469324919,720575940630718940,105845
720575941561426834,720575940636278379,813460
720575941631648955,720575940614316767,89610
720575941431762424,720575940629146191,146582
720575941626613817,720575940620156763,813939
720575941569468660,720575940611780465,74662
720575941632466156,720575940625021960,24536
720575941470394176,720575940620348144,108551
720575941507665221,720575940638150000,518653
720575941521870071,720575940624226795,123564
720575941606542701,720575940624913596,809151
720575941548598920,720575940638860496,238044
720575941490675660,720575940626212178,66599
720575941568255790,720575940625868184,222652
720575941482710714,720575940625289545,813131
720575941521723895,720575940628919495,83206
720575941620578431,720575940623756585,68300
720575941603197886,720575940627393538,201559
720575941511390673,720575940623255053,535377
720575941526105858,720575940627831122,463355
720575941447783956,720575940611741390,223205
720575941548231304,720575940627537832,85474
720575941593762341,720575940625136572,147320
720575941578965849,720575940639148477,123088
720575941478752362,720575940637886040,808294
720575941594142827,720575940629004294,99009
720575941629643046,720575940622094728,520930
720575941589995575,720575940621470646,543309
720575941505479447,720575940619296960,85007
720575941432459534,720575940625474492,31993
720575941528132280,720575940621278401,81756
720575941544830469,720575940610531960,214548
720575941563798023,720575940621804532,100406
720575941608942569,720575940634626144,807492
720575941481790915,720575940623808394,126376
720575941626940966,720575940611952810,74219
720575941409832619,720575940608211268,145859
720575941627640889,720575940621270042,905714
720575941565681718,720575940607776725,818164
720575941669892273,720575940632118585,79908
720575941480231875,720575940621544530,70249
720575941559774958,720575940633791571,148726
720575941507781410,720575940632064824,107293
720575941534535602,720575940639850037,136486
720575941508926418,720575940628885264,805798
720575941483668922,720575940609395780,944746
720575941517376216,720575940621670349,111010
720575941490974156,720575940611141349,79166
720575941434277262,720575940621570486,98992
720575941679302333,720575940618766875,177973
720575941598061468,720575940630195559,82557
720575941561788072,720575940620889582,66262
720575941393998486,720575940621882977,744179791
720575941471588875,720575940621999228,89323
720575941643043448,720575940634449890,162552
720575941652167153,720575940606496201,138603
720575941573843464,720575940626598994,517913
720575941518490540,720575940628401156,130004
720575941466891862,720575940630780524,97746
720575941479001706,720575940616074764,135587
720575941496420731,720575940624809876,64004
720575941573034312,720575940620437628,137775
720575941493751166,720575940627455079,98387
720575941408582574,720575940621769313,126328
720575941437775148,720575940633625184,158818
720575941628529209,720575940622616581,98996
720575941563775634,720575940616815424,24243
720575941559748623,720575940626476606,101090
720575941438115602,720575940618739136,106424
720575941430450825,720575940622980428,125848
720575941490813237,720575940654312353,118181
720575941591560744,720575940624381927,42679
720575941652431637,720575940615697567,115749
720575941458365936,720575940639887192,101489
720575941459925956,720575940641482741,192035
720575941619885951,720575940625385861,580846
720575941449993850,720575940618728606,85708
720575941549062717,720575940631041956,817727
720575941506546210,720575940605398304,61510
720575941507635735,720575940631475052,206542
720575941530184139,720575940615990614,812484
720575941537933042,720575940649889913,812023
720575941624267402,720575940625054589,84485
720575941570027378,720575940628792702,22751
720575941516327770,720575940605068576,156803
720575941686871535,720575940635291247,158470
720575941733130027,720575940628165575,108579
720575941451833978,720575940619645376,65643
720575941547970696,720575940613977325,54710
720575941618471807,720575940630284791,121856
720575941566508342,720575940628873987,108762
720575941575397775,720575940640224397,149458
720575941520353207,720575940616216249,185428
720575941632739525,720575940631673595,104143
720575941573238198,720575940609012548,909661
720575941525592834,720575940643245335,146649
720575941482374339,720575940619212869,87171
720575941541429340,720575940615193138,519358
720575941409059502,720575940632037327,197934
720575941496527047,720575940620953153,550616
720575941428500728,720575940628083712,144908
720575941452494970,720575940627717397,121449
720575941505171109,720575940636978910,31589
720575941480511200,720575940607231945,35606
720575941624614396,720575940626578319,58141
720575941626836025,720575940618130459,98252
720575941589550476,720575940625804692,544366
720575941542574365,720575940625574221,53304
720575941414068625,720575940613047519,155388
720575941629774572,720575940630084352,215146
720575941450123386,720575940639294323,112416
720575941546324585,720575940620705044,532698
720575941453205043,720575940627770344,64207
720575941564097280,720575940620861424,35078
720575941565629703,720575940615958687,542876
720575941689377944,720575940627069203,813762
720575941462228420,720575940629131111,60996
720575941595584039,720575940625584265,14771
720575941436024864,720575940638303421,828859
720575941489994444,720575940613609903,91980
720575941614152089,720575940654805665,137835
720575941562210962,720575940605860320,77468
720575941654060500,720575940640540112,85271
720575941514918905,720575940611450134,120781
720575941573816827,720575940619906901,515828
720575941467842013,720575940610776433,114088
720575941567970674,720575940641942472,71045
720575941450276957,720575940619876702,129287
720575941516233219,720575940617090449,29185
720575941469089501,720575940624290707,155608
720575941611077450,720575940638091839,801999
720575941564938082,720575940620678022,113734
720575941579319797,720575940607248514,101386
720575941536918298,720575940627814714,523402
720575941548937076,720575940625319114,56905
720575941555006721,720575940627316764,155123
720575941447466772,720575940630444396,97149
720575941412957588,720575940638177087,112500
720575941589597495,720575940611021298,93006
720575941506596005,720575940635351447,143759
720575941550355774,720575940607872386,13949
720575941521494711,720575940625798704,546750
720575941549290495,720575940618647768,816041
720575941436478226,720575940625458958,19726
720575941614730393,720575940633558483,536010
720575941518683564,720575940635974042,71986
720575941407120302,720575940638948157,183349
720575941475079995,720575940620672705,133423
720575941496474240,720575940625275280,230736
720575941644236626,720575940628585978,144110
720575941604466366,720575940638694461,51384
720575941652428273,720575940612994582,519219
720575941433493006,720575940631422824,37814
720575941540985981,720575940627821437,114650
720575941671749287,720575940608969483,163648
720575941488083657,720575940611429489,908306
720575941448262493,720575940621975420,21861
720575941551223358,720575940627330366,170751
720575941573257103,720575940609621003,31051
720575941560145523,720575940613830559,117807
720575941573411997,720575940624149784,102268
720575941625997706,720575940634185683,524917
720575941435805472,720575940636491383,531794
720575941491001033,720575940629121866,63727
720575941450330234,720575940624847034,511761
720575941474063402,720575940645761303,103384
720575941491809511,720575940621003617,149430
720575941653075929,720575940618837332,35355
720575941504645285,720575940633570702,128616
720575941639451167,720575940624334826,808518
720575941353157168,720575940620771853,808395
720575941576644712,720575940617880199,27429
720575941483112646,720575940636289599,812596
720575941463889933,720575940617619457,133529
720575941515382419,720575940630906130,104376
720575941689219190,720575940627992488,66427
720575941551176510,720575940622623785,807726
720575941450981959,720575940614233059,72419
720575941632624069,720575940629937516,61268
720575941525397506,720575940620189888,125047
720575941452505671,720575940637504653,91350
720575941480380896,720575940610184049,233097
720575941504652994,720575940637934141,88941
720575941503912023,720575940614251747,81062
720575941461617604,720575940606098609,115732
720575941580626041,720575940609927141,803015
720575941490990028,720575940625779075,159735
720575941633547936,720575940619608640,38142
720575941609803594,720575940630162679,108817
720575941486033414,720575940640324048,557977
720575941521507507,720575940613751186,126052
720575941435672864,720575940619346517,156878
720575941519132343,720575940619465270,39560
720575941508261922,720575940623524349,819948
720575941593183528,720575940614546942,559946
720575941639743349,720575940614311464,542786
720575941593731179,720575940623035742,60892
720575941509368018,720575940617260219,124229
720575941515969529,720575940621073391,57854
720575941617717205,720575940614253279,160825
720575941658994768,720575940616811584,122455
720575941625786762,720575940620318680,156632
720575941579285073,720575940616617245,167712
720575941613675417,720575940646291822,137849
720575941554041683,720575940623463126,32297
720575941479251535,720575940622775907,134055
720575941665317363,720575940627682577,106714
720575941571854238,720575940615545403,47222
720575941660922236,720575940620740078,920231
720575941663065980,720575940604681830,60309
720575941527360868,720575940617693264,1051643920
720575941651790869,720575940620869313,181349
720575941627053350,720575940619842695,134101
720575941662418488,720575940628176915,547661
720575941470726208,720575940636004975,802594
720575941596492480,720575940639030591,904123
720575941566069046,720575940621341300,163630
720575941721822522,720575940614738956,102095
720575941549465661,720575940631059767,751515936
720575941596656028,720575940627456901,126307
720575941413645972,720575940616273375,906718
720575941470014941,720575940616766294,88547
720575941412310929,720575940615698315,814506
720575941491336679,720575940627335780,143993
720575941625946681,720575940620607508,52269
720575941576558518,720575940628240171,194319
720575941643509409,720575940621938437,139480
720575941480597583,720575940633739859,75528
720575941689848539,720575940629338821,815737
720575941639097973,720575940601067436,122831
720575941610945257,720575940611142257,92940
720575941516216163,720575940636531118,29828
720575941460185158,720575940622253704,123908
720575941430311639,720575940629874732,112393
720575941517339096,720575940616946805,103671
720575941536218354,720575940622657285,119091
720575941599132864,720575940623546367,552913
720575941465476886,720575940613967778,806865
720575941548077857,720575940634232290,45468
720575941412573551,720575940638724186,813794
720575941572060318,720575940618721364,67615
720575941504656322,720575940650480374,74359
720575941508468318,720575940633626593,27345
720575941515899994,720575940651459062,904652
720575941604825022,720575940612329907,67626
720575941533368754,720575940626225229,121997
720575941516779155,720575940621044048,816731
720575941498683209,720575940625617388,424458
720575941599490345,720575940620584497,35865
720575941486917382,720575940627866473,80263
720575941599700521,720575940632392877,68707
720575941525146212,720575940629944131,132653
720575941507932962,720575940614285254,570566
720575941554277092,720575940616525073,125432
720575941515107833,720575940610102830,926058
720575941480372098,720575940635655657,46014
720575941441021787,720575940621734126,803395
720575941479690114,720575940654873505,123885
720575941624346506,720575940626924681,116964
720575941478080992,720575940640674293,818693
720575941524812388,720575940624959120,66615
720575941490879177,720575940610728178,108122
720575941535975139,720575940631662329,130822
720575941617239423,720575940617802699,810148
720575941574974729,720575940624362277,29065
720575941639577205,720575940613448677,537895
720575941566380846,720575940617409349,87502
720575941524296779,720575940624607978,94470
720575941518633688,720575940631880217,523791
720575941593582038,720575940625674428,160807
720575941560456719,720575940641388173,137194
720575941626058348,720575940626632848,532744
720575941563071400,720575940636722862,155111
720575941652278801,720575940632969517,54527
720575941544969404,720575940614552588,118449
720575941483821242,720575940620037205,82844
720575941533641706,720575940636895333,132997
720575941427379540,720575940637599578,50959
720575941516054188,720575940631701412,910694
720575941528057220,720575940610615013,806541
720575941353056048,720575940626347848,144553
720575941491533772,720575940638007640,31215
720575941663251068,720575940645258020,46637
720575941566123830,720575940617753745,96698
720575941438595669,720575940624783335,69335
720575941507348097,720575940635799476,69354
720575941550540660,720575940632634707,95943
720575941598693276,720575940617274763,114798
720575941628524857,720575940625887376,91468
720575941527177986,720575940628332048,197084
720575941508100958,720575940614168062,81757
720575941732839979,720575940620675425,900956
720575941653173977,720575940614198971,102729
720575941467877085,720575940603934892,68097
720575941593842646,720575940627935996,581235
720575941527165540,720575940616154636,121216
720575941540811868,720575940637731955,86565
720575941438752044,720575940652114422,40761
720575941408657711,720575940619470939,151898
720575941436502816,720575940627259394,74412
720575941529295051,720575940628777800,104000
720575941553881991,720575940616318779,125945
720575941433860128,720575940627877114,27850
720575941513933777,720575940613128345,345429
720575941478729090,720575940614791730,61429
720575941408617902,720575940617404731,92342
720575941454037555,720575940606205897,550065
720575941515842563,720575940634969701,183527
720575941611756902,720575940617449913,101249
720575941570312094,720575940622892988,803592
720575941555436452,720575940638976233,20804
720575941496383943,720575940628909355,541757
720575941611538506,720575940627387273,214939
720575941527253273,720575940613443084,53804
720575941468103958,720575940620232875,67544
720575941486195853,720575940625903079,86197
720575941548448904,720575940631411164,133743
720575941540490109,720575940638304838,807094
720575941586655878,720575940627246380,122725
720575941458872991,720575940621362452,81927
720575941438470741,720575940619742561,125532
720575941722651450,720575940614474642,99798
720575941589654924,720575940626858288,126366
720575941499457097,720575940626520402,173010
720575941625874284,720575940620043979,41987
720575941580233205,720575940612499662,121615
720575941516377946,720575940622045439,62484
720575941599335872,720575940622930134,193041
720575941391029398,720575940617098580,18508
720575941576198838,720575940639173173,10757
720575941628558905,720575940631441682,186215
720575941497632073,720575940630659522,91328
720575941553778842,720575940627675648,821186
720575941637840415,720575940628587202,117465
720575941640982629,720575940624987394,814954
720575941624289691,720575940624739571,50405
720575941483348989,720575940623685000,45649
720575941514135033,720575940636384398,70611
720575941515441475,720575940629523971,518937
720575941524324171,720575940628763002,90638
720575941558458995,720575940623378628,153720
720575941596635072,720575940632639714,235652
720575941667819251,720575940614527784,88777
720575941486252354,720575940618342657,91294
720575941509107216,720575940642395637,79961
720575941597059996,720575940608811529,59477
720575941414875793,720575940611602638,31079
720575941450433973,720575940605839718,544521
720575941491602126,720575940631891527,217094
720575941688974604,720575940615819323,168072
720575941625923692,720575940621201279,518681
720575941508655058,720575940616439365,24981
720575941633304507,720575940629182055,113914
720575941593466920,720575940645237527,544846
720575941564670615,720575940645913198,813998
720575941539097549,720575940619662971,91100
720575941527450649,720575940628398353,144968
720575941621652220,720575940617140544,812212
720575941440850261,720575940629700611,52336
720575941555526436,720575940619101253,810378
720575941435421472,720575940622644300,93512
720575941409087918,720575940617573718,568372
720575941458493680,720575940622537036,89974
720575941453034921,720575940637666702,240534
720575941607228525,720575940624835303,70908
720575941526865830,720575940630159616,241849
720575941493657287,720575940621213318,155775
720575941552481598,720575940627703122,564489
720575941534823402,720575940640023630,11766
720575941565348247,720575940631983691,518243
720575941576639670,720575940634187289,550005
720575941414678676,720575940634949751,101709
720575941680785341,720575940631139615,102358
720575941529064836,720575940622301133,71270
720575941530904523,720575940623692109,34190
720575941669728945,720575940611282222,126535
720575941625369401,720575940622779263,909266
720575941565115655,720575940631153920,935383
720575941439588699,720575940636143211,533896
720575941566795566,720575940626154629,102991
720575941670154929,720575940614801458,241577
720575941459022064,720575940611040866,53654
720575941576954713,720575940640753059,24696
720575941519339447,720575940639807859,160169
720575941440026197,720575940618015266,207336
720575941551740478,720575940641423056,107638
720575941536952602,720575940634105754,180162
720575941482602947,720575940626920036,142583
720575941667741361,720575940640439411,571265
720575941624717052,720575940632123020,219180
720575941431276207,720575940621108646,87466
720575941550651454,720575940617125947,120604
720575941658778192,720575940630149623,535131
720575941578207057,720575940626463107,515484
720575941477177137,720575940621073117,132230
720575941500288162,720575940621183403,50385
720575941402373155,720575940614737810,544199
720575941669881265,720575940625091819,129546
720575941458306288,720575940632670751,119533
720575941572474526,720575940636163691,516155
720575941438478047,720575940645995060,50732
720575941586939614,720575940639948110,525994
720575941631881147,720575940633345567,83544
720575941609809482,720575940620452544,109193
720575941620189567,720575940632591315,23704
720575941540519772,720575940627535047,128785
720575941560062323,720575940645686820,909847
720575941609108457,720575940634545634,555257
720575941733016107,720575940620923980,49903
720575941566790454,720575940630048075,147572
720575941573696911,720575940613335154,51229
720575941516337251,720575940635839845,327126875
720575941617789653,720575940636274522,25522
720575941406610991,720575940614394577,139189
720575941514286289,720575940632722745,532565
720575941497091553,720575940615186599,551580
720575941639920927,720575940616478150,128532
720575941415494940,720575940635120538,29350
720575941569864186,720575940640940507,97728
720575941416558876,720575940633242705,83526
720575941525087821,720575940626853220,28122
720575941476032817,720575940616580511,913042
720575941498979145,720575940617010240,104068
720575941627530553,720575940606198473,176534
720575941439910351,720575940621799407,545573
720575941625422026,720575940633949922,70026
720575941441933263,720575940645713443,810237
720575941451942569,720575940615495079,56235
720575941459453599,720575940643793444,47231
720575941572532987,720575940637441758,130899
720575941557104932,720575940613646146,554582
720575941493646000,720575940623089758,68583
720575941436370720,720575940644690468,98568
720575941595685312,720575940636340366,94098
720575941644748449,720575940628500228,143720
720575941490830793,720575940609498325,88906
720575941612113638,720575940620672646,532539
720575941555120282,720575940613212595,537385
720575941505702935,720575940620270552,124575
720575941508430721,720575940616165377,23174
720575941492156336,720575940637434601,87660
720575941494468992,720575940626887171,38001
720575941480462816,720575940636507493,38946
720575941591937164,720575940609288494,18294
720575941529364427,720575940624801511,105921
720575941688170735,720575940623750325,106308
720575941611471068,720575940630186907,32171
720575941545563068,720575940621702644,908080
720575941506856357,720575940655146145,181772
720575941537842408,720575940659760769,79967
720575941541010301,720575940626547996,141712
720575941402400803,720575940625322227,561253
720575941605139390,720575940625916190,135848
720575941483399165,720575940645549678,135840
720575941549343037,720575940635203320,75157
720575941442121051,720575940621374049,54623
720575941480494210,720575940653538294,580169
720575941458409200,720575940605334886,115797
720575941451781801,720575940618779527,112422
720575941622863868,720575940620524747,63040
720575941513385292,720575940617853853,91806
720575941479604192,720575940627603733,72002
720575941654926297,720575940619960630,87918
720575941558567539,720575940637101742,131835
720575941434331424,720575940628959208,91887
720575941508042846,720575940630713081,37941
720575941456844013,720575940634842804,134526
720575941477836596,720575940635526039,154524
720575941584575198,720575940634827444,109251
720575941520909491,720575940622566825,180482
720575941478545258,720575940618617536,18732
720575941507001182,720575940606983363,94747
720575941595323350,720575940609976003,112319
720575941483576006,720575940629644375,36418
720575941413125524,720575940621077126,184098
720575941633749179,720575940630909431,513502
720575941663168892,720575940633672162,103288
720575941547750280,720575940620718808,81565
720575941497602683,720575940628002822,62660
720575941526258253,720575940621778671,91814
720575941519350711,720575940605883494,77906
720575941552401691,720575940614598546,116961
720575941545358516,720575940621460872,116994
720575941580077301,720575940628534696,68045
720575941510801424,720575940626386301,51819
720575941487091522,720575940622368694,57269
720575941510064338,720575940637271664,62537
720575941481339331,720575940619065361,201900
720575941495358080,720575940604692704,113654
720575941520032951,720575940623742096,903737
720575941552814398,720575940635175023,36144
720575941498895841,720575940622071517,148469
720575941519916910,720575940626158906,550970
720575941514047235,720575940630668871,128275
720575941599083456,720575940623199880,131697
720575941480925626,720575940618749238,69834
720575941595299461,720575940618053067,120589
720575941623365996,720575940604474028,932613
720575941618863487,720575940619695750,146091
720575941517431000,720575940623728522,116343
720575941504613170,720575940625791475,92405
720575941589512772,720575940611806818,125150
720575941471454219,720575940621092487,817607
720575941461086675,720575940615593740,116174
720575941516795539,720575940631495951,96162
720575941654993625,720575940633582509,815812
720575941553098267,720575940628239671,70501
720575941560616563,720575940607071106,109708
720575941414184084,720575940623801343,93757
720575941600667177,720575940627012282,151035
720575941529318276,720575940612664273,530136
720575941516499290,720575940615149999,517379
720575941451119273,720575940624046153,45620
720575941478581839,720575940629183131,910755
720575941594988327,720575940646285364,80458
720575941566431286,720575940626270236,813544
720575941508879233,720575940613220850,51013
720575941529288580,720575940624527340,520825
720575941450318173,720575940632817000,91802
720575941522982903,720575940635607447,37166
720575941538496461,720575940626804825,97731
720575941414531473,720575940612323811,566920
720575941547757345,720575940615167742,110878
720575941538681749,720575940624018675,85718
720575941617359829,720575940630961915,551132
720575941430135137,720575940627548930,109441
720575941598794176,720575940638111716,169381
720575941547747976,720575940619183158,110275
720575941450306638,720575940633112095,155288
720575941486552386,720575940630474511,84513
720575941613296915,720575940607472649,27937
720575941605474238,720575940637312445,41168
720575941532440554,720575940632192075,810034
720575941457174765,720575940607191817,92844
720575941561542824,720575940628317778,548341
720575941477145706,720575940636639374,160018
720575941448351925,720575940630280508,74253
720575941508901154,720575940621083995,32957
720575941598116544,720575940628007848,204793
720575941474707242,720575940618336769,66002
720575941516265571,720575940621276070,552083
720575941503081815,720575940631482666,37821
720575941607825005,720575940626412298,529393
720575941630118636,720575940615560278,112692
720575941516900524,720575940626865456,29610
720575941411887471,720575940621178444,41913
720575941428025172,720575940645050568,87253
720575941500648075,720575940619738673,67667
720575941489905973,720575940623930829,71748
720575941634131899,720575940628456250,65715
720575941564758016,720575940616033346,30320
720575941452533370,720575940620187305,815865
720575941643758712,720575940627304104,61134
720575941585064287,720575940626365114,98951
720575941548708724,720575940609162962,146941
720575941574569910,720575940623086728,77305
720575941701720282,720575940623688455,571601
720575941469232503,720575940618537373,94549
720575941474265659,720575940624529229,63006
720575941555921572,720575940623710249,100097
720575941441765567,720575940629609883,552896
720575941431036553,720575940621733364,52403
720575941442264527,720575940629916098,35655
720575941558642724,720575940634553058,66826
720575941609970250,720575940645044515,65888
720575941573456456,720575940611514261,126853
720575941528631224,720575940608674908,89688
720575941490716725,720575940622418181,102612
720575941596450417,720575940627172741,177981
720575941521631411,720575940612980990,78066
720575941703398362,720575940645704996,512279
720575941610463718,720575940626660298,112827
720575941457139103,720575940620357597,804260
720575941439476191,720575940633590957,93123
720575941490639591,720575940621623137,15637
720575941485116482,720575940627446354,67062
720575941547387316,720575940615255007,47855
720575941592136811,720575940631117568,64902
720575941438191660,720575940606085360,128961
720575941543611421,720575940615028341,152989
720575941554123418,720575940639860096,61120
720575941496623227,720575940621443974,109563
720575941533823320,720575940635757424,134858
720575941538695922,720575940623579016,113937
720575941431697400,720575940623353821,74862
720575941668111793,720575940637894110,49628
720575941509899986,720575940639223630,57947
720575941488427216,720575940635129195,559760
720575941553066867,720575940619074388,31535
720575941433385230,720575940644595104,111728
720575941438073644,720575940620540893,514338
720575941407973550,720575940631048279,112291
720575941436549676,720575940627147052,24667
720575941530016440,720575940610493486,68135
720575941538742989,720575940606626946,550411
720575941513842275,720575940633879341,129112
720575941433345550,720575940611260110,130402
720575941605347774,720575940638473050,172416
720575941560175219,720575940629884971,75499
720575941527379737,720575940625033998,69628
720575941568757498,720575940621180912,149504
720575941653760724,720575940635237044,98985
720575941475261994,720575940627825640,560278
720575941430901897,720575940627771652,184182
720575941574862735,720575940630679148,80384
720575941486397904,720575940617555156,14329
720575941632367291,720575940645275939,62797
720575941547251380,720575940616011882,112332
720575941481060794,720575940616104379,911404
720575941516113923,720575940607511682,113470
720575941640941599,720575940630374871,534678
720575941530069707,720575940621607489,93283
720575941515477850,720575940620918256,88992
720575941609547594,720575940614519157,105297
720575941569808754,720575940630574659,819236
720575941516348259,720575940612946069,175917
720575941572999419,720575940610388434,69793
720575941515979923,720575940628858746,527654
720575941588767044,720575940632626223,47956
720575941401318179,720575940633885651,168893
720575941484079034,720575940614635074,69399
720575941536134170,720575940623401983,16345
720575941626070329,720575940621810926,43526
720575941552261274,720575940626129703,63564
720575941432136919,720575940630684524,96010
720575941687508207,720575940635284119,519533
720575941431054328,720575940630282496,206836
720575941593790065,720575940629528080,88307
720575941630880955,720575940632918041,165664
720575941453748905,720575940639841443,52870
720575941564963591,720575940610704430,546537
720575941493721982,720575940632283467,63912
720575941535685298,720575940606634528,213277
720575941439373909,720575940607971908,41406
720575941469297015,720575940614611111,105830
720575941574091259,720575940630998615,248430
720575941487067910,720575940619615770,212397
720575941455734765,720575940631383251,811213
720575941485464898,720575940644993844,70004
720575941541226076,720575940616476646,121096
720575941690130651,720575940628915191,43031
720575941439623487,720575940637435504,108387
720575941432567393,720575940613296274,215110
720575941523663863,720575940624007721,92942
720575941546859881,720575940631812141,162869
720575941531543683,720575940615290279,92823
720575941515629658,720575940635924190,94199
720575941467886813,720575940620550240,124869
720575941503432939,720575940632841367,64139
720575941499944098,720575940635055455,46629
720575941549165345,720575940636444479,103991
720575941505736994,720575940620958814,183579
720575941659397456,720575940616536669,813342
720575941589303095,720575940616113862,165924
720575941430163887,720575940615394527,520115
720575941517262190,720575940627371834,15302
720575941666352627,720575940632632365,92141
720575941595555441,720575940621766566,81721
720575941439280607,720575940631890975,532405
720575941466727702,720575940620244719,53584
720575941430825943,720575940631378647,192920
720575941589682686,720575940611629266,188042
720575941688239884,720575940631215609,108913
720575941533354418,720575940632641336,123044
720575941630101740,720575940634781536,135516
720575941556885028,720575940620271239,84361
720575941626299082,720575940627695626,107608
720575941577085288,720575940638013274,806568
720575941489685961,720575940621909680,818114
720575941393617302,720575940629304783,32044
720575941488204233,720575940629877356,811751
720575941538188003,720575940618806429,86194
720575941691444376,720575940620027096,104949
720575941439693375,720575940629418690,23811
720575941657679440,720575940641000181,122586
720575941620207231,720575940622097833,256206
720575941438268716,720575940622306736,71770
720575941561827373,720575940643075784,544040
720575941568224114,720575940631741229,105100
720575941352533552,720575940622853400,25561
720575941490160590,720575940620179309,808644
720575941433310222,720575940621671687,39365
720575941532112357,720575940616298290,551102
720575941610738022,720575940640125629,46969
720575941533167850,720575940626654864,156576
720575941463095952,720575940609042244,97744
720575941475615262,720575940620158384,49643
720575941625387065,720575940623041732,137159
720575941408961451,720575940638549574,27043
720575941458816752,720575940610935410,813568
720575941525551716,720575940625504235,107964
720575941486837766,720575940638239797,190684
720575941462325392,720575940619166774,130586
720575941502827058,720575940617020962,78308
720575941554240410,720575940631165814,32763
720575941610155497,720575940630056011,101820
720575941500006539,720575940613103912,810161
720575941413402769,720575940628315232,233211
720575941574000137,720575940631219768,63208
720575941467297110,720575940624873964,191222
720575941611727021,720575940624875239,575709
720575941536578241,720575940616914971,25900
720575941442461391,720575940610722914,138364
720575941559889390,720575940628906951,475836077
720575941414638225,720575940624880055,529871
720575941655898580,720575940631921495,137136
720575941427449172,720575940613419506,810109
720575941552311102,720575940632663608,51467
720575941662719356,720575940623755312,13619
720575941505019973,720575940638516708,125281
720575941564350774,720575940611568021,67412
720575941662084152,720575940626896784,140576
720575941579171673,720575940624389316,533742
720575941630210598,720575940625327368,159914
720575941521529271,720575940627912847,517922
720575941603313849,720575940645990532,20253
720575941595058469,720575940618353876,113043
720575941529431224,720575940622288008,816311
720575941559960847,720575940617321243,815361
720575941585999750,720575940619402576,17672
720575941518341815,720575940622182832,170003
720575941652057305,720575940635090533,908355
720575941391555990,720575940623647256,82737
720575941437746239,720575940624886712,36340
720575941391527684,720575940629009155,149096
720575941402143779,720575940619041093,568346
720575941629562918,720575940624251391,224908
720575941433512206,720575940649816185,65617
720575941448665949,720575940626109966,137403
720575941563832466,720575940614879283,115065
720575941576740697,720575940627176793,132565
720575941509496848,720575940625903902,172921
720575941516041475,720575940618451520,152398
720575941488989129,720575940644880163,819099
720575941569316090,720575940622276641,136839
720575941612558950,720575940623045351,61111
720575941414853265,720575940623305706,113295
720575941626802233,720575940623277547,67019
720575941574199478,720575940639282229,110927
720575941471122187,720575940615635037,524971
720575941562346898,720575940631220299,73151
720575941689091702,720575940632836044,131493
720575941626009546,720575940631747395,135134
720575941625445514,720575940629477882,163450
720575941554274899,720575940620157269,136005
720575941508728670,720575940620631243,30078
720575941508560656,720575940616177949,112954
720575941574702587,720575940621449281,82368
720575941438066450,720575940646939939,47411
720575941537324264,720575940627277854,119832
720575941546884020,720575940637368677,417388
720575941441897307,720575940622003316,141131
720575941550373694,720575940616495361,93370
720575941582762079,720575940623902029,61361
720575941498937161,720575940608186498,86094
720575941639665183,720575940613858046,801351
720575941593409064,720575940620954533,818751
720575941479754464,720575940635518093,97646
720575941489489358,720575940621740404,155336
720575941580514805,720575940631921751,78713
720575941515763811,720575940615134091,66936
720575941482006211,720575940623591403,902341
720575941530408120,720575940635563927,185880
720575941600429865,720575940626302546,109009
720575941559145454,720575940626710727,809439
720575941556404772,720575940621021099,160032
720575941546829601,720575940617670193,69233
720575941547860916,720575940630480188,111042
720575941448601422,720575940622728662,133201
720575941626479724,720575940628230908,184209
720575941515062851,720575940624526570,851549
720575941475039786,720575940625093813,198701
720575941590108983,720575940646018414,285645
720575941415886876,720575940610326994,83470
720575941610246246,720575940619185099,96003
720575941654613209,720575940627664719,59224
720575941432603351,720575940612488106,127221
720575941505943109,720575940616209932,93236
720575941668616179,720575940629855072,59919
720575941553574791,720575940616156172,79840
720575941554454682,720575940609880259,105750
720575941623388524,720575940630329411,806224
720575941595227013,720575940631524111,542990
720575941407049775,720575940626600067,909834
720575941541610076,720575940639626310,808192
720575941438146604,720575940618698397,37396
720575941591772523,720575940610970586,149527
720575941483417030,720575940623087386,55492
720575941560833575,720575940614673058,29930
720575941458750111,720575940632831628,135691
720575941601989817,720575940622964262,105389
720575941573864008,720575940621119936,63626
720575941456315039,720575940628649448,58219
720575941610492636,720575940629289721,812323
720575941441494207,720575940644216008,566280
720575941689263835,720575940621411649,136059
720575941437866028,720575940613363710,33798
720575941577323097,720575940620383909,119087
720575941593548840,720575940644597448,358266679
720575941560910963,720575940628223058,131838
720575941449971066,720575940632111976,35953
720575941526308866,720575940619357275,72610
720575941470785547,720575940629391363,562288
720575941526620326,720575940629800698,157878
720575941598680220,720575940619767243,47882
720575941701782490,720575940614803933,91579
720575941631004130,720575940640655779,89088
720575941527633830,720575940626916739,209622
720575941564777874,720575940624053642,54194
720575941580117585,720575940623715818,92711
