BANC,FAFB,MCNS
720575941565099623,720575940635221172,43436
720575941447826708,720575940633791599,67529
720575941579788533,720575940628422139,30660
720575941533250738,720575940632223457,71940
720575941439577055,720575940613553202,22012
720575941668844209,720575940620015787,30016
720575941539325821,720575940631023099,195264
720575941593607126,720575940637490776,235061
720575941460102340,720575940618855883,12469
720575941515152195,720575940630425083,11459
720575941659000400,720575940631922489,27859
720575941438468626,720575940629524483,49164
720575941440672085,720575940615879965,15672
720575941690957787,720575940626625179,22432
720575941533541720,720575940642875080,17832
720575941507243845,720575940620303380,514483
720575941532854501,720575940621399156,53581
720575941555710547,720575940629312300,522432
720575941511390673,720575940627560386,37779
720575941480714626,720575940630404311,18134
720575941539118834,720575940628319335,87499
720575941498996193,720575940623234567,50494
720575941626435483,720575940628692055,515758
720575941632875461,720575940612341683,56710
720575941435317134,720575940617393435,155298
720575941564153234,720575940619266183,43340
720575941468805341,720575940630424407,44992
720575941521081271,720575940633324724,132581
720575941639508853,720575940616001036,531584
720575941507077399,720575940627313180,21662
720575941626522762,720575940629023870,25819
720575941612195501,720575940614384757,13508
720575941650789649,720575940628539735,45501
720575941450811470,720575940622018565,152496
720575941544725509,720575940637396851,541503
720575941477881665,720575940603708350,10150
720575941516302329,720575940628382875,514863
720575941474543931,720575940615929373,42148
720575941557352686,720575940618518766,32464
720575941520363511,720575940621765846,557817
720575941480917187,720575940627234069,13852
720575941431800078,720575940622803859,47608
720575941492249776,720575940615385798,452754
720575941472609632,720575940631844300,41107
720575941567010930,720575940620373469,26661
720575941519459950,720575940610487410,32608
720575941477889310,720575940615942924,524083
720575941573267784,720575940628952619,515804
720575941507079703,720575940626319235,15988
720575941454918707,720575940627758135,559107
720575941583263710,720575940606388060,106648
720575941561414034,720575940636805958,511810
720575941459216287,720575940617373268,16942
720575941484195514,720575940623786376,11662
720575941532803160,720575940626268761,19428
720575941617767893,720575940633299481,516367
720575941573054646,720575940614128593,43649
720575941633109664,720575940638457552,187243
720575941556877796,720575940623497340,35517
720575941496731042,720575940626179614,14854
720575941504683570,720575940632381970,520135
720575941540261581,720575940629163820,58594
720575941703146458,720575940628508534,68651
720575941507979077,720575940628833989,91740
720575941436095788,720575940618440943,29310
720575941572956232,720575940602447328,129436
720575941505143868,720575940611871919,149788
720575941651827989,720575940629561400,25687
720575941503634341,720575940637444771,526998
720575941547044980,720575940616813947,38035
720575941487869904,720575940624807301,98875
720575941413566748,720575940622944915,109486
720575941595083734,720575940625638916,43782
720575941645080225,720575940638197737,85220
720575941542580316,720575940610595442,105726
720575941684845551,720575940619679111,806770
720575941428164233,720575940627285267,17211
720575941503680087,720575940634615288,526288
720575941574540040,720575940606718642,56630
720575941547337140,720575940621318420,131125
720575941559170030,720575940625864424,118792
720575941533857546,720575940626995559,53059
720575941649039637,720575940625429647,50107
720575941633591739,720575940621084040,98013
720575941546424425,720575940625727560,163382
720575941492360679,720575940639196760,60372
720575941558153261,720575940624106340,153427
720575941595940032,720575940626559055,132257
720575941507243333,720575940622109769,220203
720575941612042972,720575940634138743,89420
720575941512957393,720575940614721110,250291
720575941472752736,720575940632512703,186858
720575941537820658,720575940623543117,31338
720575941486868432,720575940613772317,90118
720575941550999175,720575940627386884,135600
720575941608283978,720575940624449881,48575
720575941580693881,720575940626258448,520754
720575941503710807,720575940618922992,131792
720575941547048052,720575940629473067,152604
720575941470584128,720575940620404044,153337
720575941399595555,720575940617901447,121911
720575941480693187,720575940614398570,90850
720575941535811562,720575940642926702,22128
720575941545219464,720575940622136573,110429
720575941688674200,720575940614562207,26984
720575941567187962,720575940638159472,42002
720575941532753893,720575940622631382,31276
720575941586999518,720575940617095005,88089
720575941505831262,720575940635677668,151517
720575941501878466,720575940618424235,265275
720575941532427698,720575940637203389,909723
720575941474324027,720575940625599304,42875
720575941559022381,720575940630505334,29188
720575941425384532,720575940621229962,81707
720575941512515907,720575940640962158,29930
720575941588369662,720575940637660733,55546
720575941485889858,720575940616169787,103189
720575941555160986,720575940626750723,823433
720575941652493524,720575940641781133,22474
720575941511189836,720575940616356672,90710
720575941432295639,720575940617498507,26079
720575941401753635,720575940612698287,217430
720575941548829473,720575940603768497,150463
720575941439622111,720575940621471157,149920
720575941598492457,720575940619074836,224753
720575941545094536,720575940621314836,44529
720575941604501182,720575940647574916,126597
720575941498998395,720575940612804606,30228
720575941449112954,720575940615401945,210037
720575941352057904,720575940613748689,32961
720575941487942352,720575940604772576,53582
720575941655669784,720575940614413685,166366
720575941449938013,720575940640998875,91157
720575941452260659,720575940644994436,519385
720575941595947456,720575940625070650,100113
720575941404981360,720575940642411917,33007
720575941514024657,720575940602893228,117712
720575941436586784,720575940625963432,18556
720575941403959920,720575940611853265,171800
720575941523526146,720575940632286816,53920
720575941500700139,720575940608838958,240034
720575941558552591,720575940632716698,72021
720575941543962629,720575940624124109,36631
720575941460850957,720575940626426823,260457
720575941456504560,720575940628800207,51024
720575941574467997,720575940610010521,48618
720575941624536828,720575940619790975,38416
720575941689715931,720575940613608089,140650
720575941469048695,720575940618542808,105893
720575941634017723,720575940622437671,113166
720575941535151898,720575940620762723,105298
720575941515917667,720575940610935410,27113
720575941581362271,720575940642624292,180214
720575941460701965,720575940635901274,234536207
720575941633896891,720575940618899041,134828
720575941536003314,720575940624154604,26385
720575941603691198,720575940627067368,99551
720575941527175524,720575940620328828,39248
720575941608733673,720575940630333911,24350
720575941598693824,720575940628398202,31264
720575941473825888,720575940611807795,35345
720575941590112040,720575940624604547,67824
720575941658641176,720575940622665544,123315
720575941649932785,720575940610850965,50570
720575941549510974,720575940615772706,58298
720575941533578177,720575940623968612,151406
720575941564094720,720575940621157887,218878
720575941508250658,720575940614697275,24427
720575941539767900,720575940620320214,71722
720575941655733972,720575940633085463,70598
720575941442478287,720575940630395852,94425
720575941678584253,720575940633296052,814345
720575941553617124,720575940624211202,80279
720575941602974649,720575940626165489,58581
720575941405473327,720575940626088835,42178
720575941494185344,720575940628074711,52279
720575941626302858,720575940611700520,22757
720575941535332952,720575940611102437,42125
720575941551514686,720575940620606600,110697
720575941460274116,720575940615438521,422646
720575941454031341,720575940623160202,431600445
720575941720258362,720575940621304004,56587
720575941438848479,720575940623052728,53514
720575941537718653,720575940617390641,26441
720575941688550895,720575940636985934,285743
720575941458263024,720575940619657972,58667
720575941428550537,720575940632628122,100816
720575941469370688,720575940627303699,44650
720575941506522021,720575940619543120,240137
720575941513273593,720575940619381108,161422
720575941516480110,720575940659703937,45906
720575941629973986,720575940611223445,284115
720575941534721729,720575940622948028,342042
720575941659595320,720575940619944513,48535
720575941534995994,720575940624433027,60056
720575941690343576,720575940615853851,160012
720575941534495720,720575940627717676,172868
720575941429113775,720575940620595883,48949
720575941427920632,720575940633178872,556667
720575941649412885,720575940624805765,64607
720575941436757804,720575940627764780,36812
720575941514645850,720575940618705902,155035
720575941569197426,720575940624813437,93294
720575941610874598,720575940620731561,133115
720575941453855027,720575940610376658,137825
720575941435493164,720575940618029733,138437
720575941536037362,720575940618057921,816710
720575941545989556,720575940622510323,226775
720575941549450301,720575940611765032,114184
720575941543139357,720575940607848649,66864
720575941533525770,720575940622307248,195150
720575941609674214,720575940617425781,25329
720575941546026684,720575940621086079,167799
720575941524488962,720575940612267470,27032
720575941556128292,720575940611960274,27052
720575941579291125,720575940625659028,20883
720575941496622049,720575940610505701,526552
720575941503926871,720575940619401563,226164
720575941407929391,720575940629681168,157110
720575941605147757,720575940634173176,131237
720575941478341283,720575940629786103,140831
720575941701154266,720575940629343196,178714
720575941515832579,720575940616067890,31361
720575941588000823,720575940645599268,48120
720575941538280597,720575940630355783,154646
720575941567293486,720575940612804209,512278
720575941581271161,720575940633521828,18450
720575941730219051,720575940618197840,93834
720575941450874958,720575940628352000,180111
720575941700696026,720575940622391019,122182
720575941503689381,720575940607250697,67019
720575941609026122,720575940623935159,545375
720575941504630066,720575940633333916,69858
720575941586973764,720575940632424722,204393
720575941518739310,720575940625823656,101669
720575941514702170,720575940620045829,527639
720575941579062261,720575940622006506,69651
720575941453511081,720575940618814342,73183
720575941571649950,720575940617836598,143549
720575941572387656,720575940634575711,125399
720575941554841683,720575940632400409,37549
720575941482527162,720575940619242305,30295
720575941653711121,720575940612235747,55851
720575941460634052,720575940623289578,57888
720575941470408971,720575940609598418,148291
720575941521155767,720575940630448431,110166
720575941438767916,720575940631974739,26701
720575941514873091,720575940611837649,521255
720575941542949149,720575940624253112,83696
720575941461378771,720575940644588324,139788
720575941403362672,720575940624742414,218583
720575941525012761,720575940617143966,252837
720575941631627424,720575940640238032,529634
720575941557485988,720575940621090398,18274
720575941483813885,720575940624195472,161137
720575941651042577,720575940626902602,122334
720575941650521841,720575940634192339,123248
720575941513839180,720575940632735699,205526
720575941400991011,720575940626874511,37471
720575941483905021,720575940605360817,521020
720575941560266478,720575940617178369,197172
720575941493816007,720575940612053221,96427
720575941604023737,720575940614537618,181947
720575941555468516,720575940621681321,121520
720575941625583771,720575940626818250,115114
720575941481045155,720575940623528842,24466
720575941650226161,720575940624160845,35030
720575941589320759,720575940626904392,514520
720575941670036401,720575940626767688,523044
720575941532528771,720575940638245399,33820
720575941441444031,720575940609870449,41896
720575941546354364,720575940634258131,113148
720575941491158478,720575940626508346,155372
720575941484057085,720575940629623351,41023
720575941438576914,720575940624448796,71733
720575941584219614,720575940632098204,85950
720575941483834877,720575940631698861,62463
720575941468917213,720575940622102709,117480
720575941671082663,720575940619299054,162050
720575941432378071,720575940627704263,105922
720575941688849420,720575940620610217,140776
720575941589534007,720575940629791288,25464
720575941557487396,720575940616457670,26503
720575941474934075,720575940628933419,152997
720575941639703327,720575940627808122,281132698
720575941431421710,720575940611990994,169074
720575941470652683,720575940622583766,85174
720575941507182615,720575940603714272,81161
720575941615525785,720575940642454216,53676
720575941554572954,720575940630927823,61943
720575941430795735,720575940641591248,29648
720575941461467332,720575940608956258,45622
720575941513197009,720575940624008777,41384
720575941471356480,720575940619744532,40408
720575941414381460,720575940623949668,45894
720575941505852485,720575940636266615,83559
720575941479077738,720575940614623455,16428
720575941560791341,720575940637966680,168481
720575941703304666,720575940621070797,111331
720575941491410124,720575940631968855,30446
720575941516943982,720575940613581378,526663
720575941439987291,720575940615424086,109959
720575941573170697,720575940634007891,14798
720575941594075350,720575940629988099,23831
720575941595786885,720575940641690064,79276
720575941703327194,720575940628802632,173749
720575941667403953,720575940635095141,136908
720575941651976725,720575940635495543,181133
720575941655645652,720575940622880525,17941
720575941655633364,720575940623288467,29608
720575941488958158,720575940626806248,173845
720575941412685713,720575940615067688,54129
720575941496341703,720575940628372123,89277
720575941514007372,720575940643781024,29272
720575941582729311,720575940615894246,67622
720575941537836003,720575940623053493,23199
720575941569333236,720575940626238972,58405
720575941503762411,720575940626060419,165017
720575941600698153,720575940631503928,99589
720575941483145158,720575940626901322,197180
720575941568446766,720575940636309093,205884
720575941625121418,720575940608064707,175309
720575941433374990,720575940622644872,513814
720575941609395786,720575940620203764,451851712
720575941554122394,720575940606776585,107492
720575941477410922,720575940618437979,73285
720575941525873689,720575940631589919,164791
720575941482666950,720575940628928772,64365
720575941569678330,720575940627517442,518908
720575941438661394,720575940628455996,69219
720575941552677950,720575940611549363,50638
720575941511563218,720575940627173834,109540
720575941630993093,720575940631189295,558840
720575941431370415,720575940626889765,117324
720575941662663992,720575940608901333,56351
720575941490560974,720575940623805223,62937
720575941549171005,720575940627293457,28732
720575941555987492,720575940629365868,24837
720575941460150995,720575940614686943,18508
720575941645147809,720575940627515816,12780
720575941527199398,720575940638270808,39815
720575941546065852,720575940638352803,526644
720575941445882900,720575940621228168,512930
720575941459361606,720575940625788177,181915
720575941408883371,720575940615083439,113858
720575941581873785,720575940625296969,11468
720575941452025159,720575940631333955,93253
720575941479438304,720575940625112420,34224
720575941551853851,720575940610594766,97787
720575941506655292,720575940611557785,41407
720575941489791177,720575940628530487,120915
720575941502097202,720575940615748753,77285
720575941611073453,720575940611172465,42668
720575941556420068,720575940632952460,63066
720575941441905755,720575940610938902,22733
720575941516200026,720575940629860395,138592
720575941611044841,720575940636528959,207353
720575941547204488,720575940633195148,14907
720575941575557263,720575940614452672,81518
720575941540382237,720575940632427595,100241
720575941504545730,720575940635417957,131703
720575941485677890,720575940650581881,55561
720575941721633594,720575940629300736,511829
720575941732119851,720575940624841703,118318
720575941624302730,720575940620567045,30801
720575941505720866,720575940644410990,56882
720575941539490941,720575940633925788,81238
720575941449643869,720575940637909326,73931
720575941520327603,720575940629938127,30590
720575941631047072,720575940641112192,20385
720575941644560584,720575940611509485,519569
720575941515219449,720575940631824744,20697
720575941430333103,720575940614090803,520222
720575941603834553,720575940626403914,151811
720575941461961412,720575940616026555,31155
720575941608026733,720575940616965460,67556
720575941588012087,720575940619447535,172928
720575941540642845,720575940617959729,71469
720575941669088177,720575940644252320,138086
720575941483721146,720575940617542872,524753
720575941589105292,720575940633185567,16892
720575941578886225,720575940626847765,86803
720575941569516788,720575940625435792,205021
720575941586294918,720575940630041913,62553
720575941515453530,720575940621363421,62574
720575941535576001,720575940616586077,85331
720575941603194102,720575940629763065,53748
720575941552846215,720575940625022757,36124
720575941588762935,720575940611448243,125060
720575941596126853,720575940627586170,530021
720575941539547517,720575940627380679,136504
720575941481579971,720575940635286958,92679
720575941592802599,720575940624364474,194727
720575941527126438,720575940626972420,71209
720575941490935753,720575940620874996,25001
720575941560204815,720575940643423392,550823
720575941459383622,720575940616915613,88348
720575941485818374,720575940613732271,127659
720575941652792049,720575940622306736,139913
720575941549289588,720575940610293683,73370
720575941437432364,720575940627465032,40389
720575941533585027,720575940628723834,122370
720575941480121474,720575940631437988,65756
720575941518030508,720575940622445097,43628
720575941526964482,720575940635528567,33056
720575941584610655,720575940629846636,180064
720575941524786507,720575940604174438,169682
720575941408351406,720575940622789611,112294
720575941542579804,720575940633687391,78342
720575941477408106,720575940619443376,174813
720575941480882851,720575940634635406,49573
720575941586756830,720575940618522673,522732
720575941490447413,720575940620708109,516570
720575941638562933,720575940618849877,40201
720575941589487927,720575940608721347,130751
720575941526909284,720575940629574615,90835
720575941536148746,720575940627061050,113866
720575941533685258,720575940611903601,164099
720575941479555296,720575940611086322,513401
720575941530924235,720575940610290162,71210
720575941539183090,720575940638161973,123951
720575941438060511,720575940631984610,53998
720575941565832295,720575940622002086,57590
720575941483260614,720575940604754534,99173
720575941633668768,720575940628330651,100340
720575941441231451,720575940630591506,46209
720575941525982489,720575940639693008,549033
720575941487765968,720575940606774281,159211
720575941625681516,720575940625493604,249693
720575941561288493,720575940627342211,123681
720575941461357581,720575940623752741,44070
720575941536082442,720575940622907687,34819
720575941621812732,720575940652105974,10819
720575941609108457,720575940623853837,20506
720575941596115077,720575940627277498,160244
720575941471511051,720575940617434395,172424
720575941428649353,720575940627226609,147517
720575941471851072,720575940623118261,92307
720575941662613048,720575940629510518,548469
720575941557628836,720575940627680516,98554
720575941515501667,720575940625128067,105447
720575941566608231,720575940630816207,145371
720575941431385519,720575940630727675,36609
720575941353089328,720575940615988710,273774
720575941393212310,720575940631940559,129947
720575941667975155,720575940606958859,168823
720575941448036628,720575940630655007,196917
720575941685989132,720575940613440479,144165
720575941445493012,720575940627086595,68221
720575941482603773,720575940618675803,137702
720575941615477913,720575940623857300,21991
720575941574122934,720575940639622272,514044
720575941589972734,720575940613256086,138936
720575941460382534,720575940631184441,106873
720575941435860012,720575940626371898,514184
720575941667986675,720575940626351256,89657
720575941554755923,720575940624056467,518162
720575941569356276,720575940610161813,57252
720575941546462644,720575940651255030,26204
720575941448649653,720575940613211955,176983
720575941456897773,720575940606722150,18826
720575941526239001,720575940623540813,171585
720575941476660289,720575940632395420,84942
720575941610886061,720575940630898515,198252
720575941457404742,720575940607837707,52191
720575941478105986,720575940621478861,191647
720575941526939394,720575940612456359,62111
720575941507275287,720575940640224397,26370
720575941578964305,720575940624342309,545433
720575941513444089,720575940625612474,36368
720575941450213754,720575940629312759,96138
720575941439862101,720575940628088823,169169
720575941506206814,720575940622840300,179308
720575941425659476,720575940624135205,170458
720575941477820266,720575940612852898,102317176
720575941586001630,720575940626726330,183339
720575941617815765,720575940636322367,285042
720575941552271103,720575940633982303,42736
720575941554251291,720575940630558751,174319
720575941493997182,720575940628066519,169090
720575941611476141,720575940607461899,513594
720575941553699994,720575940617091302,158196
720575941554673306,720575940612677142,556399
720575941477733738,720575940631118610,83277
720575941494611070,720575940629388027,152649
720575941634397627,720575940612453522,165774
720575941574840585,720575940637330142,512793
720575941435342734,720575940629471196,129826
720575941458518000,720575940629399287,189949
720575941730126635,720575940636053678,512613
720575941555423972,720575940632358175,140593
720575941642522469,720575940616231252,165227
720575941529257348,720575940625273475,129845
720575941656503376,720575940623228967,16886
720575941595087911,720575940636311130,212879
720575941460987347,720575940626705029,12790
720575941632492485,720575940630273444,51486
720575941515339587,720575940607013897,32940
720575941567051258,720575940609183950,192382
720575941458975472,720575940612875560,152053
720575941438776620,720575940621947357,146116
720575941503977125,720575940634283616,85555
720575941633736123,720575940623035272,23602
720575941479442400,720575940632424011,156190
720575941514490179,720575940625619458,142010
720575941603484350,720575940631373869,25242
720575941447434165,720575940608065987,210510
720575941609723750,720575940622081516,100809
720575941552239103,720575940622087009,555772
720575941433311502,720575940632246546,92760
720575941503548139,720575940621088536,30313
720575941513224035,720575940625013144,164248
720575941538261373,720575940639688064,105469
720575941593430486,720575940632803223,61398
720575941595231601,720575940623421112,172796
720575941464616534,720575940613830559,64694
720575941504282533,720575940623841779,80244
720575941473463867,720575940606550706,24847
720575941631211963,720575940636390542,41404
720575941573055631,720575940613988242,60682
720575941519554776,720575940624457412,25381
720575941458728944,720575940633792595,139382
720575941431331247,720575940619899668,40419
720575941401079843,720575940631912223,28839
720575941432047201,720575940614149318,157315
720575941663588220,720575940641785845,14261
720575941488251600,720575940610456469,43832
720575941547761012,720575940632880796,207547
720575941513474124,720575940628113231,156803
720575941596230769,720575940618732481,51364
720575941534208856,720575940635859813,45815
720575941545100476,720575940639166197,934425
720575941505384508,720575940618259766,25872
720575941500071842,720575940638495677,65649
720575941540370893,720575940629148315,231285
720575941571685534,720575940626348106,84250
720575941701859802,720575940622392260,535761
720575941608819786,720575940635334007,62173
720575941567478386,720575940631394920,917601
720575941625792650,720575940619191687,122933
720575941463838477,720575940611596467,525630
720575941562933858,720575940622917927,533760
720575941482274243,720575940620348125,55413
720575941662741116,720575940624200679,514369
720575941461605828,720575940620263088,555114
720575941611360230,720575940622224553,20622
720575941580058869,720575940608212548,238209
720575941553210395,720575940607685700,525031
720575941645057912,720575940633202479,28284
720575941476013162,720575940641369296,112109
720575941480684674,720575940645240116,84698
720575941626116298,720575940611895449,512492
720575941662748796,720575940605619628,75307
720575941536014312,720575940610585753,134386
720575941622303228,720575940643939694,87369
720575941439767007,720575940623530936,165302
720575941404810352,720575940618855035,159367
720575941574069917,720575940631568927,64852
720575941459314847,720575940637722182,48249
720575941630759621,720575940629245527,154383
720575941529063352,720575940652813217,12655
720575941428952568,720575940613170385,248046011
720575941652743153,720575940613604162,518632
720575941567377198,720575940619653184,527267
720575941628166713,720575940622459588,15235
720575941497577339,720575940625349961,97523
720575941518950579,720575940643846180,27094
720575941472794976,720575940611963346,62193
720575941577784665,720575940623891600,72579
720575941498668155,720575940644731188,517201
720575941435951148,720575940622086663,60256
720575941596206236,720575940616542277,45134
720575941688345051,720575940626261480,24549
720575941628983522,720575940616584607,50694
720575941643071176,720575940627877114,59337
720575941488189904,720575940615755147,11054
720575941639528821,720575940616918843,521122
720575941489689653,720575940603875616,67293
720575941555361537,720575940626559490,73326
720575941490452277,720575940616046405,153491
720575941471357047,720575940618735517,25912
720575941642696056,720575940639107573,28869
720575941604006134,720575940636574527,13037
720575941491568332,720575940639944155,54572
720575941478510442,720575940614795935,15613
720575941515994515,720575940618633944,63273
720575941513091404,720575940637510121,124599
720575941632599532,720575940614871336,182223
720575941638515317,720575940633209647,116454
720575941653977817,720575940632000993,35420
720575941539570557,720575940630864170,515096
720575941589186871,720575940616642790,90364
720575941614718361,720575940626828955,70317
720575941630849733,720575940627581484,87305
720575941524433227,720575940607657308,25498
720575941612353811,720575940616752155,39798
720575941594260950,720575940616539990,521535
720575941544174441,720575940632385066,521528
720575941431377801,720575940611858906,521660
720575941595788421,720575940622753172,35415
720575941655061977,720575940622657285,525349
720575941508493662,720575940631923304,524428
720575941519614318,720575940631957644,64667
720575941467365206,720575940628570727,21793
720575941593612907,720575940635539607,28231
720575941531452803,720575940621598941,136695
720575941527654840,720575940631275181,16601
720575941406411694,720575940603094700,533062
720575941447991828,720575940638824245,112471
720575941456503024,720575940628212796,18633
720575941643606866,720575940633411155,50811
720575941731817515,720575940605355966,74157
720575941504368066,720575940627478088,130082
720575941614543891,720575940628838006,69733
720575941574224797,720575940626263292,95828
720575941630478818,720575940631293092,529709
720575941578977781,720575940627370110,15081
720575941645458888,720575940660170881,83048
720575941599739433,720575940615611793,149866
720575941482344131,720575940623370421,519496
720575941483838717,720575940606083273,25016
720575941593660267,720575940614611142,151629
720575941479319715,720575940620423518,164401
720575941653653265,720575940617470137,53334
720575941474022954,720575940631328763,58277
720575941630052066,720575940618681168,110372
720575941513159377,720575940629453116,531701
720575941579302993,720575940624477246,135889
720575941527010916,720575940632082895,94550
720575941476218654,720575940645207918,533543
720575941497022025,720575940614348511,61587
720575941613905171,720575940642533156,529337
720575941586119814,720575940624207752,97728
720575941690614936,720575940626254076,52814
720575941499005665,720575940631431251,523894
720575941523009867,720575940625013767,128689
720575941515968858,720575940611014570,18838
720575941493382064,720575940625500395,159589
720575941461525715,720575940627275090,14761
720575941518996846,720575940636365454,93573
720575941459254943,720575940625916190,67524
720575941493513904,720575940626260779,89472
720575941574095611,720575940644671342,24310
720575941652228337,720575940621818858,22293
720575941502754283,720575940612921458,916034
720575941515627779,720575940622488873,162134
720575941440098907,720575940610458926,126740
720575941456584685,720575940627501417,25984
720575941507986782,720575940622115425,57338
720575941459018480,720575940633410923,24525
720575941435160864,720575940632113871,76425
720575941495190142,720575940626494722,84268
720575941662473784,720575940623730634,21269
720575941412829585,720575940643439816,516980
720575941452632233,720575940635371164,35362
720575941567805434,720575940608370610,586891
720575941495379655,720575940619935829,49390
720575941501345163,720575940644562286,11442
720575941588634436,720575940611561965,45709
720575941477599540,720575940613894398,64163
720575941687177455,720575940624095496,78782
720575941572575646,720575940629521861,57957
720575941553542683,720575940652427254,77567
720575941490939852,720575940632302161,160450
720575941534732778,720575940630787781,32589
720575941666761715,720575940637334244,58642
720575941505371196,720575940621349908,28419
720575941564992007,720575940622027527,61982
720575941589165879,720575940622951687,30826
720575941658256464,720575940619623083,536309
720575941506442556,720575940623303411,94470
720575941526070372,720575940625876484,76725
720575941436433440,720575940657630337,234225
720575941406763950,720575940610215032,28648
720575941505261874,720575940619093163,35377
720575941520204727,720575940618252249,35439
720575941520339635,720575940625490569,102650
720575941553295899,720575940630930373,172904
720575941491396814,720575940628173138,103112
720575941554120475,720575940636082936,531184
720575941518784366,720575940626844218,20744
720575941453362857,720575940629918775,590182
720575941542660700,720575940615333469,49209
720575941537715944,720575940616045497,93881
720575941572548873,720575940626715377,97157
720575941598415657,720575940637943630,82845
720575941543942661,720575940623264809,149390
720575941570168820,720575940612238632,39678
720575941645322913,720575940644545060,40465
720575941569430522,720575940616885597,39707
720575941688304758,720575940618817262,145719
720575941580141301,720575940618773302,144206
720575941622333180,720575940629999119,69515
720575941565425767,720575940630019323,162170
720575941535226634,720575940622685478,241175
720575941611140170,720575940645467268,545366
720575941485697090,720575940615645625,145663
720575941652370905,720575940611211542,122727
720575941686130294,720575940612824239,194305
720575941592631079,720575940618403719,36454
720575941468022749,720575940615965323,59429
720575941428809976,720575940619072158,518690
720575941484144390,720575940631483167,24153
720575941540196637,720575940617920670,29044
720575941564453986,720575940620104070,14269
720575941655634900,720575940629345527,123199
720575941427890004,720575940627000363,27503
720575941609491885,720575940611419414,133953
720575941603784889,720575940621067952,46904
720575941506091543,720575940627950135,137114
720575941614494361,720575940604866476,141776
720575941594777383,720575940611240627,107471
720575941435905042,720575940629642693,531475
720575941552926035,720575940622509565,45208
720575941402239344,720575940644161815,176608
720575941497911625,720575940626530890,515233
720575941440658773,720575940627168784,17642
720575941607727469,720575940606611977,66249
720575941497291233,720575940639160920,156265
720575941555632804,720575940624634040,134304
720575941436077856,720575940624064253,580334
720575941580028405,720575940643249608,57052
720575941502806251,720575940628708139,257650
720575941557605412,720575940627723657,19341
720575941530934147,720575940638136117,59669
720575941533600899,720575940639675088,83735
720575941471345015,720575940627478171,80556
720575941413755284,720575940631567129,35715
720575941462184973,720575940631301447,52654
720575941579072501,720575940622112726,116012
720575941595926684,720575940629602090,116144
720575941520665527,720575940613434786,170385
720575941574238984,720575940640353845,168444
720575941504723250,720575940629033977,145803
720575941638860831,720575940643820654,126297
720575941611414758,720575940623482355,414342
720575941504493250,720575940619188139,525108
720575941520336823,720575940635837029,58847
720575941589192247,720575940612549799,53972
720575941479765378,720575940627777018,123287
720575941471528512,720575940642878368,519277
720575941631389932,720575940637967194,123618
720575941567240948,720575940627377346,209528
720575941651852017,720575940616781713,45085
720575941643279816,720575940626030776,19108
720575941533569546,720575940637352893,139035
720575941573074427,720575940643535982,191542
720575941534279914,720575940634640023,113001
720575941552999559,720575940627073768,108230
720575941667623923,720575940622148391,25860
720575941408030894,720575940606084444,37919
720575941596494236,720575940630949203,51682
720575941518702775,720575940613152423,544496
720575941611279337,720575940630076887,49043
720575941629487084,720575940632423442,159660
720575941596075121,720575940625179236,96206
720575941390885636,720575940618177739,148830
720575941450163790,720575940630815059,137936
720575941539455613,720575940623938196,190589
720575941480570275,720575940637791549,554008
720575941519029420,720575940644916532,104669
720575941628243769,720575940608822226,31576
720575941452110458,720575940604736544,156615
720575941528836024,720575940644615790,151820
720575941626474092,720575940637391582,506819
720575941569785458,720575940631878820,52449
720575941495672960,720575940622424649,161574
720575941438588223,720575940606264422,16077
720575941448034580,720575940622012073,519284
720575941531606987,720575940626949519,158620
720575941507325253,720575940634714804,100353
720575941554325843,720575940627799808,65054
720575941516202668,720575940622136129,26429
720575941456463263,720575940613842700,195138
720575941594162795,720575940629515126,534834
720575941572815176,720575940626237726,194350
720575941460815571,720575940618153296,107460
720575941651456277,720575940613492114,174511
720575941541529436,720575940609843349,170865
720575941502973015,720575940635368092,132845
720575941524126978,720575940614297640,535347
720575941401901347,720575940626292861,134130
720575941629774572,720575940616963229,206644
720575941527113572,720575940612623474,157134
720575941408690991,720575940645173960,515955
720575941498055035,720575940634040730,253213
720575941555599187,720575940631248172,93054
720575941504073154,720575940639088356,163654
720575941519079022,720575940604285105,175884
720575941644619425,720575940632939181,556300
720575941491407054,720575940623045267,129391
720575941550240317,720575940626441003,26438
720575941610798569,720575940622403542,121817
720575941535327466,720575940620736422,75228
720575941461735876,720575940629600709,103221
720575941392524438,720575940615682246,157767
720575941529237688,720575940626745193,108133
720575941539280789,720575940642321549,59290
720575941569611258,720575940613626079,72870
720575941552229631,720575940626608712,69555
720575941510780626,720575940623548493,45596
720575941610625001,720575940610041050,30063
720575941545725033,720575940625677193,60634
720575941537055971,720575940619746907,86755
720575941561579432,720575940618838337,104852
720575941658767696,720575940631998405,59694
720575941482318531,720575940633164940,65284
720575941490884809,720575940627498152,34535
720575941567928308,720575940625079054,28793
720575941578868725,720575940623880427,38503
720575941456739565,720575940621279408,51729
720575941566660199,720575940619893999,35213
720575941515364163,720575940615885766,78592
720575941450886990,720575940626301317,52493
720575941617725653,720575940612915862,53198
720575941505756988,720575940614363055,52529
720575941504713666,720575940642740260,76071
720575941688473718,720575940640877400,67027
720575941632462021,720575940637300708,67181
720575941477886017,720575940628131371,33887
720575941643501925,720575940608838702,88731
720575941590164478,720575940607416587,60330
720575941617721557,720575940633994391,36233
720575941506745950,720575940631403996,18309
720575941393735830,720575940618895087,24721
720575941475540027,720575940624895113,56343
720575941404009584,720575940647963956,135097
720575941503586795,720575940615437983,31331
720575941589964542,720575940637509190,79193
720575941483767482,720575940617570008,50892
720575941481250383,720575940623360440,35993
720575941501276043,720575940636029503,50279
720575941595758213,720575940623392892,92904
720575941452601159,720575940614790550,52190
720575941496510331,720575940627696233,45476
720575941551922238,720575940611521778,22736
720575941559674995,720575940616957585,44309
720575941431373999,720575940629229271,21261
720575941566335286,720575940646433059,26848
720575941632876960,720575940628355198,58112
720575941458339568,720575940633044193,65027
720575941481335119,720575940633984025,57733
720575941654926297,720575940630602579,76047
720575941490797769,720575940621804364,159036
720575941475532347,720575940623225513,39491
720575941446345748,720575940618996382,60292
720575941433158670,720575940625312356,34198
720575941537134066,720575940616449858,32161
720575941570584990,720575940636852294,556759
720575941594014833,720575940658619265,39817
720575941671569831,720575940616845030,16881
720575941440507477,720575940610623186,35068
720575941502743602,720575940635068046,121507
720575941513355985,720575940615494022,56232
720575941473602875,720575940626844559,50002
720575941412615791,720575940607206066,60253
720575941459118239,720575940617091033,20685
720575941526920962,720575940619637185,32174
720575941663705468,720575940613093010,55631
720575941546981256,720575940652809889,17078
720575941485617037,720575940624551056,55787
720575941551558143,720575940622700531,28988
720575941623735963,720575940617935643,53120
720575941559894131,720575940607068117,27297
720575941531891685,720575940615431327,529445
720575941631944891,720575940615906388,529077
720575941459902608,720575940626531177,520364
720575941652757489,720575940627062088,15302
720575941535366378,720575940616204352,229885
720575941565262390,720575940613739410,25755
720575941430726281,720575940626199177,150881
720575941575620751,720575940613397362,108555
720575941645298081,720575940623761447,35682
720575941610108333,720575940621845018,166057
720575941516702355,720575940607233458,50078
720575941413713812,720575940633177570,98652
720575941502229899,720575940629108332,111335
720575941496981888,720575940610754162,37639
720575941651592177,720575940626671637,187891
720575941501311883,720575940621435597,163238
720575941596521349,720575940627659782,178647
720575941604096502,720575940611299481,226132
720575941628851682,720575940624346917,96458
720575941588254206,720575940629936348,102317324
720575941527145497,720575940634631342,83968
720575941502588722,720575940611344858,132178
720575941477111345,720575940625376329,43556
720575941439631583,720575940621273460,52196
720575941481333946,720575940622362109,80620
720575941490357966,720575940626543768,27950
720575941485827981,720575940621636109,38120
720575941612982425,720575940616420150,32392
720575941655791060,720575940625978882,46958
720575941459077702,720575940627286344,167497
720575941504568002,720575940626498566,522827
720575941411354539,720575940606659970,58435
720575941449236317,720575940617678471,65332
720575941450884942,720575940625129037,117685
720575941562419624,720575940620123015,44579
720575941574099357,720575940619989086,96083
720575941578953553,720575940617540509,34907
720575941538173416,720575940626755783,131344
720575941415889180,720575940617552057,14290
720575941595487781,720575940603715296,516906
720575941499119585,720575940623766458,16550
720575941537853160,720575940619861345,20545
720575941549510461,720575940616117433,51302
720575941471076107,720575940610637786,104089
720575941668424947,720575940617252642,132232
720575941510548690,720575940626933928,109887
720575941483031482,720575940611988391,13077
720575941631188384,720575940616579257,514291
720575941473345120,720575940627004459,37258
720575941590022711,720575940625334349,44225
720575941534235736,720575940629947964,123322
720575941667594417,720575940622672324,539353
720575941515382083,720575940643159752,45455
720575941731006251,720575940633291418,58718
720575941703299290,720575940644650531,524469
720575941604092150,720575940615345164,163141
720575941502142187,720575940617947702,123503
720575941445081770,720575940631310111,19307
720575941488844750,720575940612599193,82266
720575941407817519,720575940627171154,97008
720575941578922577,720575940612058861,87389
720575941531771365,720575940625087527,35751
720575941560094323,720575940627000207,552593
720575941653528276,720575940624015101,18599
720575941604343998,720575940615803698,158481
720575941596181617,720575940633126983,515293
720575941615448473,720575940610435441,102258
720575941452098426,720575940604412192,346871
720575941507602782,720575940618709487,55319
720575941590317054,720575940619091201,144776
720575941428845961,720575940624799490,170467
720575941502697099,720575940627284935,555257
720575941531739109,720575940620977773,25784
720575941552770817,720575940631280721,10651
720575941554456577,720575940624551349,54012
720575941518138796,720575940604167712,28169
720575941630606533,720575940621556062,71371
720575941590977022,720575940623041523,95412
720575941451252393,720575940624026367,48969
720575941615487385,720575940637696627,32297
720575941450276957,720575940630910199,530545
720575941439359167,720575940629424983,176833
720575941629969446,720575940623880013,165152
720575941626321260,720575940631290082,44326
720575941559414287,720575940620012253,11574
720575941460713171,720575940619429456,78002
720575941508406306,720575940630608467,24157
720575941470424951,720575940605443017,86091
720575941435387168,720575940647024948,27781
720575941625982154,720575940630617386,24396
720575941511546578,720575940639454848,40316
720575941539203989,720575940626913161,521351
720575941564343138,720575940605956553,156143
720575941432123745,720575940626174077,127432
720575941730092331,720575940637369909,26443
720575941626036891,720575940621275341,207192
720575941515224131,720575940625417353,31365
720575941536094913,720575940626408073,130595
720575941392160004,720575940623526985,50850
720575941515380803,720575940616959778,67244
720575941594494757,720575940621677702,129124
720575941687787276,720575940634513515,51673
720575941517111150,720575940614421702,551659
720575941537503381,720575940639887757,25154
720575941476293937,720575940620380073,56560
720575941435408526,720575940628059948,88470
720575941471515488,720575940627702344,43300
720575941569122418,720575940628812548,80415
720575941506427461,720575940609903602,83289
720575941650025713,720575940628074365,202457
720575941499576715,720575940629551375,17047
720575941415567388,720575940624361230,837029745
720575941620049023,720575940631619409,52544
720575941430533513,720575940623437838,49754
720575941506469541,720575940638559440,546406
720575941480417504,720575940623110804,85370
720575941554213147,720575940637824575,543339
720575941431178081,720575940633252889,73974
720575941430739375,720575940629547836,126871
720575941625012379,720575940633021338,113792
720575941514837347,720575940620584497,524612
720575941651128085,720575940631277160,63576
720575941634314939,720575940616909981,173010
720575941507251223,720575940624882190,522988
720575941603864510,720575940619686849,546035
720575941506856482,720575940617321403,134371
720575941575315894,720575940612339123,37436
720575941628720610,720575940627254856,28381
720575941573497526,720575940617346718,580950
720575941555690724,720575940619279457,29981
720575941471120704,720575940624574717,580948
720575941560232719,720575940613903778,13281
720575941492496304,720575940631985751,80751
720575941626282092,720575940614741334,97973
720575941619042943,720575940628356407,28487
720575941514836835,720575940635968942,47722
720575941535009368,720575940632255388,99284
720575941548288116,720575940621287201,512792
720575941475661121,720575940624159783,115881
720575941432420567,720575940639161661,52306
720575941470852363,720575940622390092,28816
720575941480683138,720575940630122491,50464
720575941436116000,720575940610586597,135255
720575941589421879,720575940645958196,110786
720575941667696371,720575940638169917,41916
720575941615407257,720575940621701815,551911
720575941519016046,720575940625790778,20007
720575941670601383,720575940635588131,151641
720575941431640279,720575940622266748,521929
720575941551531803,720575940629605996,227350
720575941534831704,720575940625760017,147334
720575941490978736,720575940634100335,547554
720575941585556614,720575940612286259,155188
720575941680537789,720575940638888819,72145
720575941700693978,720575940627555590,115860
720575941561523858,720575940630016249,166967
720575941542625628,720575940613338152,544770
720575941595812485,720575940647784569,133614
720575941479874434,720575940622717683,90532
720575941687311855,720575940631317463,173503
720575941476606257,720575940640150235,169145
720575941439830751,720575940644327022,105714
720575941449964922,720575940640443533,91776
720575941485907010,720575940634095767,164849
720575941641680978,720575940629401163,137425
720575941667611057,720575940639161472,130667
720575941574844303,720575940617532830,60419
720575941638580085,720575940618915823,39966
720575941575268534,720575940617794939,536209
720575941505755159,720575940629106438,18286
720575941552917383,720575940619718054,101916
720575941567845422,720575940631282247,361803
720575941593219880,720575940640521936,138445
720575941565993063,720575940659613569,534870
720575941611890918,720575940616035990,28959
720575941591943976,720575940632091929,34019
720575941496618624,720575940635911396,142427
720575941554295553,720575940611725738,76845
720575941476922654,720575940633529707,20002
720575941441137243,720575940614442090,66230
720575941627692326,720575940632900503,106797
720575941574939401,720575940612240355,81117
720575941468352790,720575940628243953,54296
720575941539947981,720575940632992922,52649
720575941659209808,720575940633593804,84474
720575941474540062,720575940634046399,24671
720575941453842483,720575940632803007,71018
720575941645103224,720575940615134011,95015
720575941415418908,720575940640993933,185447
720575941558858029,720575940629315900,168378
720575941410658475,720575940614884502,516599
720575941505553317,720575940604906016,87266
720575941643355474,720575940622886413,66982
720575941652379097,720575940620417797,64325
720575941629859622,720575940617151069,62248
720575941590931084,720575940625067294,177539
720575941623448219,720575940635319407,172232
720575941610901724,720575940604157361,194795
720575941507213847,720575940634007647,48099
720575941688660492,720575940610683342,86737
720575941633725627,720575940624827993,79125
720575941555500801,720575940624061336,27713
720575941595499377,720575940630435468,38587
720575941568543482,720575940629247555,513395
720575941520171767,720575940621595399,224261
720575941404925808,720575940617534110,919061
720575941523332855,720575940630017603,232880
720575941554731162,720575940631156431,35351
720575941532477925,720575940617517661,527138
720575941450528334,720575940614351477,77273
720575941490687541,720575940618633782,912272687
720575941510831888,720575940627109991,435223099
720575941533581699,720575940633250530,232340
720575941611320041,720575940606012081,252889
720575941430686127,720575940625294217,158958
720575941632443589,720575940610202597,539151
720575941563507095,720575940616235348,522707
720575941467817750,720575940619077460,40590
720575941590256695,720575940634903403,29350
720575941662597688,720575940616644235,535136
720575941427768660,720575940617704219,148915
720575941515948035,720575940623434535,118697
720575941731091755,720575940627308828,131926
720575941637084533,720575940611158490,88124
720575941412301423,720575940621173025,31914
720575941461947844,720575940617323803,240648
720575941625448812,720575940629267962,116649
720575941603313849,720575940625871949,522745
720575941520722867,720575940630158140,22417
720575941550175092,720575940621037296,80110
720575941404117104,720575940629155450,51678
720575941518110124,720575940630902609,102840
720575941441466831,720575940621801866,35916
720575941458378224,720575940630127634,36909
720575941619082111,720575940615908795,525973
720575941563279762,720575940603804704,216034
720575941392807062,720575940637321079,103456
720575941658065488,720575940630684943,58941
720575941574451707,720575940624401968,37196
720575941530123448,720575940626188231,132476
720575941606083181,720575940626973201,512861
720575941492501424,720575940624367339,49757
720575941541999708,720575940648001156,28055
720575941618380927,720575940629182149,105076
720575941430592504,720575940619294964,25044
720575941625500874,720575940616355257,47228
720575941539327893,720575940634990271,42124
720575941585065350,720575940629184000,79032
720575941414155665,720575940639838005,55807
720575941555945188,720575940623465292,85638
720575941455033907,720575940637854552,142582
720575941452820551,720575940625801415,37061
720575941465926998,720575940636716718,118048
720575941520572855,720575940621041488,30698
720575941460141638,720575940611327129,57892
720575941628138041,720575940625776272,39400
720575941470632459,720575940621570731,17467
720575941538419605,720575940609806712,101593
720575941473052768,720575940639164323,37792
720575941408347054,720575940621231966,62029
720575941484927117,720575940623855397,15724
720575941566034279,720575940618097573,170990
720575941688421784,720575940618050776,157558
720575941478059114,720575940619832491,174939
720575941548019080,720575940612443944,136878
720575941430713263,720575940611006170,171066
720575941490789838,720575940640244533,21157
720575941409584811,720575940620989556,370737
720575941593780007,720575940627821553,88758
720575941723443770,720575940623988971,85753
720575941643361656,720575940628966479,65609
720575941473927227,720575940625369648,390191
720575941514363482,720575940613191591,436612
720575941491935719,720575940615516319,182763658
720575941513980483,720575940618135256,513888
720575941576521832,720575940638720675,79715
720575941565390434,720575940635008607,79077
720575941575181238,720575940624109464,33653
720575941654744276,720575940629887695,133103
720575941652731121,720575940622601610,55504
720575941655805140,720575940625964184,512350
720575941511470034,720575940628329222,118426
720575941554120987,720575940625442429,39396
720575941578636377,720575940633090771,517783
720575941566403126,720575940623191073,36801
720575941415072540,720575940628934915,56205
720575941661742904,720575940624056624,108122
720575941574405371,720575940623509577,533067
720575941504611351,720575940630335596,41715
720575941662719356,720575940638291133,136628
720575941534267370,720575940629932035,63538
720575941722109754,720575940630642380,109477
720575941495946439,720575940622215935,112493
720575941560546675,720575940607350793,33380
720575941492039143,720575940632166881,523551
720575941437674540,720575940636928090,543891
720575941514493772,720575940625960104,313049550
720575941430475617,720575940626309509,566476
720575941505592901,720575940625750105,522762
720575941410238123,720575940631406667,10438
720575941490050357,720575940634422880,103779
720575941564909568,720575940630299084,61729
720575941491986919,720575940624473575,514338
720575941435251086,720575940633189145,92212
720575941547960609,720575940613388753,169954
720575941508663169,720575940620221217,105328
720575941654117849,720575940619993776,516564
720575941433211662,720575940629502172,163924
720575941431207087,720575940623404109,178252
720575941559140967,720575940632880173,199308
720575941689803416,720575940623398524,133019
720575941412676463,720575940632714465,127894
720575941560187693,720575940637661838,658545570
720575941562384040,720575940625037861,151970
720575941432388961,720575940639279679,86000
720575941557432868,720575940632081439,249245
720575941470847095,720575940633516002,558964
720575941500329099,720575940607991819,24873
720575941535385834,720575940608390446,46152
720575941510918610,720575940630155368,532441
720575941470721035,720575940616077173,514859
720575941526857316,720575940615360657,123566
720575941448173332,720575940630309847,198909
720575941483793338,720575940627444746,53919
720575941681329341,720575940605835465,581240
720575941462826640,720575940617041728,514687
720575941499101513,720575940631288850,268100
720575941393699478,720575940631585644,125694
720575941644959864,720575940627174247,17414
720575941714293035,720575940638817725,48612
720575941528004262,720575940633373176,28822
720575941528014758,720575940617273273,60624
720575941539271317,720575940617688389,542444
720575941472065165,720575940636767856,957167
720575941555304193,720575940612710371,85585
720575941497777275,720575940618900144,52509
720575941590096524,720575940618761250,42364
720575941512554060,720575940617534676,68734
720575941716825131,720575940611345813,101318
720575941430294264,720575940620289701,163597
720575941413704084,720575940633396767,70494
720575941444365994,720575940654927777,544826
720575941520626099,720575940605135038,523806
720575941565713815,720575940624970987,37015
720575941427594068,720575940640884312,21990
720575941469293789,720575940624465848,69133
720575941565315079,720575940620191009,43312
720575941412757359,720575940630352658,23870
720575941613016851,720575940619883124,35787
720575941491997616,720575940637172201,53385
720575941486156294,720575940629166391,33152
720575941643705189,720575940642253275,23668
720575941586670814,720575940608042332,533162
720575941461051076,720575940621848873,13280
720575941568818938,720575940618887217,115666
720575941572933627,720575940644237591,190294
720575941504903228,720575940617672093,321434386
720575941594056231,720575940625868184,239977
720575941690029208,720575940616971035,202063
720575941640115743,720575940615258163,135172
720575941475776049,720575940604122982,38727
720575941658887192,720575940617874555,107685
720575941568442362,720575940659164545,126837
720575941534627265,720575940620634537,443183
720575941491283662,720575940639816667,29211
720575941603835638,720575940606514889,70867
720575941655223257,720575940617498324,43976
720575941632409531,720575940623125069,80886
720575941476381505,720575940631204163,111660
720575941519192792,720575940612387474,227788
720575941645289377,720575940637291197,19222
720575941603926713,720575940637563749,103194
720575941535855386,720575940621170196,26205
720575941552130303,720575940624887324,48657
720575941654206676,720575940640837027,138213
720575941549136756,720575940633353568,132980
720575941613681884,720575940622977799,222240
720575941461969619,720575940611177586,520189
720575941448787381,720575940644611016,273974394
720575941515119363,720575940635069547,29481
720575941604227006,720575940608904312,43586
720575941496983424,720575940608177929,48299
720575941642291557,720575940625950553,50439
720575941431173880,720575940633731435,512829
720575941630805228,720575940614184671,927197
720575941632557984,720575940638804669,126302
720575941493450987,720575940621307230,512833
720575941521403827,720575940604714208,142590
720575941587849028,720575940624859834,350401853
720575941409904299,720575940617815687,343346
720575941487196994,720575940629985900,207190
720575941516257882,720575940607912917,26775
720575941470612800,720575940627286149,126350
720575941451970426,720575940629671802,34205
720575941548681021,720575940622625485,126853
720575941657684560,720575940611837938,363186
720575941495218119,720575940610396258,21997
720575941467916566,720575940625095813,249842
720575941531315659,720575940624510868,270708
720575941572911944,720575940624005572,94086
720575941651397617,720575940624406664,30401
720575941407274158,720575940608455875,123245
720575941477712193,720575940610669994,22891
720575941434712974,720575940643305672,81431
720575941473435277,720575940631217782,921954
720575941473375117,720575940613736941,144184
720575941469997175,720575940623637995,210111
720575941506921239,720575940628707600,237915
720575941498603131,720575940621198017,20554
720575941670277287,720575940633394784,163887
720575941632881605,720575940622724331,457710
720575941508480094,720575940624524848,743179180
720575941626220396,720575940634538080,164459
720575941555318500,720575940622091340,220220516
720575941629844774,720575940624975909,666801768
720575941508695646,720575940638212166,345940
720575941483422906,720575940637594458,916503
720575941691093656,720575940627595024,118627
720575941515983962,720575940625136228,299288
720575941520203699,720575940627209734,167313
720575941452751943,720575940638124147,284053
720575941462818573,720575940622146698,226587
720575941496950656,720575940639080526,559285
720575941458978207,720575940611845034,342961
720575941522203383,720575940629226044,406121
720575941499230689,720575940627807761,923628
720575941559050767,720575940621308540,518627
720575941573844489,720575940625680074,428438
720575941658407448,720575940622643661,323027797
720575941479723906,720575940610208046,794490506
720575941663429756,720575940622277400,393956
720575941508861278,720575940620822893,397749
720575941594045142,720575940633555425,975394666
720575941415194260,720575940627714310,536998
720575941672007079,720575940617457881,213338
720575941411934379,720575940630650130,994082949
720575941575303432,720575940631997580,332877
720575941431349207,720575940607770972,106814
720575941538265832,720575940616642363,918039
720575941569343090,720575940629114959,922113
720575941431759241,720575940634181984,512237
720575941448826037,720575940617109597,588642
720575941491301607,720575940625494053,281057
720575941538125544,720575940630425285,535512
720575941590478334,720575940617063325,435333
720575941562265256,720575940623708135,423778
720575941617803477,720575940631461451,519875
720575941439657279,720575940646540910,314960
720575941593030184,720575940625054647,188780
720575941440438463,720575940633475424,242879
720575941597992092,720575940637612095,944907
720575941466683414,720575940631911761,520926
720575941671926183,720575940619429803,327161
720575941508506914,720575940627811995,215871
720575941416599836,720575940615723350,60498
720575941452995655,720575940620783898,225829
720575941731743275,720575940624828464,201931
720575941541997085,720575940617166882,925497
720575941603241913,720575940619725844,204564
720575941441749199,720575940627510409,222819
720575941476715585,720575940614014431,302159
720575941564745728,720575940615596171,224955
720575941483986429,720575940612747434,508381
720575941477408798,720575940631907143,722547202
720575941595865895,720575940615257395,193094
720575941441316047,720575940622526355,525227
720575941481086403,720575940620356468,215093
720575941611895782,720575940613944785,309610
720575941687403759,720575940640331995,205282
720575941626358124,720575940632889313,265000
720575941444034986,720575940626122535,515724975
720575941547512500,720575940643403208,185978
720575941612499164,720575940630187727,346129
720575941449682510,720575940630060887,429535
720575941415308060,720575940618682526,163395
720575941536185793,720575940631930415,956023
720575941515619418,720575940628553731,205314
720575941528165542,720575940626571592,211093
720575941521305011,720575940620030384,120627
720575941432002263,720575940624066279,525229
720575941658442776,720575940624834547,711179276
720575941574709769,720575940628589438,979869775
720575941589520183,720575940627603432,262241
720575941480172930,720575940622953983,337014
720575941562265768,720575940628700571,104545248
720575941554595667,720575940627752443,353032
720575941603290809,720575940622761864,391902
720575941428435119,720575940614636950,632847201
720575941604147134,720575940615656498,182225468
720575941470936896,720575940621077253,535965
720575941597042565,720575940630925330,403791
720575941431143777,720575940609522461,900950
720575941481132227,720575940617986345,423539
720575941417154588,720575940639169597,588988993
720575941400897827,720575940632274636,317827504
720575941538626802,720575940612000022,798773698
720575941611602662,720575940626606594,176066484
720575941441158079,720575940642168205,406120
720575941722291770,720575940631069255,943302
720575941514224707,720575940627490663,581710868
720575941481116611,720575940637630783,42619
720575941641098783,720575940635618793,218513
720575941690964699,720575940645611652,183009
720575941498686587,720575940619270535,212619
720575941581632121,720575940623509256,316132
720575941438836498,720575940620885342,909498
720575941519872984,720575940621930710,370273
720575941654625497,720575940620099520,300535
720575941413390481,720575940617654818,812830130
720575941474514235,720575940620543110,491302
720575941482720954,720575940622638276,210632
720575941662605180,720575940624594276,97027
720575941625701514,720575940628160617,49513
720575941520125623,720575940612419763,142423
720575941535234994,720575940617244049,195446
720575941564326498,720575940634820703,529072
720575941497532027,720575940629350394,274047
720575941559657198,720575940616040587,195470070
720575941585146719,720575940627585688,104465393
720575941436721440,720575940617212134,101279
720575941553571482,720575940616190651,512238
720575941564334343,720575940635217144,91617
720575941515623235,720575940624091061,921680
720575941643178853,720575940625602597,350750
720575941482707898,720575940635114347,152651
720575941476578100,720575940608104540,430460
720575941564747415,720575940624755180,274169
720575941525827330,720575940629837628,289180
720575941594750678,720575940612955107,579599548
720575941536420362,720575940631773388,511976
720575941489760565,720575940630662737,552278
720575941544963333,720575940617733593,165795
720575941550087284,720575940630664273,215822
720575941478652010,720575940623474871,150421
720575941473457504,720575940626241369,92045
720575941479680130,720575940659131009,112824
720575941525991426,720575940621805261,58494
720575941558531876,720575940623013355,394261749
720575941442227663,720575940627528964,153948
720575941614803865,720575940623071270,298517
720575941478119745,720575940634702431,327352
720575941476688193,720575940634512992,301867
720575941560115727,720575940625684057,343840
720575941506731543,720575940620293652,426803
720575941471560459,720575940607626453,295839
720575941536093450,720575940626822916,407819
720575941465890646,720575940633293794,246234
720575941524451659,720575940623090412,302827
720575941460163910,720575940646033028,201695766
720575941470960960,720575940610018266,821484380
720575941430208393,720575940632692378,149913
720575941507421986,720575940627751567,84153
720575941444696746,720575940623302669,193625
720575941458665887,720575940613996959,203234
720575941556396516,720575940631393484,512552
720575941508559198,720575940615879995,158211
720575941516903571,720575940606108862,145253
720575941574520207,720575940618609799,53068
720575941589084727,720575940630098243,128571
720575941583518815,720575940631467565,344177
720575941580887673,720575940630750279,342366
720575941651723285,720575940613781983,278749
720575941650962965,720575940643318052,228534
720575941554978458,720575940623267732,221428
720575941669523633,720575940621583367,266262
720575941611923814,720575940620544801,307879
720575941643967352,720575940618818580,283181
720575941625460170,720575940631397165,216573
720575941473047693,720575940609098286,195910
720575941599574313,720575940629543644,195369
720575941451967815,720575940626553993,526474
720575941563533714,720575940614926790,651813160
720575941625461659,720575940637731817,383657
720575941573696520,720575940628897280,182914
720575941644367442,720575940638422387,936218495
720575941670636967,720575940619798381,289691
720575941526193177,720575940631393823,186879
720575941611054310,720575940626480124,432746
720575941496228992,720575940616356281,196208
720575941620311679,720575940617192148,201965
720575941486919565,720575940631923816,383889
720575941439229407,720575940624555838,229739
720575941461959876,720575940627948367,521484
720575941486694466,720575940627090521,922369
720575941552215870,720575940610999794,339383
720575941506869157,720575940626607626,223975
720575941564958050,720575940629611996,956012
720575941568906484,720575940619083349,929909
720575941477263681,720575940629806206,141560
720575941569805300,720575940637030975,102834
720575941479663746,720575940624849040,231047
720575941441012175,720575940626690120,173087
720575941633222048,720575940614037533,948367089
720575941516178010,720575940623771580,244586
720575941688847116,720575940638026842,938975
720575941528135846,720575940635767524,353000
720575941546099388,720575940622667032,199328457
720575941619317375,720575940629343799,517352
720575941595355094,720575940623265258,247534
720575941595352278,720575940630428227,185437
720575941590203703,720575940621515190,101583
720575941506128407,720575940630704953,193356
720575941548231048,720575940624365500,216778
720575941475925278,720575940624604560,786482749
720575941603062774,720575940625520412,464937
720575941536188938,720575940628674686,396307
720575941526953316,720575940622812799,150992197
720575941560456051,720575940628958842,639917279
720575941496830336,720575940614735372,436473
720575941585752030,720575940626879484,925375
720575941506429605,720575940625818426,266102935
720575941589074231,720575940617479169,196862
720575941574853519,720575940609785208,285620
720575941590123063,720575940629424195,275236444
720575941644387272,720575940629232492,248307
720575941563510184,720575940626630699,97172
720575941549093236,720575940639088885,220770
720575941612074925,720575940607818965,514314
720575941604153534,720575940614174943,324311
720575941731700523,720575940634294111,201419
720575941506709820,720575940611437973,309407
720575941408361646,720575940628009771,329541
720575941502942039,720575940614996018,925991362
720575941586072542,720575940633378411,901811
720575941526755353,720575940617478725,300061
720575941593455211,720575940632677145,245617
720575941553557531,720575940625495298,954471
720575941564333714,720575940635935343,227551
720575941515107833,720575940612800153,217784
720575941515790947,720575940628750747,464464
720575941624414716,720575940635026272,438727
720575941483932045,720575940620983637,23511
720575941498040393,720575940626049098,96958
720575941498132553,720575940620589838,338530985
720575941506598716,720575940626093553,111451471
720575941607886445,720575940637568838,262567
720575941594731478,720575940634967915,231573
720575941452039802,720575940631425361,292082
720575941566178663,720575940629350782,105395
720575941501769099,720575940632458195,563630
720575941577006184,720575940622651389,162611
720575941539592434,720575940623353488,171518
720575941482183878,720575940611068053,919289
720575941644569761,720575940612971816,243579
720575941626259564,720575940622517530,519549
720575941521209015,720575940627526735,241135
720575941457219053,720575940628790142,424050443
720575941652117781,720575940629620731,105375
720575941595381031,720575940622880588,802014155
720575941483094269,720575940635146926,221747
720575941598868416,720575940629650997,95144
720575941631177196,720575940626666066,107672
720575941589704260,720575940615469785,758504623
720575941464125197,720575940616475732,182862
720575941638801781,720575940634057976,126201
720575941658114896,720575940609065774,151472
720575941499787111,720575940611007717,423427
720575941504247234,720575940626649084,298220
720575941702994650,720575940629903903,229401
720575941535645210,720575940619938217,150635
720575941603351030,720575940617857694,178913
720575941502379499,720575940631368544,849226085
720575941528984504,720575940620538246,881191049
720575941594976551,720575940630866939,242202
720575941432138766,720575940619998228,241227
720575941589095223,720575940628873295,268351
720575941485651206,720575940632163923,163274
720575941482695354,720575940619551824,391643
720575941599114688,720575940617636725,600700832
720575941544910853,720575940619318619,720885582
720575941538140402,720575940611218418,214857
720575941411789167,720575940627265043,325966540
720575941507451170,720575940621321748,263024
720575941555507713,720575940628888375,213955
720575941611426634,720575940613942045,635198882
720575941691267992,720575940631353764,208854
720575941499051745,720575940610926762,712732813
720575941456791789,720575940607896843,148931
720575941494677118,720575940623650997,969739619
720575941662968700,720575940633031085,534309
720575941494142334,720575940628951287,559265
720575941438483263,720575940625549128,232995
720575941651713265,720575940635579128,512631
720575941450197853,720575940618738853,297455
720575941510830352,720575940609228809,921951
720575941559105295,720575940617720221,214983
720575941416294940,720575940621325338,552780
720575941474658346,720575940604439072,220921
720575941644009592,720575940611985174,210140
720575941527004237,720575940638871128,304961
720575941533472643,720575940643850862,237207
720575941512931148,720575940642506184,210253
720575941723904058,720575940621593972,126095791
720575941453262761,720575940619793940,234867
720575941412851823,720575940630044409,225552
720575941626141804,720575940611905138,278658
720575941456881389,720575940634941887,214813
720575941506558373,720575940619674795,492933218
720575941568940532,720575940622342852,877969460
720575941536770531,720575940626565907,519251
720575941401329699,720575940624355051,512689
720575941480144514,720575940616508555,513287
720575941536156648,720575940616889915,567846
720575941536812314,720575940614705567,103917697
720575941603304950,720575940630552151,885642755
720575941568455674,720575940639443328,550998
720575941614474649,720575940620621665,566251
720575941439162412,720575940642413604,304167
720575941625723803,720575940626769304,246904
720575941625400970,720575940623715509,175014
720575941529305272,720575940627707753,97547
720575941469564125,720575940625542172,112413882
720575941613241820,720575940619407495,841588314
720575941435054222,720575940611327923,472022
720575941632747168,720575940618590262,147667916
720575941412137839,720575940610519747,544739
720575941526943746,720575940622695861,182918
720575941479988610,720575940640027637,158617
720575941528684932,720575940631549231,570638945
720575941546392425,720575940629677655,921952
720575941638423413,720575940627397386,551148
720575941476225822,720575940617362150,178454
720575941455160883,720575940638202852,922225
720575941353213744,720575940626730058,539006
720575941670198961,720575940628865641,404599
720575941593613096,720575940644262935,954509
720575941473972778,720575940620556680,16270
720575941404901488,720575940617234077,175933
720575941604181950,720575940614327442,557870
720575941533724291,720575940627870952,161795
720575941600002857,720575940629591746,237565
720575941439596255,720575940631296204,542140
720575941461820816,720575940610341525,928855
720575941558363684,720575940629710444,422690
720575941574713096,720575940612137714,532745
720575941473673056,720575940604662444,519558
720575941431138223,720575940616220765,237523
720575941401286179,720575940620217782,137984
720575941404249200,720575940628993900,143937
720575941484093437,720575940614147178,519546
720575941526524516,720575940630686860,466614
720575941580903289,720575940629309177,213211
720575941556056292,720575940613135870,215643
720575941625394826,720575940619518667,512226
720575941554309377,720575940631367264,536218
720575941574230280,720575940630794767,112819175
720575941523306315,720575940625718576,316798582
720575941598791360,720575940639339392,77370
720575941667522547,720575940629824378,422978
720575941413894289,720575940637755625,827600769
720575941652238065,720575940633551002,554336
720575941604108734,720575940629767161,174167
720575941553609114,720575940633738209,930758
720575941661542200,720575940615855499,154161
720575941650948117,720575940618606983,144792
720575941514246723,720575940634859188,602736959
720575941481137999,720575940637771829,123737608
720575941430255864,720575940635345519,545702226
720575941544453637,720575940616631001,520630
720575941507475234,720575940621639133,923831
720575941430656175,720575940617504027,327126875
720575941531069387,720575940608862677,145088940
720575941565044322,720575940607544329,762295104
720575941640176927,720575940626881625,875638914
720575941543009053,720575940628429056,378224
720575941592898667,720575940619844534,266098
720575941401648419,720575940623189739,205095020
720575941642784594,720575940615856345,555319
720575941536716776,720575940620692833,141663
720575941494124158,720575940636290935,530461
720575941667501233,720575940626741265,932780
720575941679800765,720575940628818023,246573
720575941437490450,720575940627674630,635767367
720575941545549756,720575940624156696,209503
720575941536043457,720575940616551307,345432
720575941592896363,720575940619785131,156079
720575941716033067,720575940614302370,942168
720575941625553354,720575940639970392,534437
720575941430010505,720575940624992258,149375
720575941441946459,720575940627015942,74362
720575941688166156,720575940614484626,145642
720575941535036353,720575940606101634,560242
720575941539885437,720575940619487110,200660
720575941519649134,720575940623924007,137224
720575941431296248,720575940633949613,521017
720575941596746373,720575940614640031,513590
720575941625739628,720575940635149198,49037
720575941511593938,720575940631097462,99882
720575941690855899,720575940643792032,62013
720575941520646583,720575940645709348,90646
720575941516238426,720575940619954693,46710
720575941462042768,720575940644478260,32047
720575941643539301,720575940638085695,516824
720575941578747481,720575940627437841,148784
720575941632310764,720575940639925211,51831
720575941579270481,720575940630541399,49237
720575941553001534,720575940634181020,520023
720575941564570368,720575940610318450,46436
720575941589044990,720575940612202419,40528
720575941560988973,720575940623390954,94008
720575941516877715,720575940635736183,115755
720575941439244511,720575940626793871,65000
720575941474757418,720575940615732710,580429
720575941652757745,720575940612509337,159755
720575941432417239,720575940613973058,80902
720575941452149882,720575940626457221,93765
720575941611424486,720575940626618696,185057
720575941498610761,720575940629202681,145037
720575941507630174,720575940627243267,169665
720575941564537954,720575940621501453,145062
720575941690682075,720575940637143359,77392
720575941508788258,720575940638542936,173565
720575941627608633,720575940624701698,185706
720575941400283171,720575940619832188,191750
720575941595844391,720575940619937140,922235
720575941470537678,720575940623108134,155912
720575941477411124,720575940616706594,165928
720575941569115898,720575940612197101,60429
720575941572645534,720575940608053084,122920
720575941644808609,720575940632259887,157197
720575941483436029,720575940629534458,515363
720575941633159328,720575940640503949,158428
720575941565290759,720575940611998578,96257
720575941441494107,720575940631931183,269157
720575941547512756,720575940621674108,183161
720575941565301511,720575940629621820,139335
720575941507163205,720575940633001016,125945
720575941560144911,720575940621733364,39598
720575941619673215,720575940624802435,152767
720575941438887954,720575940626283838,85057
720575941536733210,720575940613554242,531592
720575941515396451,720575940611617326,518787
720575941732722219,720575940609850436,73963
720575941632957344,720575940627708815,53253
720575941534980074,720575940625368578,188238
720575941456844269,720575940611916274,926818612
720575941431309304,720575940610724306,232170
720575941691270040,720575940630996072,228334
720575941454848563,720575940630990732,603410970
720575941499218401,720575940611984114,250249
720575941532690149,720575940634414231,301842
720575941688387084,720575940615650646,383372
720575941467769110,720575940624981436,139925399
720575941619958143,720575940624382727,298521
720575941427817300,720575940625341880,258421
720575941690929883,720575940620249734,366857
720575941515784676,720575940620296107,189046
720575941438657042,720575940629020675,878712549
720575941493553584,720575940603870688,309983293
720575941663404156,720575940620476843,158622
720575941453552553,720575940625534187,98054
720575941526968578,720575940612652975,106888
720575941555367681,720575940619511345,66146
720575941439522783,720575940625955877,62314
720575941574092027,720575940635129952,37938
720575941503657707,720575940604903968,141988
720575941483937789,720575940624807205,153004
720575941519324014,720575940616856605,139410
720575941519158488,720575940618910075,142238
720575941626326380,720575940630043705,139348
720575941511446226,720575940634557335,55072
720575941477738049,720575940629016219,16722
720575941502059403,720575940638302909,127007
720575941668385011,720575940607472988,19427
720575941445212330,720575940604706592,50271
720575941475702331,720575940625667888,99860
720575941604111606,720575940620605745,87434
720575941615624089,720575940622038622,122082
720575941511377874,720575940608233941,56752
720575941469945821,720575940626308117,48878
720575941596546693,720575940612628195,44167
720575941529859256,720575940632896738,155446
720575941438866476,720575940624872380,62520
720575941595585575,720575940628846530,84067
720575941475379259,720575940610776818,44274
720575941504775730,720575940629521914,79944
720575941478718570,720575940618634107,84849
720575941557412516,720575940620144251,119037
720575941596744581,720575940631921239,131696
720575941651931157,720575940629232322,132656
720575941593625195,720575940626574878,62169
720575941491304396,720575940636473006,105217
720575941412845935,720575940629706362,107392
720575941461407699,720575940615607308,137019
720575941481209423,720575940653599478,90391
720575941538963698,720575940631687332,136705
720575941469768669,720575940614636450,107233
720575941404941680,720575940628890024,61060
720575941574627067,720575940620818158,64883
720575941634022587,720575940629155895,27933
720575941626504044,720575940630655140,523029
720575941557745572,720575940631253778,54392
720575941596425841,720575940618043806,37193
720575941554092033,720575940614393250,131936
720575941659438160,720575940616581186,104058
720575941487800272,720575940629598521,111207
720575941493021104,720575940619024816,31059
720575941604241337,720575940615689634,521273
720575941526686797,720575940620298260,77349
720575941537644003,720575940642609700,133408
720575941554856019,720575940640306061,71633
720575941564632674,720575940621521422,47521
720575941494872958,720575940638681845,276829
720575941521228215,720575940629130039,75464
720575941545102597,720575940625218404,542131
720575941432605966,720575940621045765,107623
720575941579736913,720575940629268986,158343
720575941539670933,720575940624037052,399456
720575941546346653,720575940616203067,752011430
720575941503799019,720575940626703637,222929
720575941469792477,720575940627598891,921014
720575941527338265,720575940620633076,87836
720575941619966591,720575940623437547,513223
720575941437927442,720575940637054835,64293
720575941438696748,720575940631903288,49777
720575941459055344,720575940610228186,129680
720575941662441016,720575940610224281,116045
720575941477801793,720575940647423353,63606
720575941519425752,720575940623871928,40702
720575941477760065,720575940625175960,165116
720575941565173814,720575940622542517,77637
720575941463757069,720575940628018691,74569
720575941416736796,720575940624896951,155171
720575941612207533,720575940615630685,564792
720575941481379151,720575940645362467,83832
720575941598734492,720575940622665801,137011
720575941434961038,720575940631082124,919429
720575941481070466,720575940627692048,81741
720575941535525976,720575940627810347,187776
720575941416825372,720575940638190414,164686
720575941452872873,720575940621796973,70259
720575941564022114,720575940628945145,38581
720575941510667280,720575940646521732,17482
720575941484216762,720575940631506463,125406
720575941529614008,720575940615257823,546102
720575941546980788,720575940629559802,52666
720575941466780438,720575940640485109,133318
720575941553075006,720575940637646734,72767
720575941686948108,720575940622310582,82027
720575941432120535,720575940626185244,46458
720575941669225393,720575940621768769,42811
720575941540207389,720575940633374116,121008
720575941537133205,720575940631378755,124238
720575941485014278,720575940628309416,47533
720575941603918009,720575940624468557,101055
720575941548403261,720575940622321663,42678
720575941401416483,720575940617446539,49314
720575941571640734,720575940622431860,78110
720575941610433610,720575940629169095,164420
720575941581329785,720575940628513015,44711
720575941605150398,720575940627883792,94219
720575941662688636,720575940634281442,107162
720575941478637792,720575940613710511,118069
720575941550355774,720575940631289484,19674
720575941624097644,720575940632474425,85254
720575941540504013,720575940626701886,40480
720575941509464530,720575940629090203,64648
720575941601836790,720575940605010609,522955
720575941551198463,720575940614056810,523868
720575941671480487,720575940626800552,97438
720575941598868009,720575940614923314,48333
720575941501832427,720575940619342134,48576
720575941459171398,720575940626850352,52152
720575941670294193,720575940627475203,65350
720575941551992711,720575940621887197,48393
720575941590922536,720575940629484791,65437
720575941432389079,720575940622253704,48315
720575941503830066,720575940605928066,53669
720575941651743729,720575940615451451,60146
720575941572850590,720575940624412222,521631
720575941626330425,720575940640368859,109808
720575941484652354,720575940621041005,170601
720575941436487468,720575940633809783,51588
720575941535135666,720575940618924379,95508
720575941453102643,720575940635835967,38065
720575941436112428,720575940625891472,529436
720575941562319250,720575940628682752,66368
720575941448871093,720575940625729226,98722
720575941468793463,720575940624593982,59681
720575941530920139,720575940612036978,109936
720575941545369524,720575940625655992,36986
720575941573199247,720575940620885598,59381
720575941519301804,720575940628653711,129029
720575941554452196,720575940614675623,105422
720575941473621051,720575940625106584,53121
720575941585629062,720575940613074602,32353
720575941687730956,720575940624020723,106050
720575941611268828,720575940614955304,455618
720575941439962965,720575940631576367,42756
720575941504385340,720575940626200522,65696
720575941605846381,720575940622667155,62764
720575941475252289,720575940631124598,50531
720575941454739437,720575940621792606,121505
720575941486968717,720575940631249147,81474
720575941539121021,720575940612628885,50310
720575941563348370,720575940615660650,27908
720575941515666531,720575940638418621,50081
720575941650695665,720575940605419966,70262
720575941581222265,720575940639235044,42355
720575941599692073,720575940625822809,69272
720575941436092434,720575940650857337,45239
720575941517066899,720575940628744721,57156
720575941490035431,720575940614662815,57805
720575941577501429,720575940631230508,52456
720575941426024532,720575940621791237,129216
720575941618584703,720575940608549385,115151
720575941618246783,720575940623601193,54522
720575941572272635,720575940642052749,97529
720575941598958784,720575940616113514,523818
720575941644267681,720575940606522123,80560
720575941534952474,720575940612553189,56909
720575941453013063,720575940622810119,31526
720575941526917965,720575940624019992,81466
720575941502173323,720575940631356580,70084
720575941604270014,720575940630312954,33948
720575941537859555,720575940616551897,114291
720575941567825266,720575940612762074,236542
720575941554964051,720575940616133186,50368
720575941587375940,720575940611221397,59745
720575941609792586,720575940616230815,71202
720575941686719500,720575940626814512,110613
720575941508582434,720575940626163837,515240
720575941439894479,720575940622927092,82923
720575941485127686,720575940620117895,113745
720575941611443932,720575940633283609,59280
720575941667729651,720575940617390107,73532
720575941643076728,720575940638227072,131821
720575941426049876,720575940635310743,31842
720575941461828804,720575940627506328,32929
720575941631448992,720575940633655694,155386
720575941475361566,720575940617975675,50181
720575941624648074,720575940613630105,48409
720575941491440871,720575940612078102,54244
720575941472966186,720575940638135359,134692
720575941624746954,720575940611526776,106024
720575941669506481,720575940614124906,56638
720575941610518886,720575940634057151,33752
720575941523379787,720575940620743151,46938
720575941412617105,720575940632435999,133496
720575941486270214,720575940627767568,107821
720575941652176345,720575940640032088,93224
720575941544520965,720575940614649581,69427
720575941400008739,720575940632477101,61789
720575941609920745,720575940631378892,54488
720575941661702780,720575940623559523,545069
720575941556898084,720575940621079661,98561
720575941686724620,720575940631254588,33235
720575941458597702,720575940619553518,81031
720575941518234734,720575940613877555,145420
720575941485205133,720575940616031417,42475
720575941656992592,720575940629254518,41693
720575941428829103,720575940645117640,130355
720575941658997528,720575940636529520,27355
720575941449904974,720575940633888211,66683
720575941617780351,720575940630851036,107513
720575941484401730,720575940611439587,82077
720575941491584716,720575940625059586,58258
720575941569196532,720575940607088329,56541
720575941609840970,720575940613283734,104321
720575941496221568,720575940605956896,81332
720575941642779000,720575940611564506,97634
720575941686580342,720575940633360610,531003
720575941685678575,720575940624574537,515973
720575941554589185,720575940625201241,79417
720575941474943786,720575940627546217,95233
720575941587007300,720575940613005791,114281
720575941477632052,720575940646245684,41567
720575941563430824,720575940629580252,541766
720575941595089189,720575940604081836,28866
720575941721185338,720575940604351078,538090
720575941567598962,720575940630334586,34012
720575941456874655,720575940646051694,100060
720575941551062590,720575940622204808,169636
720575941624101002,720575940630914863,48674
720575941645256609,720575940628995884,48123
720575941513913164,720575940621633889,178949
720575941475615041,720575940628188751,86380
720575941551956763,720575940630466346,37009
720575941435115662,720575940607924098,148660
720575941511704908,720575940610311025,52964
720575941531566795,720575940612228630,97862
720575941446466580,720575940629012012,78485
720575941574606696,720575940643740452,35802
720575941643279304,720575940613261795,511803
720575941590982398,720575940618566657,41751
720575941504234149,720575940628778773,138461
720575941652331793,720575940630969939,87442
720575941524725325,720575940627100176,44805
720575941483329789,720575940632219532,149500
720575941652915161,720575940623208269,94773
720575941500799115,720575940616738683,95704
720575941568494894,720575940632556392,155394
720575941628411449,720575940625056266,532403
720575941393183382,720575940618071828,100284
720575941496873289,720575940622024957,535725
720575941475525185,720575940626941928,534434
720575941572041630,720575940638210894,53550
720575941540854045,720575940615856267,556461
720575941525841945,720575940619288198,17011
720575941667722417,720575940614349535,56904
720575941545085445,720575940632528143,135790
720575941440416341,720575940621396115,35130
720575941572467209,720575940633070732,135832
720575941406558382,720575940626390078,542403
720575941485059394,720575940624359241,36415
720575941498888315,720575940611863928,35842
720575941462310032,720575940622668671,31375
720575941624781706,720575940615114914,531402
720575941649827093,720575940616417090,526904
720575941593918827,720575940631292667,520331
720575941430194135,720575940630721150,119159
720575941476969281,720575940625972879,71829
720575941508332560,720575940625033998,518482
720575941483980474,720575940648342905,50639
720575941454629869,720575940618940096,913276
720575941532974002,720575940634166242,16959
720575941444706986,720575940616263436,27017
720575941497669794,720575940622620961,45447
720575941505695767,720575940626288661,27854
720575941484131837,720575940619797126,59026
720575941461949892,720575940630204098,25340
720575941464808022,720575940621228992,98904
720575941561229480,720575940606258110,179361
720575941613501916,720575940617317819,102915
720575941617906559,720575940621535809,70535
720575941526759780,720575940622619018,100764
720575941640569119,720575940608067029,518575
720575941410505583,720575940619198996,142491
720575941471712523,720575940622497791,36202
720575941505019973,720575940619685803,62238
720575941414095505,720575940632005195,58292
720575941623915931,720575940623429645,64055
720575941603354297,720575940621962219,33913
720575941459870534,720575940628545406,63084
720575941590763660,720575940621623393,81848
720575941626786186,720575940648664708,534443
720575941512630348,720575940605173705,529563
720575941505898812,720575940628238479,59056
720575941569817202,720575940637558589,110053
720575941447606709,720575940622419480,516925
720575941541990236,720575940623125491,83730
720575941533763338,720575940620238576,85681
720575941504861207,720575940625702380,534871
720575941730458155,720575940611282611,99884
720575941506407553,720575940623543309,533088
720575941457779526,720575940618789798,96731
720575941554151707,720575940631759052,535198
720575941463745037,720575940623736103,82850
720575941571278408,720575940627287482,515404
720575941680594621,720575940629729787,141759
720575941412288657,720575940606257074,512669
720575941460503622,720575940611905331,153019
720575941639106847,720575940611134833,29469
720575941469436683,720575940629996741,26053
720575941549980671,720575940618829915,533023
720575941475677470,720575940612854378,81551
720575941491166665,720575940629753807,526286
720575941519801710,720575940615928799,99567
720575941619382655,720575940631408557,103448
720575941510284754,720575940614341938,45211
720575941593663595,720575940626607802,72459
720575941629883884,720575940619368768,69195
720575941658119192,720575940638406205,30438
720575941471447159,720575940625488156,180082
720575941485902288,720575940630131919,93287
720575941643287240,720575940638822205,534456
720575941536867570,720575940627358961,85844
720575941391402500,720575940612603176,91237
720575941656879696,720575940625343806,85106
720575941544943365,720575940607167580,43143
720575941495354055,720575940619367105,89956
720575941527766968,720575940630692456,39849
720575941516794796,720575940621632646,177096
720575941515209107,720575940618704689,49208
720575941402677360,720575940605945778,56915
720575941549945343,720575940621215659,527122
720575941470800247,720575940605024386,25270
720575941544177852,720575940626311882,532144
720575941438338322,720575940634285560,238192
720575941703571418,720575940632961376,109167
720575941535540312,720575940629588559,33201
720575941610962762,720575940626214568,525193
720575941486699330,720575940632638108,163234
720575941559254317,720575940620750463,64232
720575941516628908,720575940632876113,57441
720575941593161256,720575940629016364,105852
720575941486444866,720575940614829730,29066
720575941549833249,720575940639383605,15632
720575941520954615,720575940638946805,88258
720575941493009790,720575940604337696,54063
720575941485502726,720575940623145876,95889
720575941574583400,720575940632726436,26019
720575941622377468,720575940610475994,559848
720575941581421151,720575940637119302,102318
720575941525540633,720575940639986877,521604
720575941527264025,720575940640747683,19814
720575941472058635,720575940623010283,102000
720575941466825558,720575940618433073,519010
720575941536618689,720575940629459671,33696
720575941524721410,720575940618186982,530889
720575941544142185,720575940607641867,44411
720575941431241609,720575940634717591,82291
720575941546036872,720575940626257930,30430
720575941537573618,720575940604268972,56035
720575941514558355,720575940604907710,517828
720575941513721593,720575940638927960,55739
720575941534419482,720575940626577490,54538
720575941487096070,720575940626522440,19853
720575941499107041,720575940646508142,516847
720575941432146273,720575940621574109,534524
720575941391387030,720575940626522696,536972
720575941486747970,720575940622964477,25125
720575941554453275,720575940630509098,66510
720575941529929400,720575940618824021,12945
720575941579043665,720575940623737831,59586
720575941628234297,720575940626415121,47899
720575941438521362,720575940630824236,40765
720575941614196755,720575940648360580,14971
720575941666268403,720575940616390237,61689
720575941612107181,720575940628567934,72634
720575941733040427,720575940636961647,58337
720575941557572516,720575940627373913,34181
720575941511236306,720575940622110335,542228
720575941573950472,720575940619949878,195407
720575941450746183,720575940621772148,540251
720575941595114023,720575940611166706,39351
720575941562221458,720575940642426357,28973
720575941545205428,720575940626599953,31490
720575941412591508,720575940637649380,119034
720575941534006538,720575940630109660,189591
720575941578091097,720575940629148163,28761
720575941405094000,720575940617888788,64186
720575941533603562,720575940611600226,530438
720575941454716979,720575940615916594,103183
720575941593389095,720575940612165859,89903
720575941440039647,720575940610075029,93624
720575941473268010,720575940613637374,36017
720575941514014554,720575940624740347,153605
720575941461909715,720575940626875976,124212
720575941446104596,720575940627424072,39356
720575941475235377,720575940632004549,49326
720575941445649066,720575940627941704,74975
720575941489847244,720575940628315925,71989
720575941593419813,720575940628056842,41187
720575941554766490,720575940622333353,63730
720575941524971341,720575940637817670,138318
720575941508524417,720575940655940001,95075
720575941508635664,720575940607838473,40873
720575941486151888,720575940638434749,29566
720575941554660250,720575940639199977,31607
720575941450824007,720575940630017275,55066
720575941691277208,720575940607889877,71973
720575941594487589,720575940604212396,28243
720575941460730579,720575940628787052,73420
720575941428264788,720575940637037540,139914
720575941489420750,720575940618674203,72107
720575941502717122,720575940611509966,129469
720575941651770897,720575940606198449,51604
720575941644979656,720575940616133442,56919
720575941436549676,720575940627305833,117069
720575941558054671,720575940615966918,84051
720575941436390188,720575940629877266,118368
720575941542980101,720575940638796102,97409
720575941593451047,720575940611750618,82870
720575941525972646,720575940605816288,154572
720575941544565097,720575940640729216,22272
720575941524957028,720575940616341563,47326
720575941506534178,720575940626806012,40500
720575941482045693,720575940616735675,88833
720575941439828059,720575940637453545,70738
720575941534271064,720575940639126104,43094
720575941572046345,720575940612741799,119558
720575941505150743,720575940631275863,118513
720575941573683087,720575940610576708,38313
720575941629107170,720575940630581323,38240
720575941504401317,720575940620016251,70115
720575941400000291,720575940638138601,140523
720575941480231107,720575940629455415,111245
720575941414712604,720575940639800910,152297
720575941497318625,720575940613708967,51633
720575941666505459,720575940630996754,128161
720575941517708142,720575940601206499,128768
720575941517462232,720575940625652972,76366
720575941558097679,720575940633436823,146421
720575941533268056,720575940618366528,113100
720575941660590392,720575940625480250,146357
720575941653813465,720575940649752441,114574
720575941526465026,720575940615907902,93905
720575941484142733,720575940619792566,80967
720575941638621301,720575940617932101,87830
720575941508470288,720575940636049775,84478
720575941623810442,720575940627564135,59514
720575941631359392,720575940653367030,104132
720575941561774893,720575940620475339,129919
720575941526055846,720575940622408542,60211
720575941558126863,720575940650137977,146145
720575941508585744,720575940627168003,71041
720575941403059056,720575940651404278,29865
720575941555372289,720575940629850895,92216
720575941452672563,720575940624514547,133181
720575941481138630,720575940631912495,109766
720575941458084422,720575940623532873,101863
720575941472014944,720575940619470256,156593
720575941481090467,720575940623941134,32790
720575941560732717,720575940605042609,25298
720575941353115440,720575940617944379,37182
720575941514078810,720575940608938076,83215
720575941575817359,720575940632619880,34892
720575941497795913,720575940632789933,66958
720575941438448213,720575940628504337,153665
720575941515827971,720575940630912556,190271
720575941548225652,720575940638607167,103008
720575941551993735,720575940617779781,78507
720575941577354577,720575940619689024,78087
720575941644518049,720575940648939897,23890
720575941597148864,720575940618962136,123089
720575941476808810,720575940624838899,27300
720575941448695886,720575940624321865,107858
720575941689075608,720575940615392618,51202
720575941564280374,720575940621507437,49992
720575941512258892,720575940624362227,77177
720575941644177490,720575940622124680,60160
720575941447874229,720575940620625067,114793
720575941486125008,720575940625631896,58799
720575941410923119,720575940611902674,75527
720575941544366780,720575940633618272,101873
720575941537147797,720575940613118760,97899
720575941637268597,720575940628894402,99628
720575941500281995,720575940622388918,49086
720575941590078860,720575940617111513,124325
720575941437101612,720575940620075600,85850
720575941552245787,720575940633087535,52217
720575941504526396,720575940629082359,50741
720575941473084714,720575940606577865,130953
720575941476713322,720575940610202069,82836
720575941410915951,720575940623690471,69741
720575941469404023,720575940620382923,67010
720575941490004277,720575940619665019,37661
720575941460598160,720575940647066932,114444
720575941670167985,720575940638144484,52737
720575941498391009,720575940616134612,57925
720575941645317793,720575940630464824,72873
720575941611205450,720575940627426971,48927
720575941509427666,720575940634344217,147587
720575941577837301,720575940617866385,141931
720575941574817384,720575940611495214,80104
720575941438470741,720575940620002068,78528
720575941542638365,720575940629161371,96566
720575941469716747,720575940633201828,117716
720575941484828934,720575940634414999,120898
720575941643440033,720575940626510789,97792
720575941450884679,720575940626481964,121762
720575941454764525,720575940612290969,98026
720575941631420320,720575940630995340,137294
720575941459898564,720575940628343173,176895
720575941508453136,720575940625143396,50297
720575941524945410,720575940620077617,41409
720575941623707594,720575940605242242,38298
720575941571664712,720575940619398981,154065
720575941601988854,720575940635960183,46963
720575941530788069,720575940613479074,53842
720575941598922908,720575940627077834,56476
720575941626150508,720575940622660490,34049
720575941525141348,720575940615404812,50950
720575941629141474,720575940611764451,99454
720575941642433874,720575940643192205,115084
720575941502814258,720575940624885429,137594
720575941595352101,720575940609643531,112134
720575941668013745,720575940633683757,135185
720575941392220932,720575940628431222,122608
720575941624218826,720575940624363817,32530
720575941469179511,720575940627566213,102108
720575941605685613,720575940615893249,39745
720575941436339244,720575940638607326,101398
720575941533381810,720575940606062002,156440
720575941393646742,720575940646547844,54457
720575941563465826,720575940616999541,130105
720575941661142584,720575940609937762,45804
720575941406699311,720575940608907100,59563
720575941430417111,720575940655155105,82400
720575941552649882,720575940633908148,39125
720575941563430407,720575940633726862,106391
720575941594116465,720575940631516690,157856
720575941481931194,720575940632412175,152956
720575941471919456,720575940631166208,126832
720575941469344631,720575940641057744,140822
720575941546410376,720575940626220588,149027
720575941490700341,720575940616239060,113013
720575941687276812,720575940624703979,151364
720575941481403555,720575940637328447,50682
720575941525433956,720575940629435497,123390
720575941515072147,720575940645022260,41080
720575941459184543,720575940619538880,60696
720575941525387289,720575940623849196,90306
720575941534237450,720575940611964053,88129
720575941638670367,720575940631172665,110155
720575941465792534,720575940624756408,130865
720575941446213396,720575940607786251,131498
720575941538738813,720575940611297433,53929
720575941610569062,720575940638212942,64423
720575941588975614,720575940634086295,108724
720575941580079993,720575940624999114,66269
720575941534163393,720575940639560867,130342
720575941610215142,720575940605384736,115893
720575941642979960,720575940633548499,86143
720575941630286316,720575940623544551,147779
720575941472966698,720575940621127851,103982
720575941550135357,720575940609539267,69345
720575941615875285,720575940622364254,86123
720575941641908069,720575940622486057,90856
720575941574242742,720575940627794449,123947
720575941439744347,720575940632149217,38572
720575941594876037,720575940618181606,144885
720575941486688006,720575940629856312,113042
720575941505765761,720575940620263558,76465
720575941576684121,720575940623212988,36481
720575941457055728,720575940613990706,89375
720575941567893550,720575940627047912,30134
720575941689039323,720575940630692906,43979
720575941434331424,720575940628959208,51058
720575941504581797,720575940607766229,48857
720575941599718697,720575940616865058,69493
720575941650294037,720575940636074853,128364
720575941564928822,720575940633766495,74995
720575941469631499,720575940630644547,55565
720575941668075953,720575940617763707,60347
720575941475494430,720575940612657010,124168
720575941613674393,720575940638575192,158741
720575941476235316,720575940629784108,122739
720575941525072973,720575940638300388,126503
720575941525096548,720575940624487268,64745
720575941553803091,720575940612451223,108564
720575941465029462,720575940625997258,137286
720575941481899261,720575940614473414,129076
720575941503613675,720575940616618897,88033
720575941534191041,720575940624556263,154939
720575941478841474,720575940647416708,143604
720575941489133769,720575940616915468,134574
720575941504576828,720575940613967839,122038
720575941462375568,720575940616069682,149281
720575941537398258,720575940638156772,121154
720575941545489513,720575940630622713,111749
720575941554494948,720575940635980139,107379
720575941543084317,720575940616047249,25617
720575941448767822,720575940622638691,103460
720575941506645086,720575940633453485,122146
720575941650801649,720575940609826884,120320
720575941479079075,720575940616968059,56398
720575941562886656,720575940620368043,123201
720575941486434310,720575940621194561,110365
720575941540503933,720575940632093800,43630
720575941559678479,720575940621263553,116913
720575941535888867,720575940626636176,89892
720575941528127416,720575940625844664,65304
720575941547543073,720575940624595893,59911
720575941613699481,720575940630920412,96030
720575941656914712,720575940619597878,51464
720575941550832702,720575940632032360,122927
720575941517456856,720575940617097814,157506
720575941662488632,720575940627314009,44184
720575941484733069,720575940635940447,83598
720575941610870886,720575940616934203,107117
720575941651136789,720575940624558012,72213
720575941432156513,720575940636126831,74091
720575941481200326,720575940643520160,142529
720575941568988666,720575940626899305,70889
720575941553175194,720575940624140732,60416
720575941448371293,720575940635500223,108319
720575941429418671,720575940638698880,60673
720575941571726664,720575940627621501,92215
720575941626281580,720575940622805431,44380
720575941688757772,720575940608193475,69999
720575941529294468,720575940608186307,67612
720575941564861494,720575940659358849,49182
720575941570538398,720575940616476884,52274
720575941566351414,720575940638977341,43417
720575941602182585,720575940632358674,127269
720575941488057808,720575940629317436,58459
720575941525451545,720575940613264662,155516
720575941518687660,720575940631014487,134588
720575941439849439,720575940607390421,45087
720575941535660737,720575940631367439,114965
720575941434199072,720575940639362869,49955
720575941489966311,720575940619453318,122016
720575941448001461,720575940626344741,116791
720575941457082352,720575940618752853,122881
720575941540059597,720575940621543533,55957
720575941533022808,720575940631256271,56033
720575941460426948,720575940635211365,106245
720575941555378084,720575940627862415,127304
720575941537408242,720575940612365464,111714
720575941548245053,720575940627020069,62458
720575941496389243,720575940626665128,118003
720575941412708719,720575940633973529,166304
720575941642499922,720575940622908745,121148
720575941454785005,720575940622620874,125846
720575941469475703,720575940629761146,100924
720575941554589412,720575940642459021,111964
720575941548240957,720575940624903753,44510
720575941572724637,720575940650521209,101072
720575941434103182,720575940627206140,42642
720575941475531806,720575940610585208,110386
720575941652078577,720575940618003515,21234
720575941572717576,720575940605306726,125440
720575941454768877,720575940631186596,132079
720575941582780255,720575940615794335,30890
720575941562886546,720575940610120405,45776
720575941574951016,720575940618458461,17945
720575941656984600,720575940624815079,122333
720575941473764667,720575940617407705,102845
720575941593793387,720575940620337012,29757
720575941573819791,720575940638839529,108822
720575941516218259,720575940626851632,38927
720575941644596129,720575940642843848,36242
720575941475558942,720575940622570083,38861
720575941563823762,720575940623769783,19842
720575941653284825,720575940603596972,41769
720575941497330657,720575940608565003,150568
720575941437046034,720575940604885350,57108
720575941639521909,720575940627844943,59028
720575941615645653,720575940612299571,49789
720575941490177511,720575940622796808,55860
720575941721547322,720575940632462417,54497
720575941517220780,720575940621334989,50963
720575941552068743,720575940628460968,72214
720575941548764532,720575940636286298,55208
720575941689245336,720575940603402412,48143
720575941689681560,720575940624331312,20303
720575941392737174,720575940636077413,48928
720575941550649406,720575940611489754,43189
720575941530905317,720575940632357187,70622
720575941453296179,720575940629401655,30080
720575941652129241,720575940633947128,48923
720575941722612538,720575940629141863,62596
720575941475541563,720575940651521782,47453
720575941515434330,720575940635531674,42911
720575941624387018,720575940621454501,48546
720575941607244397,720575940633698970,26154
720575941624531308,720575940648554116,66784
720575941506978433,720575940630119224,37485
720575941476285505,720575940630755385,36421
720575941686960908,720575940619895679,111381
720575941577785169,720575940618069077,112231
720575941429340920,720575940630308967,93824
720575941651817745,720575940630088955,41376
720575941563639815,720575940612236241,24784
720575941590222590,720575940632851993,57850
720575941651589397,720575940640554741,61410
720575941639518239,720575940615457851,29119
720575941448513373,720575940612971157,29315
720575941668479475,720575940616156992,32336
720575941609704937,720575940622320637,68541
720575941518532012,720575940626972676,54741
720575941631134405,720575940611055310,342387
720575941685943023,720575940616177949,59990
720575941588581700,720575940623089446,76480
720575941462813328,720575940623160583,31439
720575941636998517,720575940646209059,110224
720575941456797168,720575940608720137,123386
720575941526111234,720575940630246555,103518
720575941623995338,720575940617654673,75618
720575941524810754,720575940637757929,123809
720575941624331658,720575940631015255,201512
720575941563318114,720575940619710293,156660
720575941511902028,720575940637797609,115065
720575941601983990,720575940615147571,107303
720575941490936780,720575940630641208,28118
720575941518736088,720575940614395538,38000
720575941610448742,720575940629592571,48606
720575941521263607,720575940623021897,121093
720575941438661164,720575940616839380,30509
720575941688976792,720575940612788008,66612
720575941534616152,720575940624244922,25636
720575941484902978,720575940627784945,77263
720575941574687592,720575940632879841,107105
720575941448344245,720575940605353905,105725
720575941651731473,720575940609663812,117871
720575941554276068,720575940619496640,42288
720575941478281834,720575940629379194,126570
720575941577672949,720575940611882725,84580
720575941456826608,720575940628138005,91158
720575941613646044,720575940614582765,59515
720575941436240672,720575940644500640,68315
720575941489076425,720575940608498699,46944
720575941573367048,720575940645592628,104419
720575941563799047,720575940625824899,115636
720575941576716633,720575940642105248,36341
720575941433341710,720575940625662360,47058
720575941516830636,720575940628953559,91204
720575941558515501,720575940632715234,28945
720575941583256159,720575940603672032,60336
720575941461285843,720575940604381886,81292
720575941498895177,720575940621953133,39520
720575941444453802,720575940624537240,52597
720575941544540521,720575940619927105,55671
720575941732710443,720575940622413552,42754
720575941401508131,720575940618213103,66685
720575941463750413,720575940610219618,45394
720575941655632340,720575940626488914,50719
720575941473003562,720575940614052970,46256
720575941547527860,720575940619414918,103021
720575941429294985,720575940630577450,59322
720575941457388272,720575940617983355,72228
720575941548179060,720575940633298380,82421
720575941650037269,720575940611550426,30566
720575941544550068,720575940621088244,51999
720575941537334755,720575940623787533,75966
720575941658640976,720575940617017305,85628
720575941488577077,720575940613586498,46487
720575941493233790,720575940615151870,101152
720575941597304768,720575940609221641,80394
720575941626133817,720575940623088678,33019
720575941537088149,720575940639585112,77723
720575941504327077,720575940634785460,42706
720575941534110730,720575940627343997,156576
720575941521293815,720575940631773523,37612
720575941484536642,720575940622981193,86447
720575941679255485,720575940633605345,142172
720575941577866577,720575940626670620,69448
720575941533165802,720575940628110854,93390
720575941631859387,720575940646063895,60113
720575941555436452,720575940618079956,59067
720575941666361075,720575940634604895,83500
720575941588847870,720575940615481461,72025
720575941442114767,720575940614326499,27946
720575941481232070,720575940629524780,41371
720575941639216927,720575940606595518,78558
720575941391216022,720575940637104710,89255
720575941568070770,720575940605934112,55129
720575941476826929,720575940633394783,58535
720575941505120050,720575940621157140,75676
720575941559734510,720575940628126571,112812
720575941431311630,720575940616741121,33210
720575941686930038,720575940640753104,149903
720575941551870855,720575940621365313,150144
720575941576812889,720575940628311306,79872
720575941514153059,720575940625180803,35549
720575941553260954,720575940623522915,61281
720575941403052912,720575940612627106,34984
720575941590581502,720575940627814281,36867
720575941401613091,720575940632401804,38360
720575941469941771,720575940616735489,30207
720575941431279118,720575940637718094,111293
720575941481886717,720575940616712278,76312
720575941564885095,720575940628636098,66630
720575941688800731,720575940617654341,35876
720575941469682443,720575940631305467,68852
720575941533420675,720575940637731955,35587
720575941506792471,720575940624265511,21993
720575941434061856,720575940653998497,104051
720575941472025696,720575940632574253,76759
720575941614833817,720575940624999370,54517
720575941589610124,720575940624483012,36681
720575941548442685,720575940624970933,47642
720575941595468325,720575940614180333,106223
720575941550260084,720575940618543873,107259
720575941631459308,720575940621777449,35500
720575941480077251,720575940639695805,56772
720575941572376059,720575940633218863,21336
720575941534802881,720575940632414738,60413
720575941476691562,720575940615637846,39264
720575941490904012,720575940634451311,58493
720575941519433139,720575940621371557,46145
720575941640573727,720575940624488781,37772
720575941436474156,720575940620086622,35659
720575941554393060,720575940629078011,38881
720575941564214528,720575940658141057,26800
720575941535714280,720575940627675497,32661
720575941414665876,720575940620199284,37503
720575941403071088,720575940623255369,86507
720575941486121869,720575940628846577,67720
720575941573142198,720575940650416249,27916
720575941496105289,720575940625752451,42265
720575941547571517,720575940624961667,33904
720575941436057874,720575940617189094,24172
720575941642903416,720575940619000815,59811
720575941431298318,720575940610949034,43518
720575941613640156,720575940624140424,13679
720575941703302874,720575940611934674,38324
720575941545498292,720575940612432021,97448
720575941594058353,720575940627349578,77538
720575941508564865,720575940652650486,106911
720575941611529389,720575940621946288,39422
720575941429345711,720575940614492968,176056
720575941624363372,720575940635909227,74120
720575941571827272,720575940614082194,56550
720575941453005383,720575940631188039,52865
720575941558561139,720575940653770913,48679
720575941483943421,720575940619276459,29959
720575941436636946,720575940619986676,59999
720575941606009453,720575940629137231,96352
720575941575823286,720575940631087431,55533
720575941506447013,720575940608076210,37245
720575941611524060,720575940625162754,61099
720575941564904551,720575940625313881,56803
720575941459357139,720575940608601412,73832
720575941587259204,720575940617859288,50693
720575941645222520,720575940614066399,53160
720575941583985759,720575940624123536,56267
720575941431444577,720575940622524148,46873
720575941554693018,720575940635341980,74599
720575941668001457,720575940648920953,45606
720575941411046767,720575940634040312,58178
720575941645251704,720575940622638153,43242
720575941516926936,720575940637761112,54235
720575941518988471,720575940628181992,119204
720575941496548731,720575940640369883,51332
720575941483821242,720575940626082855,55313
720575941399983395,720575940626611026,54372
720575941450895687,720575940615676127,47979
720575941609291082,720575940623676600,31162
720575941568736500,720575940641251792,63110
720575941553709651,720575940606992395,42358
720575941403107952,720575940634821733,57192
720575941562466706,720575940631414223,60635
720575941517218476,720575940613054887,33001
720575941439711835,720575940633400986,149488
720575941609289290,720575940621954157,45782
720575941661738364,720575940619422854,114072
720575941401905955,720575940620939685,40766
720575941524937730,720575940628584954,55126
720575941439555007,720575940624977338,28375
720575941547956797,720575940624013287,24253
720575941535055848,720575940614330258,28031
720575941481376847,720575940632787863,41152
720575941658397264,720575940641240205,34901
720575941573041929,720575940623235622,128686
720575941603056318,720575940604212838,47504
720575941558311795,720575940637911118,41099
720575941685783535,720575940608581188,62693
720575941602013430,720575940633165337,98029
720575941452557619,720575940606173630,54626
720575941613581331,720575940630822108,93090
720575941642602360,720575940631086151,47016
720575941520938487,720575940630683729,56483
720575941511647564,720575940628915718,67807
720575941609448937,720575940629531139,80145
720575941533093354,720575940631048279,97475
720575941643454113,720575940623138708,60680
720575941638665247,720575940635018335,137458
720575941595675292,720575940624448492,88353
720575941559551247,720575940626553596,21225
720575941559433005,720575940615758130,98238
720575941488529461,720575940632429794,97534
720575941513577721,720575940629941291,28100
720575941535162344,720575940640189659,49809
720575941577332213,720575940618769345,58004
720575941567463412,720575940613386994,33944
720575941475256884,720575940624354125,72162
720575941488835785,720575940624499947,94567
720575941643594696,720575940644282528,140677
720575941479038371,720575940624142020,49295
720575941508461406,720575940620371249,66639
720575941566670074,720575940641634100,88005
720575941488992457,720575940640218941,47222
720575941613406172,720575940633345561,98425
720575941547915581,720575940624712906,63961
720575941505689404,720575940610483930,47077
720575941671000743,720575940622084774,53482
720575941514374803,720575940625553795,52741
720575941661790776,720575940614646495,51453
720575941513987331,720575940628693248,536368
720575941574865000,720575940627179389,105304
720575941480786630,720575940621582830,61989
720575941639377695,720575940618275520,25584
720575941525998105,720575940622626539,37941
720575941554464740,720575940615967377,19608
720575941567841138,720575940616630713,82817
720575941475148596,720575940623283687,54748
720575941498075465,720575940619687217,67657
720575941609302249,720575940632125410,61148
720575941563779991,720575940640775843,86613
720575941558615667,720575940616595515,148832
720575941643276449,720575940607896009,23218
720575941573570703,720575940616989964,25463
720575941559622957,720575940618703700,150902
720575941623777900,720575940609585250,65843
720575941498035874,720575940630812022,142015
720575941434838670,720575940627322923,39289
720575941609806569,720575940627305658,29103
720575941412597140,720575940637848179,52314
720575941509262546,720575940610816881,111032
720575941535812033,720575940621011696,124458
720575941506654814,720575940617969937,112750
720575941688864475,720575940629209287,125024
720575941498062754,720575940625832804,120175
720575941534806810,720575940630645729,129914
720575941552608666,720575940628726787,129461
720575941526095782,720575940644084503,40298
720575941430303841,720575940640935309,97344
720575941599661097,720575940625167852,41166
720575941530832869,720575940623440639,90321
720575941701451482,720575940630851644,63658
720575941591198760,720575940635276895,146248
720575941639527797,720575940636110943,142263
720575941507181662,720575940635070143,149188
720575941624432236,720575940624513427,153308
720575941428670968,720575940627545731,575476
720575941590202423,720575940634652023,53816
720575941558647923,720575940617861755,120943
720575941437682143,720575940629121527,48341
720575941443321258,720575940626729349,39551
720575941546433160,720575940635093785,126330
720575941611607260,720575940606920578,126710
720575941591871851,720575940635233471,154130
720575941512223953,720575940617810004,139286
720575941609790697,720575940618214360,44448
720575941541125724,720575940617729977,55100
720575941552003463,720575940640682611,132684
720575941439947867,720575940627066884,38101
720575941541477917,720575940632533864,54887
720575941563864471,720575940615630934,115673
720575941631208389,720575940630706683,122607
720575941506592641,720575940622010956,122790
720575941490070734,720575940640133053,67895
720575941468551645,720575940609496782,69141
720575941479120291,720575940620714479,132570
720575941528165304,720575940628266578,99410
720575941476802154,720575940627466066,131337
720575941584585950,720575940627501445,165922
720575941593398311,720575940631697000,98235
720575941671445927,720575940615721309,142979
720575941486278864,720575940631247932,68108
720575941627962150,720575940627124746,116257
720575941475735601,720575940619067045,72706
720575941589758860,720575940619359408,149992
720575941611917158,720575940634720248,85143
720575941482001850,720575940615088894,138214
720575941653263577,720575940658755201,52197
720575941538633677,720575940621281485,63149
720575941572512763,720575940628627432,89826
720575941649570837,720575940629295888,64011
720575941688794742,720575940622650808,36932
720575941591507852,720575940633744820,21565
720575941479754464,720575940625821332,74477
720575941448185934,720575940621807599,13574
720575941490580021,720575940610499570,16021
720575941487303120,720575940624103960,515064
720575941351470128,720575940622050781,27168
720575941431268193,720575940610494510,18311
720575941406854447,720575940639831411,96469
720575941587403844,720575940621203489,53096
720575941438752044,720575940642288269,107071
720575941434330912,720575940616149249,86986
720575941433795726,720575940625820293,50243
720575941545234793,720575940620606061,112142
720575941599076905,720575940627895056,49593
720575941514259290,720575940626392701,68576
720575941548429684,720575940624335909,39137
720575941643351457,720575940628253266,210753
720575941566059318,720575940627796996,122744
720575941574766518,720575940638772038,98669
720575941410809711,720575940632766824,46877
720575941624128714,720575940620882270,40810
720575941625698186,720575940616267462,120317
720575941689110168,720575940619700859,51872
720575941526169254,720575940621836397,221606
720575941498076834,720575940626188848,235387
720575941485332742,720575940614740655,350714
720575941558567539,720575940612102754,210489
720575941582466399,720575940631237420,138428
720575941609660393,720575940630832428,245841
720575941536620314,720575940619469409,54492
720575941564496018,720575940639730365,545563
720575941522430967,720575940635818175,34877
720575941611943398,720575940645190510,37160
720575941653340889,720575940629188140,29406
720575941510290448,720575940638625443,97065
720575941546666376,720575940645288740,73812
720575941563715426,720575940619616123,150702
720575941611660390,720575940621659046,41315
720575941429600393,720575940648026756,91839
720575941461113540,720575940637576037,53986
720575941450104910,720575940639872821,49449
720575941506838085,720575940612000405,50946
720575941496944763,720575940632824780,84262
720575941562476434,720575940627887888,107876
720575941589055742,720575940610396718,103314
720575941567856884,720575940622966506,115142
720575941429579913,720575940604839084,108639
720575941666585843,720575940626211472,20627
720575941591326760,720575940636731247,62797
720575941510349584,720575940633215327,49871
720575941587449924,720575940631212115,47599
720575941619967359,720575940628438544,20367
720575941610560358,720575940620433846,88982
720575941429552009,720575940630541050,47032
720575941533530546,720575940628023296,62529
720575941643911250,720575940613668778,56861
720575941530938597,720575940628632064,58228
720575941566793774,720575940625893834,24854
720575941586295174,720575940621961741,36768
720575941470212928,720575940622489235,27211
720575941526456486,720575940624050407,76039
720575941666613747,720575940621260052,30714
720575941500440715,720575940611576729,80504
720575941508851472,720575940604324017,38017
720575941624552586,720575940619249061,42508
720575941573614587,720575940639057240,22248
720575941513994339,720575940609228245,30866
720575941475609630,720575940604121278,156124
720575941536172259,720575940607718101,44930
720575941604122102,720575940645919284,50875
720575941533437930,720575940626070714,189882
720575941597393344,720575940629664847,93075
720575941573063069,720575940603860000,28608
720575941465421142,720575940613478678,134589
720575941568266228,720575940631353898,54031
720575941687089164,720575940615630247,96981
720575941637710197,720575940626477208,95099
720575941439946325,720575940620695243,517345
720575941564748178,720575940625216202,100103
720575941659550800,720575940635295584,76948
720575941470328640,720575940625031426,22260
720575941460226886,720575940624359093,25031
720575941652111377,720575940628454522,530029
720575941538896765,720575940606137772,14977
720575941642079845,720575940620877147,515722
720575941484999565,720575940623828884,512268
720575941723807546,720575940628552247,26416
720575941409801131,720575940640987776,40633
720575941451397191,720575940616040153,40437
720575941657211928,720575940609548920,42815
720575941546048692,720575940629464049,537809
720575941687263350,720575940618824256,514121
720575941574654203,720575940625665405,15416
720575941520523447,720575940615351970,514975
720575941465715030,720575940610485145,41690
720575941516280163,720575940614808883,138259
720575941550596095,720575940633178764,55595
720575941721719098,720575940622511507,514123
720575941688026607,720575940618064950,84834
720575941593764645,720575940628462588,531187
720575941662014776,720575940627846955,88164
720575941508912656,720575940622280447,515304
720575941466046486,720575940637122111,58265
720575941536032232,720575940621337880,47450
720575941451781801,720575940617984212,100316
720575941565951847,720575940632640737,72262
720575941486259778,720575940635082091,86983
720575941457630111,720575940624624392,87843
720575941631434437,720575940644521582,535233
720575941562846888,720575940627974174,38711
720575941515636371,720575940628290618,134960
720575941564655158,720575940640204733,61192
720575941453181255,720575940622732266,560574
720575941686419439,720575940633272147,110906
720575941473957947,720575940623132612,103428
720575941610587110,720575940619668696,170673
720575941403315312,720575940618627669,109846
720575941400332579,720575940604192992,141606
720575941568671220,720575940635365527,75099
720575941448663901,720575940644950216,36974
720575941497584353,720575940623789823,72123
720575941657318168,720575940622908941,118502
720575941562622098,720575940639806909,96117
720575941576838760,720575940617471259,514372
720575941631499717,720575940619425158,86478
720575941548168072,720575940623307303,531169
720575941470040843,720575940607902682,78739
720575941502337111,720575940631760441,64344
720575941412905105,720575940637432944,105829
720575941503151298,720575940621038006,116016
720575941391491588,720575940632783673,116706
720575941536122088,720575940623356040,28217
720575941408133294,720575940608187314,63659
720575941558714127,720575940620759136,132004
720575941457294576,720575940631599980,60203
720575941668331953,720575940633929908,61948
720575941564631394,720575940621545194,72367
720575941415121180,720575940620237648,33244
720575941485107522,720575940644612900,60009
720575941573068701,720575940622739725,80906
720575941448667229,720575940611730642,52130
720575941642868050,720575940619889729,88922
720575941657270808,720575940616423366,107361
720575941669734321,720575940614727678,92355
720575941610087401,720575940624051381,91065
720575941560153971,720575940624067563,147405
720575941439748699,720575940628223570,123760
720575941652189457,720575940632611399,71382
720575941594413425,720575940630298471,88324
720575941448627037,720575940636749167,63227
720575941475686961,720575940629098878,108854
720575941490029004,720575940623554311,157605
720575941525453412,720575940614930107,55272
720575941574358927,720575940628030738,94283
720575941572999419,720575940629472638,108235
720575941662046332,720575940627009944,74830
720575941549487476,720575940633502125,147985
720575941611911388,720575940626012493,95811
720575941637984629,720575940621843382,104519
720575941552326279,720575940603339232,94866
720575941612691558,720575940629179898,20600
720575941476335668,720575940642561243,73803
720575941622863868,720575940620028982,818993
720575941505868055,720575940618700248,112775
720575941558932083,720575940623091299,63786
720575941603630014,720575940618946358,106339
720575941668743923,720575940632181585,55677
720575941657333016,720575940622493320,102769
720575941503158834,720575940615262358,95128
720575941536348643,720575940632631889,131998
720575941411445615,720575940631046999,90900
720575941572793083,720575940631896376,131351
720575941564721718,720575940619005575,64720
720575941490107367,720575940614991997,112150
720575941462441997,720575940649361785,118929
720575941413109140,720575940626489644,117586
720575941577323097,720575940646927924,140647
720575941631713184,720575940624932280,106901
720575941429718447,720575940620591494,104014
720575941564694582,720575940621422774,106480
720575941439436991,720575940642699976,122939
720575941490341863,720575940628158407,62426
720575941446537236,720575940612100314,154376
720575941457688223,720575940613445101,83454
720575941474247722,720575940641216384,119570
720575941451278407,720575940621229702,110363
720575941515462905,720575940612125914,81008
720575941653606617,720575940615611148,102380
720575941489358793,720575940612909037,143138
720575941506949154,720575940635000215,129450
720575941479086210,720575940609998802,131075
720575941481638342,720575940616343967,236248
720575941558724334,720575940621931297,130862
720575941466115606,720575940621601268,130548
720575941628252985,720575940635491758,114002
720575941545257148,720575940629301442,68953
720575941574120079,720575940621619382,103303
720575941611967452,720575940635463275,143060
720575941440650325,720575940630982711,96265
720575941590612478,720575940612398515,57918
720575941612965139,720575940620249173,127245
720575941666950131,720575940628241649,40825
720575941447664660,720575940617540411,104239
720575941631771040,720575940637682573,134558
720575941624783724,720575940616248991,129183
720575941489423049,720575940620589136,152737
720575941505696316,720575940631997752,105499
720575941622926332,720575940626621898,142237
720575941668426161,720575940641648436,86578
720575941409746603,720575940615239285,98911
720575941574285711,720575940630249846,104990
720575941575413352,720575940616731665,95390
720575941426287188,720575940620771937,115131
720575941565345639,720575940618939469,123419
720575941563874658,720575940633641186,110453
720575941578379345,720575940645020526,98193
720575941436975404,720575940625668878,88815
720575941497633353,720575940621617391,86697
720575941624224411,720575940624388756,106916
720575941687335798,720575940631570733,108099
720575941595217541,720575940626315085,306289
720575941527729284,720575940609453013,271794
720575941539018621,720575940635154076,27423
720575941537612530,720575940622216709,151872
720575941508224897,720575940621437019,135270
720575941543190045,720575940625063356,16016
720575941446744596,720575940618961773,70790
720575941430785633,720575940626944286,94669
720575941459803859,720575940622199164,86733
720575941644033224,720575940626101450,81494
720575941651251441,720575940620674287,79885
720575941490448359,720575940620659053,63657
720575941410854571,720575940609782997,123269
720575941535198746,720575940609079819,60013
720575941655370196,720575940617374950,132019
720575941650535957,720575940632240465,105841
720575941517451692,720575940632414350,78475
720575941552620827,720575940617174758,92141
720575941485151298,720575940632666705,169181
720575941670106279,720575940632593735,108516
720575941616183509,720575940630283068,94587
720575941630753004,720575940631975505,104218
720575941602455737,720575940618058982,128555
720575941541362524,720575940630756712,131070
720575941489064757,720575940624706452,110506
720575941689319131,720575940623316749,57055
720575941466929238,720575940631620318,102343
720575941572883963,720575940620611866,105570
720575941644815048,720575940620054101,80702
720575941571074206,720575940616832373,139392
720575941540803453,720575940622036044,77346
720575941453599027,720575940645524846,84762
720575941489433289,720575940631827256,97752
720575941407108399,720575940632695204,64256
720575941533818712,720575940634954009,90763
720575941558762020,720575940611216867,51920
720575941552497031,720575940639650126,122827
720575941689477528,720575940604487968,106788
720575941562723218,720575940617999680,113496
720575941516096003,720575940606212786,58311
720575941597059996,720575940619531072,203010
720575941688493686,720575940650717305,121932
720575941553096346,720575940628921162,92719
720575941413138324,720575940629549178,134052
720575941654166996,720575940638428998,107945
720575941449207886,720575940628382026,162197
720575941629829090,720575940621438964,98115
720575941511328210,720575940629971500,512638
720575941688578316,720575940621774830,22102
720575941529971403,720575940617284539,21101
720575941626733881,720575940609274819,112186
720575941603828670,720575940616293087,74419
720575941564811574,720575940645422884,136059
720575941558889198,720575940620279131,104607
720575941595917957,720575940638518325,118529
720575941351717168,720575940634834330,125123
720575941504964517,720575940630548055,132532
720575941553823111,720575940619245191,81078
720575941550751231,720575940637591622,34443
720575941607857517,720575940635679127,575914
720575941450704762,720575940628484201,519975
720575941470553920,720575940628546888,55629
720575941438636562,720575940612812434,27904
720575941480731075,720575940627782479,84913
720575941553741191,720575940629993167,23852
720575941654178004,720575940620459284,37305
720575941594580593,720575940625472345,31636
720575941533149669,720575940628138319,40304
720575941624955018,720575940629713743,120052
720575941554233171,720575940631306538,122044
720575941515373971,720575940622010700,197153
720575941721872442,720575940623788012,100746
720575941631973792,720575940629280586,96836
720575941626342201,720575940607583939,102151
720575941574289807,720575940616748817,96300
720575941548327713,720575940637536397,121244
720575941539085005,720575940629107984,123750
720575941662260092,720575940643705248,141719
720575941450683258,720575940630131456,116697
720575941593145384,720575940625623994,30436
720575941471729472,720575940613616150,22451
720575941528556984,720575940645730852,64355
720575941575964264,720575940639051078,64219
720575941619337343,720575940620167896,22420
720575941430797409,720575940631307212,118785
720575941545123433,720575940631653317,53179
720575941657743184,720575940629329212,46718
720575941492045031,720575940631728175,33059
720575941638702197,720575940622683561,71775
720575941595708455,720575940648731513,121571
720575941576543848,720575940617822301,14792
720575941602703350,720575940627692677,60028
720575941632353260,720575940622368294,535134
720575941689278683,720575940623446092,87853
720575941583229023,720575940618569885,122034
720575941691341720,720575940611396266,18402
720575941491191753,720575940625746709,43599
720575941595334533,720575940608915211,72180
720575941655152345,720575940609518946,47273
720575941642276453,720575940648290937,33476
720575941529166468,720575940622235272,58357
720575941462555917,720575940630875752,140676
720575941512637772,720575940644466711,19889
720575941589286468,720575940632889145,21173
720575941515346778,720575940620774405,53191
720575941553773191,720575940631214556,51252
720575941633181115,720575940633104992,30880
720575941480342496,720575940609871224,71670
720575941514733561,720575940615238075,35929
720575941623031036,720575940639230180,516793
720575941407215151,720575940618090457,49499
720575941625014154,720575940640628432,48808
720575941595873063,720575940627814163,59171
720575941460534227,720575940632124714,79535
720575941623042044,720575940626767618,129034
720575941506516037,720575940618475992,514996
720575941669234353,720575940628837124,56609
720575941535276466,720575940632021096,53643
720575941460032326,720575940628729722,121400
720575941671764135,720575940624735413,101203
720575941594090023,720575940623428937,95266
720575941640947231,720575940638456227,35616
720575941533810520,720575940623043307,40947
720575941431912206,720575940625953598,122153
720575941438462431,720575940610233301,331718
720575941439060821,720575940629486891,102524
720575941653102353,720575940629600271,59110
720575941536956392,720575940623343613,85070
720575941450866042,720575940607382146,65995
720575941470345483,720575940621302808,137765
720575941480024143,720575940624728551,85975
720575941500851595,720575940628436810,410617
720575941502394091,720575940622006950,74702
720575941538975637,720575940617494417,60784
720575941573852936,720575940629508478,99560
720575941505943109,720575940628808235,49442
720575941569478394,720575940645407268,32223
720575941474311264,720575940627126889,119210
720575941655907284,720575940616586613,155787
720575941534732993,720575940627074566,88855
720575941548268577,720575940613021810,129861
720575941596173445,720575940607632306,66965
720575941558901486,720575940622396284,111764
720575941529337272,720575940625378279,63347
720575941412275823,720575940619197899,81589
720575941702522330,720575940613876787,93536
720575941525408002,720575940620850202,92783
720575941530298571,720575940645655150,557367
720575941490697676,720575940623987469,71700
720575941536634394,720575940617114418,129624
720575941529479096,720575940621685773,67863
720575941554096385,720575940624813129,111380
720575941559457395,720575940621700190,121769
720575941556476900,720575940620769133,54285
720575941569013106,720575940621695983,86262
720575941625519468,720575940625119271,88166
720575941552042046,720575940619530545,59970
720575941574765725,720575940629557110,93080
720575941668993713,720575940615272415,38160
720575941589003319,720575940627903384,44296
720575941594812273,720575940622846099,63612
720575941595578757,720575940628783632,87958
720575941498641633,720575940612225194,124751
720575941566051382,720575940613014243,109296
720575941569333362,720575940622050910,131516
720575941624694939,720575940614505937,63430
720575941624960364,720575940650495609,80250
720575941625037962,720575940627127866,102461
720575941626909753,720575940609334025,135647
720575941627843110,720575940627221071,41291
720575941632134816,720575940621647019,125129
720575941633145541,720575940629568300,37316
720575941657531672,720575940623325951,154353
720575941667390195,720575940635409855,44080
720575941679976125,720575940613042403,55062
720575941563901184,720575940612819891,92162
720575941467506966,720575940632114658,49022
720575941573934331,720575940611229297,76309
720575941594165287,720575940628746490,25084
720575941611520489,720575940636885367,21952
720575941441336271,720575940626126622,38675
720575941452980393,720575940632279341,20161
720575941548122248,720575940613943413,527647
720575941505622076,720575940649428601,957077
720575941478581610,720575940632964704,514004
720575941481142351,720575940638385024,126699
720575941578656345,720575940620139503,259299
720575941652822257,720575940638285696,155619
720575941519831512,720575940616915753,577902084
720575941576650856,720575940640559165,79631
720575941640023327,720575940639892824,51032
720575941560507763,720575940625502308,574015
720575941549100093,720575940614205708,56087
720575941451360078,720575940631694069,562806
720575941559350766,720575940634845295,103364
720575941565025280,720575940623334891,512632
720575941620207231,720575940634027455,518293
720575941502156171,720575940625703114,49600
720575941643508562,720575940610321114,20462
720575941611159213,720575940628433511,50185
720575941452682567,720575940629929273,514141
720575941483039686,720575940610008132,205317
720575941492506544,720575940643398180,90296
720575941544884229,720575940632316690,103997
720575941466975254,720575940640662899,78638
720575941489706293,720575940609313092,139750
720575941507895074,720575940627407887,46163
720575941596635505,720575940609527069,943463
720575941554793729,720575940605959358,130793
720575941490351049,720575940615219367,92731
720575941480655746,720575940610355186,159797
720575941565813602,720575940620459702,927157
720575941584454239,720575940600646173,126654
720575941564933639,720575940605756081,100586
720575941595916933,720575940629443626,17357
720575941529282488,720575940627391473,539822
720575941603319542,720575940626538256,31919
720575941611744614,720575940625266057,72939
720575941588304964,720575940629952374,172017
720575941611560365,720575940628716588,75756
720575941565761687,720575940624294143,30406
720575941430778505,720575940624811755,120566
720575941585538438,720575940642185691,57558
720575941443092906,720575940611486131,93874
720575941514527043,720575940639645766,100670
720575941506450492,720575940631393495,57792
720575941530016440,720575940622633364,64923
720575941471317111,720575940610517443,513824
720575941702892250,720575940629228559,21154
720575941496283008,720575940629423724,16277
720575941507540293,720575940606362912,514748
720575941654273753,720575940611080410,55845
720575941483450298,720575940608990677,86577
720575941612046054,720575940619097816,781461741
720575941414309268,720575940622716961,539506
720575941654383577,720575940616578165,118194
720575941552976007,720575940609261892,50274
720575941690047963,720575940638458173,36184
720575941445217194,720575940610528921,32144
720575941563462802,720575940624273395,20768
720575941460509651,720575940629368015,17544
720575941482334662,720575940623706365,44424
720575941598720412,720575940614465199,30429
720575941688961804,720575940620277686,45595
720575941560070771,720575940623683018,62835
720575941476746036,720575940628825282,192903
720575941559351311,720575940640229437,74205
720575941522667511,720575940637852590,100866
720575941688163596,720575940625055498,137101
720575941515332675,720575940648768377,144305
720575941573466440,720575940631225740,48919
720575941404201072,720575940633280156,20717
720575941452605609,720575940643841844,116188
720575941438716223,720575940627390095,52160
720575941732788011,720575940616140475,73426
720575941590148862,720575940624466116,89179
720575941454231347,720575940635218350,158296
720575941438684991,720575940620947695,75685
720575941568914290,720575940633243949,91732
720575941627255634,720575940615750318,398883
720575941439777759,720575940620224677,666697242
720575941627946553,720575940644907543,53885
720575941435309856,720575940627141066,64805
720575941558618404,720575940636181481,64959
720575941596049797,720575940622109004,517163
720575941554812243,720575940636160319,58085
720575941507864098,720575940618048724,28574
720575941546593716,720575940635243182,31183
720575941515035651,720575940630063557,21475
720575941538378226,720575940621953264,67975
720575941608014189,720575940625993656,89970
720575941523572471,720575940616333627,42154
720575941631980524,720575940630454867,102366
720575941614646425,720575940615474978,42256
720575941507619874,720575940613463954,25625
720575941555698945,720575940611298995,21193
720575941690830555,720575940613688743,41362
720575941564786530,720575940629765418,56973
720575941642853733,720575940627103484,61942
720575941568706810,720575940624231679,47823
720575941430562808,720575940642034907,55680
720575941612312237,720575940615132335,178392
720575941527322278,720575940647199779,30044
720575941541835356,720575940626051386,78510
720575941573997981,720575940623857043,135128
720575941574414331,720575940610015790,51874
720575941627653689,720575940618394453,48174
720575941687985135,720575940629508652,216960
720575941486591810,720575940620717551,518234
720575941553503259,720575940627721154,29031
720575941516362595,720575940634562917,522395
720575941530029240,720575940627419910,536467
720575941643068005,720575940640371253,70442
720575941688684812,720575940609905220,84604
720575941570053364,720575940618923344,50344
720575941592242472,720575940622012326,104623
720575941512021458,720575940616665181,223711
720575941583785055,720575940622224934,117534
720575941643476818,720575940614748926,143096
720575941474769467,720575940612251746,176029
720575941550240829,720575940612319155,37275
720575941569497332,720575940621901677,66670
720575941439292479,720575940633352929,61177
720575941627477049,720575940651619318,61573
720575941492766384,720575940614760298,47746
720575941433092878,720575940616000342,100077
720575941491214286,720575940619587520,22140
720575941560612979,720575940639822755,247067
720575941540958845,720575940635679327,520392
720575941625734538,720575940613803747,54308
720575941503792619,720575940608088259,29815
720575941483844538,720575940630015995,88305
720575941575021725,720575940618402489,63344
720575941401227299,720575940622440486,515653
720575941680564669,720575940636984154,58558
720575941545932220,720575940614046687,79913
720575941575556022,720575940613110703,70433
720575941459154416,720575940612194611,558353
720575941555437057,720575940633534132,98708
720575941529422724,720575940615942978,60414
720575941645571784,720575940605781449,54017
720575941623888892,720575940620883956,68008
720575941431263919,720575940611736872,45802
720575941614730393,720575940637606982,31138
720575941565406306,720575940635228152,142022
720575941544233733,720575940634731188,514897
720575941569053554,720575940631627884,543203
720575941478021482,720575940634170975,64742
720575941458539935,720575940619737070,43937
720575941514035921,720575940637788605,514994
720575941484129978,720575940624187135,15215
720575941460704467,720575940606066306,532689
720575941476847153,720575940632095695,78501
720575941538885013,720575940615677499,520167
720575941430507145,720575940617216320,18842
720575941518633176,720575940631639567,70808
720575941490858444,720575940633224519,32899
720575941518644440,720575940629620779,78706
720575941577978969,720575940645721636,96077
720575941513895756,720575940609240515,135434
720575941452725417,720575940614921670,122450
720575941520708787,720575940632727577,36304
720575941642960997,720575940619983124,96461
720575941662946684,720575940611098330,65014
720575941565932647,720575940640747995,83242
720575941590338558,720575940618166246,52127
720575941467070742,720575940630799161,102974
720575941595305329,720575940637622629,83432
720575941483774717,720575940631758111,124107
720575941490814412,720575940632718050,542891
720575941556809892,720575940629389827,63367
720575941474844731,720575940640267608,117189
720575941645344417,720575940623883412,101124
720575941595339889,720575940625762708,101416
720575941632410565,720575940621484982,51262
720575941559957619,720575940633008045,90871
720575941538002659,720575940622627466,110291
720575941526742553,720575940621107309,164002
720575941546750644,720575940633545823,72762
720575941486079750,720575940655164833,72768
720575941505682597,720575940628283535,132237
720575941632517536,720575940628761643,107411
720575941557817124,720575940628741319,131294
720575941507110423,720575940629044071,80565
720575941597867420,720575940627860552,101008
720575941437849388,720575940626490174,143188
720575941537080291,720575940621040244,68907
720575941514577475,720575940624746475,168177
720575941594356694,720575940631158815,142111
720575941480526671,720575940627074332,62095
720575941413726097,720575940640270976,54532
720575941587126238,720575940628741864,555638
720575941590787724,720575940619986352,36025
720575941549395261,720575940623314943,103635
720575941431726551,720575940607986050,143636
720575941466219862,720575940636527728,148957
720575941574925455,720575940623023069,141869
720575941492014055,720575940612091315,135191
720575941645581000,720575940614250961,134582
720575941534485080,720575940612354983,101549
720575941503693035,720575940623905255,132767
720575941503357527,720575940636678884,95036
720575941504685762,720575940642745248,116137
720575941495704775,720575940612031469,17028
720575941732879147,720575940614089197,17857
720575941441156187,720575940624004843,53367
720575941688180492,720575940615731818,43164
720575941644997496,720575940631806671,156464
720575941441175643,720575940636712055,63654
720575941462924944,720575940635662510,541628
720575941575011983,720575940628989227,32857
720575941481487439,720575940630348875,17187
720575941519369070,720575940606615474,65247
720575941640181279,720575940615785834,85616
720575941474250026,720575940637891049,28868
720575941485938242,720575940631499818,123946
720575941591321996,720575940613857130,15154
720575941438214700,720575940636163440,525190
720575941613803228,720575940620451207,526594
720575941431776471,720575940622762740,17687
720575941514753603,720575940625728284,46686
720575941549563197,720575940625635074,66893
720575941510944722,720575940621648225,109397
720575941430766328,720575940626491934,526924
720575941658471504,720575940619705792,19764
720575941523318007,720575940625684569,106983
720575941469345245,720575940614300383,542574
720575941633297595,720575940623082595,91316
720575941593068395,720575940622239265,152174
720575941529519288,720575940623432682,92627
720575941629338918,720575940633715296,539973
720575941566732391,720575940630358124,85047
720575941545978812,720575940605844937,75584
720575941589597495,720575940621535403,93006
720575941486228621,720575940636709477,159397
720575941444911274,720575940632225361,30962
720575941470743415,720575940612404502,90609
720575941471444288,720575940613006358,101658
720575941546899636,720575940640353920,87349
720575941625751916,720575940623982058,109069
720575941449400501,720575940619453204,43071
720575941510187024,720575940625555348,85728
720575941547852680,720575940611758834,84999
720575941461217988,720575940647469603,126028
720575941627662393,720575940615082671,62584
720575941459606342,720575940614872738,45990
720575941569258866,720575940613052330,59876
720575941514754115,720575940625471223,63979
720575941431528033,720575940629508990,165299
720575941583990623,720575940628833129,112742
720575941671067303,720575940627126538,65653
720575941569036282,720575940637583216,108900
720575941643585618,720575940619946325,146732
720575941546105276,720575940605076140,122800
720575941667930867,720575940613029746,113975
720575941430655113,720575940627728783,132437
720575941640096031,720575940614552371,142923
720575941526324482,720575940628600143,103706
720575941462149008,720575940631514107,111752
720575941534476120,720575940633876013,178932
720575941546896820,720575940626082693,131898
720575941600105257,720575940624846008,185016
720575941633180603,720575940631989189,109877
720575941480757839,720575940623276046,90398
720575941651629077,720575940633703649,139577
720575941481576899,720575940631945064,140138
720575941518477484,720575940608020491,160227
720575941447522836,720575940653139190,64156
720575941528585092,720575940612992774,131059
720575941546798516,720575940632837992,88930
720575941578244697,720575940619312705,121683
720575941427642452,720575940627877150,42537
720575941690811032,720575940610744725,82725
720575941590576382,720575940633877985,98849
720575941518944216,720575940638786118,58983
720575941565185543,720575940626509673,75018
720575941549964404,720575940629362795,141468
720575941483258554,720575940633200524,93408
720575941503895383,720575940612967829,14362
720575941549180449,720575940635171263,59160
720575941506802967,720575940614660511,73096
720575941490414025,720575940612552946,71842
720575941558040868,720575940633345375,60943
720575941495756487,720575940616908033,76325
720575941523885899,720575940622921421,57285
720575941688342134,720575940616753809,42234
720575941482725062,720575940639935989,134114
720575941506115749,720575940632116687,179020
720575941546742617,720575940608372693,205233
720575941618964923,720575940643860276,192432
720575941498704609,720575940629760419,291231
720575941481841859,720575940616289364,170037
720575941540388813,720575940653171702,17005
720575941549246753,720575940627067669,74452
720575941590718718,720575940617370297,120435
720575941480021472,720575940635694015,518104
720575941611688934,720575940633172684,485322
720575941520883127,720575940615959702,276378
720575941546206809,720575940623894057,165047904
720575941469508573,720575940634336924,165408
720575941560404974,720575940611770978,18258
720575941477431361,720575940640886616,521270
720575941450599005,720575940631345751,550957
720575941655450068,720575940613047519,62565
720575941503550039,720575940619169349,141509
720575941632892320,720575940623165257,159203
720575941480633507,720575940606551217,80240
720575941486257218,720575940625830032,120988
720575941503592023,720575940623005210,927272
720575941624434540,720575940659869057,147964
720575941604032697,720575940609285315,11267
720575941703495898,720575940631982929,41564
720575941595759655,720575940610171234,147396
720575941536927514,720575940622027809,112358
720575941504881346,720575940629928062,529454
720575941576516790,720575940622790071,513898
720575941540628941,720575940617218629,30689
720575941603116985,720575940627296396,196388
720575941489930185,720575940635878042,31427
720575941449995445,720575940613593809,47827
720575941416815132,720575940613691559,29050
720575941536423105,720575940629559034,519695
720575941442216795,720575940619729835,190501
720575941504576050,720575940604524465,902808
720575941594779685,720575940619280110,437025
720575941560125422,720575940629263872,178532
720575941598988188,720575940614188149,101548
720575941732836395,720575940638637475,534081
720575941536405480,720575940622857801,79299
720575941492241328,720575940623004685,167201
720575941667266547,720575940637949161,154433
720575941567366446,720575940615147788,62660
720575941528663940,720575940610101210,93593
720575941689827035,720575940611985448,99108
720575941624197228,720575940628531308,164216
720575941507338846,720575940637352511,139662
720575941469694784,720575940624994941,92662
720575941520670455,720575940608145877,191928
720575941431387351,720575940619713200,81197
720575941440190911,720575940626668304,55227
720575941653235729,720575940621332574,137734
720575941451082830,720575940622803850,126945
720575941483868602,720575940628226604,549323
720575941578638581,720575940616426869,142083
720575941468974813,720575940634004892,52513
720575941638205557,720575940633710105,106115
720575941680381117,720575940621457577,87697
720575941629690662,720575940620955149,151224
720575941613602067,720575940611454833,123523
720575941498627657,720575940612770418,72111
720575941392445846,720575940612436264,136233
720575941594536406,720575940630265952,191936
720575941460719044,720575940619723979,96231
720575941525761613,720575940623438571,126002
720575941632187628,720575940632465945,52706
720575941471045696,720575940611664281,72495
720575941577772121,720575940604319078,48912
720575941731831339,720575940612563454,117446
720575941438651436,720575940620012321,521384
720575941475968030,720575940626075079,66038
720575941553282970,720575940621554968,287798
720575941485639309,720575940625532689,63097
720575941478689898,720575940631587129,567978
720575941555162084,720575940623171268,71501
720575941545391977,720575940605449929,146923
720575941529279876,720575940644644387,149132
720575941468877789,720575940611286990,79783
720575941476762945,720575940640158939,48122
720575941457814768,720575940622776013,92013
720575941573147387,720575940616589142,151710
720575941351937840,720575940631108179,63814
720575941536216858,720575940612067034,79911
720575941430048175,720575940628254263,54202
720575941514247315,720575940628355843,48100
720575941663081852,720575940621612159,75053
720575941541511772,720575940613218344,113074
720575941563716096,720575940645303918,195397
720575941622207228,720575940626999114,147696
720575941505196709,720575940637685476,237248
720575941568903412,720575940617540838,112697
720575941503459890,720575940620746662,170919
720575941404459632,720575940603984486,95265
720575941476304945,720575940630288440,114889
720575941610674153,720575940627519748,166749
720575941400741411,720575940625925458,36007
720575941514915065,720575940614784918,140883
720575941560103795,720575940614183218,88000
720575941438513887,720575940618353186,110328
720575941573030301,720575940632177453,156450
720575941653938905,720575940632745261,95861
720575941450185053,720575940609202244,125813
720575941430012847,720575940646604932,137061
720575941452284329,720575940613863330,140961
720575941574020873,720575940659323521,140943
720575941593757654,720575940624144107,100592
720575941526028388,720575940618830459,51742
720575941549681012,720575940618714351,142270
720575941439628751,720575940627910160,88711
720575941525079833,720575940628829148,109758
720575941511378130,720575940624713660,83783
720575941560030991,720575940624695335,127471
720575941437254207,720575940614984927,154400
720575941505236284,720575940622467293,104535
720575941473055328,720575940628766679,124690
720575941479224288,720575940627906536,130324
720575941577784153,720575940605491302,153083
720575941583997318,720575940622559669,151395
720575941482584506,720575940607154955,137995
720575941545659068,720575940622722485,74531
720575941472819296,720575940627547153,70322
720575941670132913,720575940645344110,127593
720575941514542179,720575940615895858,152548
720575941639761695,720575940626497811,162655
720575941524774681,720575940622628104,88980
720575941535613450,720575940636909790,90569
720575941476307742,720575940625910354,160400
720575941567365934,720575940628599555,96746
720575941438674399,720575940627284123,158500
720575941604121590,720575940630620812,146801
720575941413487761,720575940610739930,121501
720575941662770044,720575940616121501,130972
720575941610685514,720575940614893930,79795
720575941571498398,720575940629894391,148486
720575941461439376,720575940632123695,73196
720575941471152651,720575940624229322,152118
720575941594356263,720575940604318129,95186
720575941392620438,720575940629261143,206455
720575941536844018,720575940612429994,59616
720575941456337133,720575940608407049,175767
720575941578753105,720575940621083085,118507
720575941477556586,720575940636490894,133873
720575941458276255,720575940627583217,136046
720575941564496023,720575940618924965,182780
720575941465715798,720575940621280545,100615
720575941585415390,720575940659392385,167289
720575941469321437,720575940611471090,137952
720575941438701535,720575940632351457,77858
720575941616624853,720575940618531099,100728
720575941630984172,720575940621044701,109871
720575941642988114,720575940629532098,181464
720575941612911324,720575940607352003,89623
720575941626202267,720575940628975482,47901
720575941561394733,720575940632068383,923406
720575941557655823,720575940608801749,155793
720575941658032464,720575940610029432,94721
720575941575093647,720575940621460645,226379
720575941671052455,720575940623890890,74368
720575941495768960,720575940611611378,109321
720575941438445631,720575940612435454,166914
720575941542798877,720575940615896989,105676
720575941455824877,720575940631647043,155708
720575941489498677,720575940629500542,93288
720575941490063157,720575940628640079,76531
720575941498046177,720575940614887830,75774
720575941610187850,720575940629485354,129292
720575941522636023,720575940603045804,102283
720575941560113523,720575940616672822,135993
720575941555970899,720575940609104579,78544
720575941567195130,720575940644837655,84811
720575941431881313,720575940617857053,567586
720575941575120054,720575940612796786,53592
720575941534500618,720575940631624673,268292
720575941602875577,720575940627452689,99391
720575941731415851,720575940632951266,88023
720575941653848537,720575940613954769,43899
720575941507532066,720575940627165010,31720
720575941644788168,720575940636159198,74260
720575941540594813,720575940618470383,41899
720575941554081363,720575940615263903,112040
720575941589513982,720575940608433476,77219
720575941559364979,720575940639056061,51556
720575941642584165,720575940631256168,64809
720575941410352299,720575940642347936,84638
720575941410937455,720575940631237433,70816
720575941526058573,720575940633004383,92040
720575941609944394,720575940617865280,43876
720575941517637292,720575940604630240,142769
720575941603052473,720575940632203823,95167
720575941438665746,720575940617849920,50304
720575941608816202,720575940637970665,72032
720575941481885382,720575940623554748,61938
720575941526621517,720575940614925963,81700
720575941535618842,720575940624524234,583883
720575941585186014,720575940629839863,56284
720575941609891757,720575940622812808,82895
720575941689913240,720575940621334980,52518
720575941549918836,720575940622981902,93485
720575941352978224,720575940631624761,51430
720575941539585149,720575940616647990,133727
720575941410289579,720575940622538461,86876
720575941515046905,720575940621882401,90650
720575941506096407,720575940620465996,75260
720575941610148269,720575940613272799,92574
720575941515372025,720575940614822742,524809
720575941430470648,720575940634839487,73296
720575941471299959,720575940628060934,139008
720575941482957309,720575940639733211,20773
720575941654195417,720575940623977545,67828
720575941479787906,720575940621925417,552553
720575941577385973,720575940613941042,86153
720575941536465384,720575940634942362,129189
720575941435245856,720575940615344315,105134
720575941527272358,720575940613540767,72359
720575941662582140,720575940623679495,24204
720575941574273896,720575940629909804,37311
720575941596641669,720575940620073606,66519
720575941504821669,720575940620507862,80201
720575941446789908,720575940630219055,129903
720575941482623162,720575940622102763,85017
720575941470693643,720575940626002494,562916
720575941577571417,720575940619795883,47026
720575941520288183,720575940625354904,79199
720575941565362274,720575940630733137,61962
720575941431917326,720575940635807087,64196
720575941612399836,720575940631594809,118041
720575941595062897,720575940612023983,534786
720575941534850570,720575940617766228,80614
720575941462444176,720575940627585028,93976
720575941613650707,720575940629164283,87232
720575941660443192,720575940643063200,138335
720575941632563397,720575940624107706,145419
720575941576256872,720575940609941653,62471
720575941627618617,720575940624494996,44024
720575941644346824,720575940628121287,119852
720575941563183623,720575940617473748,42908
720575941624995995,720575940614200426,112749
720575941680288701,720575940612572670,533211
720575941732220203,720575940636447630,96274
720575941507185221,720575940615101452,88109
720575941643304530,720575940608015627,91244
720575941508189313,720575940627210373,53851
720575941597551552,720575940645390468,90944
720575941531609829,720575940634347360,104940
720575941410171051,720575940630399995,122631
720575941458547667,720575940631759161,76005
720575941526887524,720575940631003410,63942
720575941469412829,720575940625663674,34908
720575941610961897,720575940625605257,152784
720575941687270518,720575940634296951,72755
720575941536989466,720575940638034751,815449
720575941532493699,720575940624429036,109910
720575941602482422,720575940616702262,63629
720575941585532126,720575940624597228,86180
720575941603415737,720575940625404197,118825
720575941451188346,720575940625667365,64141
720575941642394213,720575940604908972,144747
720575941625154762,720575940626343665,71366
720575941629425446,720575940626216573,53756
720575941661639992,720575940627741562,102457
720575941559747566,720575940659765121,85110
720575941668013555,720575940629202167,129892
720575941518426284,720575940605541920,197319
720575941535230698,720575940624375088,123421
720575941460893139,720575940620463536,43351
720575941490634441,720575940625309882,114090
720575941516251747,720575940640277080,539157
720575941645341048,720575940606352050,35506
720575941431423329,720575940622790405,30454
720575941434410528,720575940618306776,161150
720575941508743553,720575940615582988,141946
720575941515493635,720575940631893847,159710
720575941480445152,720575940620194251,166151
720575941559454446,720575940620666315,133648
720575941487922384,720575940624722924,99529
720575941427770452,720575940607964427,76185
720575941633220768,720575940647804212,24565
720575941508849281,720575940619882868,46181
720575941540213965,720575940632129848,13180
720575941508526370,720575940639494528,27249
720575941467916310,720575940613219474,40841
720575941414644884,720575940628140309,33937
720575941581164409,720575940624456586,534673
720575941586501598,720575940629013292,24049
720575941536705306,720575940630650424,24870
720575941476913457,720575940622462685,47357
720575941542582876,720575940622475498,59426
720575941431292591,720575940620058433,165691
720575941595971441,720575940609742382,62355
720575941590841740,720575940637271615,21010
720575941658799640,720575940627261190,52504
720575941440014047,720575940628274504,46785
720575941603957750,720575940617113717,49807
720575941732597291,720575940633560095,232971
720575941514075345,720575940627103996,542508
720575941603718841,720575940633499556,67635
720575941508784930,720575940631931922,537496
720575941441922139,720575940633182092,530366
720575941427512404,720575940616640145,152788
720575941482272195,720575940619219264,60207
720575941611888358,720575940623874708,30383
720575941480613711,720575940619443694,23164
720575941411344811,720575940621420097,530998
720575941574540296,720575940627134470,543394
720575941439547967,720575940606983363,49244
720575941521131447,720575940619641771,54203
720575941590223927,720575940611394730,535815
720575941477764417,720575940612225814,549019
720575941731191339,720575940633782753,138577
720575941565584994,720575940616115980,17188
720575941576777832,720575940630120901,93056
720575941589078340,720575940623153405,85031
720575941555334401,720575940627583290,49251
720575941536063242,720575940627117574,569525
720575941503607019,720575940616883387,54889
720575941466891862,720575940616888065,35259
720575941584596831,720575940630896953,114681
720575941566366774,720575940623112957,21971
720575941569750130,720575940629231159,82165
720575941463360525,720575940606429206,59870
720575941497248073,720575940614509458,72616
720575941559650575,720575940636246008,83013
720575941483175421,720575940635951295,546183
720575941643764129,720575940615226274,65288
720575941549933117,720575940631096082,88295
720575941565695639,720575940626476810,89464
720575941416369948,720575940608606556,53378
720575941525281124,720575940638214975,41422
720575941688609548,720575940619529455,29298
720575941475800628,720575940617324317,137058
720575941546934708,720575940621841279,176917
720575941535658506,720575940623687182,557423
720575941669689009,720575940623306620,231879
720575941557048996,720575940618203348,75991
720575941497608521,720575940622158113,138794
720575941686970892,720575940616085917,129365
720575941546817160,720575940635531671,141907
720575941488670517,720575940628784380,52727
720575941691440280,720575940631394678,532888
720575941671943335,720575940638121694,53307
720575941435653262,720575940623860116,77581
720575941572855198,720575940628448711,108517
720575941617858773,720575940636666970,181406
720575941688984182,720575940626893258,523613
720575941547739316,720575940623931918,516494
720575941555769857,720575940612052850,58839
720575941500233378,720575940617623350,88007
720575941535350104,720575940616422367,128581
720575941428024404,720575940636255863,53802
720575941497077120,720575940626602288,191319
720575941432664791,720575940658633089,60683
720575941527175757,720575940646095982,24672
720575941596926853,720575940635681966,144543
720575941499266273,720575940615447038,50548
720575941491651020,720575940637054554,573061
720575941503818987,720575940633763492,97331
720575941452267386,720575940618208985,513264
720575941663758460,720575940620362587,48688
720575941590374199,720575940617253666,173605
720575941553979527,720575940622914548,103026
720575941451172686,720575940629167612,116232
720575941495331198,720575940626057097,30012
720575941553023038,720575940638398773,173226
720575941668751859,720575940624355219,522892
720575941453683881,720575940633227428,65108
720575941508860801,720575940645946756,71339
720575941550411581,720575940615584671,100854
720575941432667863,720575940633982035,87750
720575941480948354,720575940610825458,122080
720575941483405766,720575940622495487,105454
720575941412975471,720575940618467485,940825
720575941554463259,720575940620395456,93101
720575941578890585,720575940605393888,172452
720575941556133459,720575940623673331,75836
720575941417065756,720575940627852367,58074
720575941523626743,720575940632666649,159249
720575941440779605,720575940638077262,71195
720575941511078416,720575940630815735,536011
720575941510530064,720575940623521318,47134
720575941595549733,720575940626876930,52013
720575941535743410,720575940628192764,29732
720575941411233707,720575940631951959,126786
720575941589979703,720575940628630223,289631
720575941491656679,720575940609685717,214309
720575941523482871,720575940642770592,530362
720575941671429031,720575940609080412,219773
720575941613613276,720575940624150857,178611
720575941625900746,720575940617527297,314238106
720575941431868408,720575940623199880,37910
720575941532495333,720575940615734850,147205
720575941449810613,720575940631997381,164792
720575941658666264,720575940610310339,32034
720575941586530694,720575940641693941,519111
720575941690621147,720575940640522448,12291
720575941662754104,720575940628697961,22882
720575941633715387,720575940622500872,41178
720575941688675596,720575940620656219,940946
720575941554404123,720575940646050158,93231
720575941531737035,720575940611964366,73518
720575941482752451,720575940607309954,106965
720575941640941599,720575940607304322,29983
720575941539388146,720575940626702640,539903
720575941547909044,720575940632023353,192103
720575941504242482,720575940640854656,143734
720575941612418662,720575940625950052,516799
720575941445282474,720575940617339973,536283
720575941633366213,720575940620903412,515831
720575941455356723,720575940623431935,81599
720575941554605083,720575940623363598,176189
720575941633632672,720575940627959880,37254
720575941626178250,720575940628006855,134524
720575941432011479,720575940629316651,352775
720575941497420160,720575940628331688,170581
720575941454777907,720575940618261019,218638
720575941524324095,720575940642250997,175276
720575941507683909,720575940624033584,70730
720575941611453770,720575940615097490,519266
720575941637854751,720575940629102891,512190
720575941531584203,720575940644218528,139458
720575941604522742,720575940612968666,217495
720575941551716607,720575940612655733,65409
720575941440906581,720575940615506399,65174
720575941491330505,720575940625494093,500328
720575941519388888,720575940626071054,54299
720575941519571895,720575940623852996,186081
720575941536698817,720575940623698372,107142
720575941553285438,720575940661193345,186930
720575941555942913,720575940629606641,529246
720575941556756388,720575940619775582,75869
720575941560930163,720575940638729542,227415
720575941557931172,720575940620818358,353303
720575941493828784,720575940636381432,182263
720575941639894389,720575940612298389,164588
720575941643574885,720575940614259679,63772
720575941438219282,720575940620546053,182969
720575941564332598,720575940610105283,43626
