BANC,FAFB,MCNS
720575941483855357,720575940630704211,88903
720575941555237459,720575940610256846,92468
720575941539847260,720575940625989732,519232
720575941459520326,720575940624063891,67489
720575941529407620,720575940630937851,55430
720575941566799098,720575940620472046,803785
720575941581706105,720575940629495281,543959
720575941547635636,720575940617608377,526854
720575941582520927,720575940618274489,141284
720575941485593094,720575940631177035,815888
720575941561334061,720575940630234940,112284
720575941610787658,720575940627931908,72739
720575941573443849,720575940637772772,139920
720575941504698674,720575940660280449,89440
720575941477668161,720575940617211968,518520
720575941543128093,720575940641223120,114655
720575941535846378,720575940623213971,39439
720575941470374464,720575940625260361,62605
720575941503954341,720575940612127151,43212
720575941630831084,720575940616432607,53436
720575941655095252,720575940658982017,63351
720575941574540296,720575940627134470,543394
720575941448299613,720575940621670132,81748
720575941589782924,720575940628605096,80927
720575941565935662,720575940604624096,69146
720575941624411291,720575940624405235,40912
720575941410688171,720575940617731467,60869
720575941495839687,720575940619452062,131652
720575941469134455,720575940614905759,92150
720575941467145046,720575940623404168,200313
720575941495464830,720575940614153955,134797345
720575941547808948,720575940615494086,76881
720575941670880423,720575940623617771,39475
720575941527834500,720575940618003515,149633
720575941437020434,720575940627676971,115503
720575941577817333,720575940643781320,143916
720575941564945408,720575940656115105,140386
720575941412283247,720575940638916954,56094
720575941579851857,720575940631282373,530378
720575941612657325,720575940631127756,227555
720575941514897923,720575940630780919,73246
720575941602525942,720575940619832661,73656
720575941449523381,720575940633697727,119581
720575941537423080,720575940627820304,526176
720575941610776394,720575940639404496,56819
720575941547337844,720575940637046158,802998
720575941430906721,720575940645941812,802290
720575941688925814,720575940620927727,51515
720575941458754032,720575940640078168,239295
720575941612577756,720575940611848874,524847
720575941597640348,720575940639565219,27861
720575941510705680,720575940625384732,40741
720575941572702728,720575940627146554,72811
720575941650635249,720575940645053732,50286
720575941516244314,720575940612668834,103663
720575941487002118,720575940623431935,178364
720575941470394432,720575940635225791,99082
720575941556311780,720575940621623393,534200
720575941438891282,720575940621005044,99281
720575941516409235,720575940622625494,75716
720575941546981256,720575940652809889,20026
720575941554014618,720575940603238828,549508
720575941458339568,720575940626410515,159530
720575941438343954,720575940624354121,89001
720575941514544739,720575940625984399,205250
720575941487591632,720575940624876011,532292
720575941611095370,720575940626552597,512782
720575941604035001,720575940631102464,100540
720575941639608181,720575940640560189,522397
720575941433701518,720575940623457560,103099
720575941486877702,720575940625964046,139769
720575941450866042,720575940624432615,104888
720575941533054386,720575940627395868,519008
720575941690911195,720575940610076206,25621
720575941584275846,720575940627334525,104498
720575941554548225,720575940639134141,122949
720575941631745260,720575940626951690,82455
720575941571978056,720575940630172571,41644
720575941630577056,720575940639585085,908605
720575941653813465,720575940649752441,114574
720575941595480357,720575940611555251,24366
720575941537749987,720575940631651641,97161
720575941644958625,720575940612202202,97494
720575941574183675,720575940616480605,906475
720575941502399723,720575940622628702,202397
720575941548343176,720575940620775645,136504
720575941507641157,720575940631069184,223578
720575941593995371,720575940611933845,525249
720575941533909018,720575940621865479,807092
720575941644513874,720575940629342619,202934
720575941574615439,720575940612598499,69646
720575941540915325,720575940629133903,544711
720575941594916901,720575940625994829,52802
720575941507986782,720575940642423541,89209
720575941535500376,720575940617360089,515524
720575941414646812,720575940609128405,122367
720575941605515966,720575940617390641,817047
720575941547842420,720575940644134856,120982
720575941513003852,720575940624008521,39210
720575941536426433,720575940630674426,62115
720575941439596095,720575940640451536,70513
720575941691233688,720575940619808756,68162
720575941574024808,720575940630879991,53361
720575941552554814,720575940624296376,61962
720575941652947217,720575940631099735,112944
720575941644907384,720575940642291872,806962
720575941583208582,720575940616670045,806267
720575941408213551,720575940630446198,122025
720575941730975019,720575940619782054,127855
720575941570102942,720575940624236592,56105
720575941536081434,720575940618961773,58465
720575941506895710,720575940638570974,92754
720575941524983373,720575940621195201,115662
720575941513511267,720575940621749226,30522
720575941658471504,720575940628462588,19764
720575941571262366,720575940619387973,99670
720575941528402820,720575940632567363,189709
720575941430838113,720575940611365166,145860
720575941541220893,720575940610375748,68179
720575941521766323,720575940628047186,81676
720575941534526386,720575940633507359,88356
720575941564298903,720575940611286501,68146
720575941533176549,720575940639827005,530002
720575941503043159,720575940617272025,40435
720575941549485311,720575940620051580,188253
720575941685980278,720575940617836066,809983
720575941643512696,720575940633655194,530831
720575941551362075,720575940629965708,807786
720575941623388827,720575940621432444,75331
720575941588836919,720575940623642858,513492
720575941515219449,720575940631824744,20697
720575941514419034,720575940637568838,160435
720575941539596693,720575940630236672,79638
720575941602556089,720575940622084735,134353
720575941474187562,720575940628206023,92007
720575941564694582,720575940628492943,67909
720575941597126044,720575940605020337,34892
720575941490868940,720575940647415331,107002
720575941723036218,720575940614424231,155372
720575941439476927,720575940619137812,106980
720575941623988635,720575940620086622,96608
720575941489705676,720575940622981500,146905
720575941431643745,720575940639182313,74758
720575941430817199,720575940643512372,111816
720575941409023662,720575940629468263,84872
720575941586350214,720575940627870095,60654
720575941633914811,720575940632126506,541525
720575941459880147,720575940631269135,100197
720575941516501395,720575940622510630,175290
720575941500173963,720575940639136600,140775
720575941591762984,720575940620687040,522946
720575941593830181,720575940618980180,118570
720575941660831356,720575940611129698,815624
720575941490649653,720575940636160504,65794
720575941655251673,720575940640249688,58688
720575941521004471,720575940614368483,119592
720575941554992211,720575940630587129,97943
720575941609524457,720575940644869143,82712
720575941545927092,720575940615916182,80756
720575941574404253,720575940633443103,164080
720575941574871400,720575940619859915,133973
720575941670097063,720575940623355389,82346
720575941491243468,720575940635117503,532818
720575941623303323,720575940629501003,802680
720575941630105638,720575940624282879,182847
720575941688336347,720575940630204098,106996
720575941505539900,720575940623235878,205572
720575941491300556,720575940612543254,124661
720575941462692496,720575940633450351,68031
720575941652028945,720575940621605964,34252
720575941543955205,720575940628155868,916091
720575941498866299,720575940631931922,512969
720575941610031434,720575940622392260,804843
720575941563669511,720575940619157595,66479
720575941550751231,720575940637591622,34443
720575941643232101,720575940617747037,134867
720575941537555954,720575940635134655,116176
720575941451851945,720575940615853206,140573
720575941620875680,720575940633366995,206218
720575941508137566,720575940623986189,27033
720575941568174330,720575940612275685,161136
720575941542853212,720575940624154293,107028
720575941480780739,720575940612023922,15553
720575941402206499,720575940629095323,70730
720575941593661989,720575940632811880,115560
720575941688361334,720575940625261598,808708
720575941519434350,720575940603708350,812429
720575941471248759,720575940626887055,548500
720575941469828160,720575940616890897,99537
720575941569901818,720575940612769906,43819
720575941461932688,720575940611118030,123209
720575941564893750,720575940619784071,545223
720575941603869369,720575940631567355,131096
720575941499481825,720575940611058611,161239
720575941483126781,720575940631141317,512553
720575941631340002,720575940632749613,208301
720575941527708088,720575940644152776,166086
720575941431558063,720575940628787151,553387
720575941663338364,720575940626068755,195582
720575941639894133,720575940612112819,82269
720575941566732391,720575940626949894,82168
720575941543360517,720575940617416148,122414
720575941584985439,720575940655347617,180340
720575941483830338,720575940632666572,22348
720575941614813203,720575940617312827,33111
720575941598027676,720575940612019162,179502
720575941475834945,720575940631573037,26795
720575941561888768,720575940630971136,807353
720575941651856657,720575940637652398,227698
720575941653954772,720575940628696552,144215
720575941575110920,720575940626697091,88142
720575941479233666,720575940617828609,69001
720575941592783211,720575940622724429,76225
720575941588533572,720575940644223267,88113
720575941519334572,720575940623472363,82167
720575941593434920,720575940617576660,91793
720575941667763699,720575940636325865,550403
720575941414409361,720575940626919882,135521
720575941543321629,720575940644260768,24932
720575941477435185,720575940629492011,15916
720575941401375011,720575940627942391,1058881154
720575941437988159,720575940629861419,67177
720575941469436683,720575940627191171,169004
720575941524282699,720575940661154177,116720
720575941505190706,720575940628845840,196645
720575941431433313,720575940645569572,33860
720575941438049855,720575940647522356,152571
720575941471433335,720575940617297620,77603
720575941518308056,720575940612547442,103410
720575941431556622,720575940627075258,60803
720575941639064607,720575940624273957,46760
720575941461658308,720575940613528722,806574
720575941510866960,720575940609143672,139053
720575941467054358,720575940630732414,32625
720575941492354174,720575940626228562,815358
720575941353222192,720575940624597542,156016
720575941406656942,720575940644030920,27973
720575941521390007,720575940620382400,53447
720575941439932763,720575940616682530,101774
720575941580360273,720575940606867145,903316
720575941491857127,720575940622180784,98801
720575941577096693,720575940625143027,531894
720575941498217083,720575940638726259,114382
720575941481886650,720575940614166690,95252
720575941520954615,720575940625349159,182548
720575941513901009,720575940613433622,23697
720575941618011519,720575940637646170,49419
720575941732269099,720575940629624446,43967
720575941503646514,720575940628060166,911588
720575941499518626,720575940636473207,149214
720575941530220773,720575940643207191,41132
720575941481454159,720575940620465067,537975
720575941655615188,720575940624228393,144904
720575941478839887,720575940639234367,25203
720575941538795250,720575940619599921,194417
720575941530154424,720575940624164104,906549
720575941488408629,720575940612344306,817802
720575941524025675,720575940627341314,513958
720575941536074467,720575940622176577,150356
720575941632070331,720575940622743551,118997
720575941525792002,720575940618876830,809570
720575941484305661,720575940623442470,43362
720575941427893332,720575940612197101,196622
720575941498097570,720575940627490691,106354
720575941645512824,720575940635104447,144208
720575941549136673,720575940615403231,74837
720575941469601655,720575940630711377,69061
720575941514486339,720575940628976131,531216
720575941628162361,720575940625379859,28732
720575941518881902,720575940624198861,58737
720575941564275607,720575940621730842,78419
720575941461751507,720575940620597382,89329
720575941409916271,720575940655307681,218469
720575941551538943,720575940627762965,28437
720575941547415988,720575940614103505,511762
720575941519224280,720575940631044059,804956
720575941596735109,720575940635028671,46424
720575941412822420,720575940623939021,103848
720575941515795043,720575940625531236,81534
720575941478910371,720575940625696748,128091
720575941689273819,720575940629469548,129161
720575941632989637,720575940645104948,68307
720575941489771982,720575940632515855,95014
720575941514656867,720575940623712656,171455
720575941463750413,720575940610219618,45394
720575941565874071,720575940607521202,526542
720575941619410303,720575940613599528,64852
720575941654096913,720575940630216091,176348
720575941471306048,720575940634102553,104701
720575941563992320,720575940640563315,48191
720575941513656163,720575940609621461,140261
720575941567001703,720575940615854278,83628
720575941632995781,720575940634030765,131866
720575941496554439,720575940626419760,166221
720575941461989572,720575940620224561,46736
720575941595070166,720575940625309882,45343
720575941624260204,720575940627250532,71978
720575941452864425,720575940626193701,514610
720575941579936377,720575940635051199,112067
720575941445127082,720575940637913158,145109
720575941644084641,720575940626471196,120517
720575941576298678,720575940624425715,123898
720575941481139023,720575940641377781,120170
720575941611371338,720575940660179585,61294
720575941439074578,720575940621367832,546249
720575941568207730,720575940621244848,106686
720575941432187489,720575940660044417,515279
720575941667965105,720575940616928185,35943
720575941658289944,720575940636144735,74776
720575941600819753,720575940632560865,89178
720575941544174441,720575940630895789,527297
720575941450117754,720575940633710990,24530
720575941497805730,720575940625911740,84237
720575941535734506,720575940627889033,94164
720575941505689404,720575940625836692,135477
720575941527029017,720575940632878929,103092
720575941525911298,720575940654072225,43113
720575941440009919,720575940637328198,97355
720575941478137962,720575940634724494,525348
720575941612499046,720575940620960390,176669
720575941625555564,720575940624189261,22528
720575941468792951,720575940611048306,19807
720575941545959092,720575940612475610,81923
720575941668280051,720575940621111687,19617
720575941551209983,720575940646500996,101690
720575941557111076,720575940624487954,110880
720575941644454482,720575940637837486,150976
720575941533208549,720575940624281599,529354
720575941594470181,720575940628264721,146547
720575941539489010,720575940615248807,50098
720575941456642541,720575940627295631,805142
720575941440814421,720575940615447038,62210
720575941493601712,720575940613100723,196148
720575941572018589,720575940612427670,556721
720575941730594859,720575940629501968,52467
720575941559974159,720575940625662778,830766
720575941522284363,720575940659601025,301517
720575941632255980,720575940631777603,533214
720575941576814681,720575940612381335,169114
720575941460634052,720575940623289578,242201
720575941521886967,720575940615603094,121447
720575941413021841,720575940623510221,47374
720575941632811680,720575940628326568,51325
720575941449525429,720575940612610453,544170
720575941480461475,720575940614310627,69292
720575941413784724,720575940614315827,93110
720575941440250197,720575940621731494,150429
720575941490055372,720575940624972617,92249
720575941519520622,720575940622473221,146428
720575941553496455,720575940643436960,102047
720575941555624705,720575940629085955,29880
720575941610794854,720575940626349767,82855
720575941478135658,720575940618293720,74554
720575941479326432,720575940621989500,809392
720575941546659260,720575940643141024,808736
720575941644674760,720575940644224200,524890
720575941466305110,720575940641251803,31089
720575941514172771,720575940627073413,85808
720575941643132280,720575940638757464,142894
720575941490829877,720575940634717591,531949
720575941521535411,720575940619424239,547648
720575941574955933,720575940621256682,68651
720575941499125217,720575940621107336,54235
720575941598659996,720575940629894416,30595
720575941566745902,720575940627078417,11884
720575941688210415,720575940645877271,544973
720575941559661327,720575940640622653,65027
720575941550012733,720575940616039197,920382
720575941630349282,720575940635722335,110997
720575941686473967,720575940608061826,89965
720575941450529193,720575940627571972,543571
720575941402095651,720575940622636725,566451
720575941603230905,720575940620202934,123178
720575941594881750,720575940631577419,103787
720575941508941953,720575940636864745,39979
720575941684802287,720575940612366322,815483
720575941446020884,720575940620596017,91700
720575941414866580,720575940635628479,85938
720575941409098670,720575940640545499,514391
720575941549597502,720575940611927502,74268
720575941591290508,720575940624917799,75967
720575941514814467,720575940615469634,905063
720575941441008831,720575940624709564,79210
720575941401643299,720575940617785089,60528
720575941452377927,720575940619714008,96756
720575941590948136,720575940635543726,122044
720575941482197190,720575940629400838,546930
720575941540788828,720575940609437653,112388
720575941687761135,720575940645393006,93685
720575941414619281,720575940622642928,101850
720575941478601834,720575940638648639,59619
720575941569500154,720575940611802330,62840
720575941628918822,720575940627183290,529803
720575941574780667,720575940627589898,99619
720575941548836468,720575940620053707,136173
720575941439560511,720575940628900572,39783
720575941652115221,720575940624581875,813247
720575941452364615,720575940623261481,47580
720575941497200353,720575940639646022,46842
720575941553746660,720575940622296573,46590
720575941491388364,720575940606096416,85182
720575941595898407,720575940618179362,516922
720575941531579365,720575940623781438,807428
720575941502526955,720575940623472598,530299
720575941671008423,720575940624733192,41022
720575941650848529,720575940611045700,809963
720575941573837833,720575940613764817,27408
720575941477442100,720575940612917105,53216
720575941613094931,720575940647920692,131538
720575941579176793,720575940616451362,808535
720575941566005302,720575940647900468,135328
720575941507569733,720575940630890040,514626
720575941552467591,720575940610876258,119232
720575941558114596,720575940622860788,84473
720575941650829809,720575940615721309,89588
720575941459926342,720575940628266235,803914
720575941431652015,720575940627265043,129617
720575941668382129,720575940639761011,134026
720575941558098724,720575940624422141,52754
720575941535446977,720575940627643005,82979
720575941488361781,720575940631976466,544004
720575941614662163,720575940618011163,197773
720575941519327927,720575940615099242,142261
720575941438001708,720575940640867672,40807
720575941408604078,720575940612383082,28507
720575941455562989,720575940630411894,116917
720575941534149464,720575940620464331,543546
720575941652159449,720575940626901521,37481
720575941491314633,720575940612134422,154678
720575941592472171,720575940641836232,936263
720575941392176534,720575940631194875,50089
720575941430413527,720575940628288133,161494
720575941555513427,720575940606702601,806183
720575941544907964,720575940606502066,61076
720575941488743733,720575940614341603,143002
720575941604052409,720575940621492077,530894
720575941567820276,720575940621905869,12357
720575941690512280,720575940654129057,46631
720575941629717228,720575940622433140,35545
720575941452016199,720575940631037907,42570
720575941458523974,720575940632581945,59574
720575941464125709,720575940625119723,197828
720575941460946064,720575940631290156,48951
720575941612144230,720575940631748152,51824
720575941569916148,720575940636709958,811927
720575941610616553,720575940617910017,213743
720575941474726442,720575940610258289,54774
720575941691729560,720575940616572063,129541
720575941507450903,720575940623687718,117987
720575941483553533,720575940629989787,112737
720575941537807602,720575940618041181,106279
720575941625743212,720575940629536507,41688
720575941453425833,720575940622617748,119596
720575941556251556,720575940632638495,813875
720575941589381444,720575940634673890,192120
720575941557114020,720575940631983435,106802
720575941633003168,720575940630876463,151145
720575941497302912,720575940632987987,113008
720575941569353722,720575940621573161,140605
720575941611967452,720575940632437266,134437
720575941512653265,720575940619873104,523855
720575941540545884,720575940618950480,803312
720575941525458457,720575940623529037,131283
720575941413896340,720575940617119462,90838
720575941533188325,720575940623087571,545910
720575941611707923,720575940631720417,804773
720575941586670814,720575940625662444,549766
720575941573413960,720575940620193752,50236
720575941626535579,720575940616386449,517967
720575941573322760,720575940608761924,119201
720575941466509910,720575940620204412,84184
720575941608074605,720575940628056423,95262
720575941631748588,720575940635148468,122390
720575941616134101,720575940628311098,60278
720575941586679518,720575940609240515,518902
720575941516124163,720575940622074206,41922
720575941642309202,720575940625476332,45704
720575941457760927,720575940624436458,66893
720575941477684785,720575940641524443,111381
720575941561952557,720575940644850980,168125
720575941631175109,720575940632070308,25431
720575941433141262,720575940610952089,72939
720575941413123988,720575940621581317,216792
720575941630345196,720575940627743400,116798
720575941568668274,720575940621717509,808532
720575941557119140,720575940623145876,202998
720575941579918837,720575940617886779,24706
720575941632286188,720575940612375761,675229879
720575941441017807,720575940643876718,811948
720575941391564548,720575940606495422,70302
720575941482077181,720575940614148527,67216
720575941595664165,720575940620141406,812526
720575941528462008,720575940626779048,90786
720575941658288976,720575940624718088,50328
720575941543246365,720575940629719422,118426
720575941496420731,720575940624809876,64004
720575941408582574,720575940621769313,126328
720575941559748623,720575940626476606,101090
720575941516327770,720575940605068576,156803
720575941541429340,720575940615193138,519358
720575941573257103,720575940609621003,31051
720575941639451167,720575940624334826,808518
720575941609803594,720575940630162679,108817
720575941508261922,720575940623524349,819948
720575941470014941,720575940616766294,88547
720575941518633688,720575940631880217,523791
720575941483821242,720575940620037205,82844
720575941433860128,720575940627877114,27850
720575941611756902,720575940617449913,101249
720575941628558905,720575940631441682,186215
720575941640982629,720575940624987394,814954
720575941514135033,720575940636384398,70611
720575941414678676,720575940634949751,101709
720575941586939614,720575940639948110,525994
720575941566790454,720575940630048075,147572
720575941547750280,720575940620718808,81565
720575941487091522,720575940622368694,57269
720575941414184084,720575940623801343,93757
720575941478581839,720575940629183131,910755
720575941558642724,720575940634553058,66826
720575941432567393,720575940613296274,215110
720575941463095952,720575940609042244,97744
720575941415886876,720575940610326994,83470
720575941598680220,720575940619767243,47882
720575941662969912,720575940603501024,213604
720575941509289232,720575940627112723,93772
720575941557966351,720575940612903025,46641
720575941506318908,720575940649868153,542535
720575941631262690,720575940611656891,110229
720575941490015950,720575940620368775,185914
720575941642665592,720575940625829192,14963
720575941454791987,720575940620570806,92945
720575941560070771,720575940623683018,62835
720575941473373536,720575940631840587,78086
720575941555212545,720575940636186469,811385
720575941549370401,720575940618065984,111889
720575941490060494,720575940615656082,124437
720575941611342666,720575940623284237,128703
720575941463731725,720575940621365268,45192
720575941543706217,720575940629676666,123185
720575941600815145,720575940641382901,190435
720575941487526864,720575940626782151,100299
720575941599975977,720575940613094117,530368
720575941519132343,720575940619465270,39560
720575941475490078,720575940638510057,29606
720575941455210291,720575940605501641,95304
720575941535120922,720575940617895636,99387
720575941669865137,720575940628324170,100808
720575941464184589,720575940617512409,14522
720575941558137615,720575940630243943,113265
720575941593881963,720575940623510541,128261
720575941480249730,720575940632085900,43175
720575941544042245,720575940637352511,88980
720575941568010996,720575940633843854,76782
720575941452858695,720575940630964421,104713
720575941655243988,720575940614504342,102185
720575941506914620,720575940627038616,212806
720575941553345051,720575940639837091,47450
720575941504132183,720575940608756572,24715
720575941669896881,720575940632589220,521568
720575941501135191,720575940633059179,806270
720575941560064301,720575940635229797,517702
720575941592136811,720575940631117568,64902
720575941535710986,720575940638676457,75341
720575941504053847,720575940620200021,114061
720575941430452951,720575940625009848,55215
720575941573012475,720575940630742316,99101
720575941492981680,720575940622467708,537834
720575941477296449,720575940640297304,147223
720575941723807546,720575940621471414,543203
720575941400441891,720575940616334054,165052
720575941663086972,720575940626790376,114807
720575941431036553,720575940621733364,52403
720575941624390538,720575940633704217,92819
720575941628028217,720575940615443037,128784
720575941461076493,720575940623266829,911202
720575941497827657,720575940615954838,65515
720575941501966679,720575940623496669,179272
720575941554975972,720575940644674851,63166
720575941609393766,720575940629709250,816676
720575941560511726,720575940625106876,349344
720575941439450303,720575940618885243,23122
720575941469381696,720575940622974707,48291
720575941490830793,720575940609498325,88906
720575941520722867,720575940623319334,48495
720575941478807715,720575940629155450,60910
720575941624694939,720575940626972676,101922
720575941562400354,720575940621443243,75873
720575941609547594,720575940614519157,105297
720575941504194391,720575940622668671,222960
720575941515911171,720575940612395226,118151
720575941530124216,720575940614900127,90497
720575941433635982,720575940635962559,44723
720575941573614408,720575940628640719,803894
720575941550242109,720575940624131988,66574
720575941573816827,720575940619906901,515828
720575941575043741,720575940640691619,519086
720575941538064253,720575940619801793,905485
720575941603313849,720575940645990532,20945
720575941392515076,720575940626919312,69863
720575941506529701,720575940620884756,139045
720575941604914878,720575940638230244,126902
720575941584281695,720575940630926075,146518
720575941463945229,720575940630008121,78670
720575941569069818,720575940629549178,80475
720575941408175022,720575940633548499,157690
720575941512213969,720575940625515341,84160
720575941520709811,720575940638432053,65621
720575941405026672,720575940607128777,201219
720575941526546713,720575940622132997,525383
720575941553177223,720575940638263012,64830
720575941490916553,720575940629108332,25039
720575941448556366,720575940615001450,127281
720575941687593967,720575940628910159,49396
720575941551785626,720575940633303743,30313
720575941592286760,720575940653722785,133805
720575941483053510,720575940629638186,74363
720575941611946669,720575940635374191,809264
720575941645874888,720575940627035261,127346
720575941680418237,720575940614589243,126900
720575941652326641,720575940631684603,141918
720575941547612552,720575940633215303,75143
720575941732536619,720575940617859486,808305
720575941574948872,720575940625142972,116592
720575941496823168,720575940620717667,31458
720575941595362343,720575940629971650,588669
720575941477323073,720575940620047696,68366
720575941574335592,720575940617924181,539328
720575941589969292,720575940626117904,913573
720575941623735963,720575940627126727,131696
720575941480172523,720575940621576063,811742
720575941723359546,720575940609956558,147501
720575941446823188,720575940628628474,906379
720575941433377038,720575940628275845,193978
720575941641252197,720575940611725006,63758
720575941670114471,720575940626691984,35199
720575941491809511,720575940621003617,149430
720575941472500539,720575940632685538,164174
720575941430816504,720575940627537095,99748
720575941514491539,720575940631528466,115647
720575941553075006,720575940614490791,46511
720575941462158020,720575940634127385,105192
720575941534295384,720575940629170519,92117
720575941609335213,720575940620273279,155312
720575941601989817,720575940622964262,105389
720575941563136512,720575940623012109,126089
720575941524517195,720575940605609830,98870
720575941443076778,720575940610144981,44427
720575941510333968,720575940635671032,537998
720575941614199315,720575940636090223,106758
720575941556051940,720575940628029450,95388
720575941558959396,720575940618787668,60796
720575941516445433,720575940632435754,177266
720575941507618594,720575940628550916,76257
720575941545929652,720575940636880782,129474
720575941505985409,720575940611872227,904914
720575941626090122,720575940621132422,49534
720575941702347226,720575940648679556,13107
720575941524125515,720575940645210391,127028
720575941555656100,720575940620309419,73030
720575941554772634,720575940620952956,41932
720575941496079433,720575940627467858,106476
720575941499492425,720575940634920043,202604
720575941439761615,720575940627499520,21882
720575941658996248,720575940624177151,551660
720575941537507304,720575940633546015,156260
720575941590576382,720575940616866747,81582
720575941565051751,720575940639399238,29519
720575941549374975,720575940640817549,804508
720575941644075937,720575940615898566,36599
720575941579356149,720575940629650007,230888
720575941630101740,720575940634781536,135516
720575941614633747,720575940628575019,167479
720575941600429865,720575940626302546,109009
720575941516762515,720575940622660535,817060
720575941528650168,720575940628566858,157199
720575941429813897,720575940620778623,517928
720575941496873289,720575940622024957,535725
720575941631316450,720575940615276511,537814
720575941435607840,720575940636634743,130126
720575941543282461,720575940635445695,158431
720575941621652220,720575940617140544,35153
720575941669459367,720575940623025944,144060
720575941568703738,720575940608664873,523820
720575941628481337,720575940632393547,41225
720575941575578255,720575940614724514,138542
720575941631251653,720575940616146079,116708
720575941469309917,720575940628423623,810424
720575941435669522,720575940636265188,25663
720575941508784930,720575940640529616,168937
720575941559205933,720575940625186312,810229
720575941474677825,720575940621294412,810439
720575941490964174,720575940627142428,68785
720575941482185402,720575940640347709,71449
720575941515477753,720575940630252332,549016
720575941568140026,720575940620757231,235929
720575941468862583,720575940620459702,70008
720575941483147005,720575940624491755,545800
720575941593250155,720575940638431907,54758
720575941564725504,720575940623857084,177099
720575941488422965,720575940626663440,810123
720575941519487704,720575940629724380,107487
720575941471122187,720575940615635037,524971
720575941474983227,720575940627445074,90456
720575941691009688,720575940611756441,811296
720575941469233117,720575940644376868,215911
720575941546105276,720575940605076140,122800
720575941540913277,720575940619236421,516805
720575941633477061,720575940631555535,901544
720575941414632732,720575940617503316,89547
720575941658904344,720575940604985265,140108
720575941533418883,720575940625627023,121824
720575941592907560,720575940643305672,121744
720575941560062323,720575940645686820,909847
720575941519623022,720575940635440741,83024
720575941625958026,720575940623068109,533252
720575941702892250,720575940632772153,104542
720575941439174700,720575940640150973,74204
720575941546942652,720575940618208985,62002
720575941611720422,720575940628587463,533236
720575941496383943,720575940628909355,541757
720575941511390673,720575940623255053,535377
720575941574569910,720575940623086728,77305
720575941653755860,720575940628206791,107380
720575941659336784,720575940620491654,73707
720575941517431000,720575940629222915,101441
720575941611504230,720575940629091146,93972
720575941524184395,720575940631227641,189513
720575941594999766,720575940621267555,25855
720575941517592430,720575940660507009,30502
720575941644644178,720575940609310933,122505
720575941490796238,720575940622780165,177876
720575941414586001,720575940606929419,131373
720575941653696273,720575940620044190,60453
720575941505244951,720575940635689370,105695
720575941578308597,720575940608327435,98501
720575941392892310,720575940639303494,58877
720575941596306565,720575940626178874,26383
720575941610463718,720575940626660298,112827
720575941520363511,720575940632139603,18556
720575941616467669,720575940633166151,815013
720575941601204409,720575940636143022,911590
720575941573349533,720575940607197826,811119
720575941447737166,720575940639151987,129676
720575941411799663,720575940624515145,516140
720575941444740266,720575940613143794,555121
720575941507332375,720575940624389000,162041
720575941532786149,720575940622784127,542355
720575941459484319,720575940623736419,516390
720575941411300719,720575940625974572,93623
720575941535402010,720575940637482085,90370
720575941402017571,720575940621065281,517271
720575941530001893,720575940639257077,523016
720575941448212244,720575940625621652,527122
720575941652317425,720575940640842880,530620
720575941539536789,720575940622359274,130102
720575941540025549,720575940635060660,73569
720575941588731447,720575940617922772,115801
720575941505705797,720575940624168521,84531
720575941589349943,720575940625218404,69191
720575941499589705,720575940615566230,34810
720575941499236681,720575940638260708,18223
720575941442415823,720575940641490933,559157
720575941720387642,720575940625952002,810858
720575941626282907,720575940610225988,130292
720575941480483202,720575940627285178,61745
720575941528580811,720575940621623917,88739
720575941624387018,720575940653610998,82453
720575941566069046,720575940621341300,163630
720575941467352854,720575940618651675,81068
720575941475725883,720575940627389256,567978
720575941476408606,720575940638920757,178981
720575941562887826,720575940620103558,64146
720575941467013718,720575940634545634,545990
720575941633182395,720575940626009421,154360
720575941487714512,720575940633014445,518231
720575941534641434,720575940646405998,550276
720575941597176988,720575940626707518,54169
720575941450563406,720575940631687844,813395
720575941486917382,720575940627866473,80263
720575941723723322,720575940635563711,534385
720575941659010328,720575940623502121,90907
720575941730797611,720575940614744017,569340
720575941633556155,720575940620109191,823332
720575941643650898,720575940608305500,814927
720575941600667177,720575940627012282,151035
720575941440100437,720575940628870568,34323
720575941483813885,720575940611662705,63089
720575941589297918,720575940631005015,25341
720575941534463425,720575940605128550,95658
720575941535818266,720575940624993799,535088
720575941486080006,720575940621456321,128946
720575941584311942,720575940624712906,106491
720575941584047711,720575940611456435,62111
720575941628917986,720575940629711376,42264
720575941603182270,720575940636852294,56366
720575941497256832,720575940627583321,566964
720575941491444684,720575940629878519,946152
720575941514490179,720575940630192682,136310
720575941570732190,720575940617479825,119394
720575941551823495,720575940628865335,60808
720575941686091894,720575940631371991,809826
720575941505756229,720575940614664429,201263
720575941505011004,720575940624918932,50684
720575941663115388,720575940620750830,107080
720575941482971078,720575940617397341,94404
720575941611599337,720575940611508526,70097
720575941412312721,720575940619983380,935961
720575941554393060,720575940639550928,99265
720575941570456308,720575940629022723,69019
720575941547704756,720575940629620779,99345
720575941413899924,720575940613215766,186407
720575941531686787,720575940633464109,137262
720575941554841828,720575940631295020,81949
720575941429065097,720575940610624206,37312
720575941483859898,720575940625525265,148150
720575941593980293,720575940634664674,904029
720575941574859017,720575940624114884,94854
720575941512222284,720575940619299311,152535
720575941623908298,720575940631562541,38698
720575941555665747,720575940616142337,575882
720575941595691045,720575940647637380,148550
720575941642558881,720575940615559202,124689
720575941546433160,720575940614703522,118844
720575941564483847,720575940621431492,81901
720575941517310867,720575940614410961,518735
720575941548217405,720575940616712278,143826
720575941567667706,720575940620985003,79298
720575941574494715,720575940630724204,530821
720575941499010171,720575940618107451,530531
720575941491659982,720575940636475870,531916
720575941572297118,720575940619872715,551643
720575941430866936,720575940626043966,940402
720575941476939550,720575940632165260,80354
720575941589557316,720575940630226944,181278
720575941481957315,720575940633688476,805437
720575941408624175,720575940610263665,23163
720575941428988335,720575940632320312,79937
720575941484030461,720575940636184824,110723
720575941665345011,720575940627018621,83453
720575941493362558,720575940627222683,75110
720575941659177496,720575940640055640,40303
720575941598832425,720575940614704290,58770
720575941686773516,720575940626405413,73730
720575941516483475,720575940628780309,43740
720575941390911492,720575940617963480,41787
720575941473143594,720575940632792111,144351
720575941587856951,720575940648001156,809344
720575941479038371,720575940624142020,49295
720575941413977116,720575940618706043,43697
720575941477197418,720575940631164476,33646
720575941653934097,720575940632284776,31850
720575941691611800,720575940618173140,101579
720575941391555990,720575940623647256,82737
720575941561909549,720575940634213913,136487
720575941414498449,720575940620834544,201088
720575941475258939,720575940623746509,134835
720575941603246526,720575940625772692,77907
720575941474980417,720575940610449614,813518
720575941589842316,720575940626997541,98655
720575941596844421,720575940609165916,44081
720575941446587412,720575940625898014,29744
720575941548077857,720575940630854649,45468
720575941558698734,720575940632742760,113889
720575941445371818,720575940622020084,81252
720575941515301722,720575940622674712,143687
720575941440049887,720575940638028510,485322
720575941576198838,720575940639173173,10757
720575941540067789,720575940609779465,22778
720575941546767292,720575940616974166,529252
720575941519666355,720575940622449185,75002
720575941610455273,720575940614908010,811285
720575941550490996,720575940609040597,107638
720575941490817228,720575940624739511,929810
720575941451275945,720575940632760996,109896
720575941688345051,720575940616584607,25841
720575941643043448,720575940634449890,162552
720575941534832394,720575940623627460,69591
720575941611933286,720575940628904700,73865
720575941408001071,720575940618761812,153500
720575941576171702,720575940641309659,43065
720575941529480068,720575940624299499,132561
720575941530348216,720575940628941318,218577
720575941525507074,720575940610637870,99771
720575941512354636,720575940632921144,126753
720575941467877085,720575940603934892,68097
720575941624808859,720575940634332697,805252
720575941569153906,720575940616970309,809181
720575941537717629,720575940613153938,817494
720575941455669997,720575940622270391,818642
720575941634075323,720575940635381934,103983
720575941586531974,720575940627740432,210611
720575941549465661,720575940631059767,751515936
720575941524017154,720575940645176264,818040
720575941460361412,720575940613903978,105126
720575941440213695,720575940638038862,27787
720575941547715976,720575940621267904,123796
720575941597849244,720575940624215221,65863
720575941537479400,720575940621828534,805918
720575941606929261,720575940652083190,13411
720575941557777060,720575940617491771,264836
720575941652735729,720575940625695280,14218
720575941452257402,720575940635714296,88032
720575941545517492,720575940621913114,129346
720575941458028959,720575940610359650,144512
720575941632391621,720575940618592390,57171
720575941501635927,720575940615467431,539349
720575941497036923,720575940626561564,163617
720575941563277319,720575940633210323,94832
720575941547796360,720575940623287081,125184
720575941687163119,720575940613253874,137469
720575941691574424,720575940623154531,77571
720575941493646000,720575940623089758,59304
720575941478634831,720575940623385599,903690
720575941580099409,720575940630466295,135925
720575941475077691,720575940636726117,87350
720575941564670615,720575940622738579,813998
720575941452427386,720575940623991757,93811
720575941632851131,720575940639718453,74119
720575941574586632,720575940620998997,538964
720575941687749359,720575940620912065,136110
720575941653181913,720575940614305602,40942
720575941486091074,720575940630453535,908076
720575941446459924,720575940620182399,248072
720575941471729472,720575940638364735,78859
720575941558634611,720575940618736965,47525
720575941561414034,720575940644657700,88339
720575941533666738,720575940643696420,57939
720575941471785536,720575940616720443,197559
720575941449109341,720575940629908072,168670
720575941472554336,720575940614434302,547554
720575941427934036,720575940606615563,166794
720575941567862260,720575940630700795,153890
720575941406320175,720575940631567658,47357
720575941409118123,720575940627699712,34942
720575941529416632,720575940614788392,55916
720575941619627647,720575940621128557,88292
720575941594352517,720575940626610960,513379
720575941644874952,720575940632912159,545482
720575941458271903,720575940649813881,67643
720575941459786963,720575940623521318,61419
720575941430095575,720575940633013807,90380
720575941519675246,720575940630442783,525630
720575941591732776,720575940608214962,534516
720575941458108742,720575940635967374,30479
720575941559627279,720575940623923336,149809
720575941643605960,720575940618654528,36851
720575941578791257,720575940637317006,515623
720575941481978554,720575940614474463,93214
720575941410870699,720575940621850608,199109
720575941521170355,720575940619965104,185350
720575941522304759,720575940620654616,451851712
720575941448642397,720575940638781417,37404
720575941595369765,720575940630766098,86433
720575941504785346,720575940622589197,33544
720575941688267416,720575940627153767,802708
720575941553066867,720575940619074388,31535
720575941584048862,720575940623105719,113697
720575941408680110,720575940612028182,36756
720575941438839359,720575940626854288,90927
720575941572380168,720575940621790555,71087
720575941475830580,720575940617608665,140668
720575941659107408,720575940607648267,208317
720575941631924716,720575940621943649,106332
720575941547478452,720575940627224719,150256
720575941566397287,720575940627431301,90400
720575941519290028,720575940609784585,82547
720575941517857134,720575940624916226,79480
720575941518472876,720575940622466584,84430
720575941472064096,720575940613553637,39808
720575941580067961,720575940614954143,148832
720575941458843718,720575940629436716,180524
720575941629078764,720575940620454790,811192
720575941407070382,720575940626077261,158602
720575941408546351,720575940633864417,84206
720575941437905375,720575940615451451,60146
720575941643071176,720575940612238255,59337
720575941611990189,720575940606471345,102550
720575941404468336,720575940628895232,49445
720575941574687670,720575940615845014,575651
720575941433089934,720575940638542424,524270
720575941552355355,720575940620517803,68996
720575941436459040,720575940628940994,81910
720575941498333051,720575940628793350,516505
720575941478019137,720575940633094727,109600
720575941512646988,720575940612405477,130625
720575941521852851,720575940633771053,97991
720575941427449172,720575940613419506,810109
720575941564238743,720575940621657965,93264
720575941498444155,720575940628841271,807500
720575941553699463,720575940624626563,111033
720575941565513526,720575940632565075,54480
720575941624199323,720575940624102448,104710
720575941546518305,720575940627161703,51470
720575941440405845,720575940626733093,146253
720575941459397791,720575940630028154,64971
720575941632991685,720575940623538951,60368
720575941400738595,720575940627707529,91691
720575941564681831,720575940619662646,57957
720575941535443890,720575940629242055,113199
720575941671007911,720575940620932684,36251
720575941625610698,720575940631365089,807283
720575941407871279,720575940627990020,104720
720575941478840995,720575940617975586,72737
720575941573601608,720575940611856078,526599
720575941627411513,720575940613692950,97273
720575941451642025,720575940639720563,109791
720575941410758511,720575940633937818,34380
720575941608180589,720575940643449636,89950
720575941477478209,720575940633182628,106524
720575941615670937,720575940638892614,532591
720575941626131914,720575940610355042,160344
720575941549165345,720575940636444479,103991
720575941597678889,720575940636996159,812145
720575941574778806,720575940634146808,131293
720575941604057017,720575940632756328,132652
720575941653663700,720575940629306667,87379
720575941528164792,720575940621889456,24542
720575941535957731,720575940610816881,103921
720575941456844013,720575940634842804,134526
720575941482518211,720575940622532036,186268
720575941578684505,720575940618011426,82724
720575941609437002,720575940610632494,71889
720575941449664093,720575940632881209,92248
720575941503345714,720575940619936639,85516
720575941574884968,720575940622761949,139606
720575941594185511,720575940618614942,68637
720575941480317664,720575940620084604,19425
720575941566300519,720575940629406971,118666
720575941516494739,720575940627206915,32245
720575941508482654,720575940631976729,69766
720575941469659712,720575940606986691,805095
720575941553054782,720575940631033943,129128
720575941405251184,720575940606508674,40678
720575941549720692,720575940631497209,95066
720575941430830729,720575940610718869,50337
720575941574253832,720575940618727760,80142
720575941478577231,720575940646441780,808110
720575941476561002,720575940629720835,131233
720575941578352885,720575940619795416,808985
720575941505230898,720575940622993847,116193
720575941458695839,720575940625188042,124056
720575941499804066,720575940632327016,547611
720575941614014739,720575940637126542,44547
720575941523345227,720575940625692816,141163
720575941573933128,720575940615081110,585697
720575941471843339,720575940614954671,530626
720575941587430199,720575940617249629,805847
720575941499411529,720575940613894034,81519
720575941432988430,720575940626304330,44415
720575941594578902,720575940620182305,125681
720575941586789854,720575940612002929,72840
720575941431331247,720575940621811803,569213
720575941460270406,720575940622369396,525531
720575941547256125,720575940640676413,58312
720575941604500470,720575940620455046,128393
720575941721822522,720575940614738956,102095
720575941555837860,720575940616857757,810668
720575941564364854,720575940627799433,106194
720575941439052332,720575940628955880,169443
720575941465668630,720575940638773062,123203
720575941481013667,720575940614561183,534944
720575941474038880,720575940626255381,148344
720575941521631411,720575940612980990,78066
720575941585344902,720575940644087496,153657
720575941529628856,720575940620009432,544729
720575941508609153,720575940633924577,46878
720575941496362363,720575940637862062,517059
720575941450165114,720575940618864542,111285
720575941620139135,720575940616559477,41873
720575941689188470,720575940616374358,512955
720575941478631786,720575940621521678,129361
720575941508714590,720575940627726312,70884
720575941530862821,720575940625376660,124889
720575941633257413,720575940608804363,71641
720575941565484551,720575940614314671,97236
720575941565790727,720575940607001801,148496
720575941406695598,720575940641195509,77897
720575941450586958,720575940603250860,23403
720575941525888100,720575940618917953,562165
720575941452764585,720575940617945649,58071
720575941467201558,720575940623101109,42257
720575941462707088,720575940615101452,58401
720575941536842984,720575940621163802,58274
720575941535001010,720575940619981550,820652
720575941439193900,720575940620105630,27923
720575941437425964,720575940626242191,17536
720575941437147436,720575940618684496,83879
720575941535012184,720575940610302818,138404
720575941508146978,720575940626874511,23898
720575941620300927,720575940626260836,51832
720575941553790465,720575940618394397,55503
720575941598932265,720575940617283899,83790
720575941578377973,720575940627066884,44253
720575941690306523,720575940606208446,23427
720575941481322947,720575940615723153,119255
720575941470481984,720575940620932774,84123
720575941474497578,720575940645682199,188907
720575941540490109,720575940638304838,807094
720575941540543437,720575940629058816,235701
720575941439472575,720575940612332494,32685
720575941655899092,720575940630620985,169511
720575941493955248,720575940642820119,817971
720575941490760905,720575940623780872,114602
720575941570163956,720575940620551126,25491
720575941602611958,720575940613115545,125656
720575941730179883,720575940621202200,44669
720575941562030893,720575940636935494,53728
720575941571934024,720575940618888246,817083
720575941458395347,720575940623743415,803614
720575941433082382,720575940616621497,832921
720575941451916154,720575940631033175,512524
720575941438470741,720575940619742561,125532
720575941595885701,720575940625561165,30220
720575941555583140,720575940626487829,89806
720575941407842095,720575940622927541,217973
720575941558715118,720575940627197194,86141
720575941565799831,720575940628695034,176721
720575941566435638,720575940629915770,519203
720575941536815848,720575940610658766,516326
720575941414068625,720575940613047519,155388
720575941639469343,720575940628174848,808930
720575941574888457,720575940618665024,53344
720575941471709047,720575940614339759,172372
720575941502503307,720575940621496956,140794
720575941431795982,720575940630595415,62912
720575941543734813,720575940639790013,140484
720575941477396801,720575940631781736,99467
720575941517364627,720575940636750437,136084
720575941535798042,720575940630220791,165631
720575941651827989,720575940619133387,110429
720575941467258454,720575940631987474,117439
720575941450962759,720575940625325861,88623
720575941689114776,720575940613141466,75422
720575941603842489,720575940627081368,24707
720575941592090219,720575940628603925,62744
720575941603413694,720575940609936139,105971
720575941652180501,720575940607265348,453413
720575941642522312,720575940607854531,814435
720575941686919151,720575940630764359,174241
720575941625031306,720575940640303267,124653
720575941730758443,720575940619970683,145922
720575941565337959,720575940635353445,519389
720575941643609505,720575940623557926,108783
720575941436595474,720575940635170211,100663
720575941611504486,720575940625686801,57510
720575941459119600,720575940624863240,217226
720575941431917326,720575940622844903,122573
720575941518109400,720575940623710133,576176
720575941479972320,720575940648243588,126564
720575941541551196,720575940616330267,67250
720575941575566479,720575940633565154,77126
720575941614777875,720575940612305506,512830
720575941512006097,720575940615767446,91489
720575941478920527,720575940631534161,22278
720575941496384455,720575940631278923,533384
720575941513914833,720575940621569930,18733
720575941480462816,720575940636507493,38946
720575941553005630,720575940634078059,549529
720575941523985410,720575940633129683,819872
720575941538462869,720575940635496366,28065
720575941497800610,720575940633580883,122284
720575941489706293,720575940609313092,139750
720575941457023213,720575940624409673,133690
720575941687963148,720575940605992369,29958
720575941484057085,720575940622963127,812777
720575941430781103,720575940611008986,86278
720575941722041402,720575940638135349,807368
720575941577156185,720575940618737748,110521
720575941540389069,720575940629345639,78577
720575941652645873,720575940631586924,36233
720575941450693966,720575940639851427,84204
720575941475946782,720575940630373623,150203
720575941433092878,720575940626581348,52952
720575941461320644,720575940645635636,167351
720575941494835399,720575940621655686,127860
720575941549128481,720575940635207092,52213
720575941562176402,720575940627299227,29791
720575941531288523,720575940627628548,808762
720575941544834236,720575940628769040,120249
720575941530904523,720575940623692109,34190
720575941651770897,720575940623096077,150457
720575941488241973,720575940625671441,25447
720575941450782542,720575940628299563,104098
720575941562413458,720575940623182067,86940
720575941553295899,720575940630930373,172904
720575941481505871,720575940632886841,117675
720575941529824952,720575940627670032,816080
720575941536293130,720575940646535022,105796
720575941474661918,720575940608603657,912067
720575941555110298,720575940610933572,57329
720575941528871883,720575940627958046,27246
720575941452727367,720575940630215618,29782
720575941502522967,720575940630260791,539608
720575941576812648,720575940626393999,83559
720575941574199478,720575940639282229,110927
720575941521053879,720575940630156647,29147
720575941526999885,720575940611902450,94954
720575941644281426,720575940625944817,217482
720575941609884649,720575940652374518,114539
720575941603753401,720575940614792086,808674
720575941426487124,720575940620906480,111924
720575941453183539,720575940633094431,90487
720575941427017556,720575940621423604,36420
720575941563263495,720575940633648782,153354
720575941485487426,720575940613842700,174777
720575941535469544,720575940630254235,54572
720575941438806719,720575940611913842,44322
720575941633625275,720575940639227967,202942
720575941549963636,720575940659978625,890497
720575941566660199,720575940619893999,35213
720575941580505845,720575940621737569,104399
720575941604566176,720575940614680017,44334
720575941483753146,720575940628844231,85932
720575941594230742,720575940624218409,43162
720575941508825473,720575940618083531,42674
720575941565079559,720575940634391521,551011
720575941434718496,720575940623619563,98890
720575941536435393,720575940615167919,164315
720575941639971103,720575940606014742,59760
720575941631912096,720575940629477883,936661
720575941502275159,720575940630198083,56959
720575941503791851,720575940634629857,93025
720575941447486228,720575940629932818,99051
720575941585530502,720575940630644547,107242
720575941652879345,720575940631372396,96388
720575941574975901,720575940630033270,27872
720575941507392802,720575940613729695,131984
720575941653653265,720575940637938522,519967
720575941578221657,720575940619259550,127726
720575941454969837,720575940625952258,121808
720575941555579364,720575940621121140,523506
720575941556568612,720575940636370665,102846
720575941612243814,720575940630775891,146675
720575941565835618,720575940626727049,141172
720575941594758277,720575940630891624,60125
720575941525226061,720575940644228000,140499
720575941573427855,720575940612284387,40140
720575941540625101,720575940622467307,104960
720575941492303335,720575940629180725,24598
720575941628402233,720575940632877988,20869
720575941399936803,720575940625871949,19900
720575941450213754,720575940624945438,24068
720575941658324760,720575940648335748,48580
720575941559447597,720575940629723006,141774
720575941528539012,720575940635610548,14156
720575941452123258,720575940614997471,77704
720575941450125902,720575940631933771,71358
720575941520677555,720575940640876672,171805
720575941597702556,720575940631574924,132379
720575941492434558,720575940607625225,912105
720575941526461773,720575940628926467,97193
720575941652131825,720575940645129495,101735
720575941482614979,720575940612822422,28008
720575941504009195,720575940633218221,118464
720575941574865929,720575940633080915,121363
720575941438682898,720575940621999228,166119
720575941434362144,720575940627342086,43797
720575941620220031,720575940629935703,47434
720575941505518652,720575940635529390,135917
720575941548126344,720575940617106994,30508
720575941540261501,720575940622459588,808561
720575941573651272,720575940628415484,163208
720575941474514235,720575940628000082,549379
720575941414039700,720575940616640576,76738
720575941686814838,720575940621012133,103124
720575941450743674,720575940628816040,127927
720575941556026195,720575940614800382,189658
720575941497106249,720575940606367166,155153
720575941437415442,720575940628894402,97464
720575941519533678,720575940654083489,100798
720575941490042318,720575940621477402,62624
720575941456981232,720575940619158326,104764
720575941669011699,720575940618271705,164297
720575941544927749,720575940613686954,940008
720575941500071842,720575940628694991,131946
720575941631135941,720575940636440677,154354
720575941632134816,720575940614664913,125129
720575941626345354,720575940625656846,66041
720575941448009492,720575940639126325,63156
720575941495379655,720575940646919476,86755
720575941427238484,720575940638017626,24258
720575941576746585,720575940625676621,110787
720575941589374718,720575940617161617,99073
720575941508594210,720575940631309905,16577
720575941644793544,720575940616951947,52596
720575941578556149,720575940626515556,89548
720575941351431216,720575940624923320,150624
720575941602827961,720575940607283804,50690
720575941502347147,720575940606411966,103890
720575941569678330,720575940626044924,92106
720575941436244768,720575940611724437,130250
720575941612868883,720575940648290436,130845
720575941691356635,720575940633438035,39028
720575941510043408,720575940617843851,50040
720575941531441381,720575940630734075,815758
720575941544851973,720575940622105254,29909
720575941569973874,720575940631061199,166420
720575941622629628,720575940615260226,134085
720575941703161562,720575940622138564,72323
720575941569648122,720575940622948872,22533
720575941559892851,720575940632122464,56708
720575941534202802,720575940621957286,200777
720575941686186735,720575940612211240,922797
720575941610422189,720575940634532247,182446
720575941499582025,720575940630501120,515073
720575941604274422,720575940620496237,549125
720575941553655067,720575940621391636,146275
720575941591857771,720575940628837352,89197
720575941715010603,720575940611667173,218270
720575941485863686,720575940631160787,20021
720575941476850462,720575940621916952,515547
720575941534912010,720575940625314343,134016
720575941535167320,720575940632007844,910718
720575941439136085,720575940623434281,44672
720575941479754063,720575940619618427,51034
720575941574694920,720575940627003180,111022
720575941443332778,720575940630159867,74577
720575941520113262,720575940615196369,143377
720575941597468572,720575940631302186,151187
720575941573235613,720575940624548332,24756
720575941668250099,720575940626416145,39513
720575941645589153,720575940618336635,41137
720575941487107650,720575940620604582,63806
720575941540913693,720575940622672349,87444
720575941637259637,720575940611581998,37339
720575941611812013,720575940625426190,182587
720575941475235649,720575940612631970,45839
720575941605933677,720575940605907586,123172
720575941525215769,720575940628596739,146535
720575941440149215,720575940618673985,51208
720575941472147242,720575940614642728,530852
720575941557445796,720575940622416520,46476
720575941496367303,720575940621685697,158154
720575941462778125,720575940612575230,80201
720575941630286316,720575940627076124,73741
720575941598975424,720575940636119151,138313
720575941596427121,720575940617752505,41831
720575941431565304,720575940631539754,122510
720575941566098583,720575940618720670,77978
720575941474862122,720575940629762043,930760
720575941484536386,720575940622780296,144142
720575941667390195,720575940620890704,100610
720575941543651004,720575940624355051,809754
720575941722643002,720575940622387276,97533
720575941530968011,720575940615073090,106908
720575941506952773,720575940648907641,540509
720575941565892194,720575940625023731,184088
720575941504656322,720575940650480374,74359
720575941685299695,720575940634893419,556502
720575941572702621,720575940621149761,61496
720575941493647998,720575940616323999,301710
720575941627711545,720575940628495878,269446
720575941562240256,720575940631396675,56474
720575941540700285,720575940609748235,129953
720575941445343914,720575940627633384,89256
720575941568384250,720575940619145045,812967
720575941480380896,720575940610184049,233097
720575941515380995,720575940624799723,47118
720575941510768594,720575940616960395,87299
720575941441922139,720575940631470354,551928
720575941588975614,720575940630428716,98408
720575941411643563,720575940618196251,315045
720575941684783599,720575940605937097,806301
720575941527177986,720575940628332048,197084
720575941533021413,720575940630465783,158292
720575941490097353,720575940607473931,57456
720575941626302858,720575940634557594,28907
720575941663065980,720575940604681830,60309
720575941607695981,720575940627505576,36832
720575941442264527,720575940629916098,23207
720575941557284900,720575940629999119,47369
720575941639991071,720575940650015609,124401
720575941445211156,720575940628333788,813632
720575941450758727,720575940628456318,164037
720575941613728988,720575940613029794,177504
720575941653794065,720575940614949938,62969
720575941593511975,720575940619215451,66165
720575941576455016,720575940625005031,531248
720575941485781826,720575940600934665,44001
720575941529334200,720575940616200788,133067
720575941401227299,720575940622440486,515653
720575941576521832,720575940614361868,98117
720575941588665924,720575940637867241,117975
720575941484529037,720575940631728658,157351
720575941572569353,720575940625666796,116612
720575941469739997,720575940624882190,522988
720575941600109353,720575940605498302,809986
720575941575817103,720575940623374067,84950
720575941519392695,720575940615473002,148934
720575941535561394,720575940638491738,87694
720575941449870941,720575940614773307,164157
720575941645661896,720575940628970481,136932
720575941475106590,720575940626315975,524654
720575941550204276,720575940623021043,68023
720575941651232021,720575940629413194,93831
720575941604528062,720575940640879861,86243
720575941565029383,720575940624373255,122695
720575941559066995,720575940638889791,547572
720575941625642395,720575940633169177,78207
720575941478087530,720575940631966777,150733
720575941557878287,720575940629244751,32933
720575941650769649,720575940629151488,130696
720575941611306470,720575940625811096,86158
720575941478590058,720575940622649284,53788
720575941534426290,720575940610899154,82751
720575941509005441,720575940629488171,44190
720575941582788959,720575940620846806,578800
720575941564841216,720575940610189154,38476
720575941530408120,720575940635563927,231589
720575941554264986,720575940660150401,48957
720575941515007043,720575940630793413,76203
720575941461560720,720575940615147315,540496
720575941590835752,720575940627700554,47746
720575941543118877,720575940638672454,148460
720575941508478081,720575940606102473,814833
720575941671171751,720575940612520933,97491
720575941606801261,720575940619880326,807309
720575941657482520,720575940613427058,181146
720575941563731463,720575940615885510,542571
720575941512663884,720575940621250061,50467
720575941514092179,720575940606274827,909716
720575941540855677,720575940615460350,27817
720575941560616563,720575940607071106,109708
720575941701845210,720575940636405349,124545
720575941524868939,720575940629933586,42885
720575941572950174,720575940620347984,146468
720575941544219068,720575940616821597,907538
720575941555819603,720575940638722537,166128
720575941540658268,720575940621170292,92012
720575941586599558,720575940630595644,536602
720575941557640100,720575940640882384,98402
720575941563829160,720575940628223765,76104
720575941529510859,720575940629364731,196584
720575941615485593,720575940645829764,23920
720575941653477393,720575940616483701,132252
720575941469446621,720575940627291578,111426
720575941478440416,720575940630511486,33772
720575941615738009,720575940607869618,196514
720575941624646090,720575940651208694,72979
720575941656771096,720575940621324148,81623
720575941483538118,720575940653192182,82387
720575941538287485,720575940616369218,52066
720575941513332812,720575940618035483,15847
720575941411023275,720575940623555780,42707
720575941468235741,720575940627660135,812400
720575941574939401,720575940635849626,531075
720575941567481390,720575940624347978,63607
720575941660826680,720575940613944239,74160
720575941535635722,720575940607340555,75592
720575941416790300,720575940613010837,524248
720575941441434303,720575940637444585,60764
720575941607130221,720575940640032163,30672
720575941393325828,720575940617159510,84988
720575941452696233,720575940620731561,811974
720575941554247652,720575940631198457,106187
720575941441112155,720575940638890355,28324
720575941517056216,720575940645179592,22644
720575941617919701,720575940626315085,369808
720575941574924904,720575940627424072,31836
720575941667214257,720575940622793707,810478
720575941594763734,720575940629987575,136286
720575941653606617,720575940630203333,102380
720575941602920126,720575940614901098,76841
720575941435862926,720575940630534518,64918
720575941525803545,720575940620996265,74865
720575941430658657,720575940620876679,61787
720575941353002800,720575940618519454,816833
720575941572867081,720575940634991551,34241
720575941655632084,720575940630818553,206889
720575941552218430,720575940633311187,47963
720575941495443070,720575940623019290,42939
720575941517723502,720575940638421993,56266
720575941644119201,720575940632934751,128061
720575941486366160,720575940631940712,140125
720575941560182766,720575940621903280,198973
720575941483417030,720575940631824426,135118
720575941440847189,720575940614053329,117201
720575941430190328,720575940616079188,801181
720575941414531473,720575940612323811,566920
720575941489583052,720575940629896183,24074
720575941632410565,720575940625827917,136413
720575941556869860,720575940637209207,135333
720575941603594937,720575940621897968,102072
720575941570241268,720575940618444518,520074
720575941468398301,720575940627019539,100835
720575941584948063,720575940637279600,132247
720575941652915161,720575940623208269,94773
720575941611617453,720575940630522127,52553
720575941431379887,720575940616855872,51020
720575941561370280,720575940627708779,147499
720575941478752362,720575940637886040,808294
720575941585606534,720575940632651859,94270
720575941509165840,720575940623638781,116549
720575941546654497,720575940627861066,804312
720575941542513437,720575940616225247,819096
720575941548784756,720575940609755913,77661
720575941463115664,720575940604936364,543598
720575941451648583,720575940621478358,803682
720575941599079104,720575940624335689,60837
720575941531964133,720575940626646544,166581
720575941585859718,720575940616214100,804749
720575941475525662,720575940620755366,107983
720575941453681065,720575940619836632,121687
720575941651198705,720575940620979622,58239
720575941505211671,720575940658842753,54638
720575941564932455,720575940622925005,108887
720575941564741010,720575940604628158,35358
720575941516095148,720575940632320815,806351
720575941441505883,720575940611616974,30073
720575941632739525,720575940631673595,104143
720575941691310232,720575940615748753,108555
720575941449740381,720575940627833860,33156
720575941471750775,720575940622696918,116939
720575941533810520,720575940628400492,123066
720575941449927290,720575940614803933,91579
720575941527220505,720575940634942362,78909
720575941681367485,720575940624180223,162320
720575941536272867,720575940618526877,143425
720575941643881633,720575940605631153,99664
720575941524423755,720575940608328713,111060
720575941484555586,720575940614047399,52268
720575941542963997,720575940608656942,43817
720575941514264569,720575940612080738,65385
720575941458693791,720575940632910111,536307
720575941412562324,720575940611797458,103892
720575941565390231,720575940626309864,139282
720575941392817046,720575940613879227,30746
720575941687880716,720575940627117809,91557
720575941721051450,720575940623097046,187020
720575941400077603,720575940627247930,112080
720575941627354681,720575940624803059,35128
720575941391127958,720575940612979090,46341
720575941545276165,720575940620507119,109057
720575941529802680,720575940621913513,811163
720575941408850479,720575940643394208,104267
720575941554923859,720575940619165509,93009
720575941428081492,720575940628824848,157742
720575941430657377,720575940612221669,121080
720575941548959777,720575940610112324,138454
720575941624067068,720575940611277922,63117
720575941589269828,720575940639256704,28110
720575941504470978,720575940631318227,818794
720575941642267237,720575940618398923,99278
720575941451681402,720575940616180566,174920
720575941609985257,720575940621831804,63901
720575941475827771,720575940613056947,540500
720575941590287927,720575940618139220,516780
720575941501666391,720575940619658111,53618
720575941686488303,720575940623730314,143134
720575941533774770,720575940641601499,211010
720575941448812622,720575940620277720,40008
720575941641934437,720575940634627042,53193
720575941462876560,720575940619422533,90083
720575941566793774,720575940610199138,31378
720575941589707319,720575940616780731,127189
720575941611967974,720575940608440668,580392
720575941451037767,720575940638038342,116748
720575941513973969,720575940629367863,67210
720575941438141919,720575940630333911,815847
720575941732779051,720575940618855371,32040
720575941477530986,720575940637762879,93935
720575941572342779,720575940618837844,146046
720575941558631027,720575940642565851,31090
720575941482572730,720575940626308117,808997
720575941427987284,720575940631926329,45247
720575941554589185,720575940620694662,138312
720575941429613048,720575940631198776,117342
720575941571196830,720575940630144812,31691
720575941593643304,720575940605882796,557331
720575941538102248,720575940631252219,101026
720575941459770052,720575940625256009,77462
720575941415100700,720575940629910844,60336
720575941609619786,720575940625932837,160666
720575941687964022,720575940624468557,44136
720575941517955288,720575940625002633,808243
720575941542700805,720575940625464328,63782
720575941547002044,720575940623761447,805721
720575941519828696,720575940625548696,548135
720575941630464709,720575940621343764,49630
720575941526920706,720575940638957400,45980
720575941497541794,720575940605706430,93730
720575941511197516,720575940621434533,816222
720575941609809482,720575940620452544,150741
720575941643054162,720575940630089516,116141
720575941434821408,720575940609859083,160646
720575941691444376,720575940620027096,104949
720575941502627890,720575940617098580,21179
720575941610133933,720575940605796542,70925
720575941625739675,720575940635878042,90335
720575941524021069,720575940618444864,811508
720575941687326838,720575940629271260,95500
720575941526188621,720575940622205044,75479
720575941533660803,720575940623853837,20506
720575941553814151,720575940610932690,92257
720575941412989295,720575940620395861,105431
720575941656899096,720575940632362809,81122
720575941444451754,720575940613886687,564397
720575941539874941,720575940618526365,76338
720575941539617741,720575940625460632,808958
720575941617933013,720575940615468455,192231
720575941655323097,720575940622295832,60545
720575941666166771,720575940640739699,160873
720575941409041835,720575940633191891,803540
720575941503383234,720575940632397599,168376
720575941555866276,720575940617977017,545981
720575941449158222,720575940625460232,130544
720575941603421686,720575940615510338,52962
720575941468184797,720575940606568126,96035
720575941642447973,720575940628749612,811345
720575941596827840,720575940622928764,68079
720575941435694880,720575940626603651,82169
720575941657205840,720575940633038748,130046
720575941595095153,720575940634154140,195297
720575941459362544,720575940660285569,228188
720575941557048996,720575940625914686,65461
720575941498388130,720575940633670882,26310
720575941552011162,720575940633810111,126747
720575941668054449,720575940637461389,150844
720575941535507032,720575940639255357,69754
720575941552487679,720575940626192132,97200
720575941569652850,720575940611780465,50634
720575941402163824,720575940612309671,909727
720575941459546783,720575940618063065,120757
720575941596856453,720575940623497959,534811
720575941431192417,720575940624886676,526046
720575941473147744,720575940628676651,99731
720575941566635318,720575940630929623,65817
720575941642868050,720575940619040285,80033
720575941492360679,720575940613771666,818163
720575941662084220,720575940634703215,156395
720575941488054069,720575940619663239,114708
720575941580315473,720575940660329089,114964
720575941491585511,720575940634569579,812379
720575941703266266,720575940629306886,59584
720575941601031721,720575940612848021,32676
720575941549697652,720575940629137451,511810
720575941574864029,720575940625253066,513836
720575941472626784,720575940635033023,61979
720575941587891767,720575940620967194,136698
720575941703405530,720575940635155819,24633
720575941591656588,720575940627336297,517064
720575941611473385,720575940635119758,116084
720575941477198129,720575940613506582,48960
720575941570492574,720575940633147802,149720
720575941430714209,720575940617594205,54335
720575941425214804,720575940627576125,151248
720575941591058828,720575940633959251,120503
720575941656148948,720575940630699068,207401
720575941534604632,720575940630997292,107237
720575941580233205,720575940612499662,121615
720575941585013470,720575940621786401,106178
720575941524141387,720575940636588430,518786
720575941506674711,720575940628967503,129077
720575941479595906,720575940610427050,179459
720575941530697603,720575940618238109,808202
720575941430894350,720575940619767744,522806
720575941405928622,720575940626719621,810247
720575941644959864,720575940618107339,35999
720575941643603301,720575940632184111,93090
720575941449981262,720575940617005766,143295
720575941529150136,720575940624668092,93271
720575941459635014,720575940608450396,71624
720575941477361182,720575940625507888,579717
720575941517034924,720575940627523076,126890
720575941505842014,720575940630447175,527795
720575941457311903,720575940618108955,540506
720575941624784236,720575940612264857,90515
720575941626638956,720575940639027546,586861
720575941548867901,720575940623352760,911437
720575941506038437,720575940635134827,216237
720575941503411394,720575940638091608,119288
720575941622459900,720575940628785924,86793
720575941658689816,720575940629587031,27183
720575941514431052,720575940611935442,209941
720575941593960487,720575940630250540,111099
720575941490912432,720575940619832188,551404
720575941557544868,720575940624847491,151833
720575941558679567,720575940615101087,22921
720575941408515631,720575940636573108,906197
720575941506563132,720575940629771583,516377
720575941613784284,720575940617413691,531833
720575941687133814,720575940637549790,201624
720575941689182872,720575940614829986,127201
720575941560722344,720575940637645936,219132
720575941721193018,720575940605244704,814700
720575941513795660,720575940617228603,90424
720575941542980101,720575940638796102,97409
720575941445207210,720575940616548313,45229
720575941639453557,720575940626030776,30102
720575941489687756,720575940624975689,62092
720575941480242627,720575940639704960,97231
720575941520353207,720575940616216249,185428
720575941496283008,720575940620081031,106847
720575941643741285,720575940626978818,99657
720575941483811069,720575940625695271,150352
720575941643203685,720575940626914831,96642
720575941513666513,720575940636447630,129608
720575941556493028,720575940638006086,155227
720575941546964660,720575940620743151,38041
720575941453748905,720575940639841443,52870
720575941508662657,720575940636086647,23824
720575941459007728,720575940634903403,58955
720575941515882745,720575940630642380,13440
720575941409975663,720575940626267261,906146
720575941390136324,720575940644414664,800297
720575941491415527,720575940645260311,145549
720575941483686330,720575940625871741,40327
720575941436870207,720575940629120503,110956
720575941525231897,720575940619641771,105252
720575941506585217,720575940621488225,95204
720575941430739375,720575940619828091,64601
720575941595814336,720575940622029960,807988
720575941584059270,720575940629140423,140407
720575941407622959,720575940632164269,98359
720575941572185502,720575940659723137,65451
720575941469089501,720575940631858706,518587
720575941642603090,720575940627677258,26168
720575941527298404,720575940616459330,53326
720575941431215886,720575940621144703,117709
720575941553834579,720575940619563723,196872
720575941449156986,720575940637683790,820174
720575941417143324,720575940622045172,157940
720575941593146987,720575940626580773,35375
720575941559415853,720575940619842469,163937
720575941440850261,720575940629700611,52336
720575941533881114,720575940644931863,137577
720575941562362002,720575940625967036,92397
720575941440156507,720575940647759748,56627
720575941411539823,720575940632328403,133779
720575941516987539,720575940630969939,527166
720575941575288936,720575940646785924,65986
720575941569864306,720575940615449138,516606
720575941471859776,720575940614447400,136620
720575941569688308,720575940609836868,134196
720575941537688306,720575940618563046,73723
720575941687474159,720575940623362889,95969
720575941415046036,720575940623507908,82752
720575941517967576,720575940644298184,112043
720575941499415113,720575940639718259,194651
720575941486810946,720575940633793325,103198
720575941557318927,720575940627108967,809356
720575941471823712,720575940620981584,74541
720575941412473745,720575940633280608,62315
720575941557239076,720575940621565311,41463
720575941603879926,720575940638640472,32777
720575941621812732,720575940640099893,91377
720575941521564851,720575940631438679,535939
720575941412609169,720575940623537958,123443
720575941488173001,720575940638300093,81783
720575941701873114,720575940619748517,45873
720575941626801190,720575940632043215,29915
720575941614872339,720575940627918867,131648
720575941532990040,720575940648507257,58611
720575941536490472,720575940628345733,48187
720575941662834232,720575940621481221,123134
720575941505943109,720575940616209932,93236
720575941437884178,720575940615711745,162206
720575941544882364,720575940641613728,513998
720575941580267253,720575940633734300,568213
720575941498546338,720575940604682412,59025
720575941521536691,720575940632760524,88697
720575941444398506,720575940619055643,215705
720575941612669404,720575940620125013,811880
720575941535280818,720575940616406239,86673
720575941610744422,720575940621235846,75711
720575941525934850,720575940620676289,22517
720575941511524306,720575940633128673,30864
720575941654993625,720575940633582509,815812
720575941460377796,720575940633841776,47252
720575941563828114,720575940613700722,129964
720575941497441353,720575940614618741,905158
720575941506596005,720575940635351447,143759
720575941492699824,720575940618146462,82193
720575941615511193,720575940615615929,116134
720575941515233859,720575940631989817,820668
720575941490366409,720575940661284993,83273
720575941524508747,720575940617079483,224640
720575941434176654,720575940630046767,21048
720575941653263577,720575940628456091,22019
720575941478253731,720575940616791782,520238
720575941595634545,720575940612774883,36501
720575941412866927,720575940645557870,552491
720575941441360319,720575940609236060,124138
720575941562915730,720575940645745188,133234
720575941514536195,720575940618881694,79582
720575941507351621,720575940622532595,512794
720575941595449383,720575940632144813,114594
720575941548782113,720575940629040975,32018
720575941540612477,720575940615153071,534152
720575941563433128,720575940611469518,113968
720575941543292957,720575940616340748,154728
720575941593333285,720575940612092851,106268
720575941530184139,720575940615990614,808513
720575941536536291,720575940632630319,92935
720575941555080346,720575940629148725,88484
720575941623630588,720575940631457099,101151
720575941518931416,720575940627473560,148810
720575941466701654,720575940610967928,195388
720575941515940698,720575940612445107,130057
720575941456257261,720575940634636001,189650
720575941548033341,720575940635758072,42977
720575941528375736,720575940610417347,199906
720575941489575477,720575940626604563,149599
720575941629277922,720575940623789704,42305
720575941614342163,720575940629465841,158833
720575941659219736,720575940606589105,521174
720575941662811448,720575940637812446,78922
720575941539143573,720575940614822506,109873
720575941576979701,720575940618027143,806197
720575941578003793,720575940614930794,137911
720575941467080726,720575940633711073,107015
720575941547113140,720575940606836169,44298
720575941555921572,720575940623710249,100097
720575941491336679,720575940627335780,143993
720575941522808651,720575940620723521,135565
720575941391527684,720575940629009155,149096
720575941521999539,720575940618631253,177158
720575941551920519,720575940639410246,65533
720575941524810754,720575940621637470,104173
720575941488514256,720575940643745440,123835
720575941574687739,720575940621120192,513882
720575941413289620,720575940631470923,146242
720575941550782526,720575940618096212,67196
720575941478506090,720575940621780104,535165
720575941476283956,720575940610230738,68094
720575941532952810,720575940635875038,905343
720575941556424420,720575940635422174,520058
720575941617706965,720575940633101516,112208
720575941549166881,720575940620211316,32493
720575941470721035,720575940621521422,806886
720575941402468899,720575940631385029,909356
720575941536787944,720575940626970901,569702
720575941536690625,720575940629737210,129967
720575941652498417,720575940643740452,520672
720575941525877785,720575940606939010,95566
720575941504526405,720575940618706603,812482
720575941662343992,720575940616353247,102156
720575941593010283,720575940606524802,104491
720575941481682118,720575940630077946,78707
720575941475192862,720575940628406828,65161
720575941633115589,720575940642234824,55543
720575941503121970,720575940618052097,530420
720575941687747823,720575940655112865,68705
720575941483231674,720575940614778930,70206
720575941631235554,720575940632927405,108833
720575941497213056,720575940635137631,155320
720575941437866028,720575940613363710,56238
720575941456729759,720575940612095330,96510
720575941508501121,720575940639219007,82240
720575941529167544,720575940621727983,907819
720575941404780400,720575940634243283,124233
720575941612916956,720575940622403510,184375
720575941589017143,720575940630505334,820207
720575941491006409,720575940629198833,543000
720575941402373155,720575940614737810,544199
720575941534304266,720575940628072903,75925
720575941632892320,720575940623165257,131973
720575941515629123,720575940612533477,46080
720575941555462401,720575940607519154,108003
720575941489410254,720575940629010679,102317
720575941504862914,720575940628774662,60113
720575941533092739,720575940634332883,89571
720575941502786866,720575940649956729,50647
720575941410035627,720575940612177882,810124
720575941636231541,720575940610660962,59076
720575941569840116,720575940624335909,116963
720575941491568332,720575940630760771,56032
720575941463142925,720575940626182019,87109
720575941440859989,720575940605826238,87475
720575941532899557,720575940636174959,187032
720575941599175104,720575940641883867,551605
720575941519348846,720575940647047220,141647
720575941474554673,720575940632558675,48904
720575941540403149,720575940616328517,522745
720575941476384577,720575940638574525,16475
720575941643440033,720575940632672851,97792
720575941462331332,720575940633051679,244703
720575941606598509,720575940631331855,144295263
720575941439190572,720575940614120913,129026
720575941515519235,720575940626286142,111596
720575941681273789,720575940655782305,532635
720575941465491542,720575940632125154,41089
720575941550065151,720575940636662244,59983
720575941504429733,720575940610742882,61510
720575941550197565,720575940622748599,124018
720575941702957018,720575940627283545,64796
720575941611546332,720575940626050062,121730
720575941680876989,720575940626336805,176787
720575941452458823,720575940612589735,29493
720575941687889391,720575940619729835,34887
720575941484056573,720575940612552371,170039
720575941518702508,720575940627672074,177192
720575941660514872,720575940619030813,103440
720575941540498813,720575940605426609,542712
720575941574618363,720575940622449878,95344
720575941603285433,720575940620825108,62521
720575941534641586,720575940619804107,154425
720575941558668047,720575940616167837,155234
720575941661807228,720575940632968860,127904
720575941579460597,720575940617582164,128445
720575941616872661,720575940610147826,117171
720575941522812491,720575940632337938,79438
720575941508958480,720575940614884502,47185
720575941504674754,720575940628143162,511804
720575941526122829,720575940659599233,62585
720575941722825018,720575940636021611,92128
720575941504573122,720575940641355739,24204
720575941414843537,720575940644358679,163516
720575941484800322,720575940610739173,61157
720575941689945051,720575940613109410,25733
720575941511238928,720575940621100276,936153
720575941555636132,720575940639057240,70934
720575941574576649,720575940626310615,89713
720575941430081550,720575940614669707,32979
720575941631789472,720575940618161099,92981
720575941472399680,720575940625011128,512443
720575941592445291,720575940615753629,190319
720575941536456218,720575940625642340,113661
720575941661784444,720575940624422072,128056
720575941513385292,720575940617853853,91806
720575941570794142,720575940610112068,69000
720575941562346898,720575940631220299,73151
720575941518137772,720575940639986048,79860
720575941560527987,720575940642058400,112147
720575941454671923,720575940619013686,562531
720575941556476900,720575940645847860,517869
720575941720483898,720575940625815562,809220
720575941481681350,720575940624907337,74208
720575941498925986,720575940629610967,96116
720575941565731126,720575940621644228,557993
720575941408634671,720575940620061793,812565
720575941574355464,720575940613142490,92422
720575941536386792,720575940626566940,114983
720575941614056601,720575940619699316,138196
720575941446129172,720575940621572449,97829
720575941557352686,720575940634208924,204578
720575941497091553,720575940615186599,551580
720575941652275217,720575940616881409,97959
720575941466501206,720575940633858446,71526
720575941536489498,720575940611445346,221812
720575941469768311,720575940625701680,83943
720575941593996327,720575940605758752,92602
720575941630739948,720575940611104691,122337
720575941570746184,720575940652860918,906500
720575941498470267,720575940607635012,808060
720575941451700858,720575940612957747,77893
720575941515064979,720575940620115029,123162
720575941490654158,720575940636808805,80057
720575941643476050,720575940624839165,74347
720575941507943440,720575940612740835,809985
720575941722442042,720575940635632023,143513
720575941686960908,720575940624272637,156124
720575941431706616,720575940654746529,112302
720575941516241667,720575940607247049,45703
720575941703327194,720575940636322367,173749
720575941433732896,720575940630612536,17620
720575941469282880,720575940633671575,76873
720575941586479838,720575940624406199,911669
720575941574380431,720575940629101642,94585
720575941489341385,720575940620849078,151931
720575941654672340,720575940614856042,511860
720575941574441723,720575940630613575,140582
720575941450344541,720575940640006973,533863
720575941636252277,720575940613179871,65738
720575941626481563,720575940626832412,96581
720575941564461312,720575940608878345,361956
720575941448564814,720575940618519941,26728
720575941549935137,720575940630754299,535275
720575941593346600,720575940640326717,96031
720575941431813847,720575940610914010,101157
720575941440573013,720575940647366691,809503
720575941492232423,720575940612647386,141334
720575941589782327,720575940617852884,23130
720575941461624845,720575940629022875,811440
720575941686140143,720575940617198822,117142
720575941489685961,720575940621909680,818114
720575941681501629,720575940612322658,522338
720575941545412713,720575940655762593,38592
720575941639612021,720575940627163785,36131
720575941545100476,720575940627048847,121951
720575941437920223,720575940619717942,130767
720575941639185183,720575940618422326,120789
720575941507341335,720575940629611625,173827
720575941658980888,720575940616403423,550990
720575941531762891,720575940606201641,101474
720575941454953453,720575940622246538,93845
720575941586909764,720575940623581163,40765
720575941595764636,720575940618816054,808485
720575941460582288,720575940613033907,99484
720575941472280896,720575940632487588,89909
720575941654874068,720575940624479752,49344
720575941520768759,720575940623666213,41267
720575941438912556,720575940606228256,536905
720575941451847802,720575940623437606,89890
720575941457052575,720575940655430305,118235
720575941688538230,720575940630511953,73520
720575941680911549,720575940652907510,69025
720575941623546876,720575940618473105,95227
720575941391221142,720575940619419813,163321
720575941456594413,720575940630534968,128837
720575941525061122,720575940633136796,148075
720575941500474274,720575940629501739,19989
720575941490395081,720575940616478806,151273
720575941402417776,720575940635310236,67501
720575941439315935,720575940615617163,70129
720575941656896848,720575940628887292,129814
720575941560082158,720575940630832635,946338
720575941501821067,720575940619226678,121295
720575941638910495,720575940626030925,90382
720575941567226414,720575940639792494,812808
720575941578963545,720575940616112490,536610
720575941584415366,720575940626180452,903932
720575941481453510,720575940613374873,30490
720575941595483173,720575940618595894,16404
720575941492978096,720575940628593482,806731
720575941497102464,720575940643321741,15338
720575941545732540,720575940627697231,37134
720575941416451356,720575940615463327,75161
720575941539037309,720575940626146853,91773
720575941612067558,720575940628207601,151333
720575941469345245,720575940605300145,128556
720575941428238840,720575940627395338,540460
720575941657356624,720575940626792209,812905
720575941510399248,720575940625246845,76210
720575941405601839,720575940614881366,815864
720575941535469912,720575940614557078,130809
720575941575259657,720575940627611269,520540
720575941685569775,720575940619452027,171867
720575941566239591,720575940640158397,73584
720575941519972531,720575940608863241,87458
720575941502336235,720575940626013112,30460
720575941494834046,720575940637311551,126041
720575941400991011,720575940637319134,525024
720575941490581961,720575940636860783,69207
720575941670791335,720575940628338504,96829
720575941574920552,720575940640670928,92170
720575941580208465,720575940625996019,111719
720575941473351008,720575940628189833,88141
720575941438585567,720575940613367190,516968
720575941691145691,720575940627149086,545984
720575941564867735,720575940631990343,42111
720575941563368546,720575940630886135,146011
720575941613101276,720575940637297765,80359
720575941604242422,720575940628681749,151138
720575941533588714,720575940638509952,51843
720575941628516409,720575940621936362,137952
720575941554427034,720575940629567387,84813
720575941643115365,720575940623332331,172358
720575941575725238,720575940624013749,102110
720575941651115281,720575940626513171,66099
720575941651215633,720575940621381029,20830
720575941490091470,720575940627720335,813980
720575941595197733,720575940622200233,942168
720575941532304362,720575940643090336,812480
720575941653824724,720575940636586932,135075
720575941536952602,720575940634105754,180162
720575941486025990,720575940616568977,150534
720575941574275254,720575940629071771,100704
720575941487204048,720575940625746709,167189
720575941548745332,720575940614602655,42475
720575941490801865,720575940617822301,42040
720575941575270152,720575940616151052,160968
720575941405091952,720575940620208916,148466
720575941457203782,720575940629598521,819679
720575941485341958,720575940606737254,72993
720575941673784472,720575940620733166,811318
720575941555877377,720575940634429280,553442
720575941492033456,720575940616131340,164888
720575941490957109,720575940631926073,532261
720575941471969120,720575940624302538,167791
720575941598398144,720575940622204225,115842
720575941467128662,720575940639040675,116484
720575941475745642,720575940625941762,908147
720575941613866204,720575940631936075,103349
720575941574648585,720575940614850706,87463
720575941456523501,720575940628518472,68429
720575941502182891,720575940619978944,136102
720575941690322584,720575940634221920,89657
720575941552088382,720575940623209677,100867
720575941467788054,720575940604147633,109100
720575941480967247,720575940606168608,42795
720575941517148332,720575940632840877,66409
720575941478792554,720575940624116743,209491
720575941411069611,720575940603797420,88722
720575941441647707,720575940643638807,812658
720575941639039519,720575940628340040,521796
720575941584416351,720575940628406983,566257
720575941459416991,720575940623375657,184573
720575941595918119,720575940622615073,49319
720575941483519430,720575940620101592,530903
720575941548844605,720575940611434419,911292
720575941668806131,720575940613190809,57607
720575941454366771,720575940639798077,519964
720575941588633740,720575940611162083,805761
720575941480507872,720575940625442535,535977
720575941511000908,720575940615769634,161900
720575941470852363,720575940628703494,531689
720575941532851429,720575940646783267,106312
720575941610063334,720575940616851286,142827
720575941438632722,720575940631307172,183567
720575941597950620,720575940624963255,500113
720575941457034733,720575940618454848,50341
720575941412532881,720575940624231206,57975
720575941474071136,720575940630556743,71042
720575941632473580,720575940605829297,74708
720575941595617573,720575940623539992,164117
720575941565519714,720575940617776129,27644
720575941593109800,720575940628022787,525013
720575941567850610,720575940642395533,87938
720575941626014828,720575940647078691,575736
720575941493480391,720575940615894173,814447
720575941535066339,720575940613206594,906484
720575941544832261,720575940622864372,60560
720575941629544674,720575940622595711,94478
720575941651588373,720575940635341980,68304
720575941652271637,720575940609448899,67929
720575941491234279,720575940619594545,531146
720575941482602947,720575940626920036,142583
720575941624341356,720575940619425739,98814
720575941723295034,720575940612570595,42819
720575941540585820,720575940610277956,135670
720575941490412007,720575940623187233,807264
720575941504730162,720575940621554815,60768
720575941555469057,720575940625683970,61669
720575941605293246,720575940630076151,148544
720575941439654623,720575940631210577,55787
720575941477663006,720575940621098581,208753
720575941437644076,720575940615502658,44455
720575941628112953,720575940632848045,98969
720575941655042777,720575940627892935,520574
720575941554784339,720575940632163923,39213
720575941505371196,720575940615733516,139884
720575941502721003,720575940630078031,806326
720575941521498807,720575940638948927,95248
720575941539529597,720575940615042513,32628
720575941535550296,720575940618277972,529980
720575941487515344,720575940627658066,166270
720575941467484438,720575940633532717,65745
720575941436966188,720575940634490594,27981
720575941545086088,720575940625761411,539151
720575941469677021,720575940612564135,814091
720575941618507903,720575940640696179,204907
720575941562467682,720575940610085700,806119
720575941654273753,720575940633235425,92887
720575941534681882,720575940622462580,64614
720575941645285576,720575940632393258,33486
720575941523361783,720575940620605063,80235
720575941587365161,720575940621035144,513635
720575941574974729,720575940624362277,29065
720575941653847001,720575940620069712,78826
720575941556965924,720575940635153515,100181
720575941530576101,720575940620827156,73818
720575941498653153,720575940629318351,145620
720575941565082210,720575940647957300,518349
720575941626418075,720575940623361148,547601
720575941408657711,720575940619470939,151898
720575941536620314,720575940607718101,55856
720575941630884256,720575940610675123,44422
720575941603176438,720575940619813217,543741
720575941410352555,720575940621413652,10418
720575941690754779,720575940619014229,550570
720575941430347361,720575940607807177,126539
720575941580001781,720575940615456985,102084
720575941596554885,720575940623118519,551032
720575941476584753,720575940608376622,31256
720575941478279136,720575940629514296,809686
720575941498084258,720575940619737453,153096
720575941407062702,720575940619087262,89146
720575941595308145,720575940639916416,31777
720575941476078913,720575940619804752,152774
720575941594415217,720575940637594995,808380
720575941577465945,720575940624887324,815497
720575941450180189,720575940609568068,164962
720575941561535400,720575940621785377,122201
720575941506621730,720575940635214015,123555
720575941575252233,720575940624586278,135341
720575941461195972,720575940615343510,43626
720575941473299754,720575940623586964,47442
720575941558418468,720575940629187825,542758
720575941536330645,720575940631451449,819656
720575941679218109,720575940628994304,807827
720575941543517189,720575940619886494,109360
720575941656957976,720575940612907672,188398
720575941575867062,720575940623116765,120347
720575941593904342,720575940606684774,807652
720575941427241556,720575940639441141,559506
720575941536027619,720575940652750838,111788
720575941659191120,720575940621753992,36264
720575941550714942,720575940619039773,155231
720575941483374333,720575940622083845,45496
720575941437543509,720575940611422486,62412
720575941408111151,720575940611667349,67697
720575941487864528,720575940633981631,807672
720575941588792644,720575940629636802,16686
720575941507932962,720575940614285254,570566
720575941688986380,720575940639965528,544254
720575941498035874,720575940618345729,114528
720575941559942159,720575940622474165,812627
720575941652513041,720575940618545940,116180
720575941501867403,720575940660333953,83627
720575941462375568,720575940616069682,149281
720575941440517467,720575940626887171,26939
720575941512659276,720575940620676449,112297
720575941480134635,720575940608090069,817146
720575941568773422,720575940621787260,56614
720575941402398243,720575940627801928,58893
720575941561542824,720575940628317778,548341
720575941602641398,720575940620313873,22996
720575941474519070,720575940618158160,806445
720575941482016966,720575940622939124,21449
720575941655874328,720575940615494762,544510
720575941644124104,720575940634331759,106501
720575941508804624,720575940621245805,119360
720575941502138162,720575940621882401,109871
720575941437880108,720575940635908799,518891
720575941657267224,720575940625676787,87592
720575941626116298,720575940627041265,183129
720575941570151924,720575940623081942,29950
720575941557716644,720575940622727572,134271
720575941633041861,720575940630571515,69385
720575941479764866,720575940618611280,53384
720575941486814214,720575940628837124,42230
720575941598703040,720575940605193696,30317
720575941439823071,720575940615217258,45775
720575941499538827,720575940608336907,139589
720575941498381730,720575940630828150,98959
720575941526768516,720575940618372043,51347
720575941549064253,720575940616585565,16867
720575941575594678,720575940620628463,559773
720575941640222239,720575940635727711,539284
720575941471970624,720575940620700886,111385
720575941595417639,720575940616967508,101792
720575941596642240,720575940615171178,125514
720575941658632216,720575940636561641,77719
720575941416828188,720575940631208466,55393
720575941631020012,720575940649646201,47867
720575941410351019,720575940617293201,49019
720575941527223554,720575940604592160,542159
720575941498632098,720575940619206772,217561
720575941593787687,720575940617574229,34602
720575941656561944,720575940623371400,100647
720575941479139011,720575940602534112,809634
720575941518761582,720575940627406635,81351
720575941610817354,720575940626730524,81171
720575941607386733,720575940622052869,148962
720575941565992855,720575940629204303,67975
720575941639221365,720575940617735380,88432
720575941472623200,720575940631478871,45589
720575941529800120,720575940619345473,119631
720575941453472425,720575940628615683,21230
720575941525648205,720575940631004613,144325
720575941497256320,720575940623433156,55211
720575941537967053,720575940632172770,45392
720575941502866626,720575940623313677,71883
720575941484143869,720575940637534576,119698
720575941391029398,720575940621341716,20678
720575941412824687,720575940631597905,83091
720575941617767381,720575940640305536,533923
720575941488740553,720575940622602025,146999
720575941507675671,720575940629882750,95884
720575941644934305,720575940619863632,70349
720575941652612369,720575940631982929,807355
720575941498317641,720575940636151544,38059
720575941536259338,720575940630380544,200782
720575941555563172,720575940622364961,166525
720575941645372792,720575940627720469,208965
720575941523774466,720575940627254856,801695
720575941611695379,720575940637349309,803086
720575941574437007,720575940633326244,76580
720575941490245351,720575940652519158,68858
720575941582745183,720575940642483163,50670
720575941430799864,720575940618665595,45687
720575941598299804,720575940632128031,902434
720575941573497526,720575940634031533,145169
720575941559734510,720575940628126571,109516
720575941501944919,720575940622611848,77425
720575941479038314,720575940607118025,192577
720575941557104932,720575940613646146,554582
720575941598177728,720575940609781769,36498
720575941608309322,720575940625049607,111503
720575941453396551,720575940618408000,80213
720575941524704075,720575940623962090,155726
720575941576900697,720575940622078704,23910
720575941434169120,720575940615312084,32786
720575941573438365,720575940626963593,86851
720575941430706936,720575940635302300,116157
720575941602114494,720575940651932150,564865
720575941567114866,720575940621767306,26873
720575941510859536,720575940632011420,69545
720575941610820070,720575940639049535,80657
720575941463800589,720575940613017059,62917
720575941723668538,720575940632460591,533870
720575941591804712,720575940615082646,806059
720575941642777957,720575940623101283,144311
720575941598922908,720575940627363870,62489
720575941471167095,720575940637998313,813338
720575941410849135,720575940627064595,127544
720575941459959507,720575940626834762,153391
720575941518430574,720575940631708719,813132
720575941560355855,720575940610799406,540392
720575941410973355,720575940631133184,26161
720575941552574491,720575940630263746,97396
720575941639282719,720575940621261744,103265
720575941440323157,720575940623291945,41670
720575941497196001,720575940623414604,151426
720575941431532719,720575940611085358,93763
720575941565406306,720575940635228152,142022
720575941491146727,720575940618335889,103934
720575941499031881,720575940620989609,193765
720575941685948911,720575940613510038,103618
720575941574147336,720575940626183882,123257
720575941537933042,720575940649889913,812023
720575941563715752,720575940627423754,120527
720575941554096385,720575940621813748,113952
720575941448300125,720575940608739523,195815
720575941624018826,720575940607245781,512515
720575941644718497,720575940615126378,580403
720575941530281912,720575940619753688,65554
720575941663701884,720575940637184326,107463
720575941555462657,720575940614861974,61806
720575941473922090,720575940640696027,19918
720575941438684991,720575940627175671,83847
720575941591873064,720575940630968005,817014
720575941579899381,720575940613151474,63947
720575941554873857,720575940625990146,101292
720575941458778182,720575940638159472,810454
720575941489903054,720575940633298380,46239
720575941569208820,720575940613463954,513348
720575941437461010,720575940629819547,57961
720575941611151590,720575940615964061,815390
720575941625669322,720575940609388501,104486
720575941604946797,720575940622344170,519268
720575941489991655,720575940639481459,138586
720575941470023232,720575940621572378,101663
720575941523305291,720575940624351785,426515
720575941520284919,720575940639706301,549601
720575941626330425,720575940620692103,162229
720575941496289408,720575940604838368,19023
720575941481746173,720575940635945882,52115
720575941408296622,720575940641834741,94787
720575941639565429,720575940652531190,54695
720575941668774643,720575940604940768,201826
720575941464134413,720575940627011197,20245
720575941540882813,720575940624756744,544160
720575941459554960,720575940618224541,30649
720575941474681130,720575940632825657,102944
720575941535248577,720575940622478085,95224
720575941662031672,720575940623047779,99565
720575941564699490,720575940645704983,144284
720575941628862434,720575940624004752,20605
720575941515441475,720575940629523971,518937
720575941531694027,720575940630635386,546191
720575941594332711,720575940627761819,535073
720575941517099923,720575940610903620,127496
720575941570469108,720575940625820541,88887
720575941480536800,720575940638185961,111940
720575941407257391,720575940630176122,182944
720575941508461150,720575940632385066,30206
720575941534563866,720575940608683017,102100
720575941427967572,720575940629002570,151781
720575941459447366,720575940623745816,539363
720575941527275085,720575940615017903,580357
720575941550484285,720575940621743117,42652
720575941516821139,720575940620681921,143321
720575941457358495,720575940630822108,112100
720575941554120475,720575940630455158,65466
720575941392903940,720575940617952084,87462
720575941588068676,720575940618925435,524327
720575941407209134,720575940624868670,137094
720575941541655388,720575940632375891,37859
720575941575250185,720575940631897192,117562
720575941504105154,720575940630706302,104744
720575941479086048,720575940626709029,73121
720575941560702120,720575940626587921,814084
720575941558733092,720575940627764873,61390
720575941515320579,720575940623859463,906015
720575941655634900,720575940610449587,166595
720575941407517870,720575940614768530,215922
720575941503328194,720575940630762235,89663
720575941438181205,720575940628573911,908593
720575941431776471,720575940624454408,103269
720575941552724286,720575940608014549,29728
720575941655440857,720575940629445991,126437
720575941405908654,720575940617932289,903577
720575941400930851,720575940619927893,49174
720575941546208692,720575940629938487,905253
720575941609674214,720575940633006176,527150
720575941392186884,720575940633792737,62145
720575941482008506,720575940624564016,125361
720575941549688436,720575940633938168,130188
720575941562476434,720575940617185403,104999
720575941440152411,720575940615587222,84431
720575941426231380,720575940606757990,813067
720575941439245535,720575940617938589,38159
720575941639229983,720575940623133353,65766
720575941577855477,720575940628575761,121516
720575941624249755,720575940656097697,122045
720575941642500690,720575940628007144,158484
720575941495465854,720575940627408466,518373
720575941498935675,720575940611685273,130556
720575941444706986,720575940623616767,531549
720575941503071538,720575940631599311,224969
720575941409561515,720575940625301581,142750
720575941524771659,720575940627214666,88438
720575941529439672,720575940621454719,123156
720575941600533033,720575940629261159,84765
720575941501892546,720575940628791145,806529
720575941438595669,720575940624783335,69335
720575941566366774,720575940617699513,534810
720575941549809982,720575940617346718,814966
720575941481909946,720575940631234105,206612
720575941429123832,720575940628743153,62397
720575941504745922,720575940625383950,129614
720575941400153891,720575940637363342,145313
720575941623027708,720575940612598129,55476
720575941617813375,720575940637681267,526143
720575941596229253,720575940628413061,47286
720575941533802627,720575940625889929,111172
720575941493382064,720575940621878021,78251
720575941527303193,720575940637730623,90300
720575941452943273,720575940616831861,535435
720575941537691541,720575940613915567,138420
720575941556018003,720575940625803550,205899
720575941488739893,720575940635195290,159496
720575941659034192,720575940623487504,66559
720575941652782577,720575940631453292,114011
720575941477466676,720575940630316918,119120
720575941555438337,720575940636364254,56482
720575941655250900,720575940629015414,543538
720575941539691645,720575940637690798,152756
720575941448225373,720575940634762394,818978
720575941690784731,720575940621339713,807337
720575941612500653,720575940641080283,94323
720575941463301389,720575940620806639,107770
720575941585902982,720575940611197297,903831
720575941625218203,720575940624294072,51667
720575941669096881,720575940622192822,35974
720575941538710397,720575940636315022,140462
720575941506468677,720575940647051043,48889
720575941517220568,720575940630398551,41781
720575941517867480,720575940639650109,120694
720575941721244986,720575940618875819,100246
720575941644689096,720575940628906044,148861
720575941632094880,720575940629804857,909108
720575941353082672,720575940625434768,87116
720575941476310849,720575940619086149,219344
720575941459442064,720575940632342497,159261
720575941551946239,720575940632299083,84761
720575941478393935,720575940630339403,51603
720575941518916718,720575940624300541,105371
720575941668591091,720575940622251242,135321
720575941504001515,720575940620704005,146830
720575941496643451,720575940619707842,104539
720575941657556816,720575940638699683,804006
720575941598602396,720575940620658927,207663
720575941394100374,720575940606324401,150769
720575941504969154,720575940628760597,523900
720575941504317634,720575940635080985,62971
720575941431965025,720575940628327034,38394
720575941651668501,720575940634233712,47347
720575941462271172,720575940620311205,87253
720575941573558600,720575940631686796,537861
720575941461243859,720575940627292218,812589
720575941488451024,720575940638596698,518571
720575941474240298,720575940615650009,35088
720575941431884558,720575940631978592,110140
720575941500845035,720575940618787099,806908
720575941593593896,720575940617859288,137028
720575941564443136,720575940624626320,15154
720575941414290577,720575940645468963,125012
720575941653762009,720575940637660382,58302
720575941488430544,720575940605938110,137062
720575941475381307,720575940605274825,531787
720575941392874902,720575940642436256,42547
720575941625946681,720575940620607508,52269
720575941653607697,720575940619420838,55210
720575941550277887,720575940604932017,62406
720575941550540660,720575940608808149,172484
720575941633821371,720575940625871181,561487
720575941554370305,720575940614918283,49058
720575941490817740,720575940632505903,110105
720575941566127926,720575940639159029,815795
720575941563874151,720575940645920052,944318
720575941574703798,720575940620674287,50563
720575941522508107,720575940638430185,125260
720575941453268039,720575940632763852,179480
720575941519145582,720575940614780712,555119
720575941478021482,720575940642015989,189397
720575941552346686,720575940643005325,58605
720575941526934093,720575940604847584,93557
720575941516618387,720575940612990003,162075
720575941448457294,720575940624810424,535545
720575941720258362,720575940630364988,39934
720575941439909343,720575940630719223,76483
720575941690416024,720575940618954149,99624
720575941553892231,720575940626820042,110144
720575941650177813,720575940616616514,68864
720575941519624814,720575940609174392,70401
720575941611011501,720575940610185221,513734
720575941595299461,720575940618053067,120589
720575941463843341,720575940611210872,115881
720575941531258315,720575940616009729,815796
720575941548330888,720575940615204561,68795
720575941588002628,720575940629023870,904006
720575941452156282,720575940633044193,552293
720575941537694413,720575940627986220,814096
720575941460268614,720575940629730754,126454
720575941481167951,720575940617753142,556700
720575941557057316,720575940632090435,96219
720575941447650324,720575940635159136,517568
720575941525540633,720575940628922600,155811
720575941502675339,720575940630992384,99256
720575941565266791,720575940625769253,63263
720575941445221290,720575940632427595,248046011
720575941560260879,720575940639866787,524497
720575941619210879,720575940614890858,545355
720575941441078975,720575940635562420,106336
720575941462041284,720575940631756741,513334
720575941538450162,720575940632915503,117928
720575941483662022,720575940638312164,42217
720575941477981505,720575940625736892,113596
720575941506691900,720575940633693154,22030
720575941437919967,720575940624765939,58269
720575941480725071,720575940626509673,63979
720575941618863487,720575940619695750,146091
720575941399910179,720575940630276412,110812
720575941471213943,720575940616154299,829860
720575941459120031,720575940625807374,529097
720575941553253950,720575940618517277,138888
720575941570592670,720575940617226869,100402
720575941470436619,720575940617692509,159914
720575941593102888,720575940633783904,814550
720575941525941581,720575940617112123,821236
720575941532146819,720575940616649501,817035
720575941553550931,720575940629491611,94698
720575941493726078,720575940632177107,190449
720575941505296293,720575940635731063,36967
720575941411606699,720575940621398292,532662
720575941506459170,720575940622214576,115431
720575941658965784,720575940633301474,201682
720575941612980243,720575940621271540,91694
720575941473988138,720575940616954966,154798
720575941515376995,720575940613984662,40680
720575941663313020,720575940617649954,35604
720575941512376908,720575940618773302,77805
720575941667039475,720575940631104965,92567
720575941537552611,720575940637081455,170037
720575941427912788,720575940630404655,149043
720575941553124609,720575940634469857,45992
720575941407721902,720575940633191066,40945
720575941611339753,720575940625047815,1051547429
720575941534110730,720575940639917171,97570
720575941535181322,720575940622100321,62858
720575941573015966,720575940621073249,210858
720575941553469979,720575940631520839,97678
720575941503211243,720575940635229859,106565
720575941611883878,720575940645524334,53712
720575941479320483,720575940633488467,110491
720575941592910550,720575940625756208,154460
720575941530127845,720575940610762850,160277
720575941475039786,720575940625093813,198701
720575941545159017,720575940630220604,108870
720575941594487589,720575940632742723,816810
720575941490465484,720575940614186602,814439
720575941530518987,720575940633246871,38166
720575941447289181,720575940633252889,812748
720575941624613116,720575940631625979,806084
720575941473746784,720575940614766230,542205
720575941567960946,720575940628774677,91179
720575941576014774,720575940624005868,802493
720575941540883661,720575940628467196,81970
720575941536228033,720575940628074000,120202
720575941549258273,720575940629451515,122761
720575941690728667,720575940630101497,267717
720575941431661409,720575940652918774,89018
720575941411295343,720575940623094808,77607
720575941503335618,720575940621348929,112628
720575941564764679,720575940615115059,75448
720575941532662915,720575940634633824,526860
720575941611082826,720575940633412556,85530
720575941583015263,720575940613504153,157947
720575941523231563,720575940622510788,811540
720575941476697905,720575940624864492,57964
720575941562609320,720575940625369358,141030
720575941575939983,720575940620743663,539778
720575941584105567,720575940638662708,139474
720575941489950926,720575940604268972,39555
720575941586270854,720575940621363421,130317
720575941504730418,720575940629597955,539292
720575941438115602,720575940618739136,106424
720575941651914993,720575940616747869,43982
720575941470151435,720575940632179783,67555
720575941478665184,720575940629531002,172943
720575941644441682,720575940627662321,187344
720575941406306607,720575940626632088,803947
720575941496702848,720575940624103612,811257
720575941536618689,720575940628543431,70471
720575941489135308,720575940629000791,30929
720575941468841024,720575940632400687,104627
720575941581420153,720575940633053847,117559
720575941586735838,720575940612265458,29280
720575941553769114,720575940618818395,26182
720575941505872956,720575940626407984,907643
720575941479020512,720575940606722140,62657
720575941527136678,720575940640773491,24215
720575941438180370,720575940647180932,144481
720575941560440591,720575940621769076,33774
720575941495468670,720575940623165832,193742
720575941556878244,720575940635794111,65011
720575941557818532,720575940632804383,514145
720575941517059244,720575940620705995,53981
720575941462415248,720575940607001986,159653
720575941473696827,720575940627487877,141744
720575941438070060,720575940608389468,126788
720575941632303776,720575940621172545,29805
720575941485827981,720575940628195461,46000
720575941563571624,720575940629579249,580447
720575941504008279,720575940627399955,113830
720575941539623922,720575940632779603,77038
720575941411106731,720575940618818973,76184
720575941608031597,720575940621565019,125095
720575941564878336,720575940621377757,77150
720575941564860935,720575940630894700,160433
720575941473938528,720575940635699351,69328
720575941471802123,720575940625376841,23037
720575941526686797,720575940628284584,60491
720575941686838284,720575940623966090,134609
720575941567987450,720575940626387044,104239
720575941616874965,720575940629154545,51385
720575941546262633,720575940607888073,36079
720575941535859683,720575940620139643,19355
720575941546811425,720575940638021092,819575
720575941624149403,720575940613226221,136132
720575941469446208,720575940605837024,72824
720575941509035393,720575940647714436,532144
720575941504341669,720575940630936131,82616
720575941576663897,720575940627977415,105361
720575941438752274,720575940623265476,111168
720575941689617560,720575940618377521,94794
720575941632076731,720575940621779327,29054
720575941457838576,720575940624918279,172598
720575941436549676,720575940627147052,24667
720575941548168072,720575940615517813,31347
720575941507874082,720575940613762207,102359
720575941516149241,720575940621105243,163383
720575941594064165,720575940637024367,119773
720575941577832785,720575940633626285,77207
720575941516071779,720575940640265277,75297
720575941578634841,720575940621166256,14569
720575941661888056,720575940629825662,95408
720575941669640615,720575940629998380,121264
720575941517801944,720575940615858143,76323
720575941558492275,720575940612695525,97551
720575941587178052,720575940628215784,123211
720575941430229719,720575940624443832,82311
720575941573733448,720575940629925647,929781
720575941561376301,720575940629444204,816566
720575941497608521,720575940625087724,54804
720575941538785266,720575940624610855,59444
720575941691039640,720575940620747429,953854
720575941538881778,720575940634579319,907702
720575941565837878,720575940619152549,67542
720575941484167933,720575940620844783,114162
720575941625015963,720575940632357984,47997
720575941628033081,720575940625604866,156078
720575941477904490,720575940637862318,131452
720575941578917209,720575940645437476,130165
720575941608429386,720575940627988367,58518
720575941574533128,720575940623767223,914586
720575941391932310,720575940614292008,513595
720575941515181379,720575940606716361,108359
720575941569899258,720575940618286553,103603
720575941558346867,720575940625424642,148713
720575941637298805,720575940648469881,92215
720575941468017430,720575940634935833,57212
720575941459770564,720575940619365359,86635
720575941504687781,720575940628279804,15270
720575941659356240,720575940631732431,194647
720575941558421742,720575940605612000,80789
720575941573935355,720575940613354979,80174
720575941574394294,720575940629586938,130150
720575941470072896,720575940623806908,131944
720575941438317612,720575940622113633,118645
720575941615407257,720575940630089031,581359
720575941593533803,720575940604597536,908975
720575941491186377,720575940630286583,552251
720575941614862745,720575940621699693,118468
720575941688698843,720575940623329514,32756
720575941573827997,720575940620616129,531442
720575941475349278,720575940634817817,90546
720575941449761102,720575940634414959,61324
720575941559493421,720575940628241649,112929
720575941555006362,720575940636292203,114524
720575941500288162,720575940621183403,50385
720575941480742339,720575940635076344,909383
720575941452964167,720575940622658380,82116
720575941625867402,720575940641231744,93502
720575941573720392,720575940612711603,67104
720575941438421036,720575940619846310,803226
720575941466052950,720575940634111992,103144
720575941447844430,720575940634102639,33708
720575941463838477,720575940627711631,76047
720575941584675718,720575940614378449,104772
720575941655622873,720575940643958472,111927
720575941411197867,720575940620038433,35532
720575941506474334,720575940616700172,558754
720575941411401131,720575940625353790,76577
720575941527088409,720575940611145682,39325
720575941472014944,720575940626674988,104419
720575941445482922,720575940623440166,113040
720575941460438212,720575940622461556,156190
720575941511380434,720575940634667234,35546
720575941568501038,720575940632025913,119605
720575941457399024,720575940627305544,102427
720575941509017360,720575940634537441,104935
720575941486790662,720575940627117118,235397
720575941564618496,720575940635674872,93879
720575941594812273,720575940622846099,63612
720575941529719940,720575940656040865,154792
720575941478323562,720575940621280801,35372
720575941580680825,720575940608428555,123684
720575941555628836,720575940611782874,805225
720575941416171292,720575940610032579,94931
720575941562201490,720575940620341127,130444
720575941590894476,720575940645328151,153594
720575941613833747,720575940610504643,87407
720575941732248619,720575940623802859,117281
720575941471749495,720575940626821157,517962
720575941572153865,720575940624620802,828996
720575941556446756,720575940644950052,23253
720575941687758092,720575940635015615,38670
720575941552095515,720575940608278364,139660
720575941609015785,720575940622200042,94980
720575941609540426,720575940618633014,149335
720575941483384250,720575940607272715,513956
720575941408961451,720575940638549574,512606
720575941655455449,720575940646126980,532771
720575941432815118,720575940615669972,56464
720575941450617978,720575940617143453,124020
720575941479894979,720575940623339305,47985
720575941690419096,720575940630659781,223367
720575941514635769,720575940633205668,99316
720575941490144716,720575940604872416,119142
720575941618765695,720575940624974094,66770
720575941549546813,720575940607261618,199680
720575941410862703,720575940628540904,112272
720575941613077401,720575940639769507,38906
720575941478858346,720575940628873219,96983
720575941474471776,720575940612972822,103370
720575941642779000,720575940624531652,36783
720575941545277628,720575940627817488,91306
720575941516252762,720575940623719463,151943
720575941519673966,720575940618163013,97348
720575941575670361,720575940624427704,914783
720575941604332534,720575940607042178,511833
720575941654926297,720575940624211075,87918
720575941644024952,720575940638546229,907261
720575941432419425,720575940624852967,224148
720575941595675505,720575940621797870,19839
720575941668805619,720575940617298875,535262
720575941503432939,720575940632841367,64139
720575941502144087,720575940628734737,138390
720575941578717273,720575940611252344,110473
720575941624357578,720575940620475339,58012
720575941563691432,720575940615339414,182023
720575941574902888,720575940633457197,41885
720575941433954446,720575940628936898,164190
720575941499605577,720575940614155462,816276
720575941536819738,720575940630925775,149173
720575941523015927,720575940612846962,88088
720575941435350414,720575940629176775,580997
720575941535490994,720575940613098905,515726
720575941601880310,720575940632084239,72733
720575941450546857,720575940653580022,806889
720575941566552118,720575940628351631,85335
720575941571184798,720575940627852360,127152
720575941523410507,720575940630864440,54365
720575941441276507,720575940625369884,555734
720575941535075250,720575940632081036,162416
720575941626321260,720575940621785182,532441
720575941629751846,720575940628167946,87363
720575941456503024,720575940638169456,17171
720575941488831541,720575940653576438,104549
720575941612586342,720575940622708393,191793
720575941441407167,720575940616157657,158475
720575941669915313,720575940623494643,549262
720575941508406050,720575940616298470,100026
720575941554715300,720575940609617614,809185
720575941430524001,720575940646063895,135807
720575941469393373,720575940625358776,173126
720575941471555959,720575940632838820,94874
720575941552724542,720575940623968236,148485
720575941589676940,720575940643950024,98142
720575941722049850,720575940618900358,808322
720575941453073223,720575940655234465,536316
720575941557696883,720575940623277547,115624
720575941511902028,720575940616894681,41077
720575941508869136,720575940629226058,89930
720575941512465228,720575940636603493,107594
720575941590581502,720575940625036220,113181
720575941558104100,720575940608317362,125550
720575941691174875,720575940617980116,56605
720575941538382066,720575940624726857,118413
720575941550457087,720575940620583302,122147
720575941432321633,720575940637288846,118516
720575941448143285,720575940621154657,550182
720575941441002943,720575940625029639,122131
720575941350979376,720575940613676402,36327
720575941593339688,720575940634480791,82648
720575941567026478,720575940627016859,160407
720575941477272884,720575940612773594,194793
720575941508189278,720575940628852891,22890
720575941497351803,720575940618511773,125402
720575941495946624,720575940636024687,541831
720575941434409760,720575940632433820,101801
720575941550023796,720575940608809006,20885
720575941538729621,720575940616955229,49073
720575941669929649,720575940627919123,71145
720575941401095203,720575940615930299,174217
720575941586469510,720575940611992469,195719
720575941490448359,720575940614342823,110173
720575941496972450,720575940627600719,109221
720575941652385009,720575940615344315,103945
720575941591646092,720575940622365985,93848
720575941555411108,720575940625893157,79875
720575941504233522,720575940621797756,130063
720575941399380515,720575940625099191,34584
720575941527364121,720575940631705797,112457
720575941484153997,720575940624108862,521528
720575941449737397,720575940608215817,902709
720575941595558693,720575940636965038,530784
720575941574887163,720575940618035037,62673
720575941606585453,720575940629485354,72299
720575941507167873,720575940631316933,33304
720575941496651975,720575940626115386,549586
720575941413302164,720575940607177494,62046
720575941578897909,720575940630518071,151163
720575941614659859,720575940616113862,165924
720575941504466341,720575940624025187,115134
720575941543431868,720575940624805765,64607
720575941533912810,720575940612824239,200851
720575941557538319,720575940617081275,23882
720575941449858426,720575940616752155,516944
720575941651175153,720575940626642874,99053
720575941563411554,720575940626029200,78023
720575941519568494,720575940634503449,90200
720575941540329853,720575940627705426,98984
720575941534288818,720575940624494996,170040
720575941412083567,720575940625449474,811884
720575941482663107,720575940635625652,37959
720575941575855759,720575940627682409,113911
720575941498878281,720575940626676170,46516
720575941519068888,720575940620341952,519737
720575941435650336,720575940611772626,67731
720575941443092906,720575940611486131,93874
720575941545172485,720575940637632858,520295
720575941631021804,720575940613791399,555969
720575941625777610,720575940630606903,31097
720575941475735601,720575940619067045,72706
720575941537599125,720575940605535177,121432
720575941484446786,720575940632273378,64434
720575941565265762,720575940620978458,815039
720575941493396167,720575940604091308,805908
720575941540007117,720575940636748911,50762
720575941643289957,720575940627045272,514388
720575941445411498,720575940628974608,197250
720575941450330234,720575940624847034,511761
720575941469563403,720575940638624701,27517
720575941514221658,720575940629049091,106186
720575941470084363,720575940620954533,818118
720575941523787083,720575940609406933,43405
720575941630161634,720575940619834965,78946
720575941593092566,720575940621398348,128775
720575941657200720,720575940625318163,65404
720575941477244724,720575940638290148,174722
720575941624714139,720575940622839390,64694
720575941410988203,720575940626654154,16913
720575941490349001,720575940628285973,129156
720575941524958722,720575940623431679,129186
720575941475057211,720575940625877552,88149
720575941575891638,720575940624233933,40324
720575941628678182,720575940609488964,23581
720575941628252985,720575940624693552,45614
720575941433373198,720575940606175153,119935
720575941658341400,720575940630779919,59743
720575941598407616,720575940613716655,79305
720575941553112065,720575940631411983,24421
720575941552481598,720575940627703122,564489
720575941437487148,720575940609521250,812752
720575941543473413,720575940612251059,119688
720575941630798316,720575940652190198,183290
720575941454800877,720575940616476884,94135
720575941595407749,720575940612465960,142069
720575941435581740,720575940637632419,123566
720575941431733423,720575940624113604,151645
720575941551378715,720575940639625635,806294
720575941438985746,720575940618613451,123755
720575941688397430,720575940633812962,533202
720575941645335201,720575940617540582,27536
720575941689110168,720575940628068734,160172
720575941437821503,720575940611517048,554553
720575941640797983,720575940627264082,65737
720575941680066749,720575940633943147,516592
720575941548681021,720575940627626695,129027
720575941614848409,720575940619410671,51561
720575941462142608,720575940645618724,106861
720575941574683131,720575940638537449,522787
720575941668859123,720575940620871104,533810
720575941502173323,720575940637751524,64404
720575941572234910,720575940614993164,532415
720575941430103433,720575940640547928,807519
720575941414853265,720575940623305706,71767
720575941599183552,720575940618044701,519741
720575941515706003,720575940630292012,569735
720575941618553215,720575940637426495,106592
720575941536927514,720575940644218528,112358
720575941526754404,720575940627416263,808009
720575941504018923,720575940621016852,76241
720575941471923008,720575940603891936,803082
720575941731695915,720575940636571828,910042
720575941565826146,720575940621137030,524368
720575941528001156,720575940643979464,60824
720575941511143952,720575940616145714,220804
720575941532395237,720575940630468858,959530309
720575941658561104,720575940627485336,157698
720575941441077951,720575940620580613,136751
720575941459431494,720575940620585933,517915
720575941489344565,720575940632102607,814209
720575941527254116,720575940630109184,519452
720575941526680909,720575940625375490,905266
720575941530740099,720575940620945134,84675
720575941435861536,720575940624909309,58989
720575941511088204,720575940613812546,69133
720575941518249900,720575940614074408,67884
720575941643065938,720575940620860766,555740
720575941552714138,720575940617753122,122534
720575941482057725,720575940632771757,66143
720575941394009750,720575940623906485,130918
720575941536288744,720575940631544659,125363
720575941563320162,720575940613865183,108639
720575941471785995,720575940628572815,29248
720575941514894691,720575940629040487,25347
720575941576101814,720575940636198507,153704
720575941531515851,720575940608984277,170838
720575941481411782,720575940622412011,81609
720575941430303736,720575940629725033,829606
720575941433455246,720575940620224801,542246
720575941523248203,720575940604884396,80562
720575941511899980,720575940623175571,58048
720575941433219342,720575940628786600,86222
720575941669297575,720575940613115762,108901
720575941481345222,720575940637030007,117136
720575941505751831,720575940644090568,190724
720575941552041863,720575940629412139,142718
720575941513353562,720575940621547619,910508
720575941654811097,720575940627728777,190111
720575941432608983,720575940621410006,126196
720575941573950472,720575940613759027,180583
720575941439025887,720575940613756018,185761
720575941575242760,720575940627044794,27487
720575941572249851,720575940620326929,62095
720575941485428290,720575940620411742,809291
720575941537973736,720575940622614998,54862
720575941563063464,720575940616284639,43801
720575941663168892,720575940638525662,52551
720575941538122389,720575940611357081,36560
720575941524119885,720575940620879552,811493
720575941543196189,720575940645695268,189841
720575941657333016,720575940639582848,148824
720575941565532567,720575940626023608,121806
720575941463945485,720575940618321857,31588
720575941457246189,720575940624918535,203402
720575941627676985,720575940624558087,102780
720575941535253592,720575940629274384,203585
720575941623911164,720575940625208078,75542
720575941658500176,720575940624436106,88355
720575941592999976,720575940621643435,145613
720575941613416601,720575940617675521,63233
720575941558997263,720575940619984731,17550
720575941470228491,720575940625954341,125103
720575941702000602,720575940638864256,102850
720575941662215224,720575940632636753,102376094
720575941533843905,720575940648601988,39678
720575941452531369,720575940621109953,112769
720575941449255290,720575940620474789,150332
720575941539329429,720575940625453340,159834
720575941565582390,720575940630354169,107285
720575941596180081,720575940636921828,37824
720575941508899713,720575940630707193,54688
720575941485881229,720575940619440694,456264
720575941455017709,720575940628936747,195743
720575941598723484,720575940621994736,67690
720575941569818874,720575940626219706,108035
720575941644964257,720575940617727389,70975
720575941487786192,720575940634054625,88910
720575941603360953,720575940631620921,68560
720575941594636401,720575940609398539,42152
720575941440780735,720575940616769819,142246
720575941483348989,720575940623685000,45649
720575941553530503,720575940623008550,814766
720575941562021165,720575940635791514,534086
720575941538556821,720575940618266205,113581
720575941575024392,720575940624829927,60043
720575941504713666,720575940614851906,127963
720575941459819219,720575940620656598,149202
720575941499725986,720575940614102434,815114
720575941497261440,720575940623643149,114018
720575941653076721,720575940623076054,164780
720575941450209614,720575940661205633,97014
720575941434077838,720575940621693142,94186
720575941657471824,720575940630504991,180064
720575941429789688,720575940625062069,59835
720575941668908531,720575940610046930,184838
720575941484106170,720575940620737774,106754
720575941689044492,720575940633389907,120758
720575941456789407,720575940639179709,147589
720575941536411368,720575940625602023,60699
720575941452572231,720575940613014550,110333
720575941438264127,720575940614412511,105542
720575941573456456,720575940611514261,126853
720575941626299594,720575940644459424,126585
720575941574766518,720575940625900080,75295
720575941580020561,720575940611775973,54144
720575941628376290,720575940622795814,906085
720575941508647774,720575940615812025,25061
720575941629459682,720575940627648847,145782
720575941534806810,720575940641537677,110453
720575941544625413,720575940606475465,78499
720575941438471212,720575940635473886,940591
720575941479243427,720575940624762004,97752
720575941575129609,720575940628546069,167845
720575941546280636,720575940614830888,529471
720575941432912855,720575940639183824,807950
720575941546339433,720575940617114418,802047
720575941668086259,720575940627302745,138277
720575941412647791,720575940642028021,215878
720575941478768234,720575940622975305,514174
720575941569813498,720575940622182170,85684
720575941473785440,720575940634607712,102160
720575941536397795,720575940639141437,144944
720575941506016677,720575940629851514,58268
720575941666925745,720575940640515699,812256
720575941552240446,720575940621343252,183854
720575941450103930,720575940638588477,125427
720575941460150995,720575940619185830,50888
720575941572945039,720575940639979648,806948
720575941393675926,720575940610208917,20664
720575941600102185,720575940613833842,142304
720575941491187404,720575940614530098,174511
720575941574853384,720575940632965203,525420
720575941391425540,720575940627881728,293125
720575941440714959,720575940659977601,801652
720575941486520205,720575940612924522,152559
720575941690540952,720575940631744081,98424
720575941671428775,720575940607211977,122839
720575941528122244,720575940630947395,178307
720575941574242461,720575940623223932,157631
720575941662747960,720575940606071998,26188
720575941688892022,720575940628108547,811236
720575941644063864,720575940615217375,908470
720575941554170522,720575940618876062,138929
720575941552984638,720575940633450188,53548
720575941459043910,720575940631756136,813105
720575941353115440,720575940627784945,44545
720575941518800088,720575940628989483,591600
720575941409311403,720575940646928419,103806
720575941681569213,720575940626116647,86315
720575941479100802,720575940625872973,176161
720575941351438384,720575940620393131,123672
720575941568162292,720575940629663800,144149
720575941613671321,720575940621925364,141137
720575941555879507,720575940627556178,550345
720575941702584538,720575940618654016,121413
720575941430790575,720575940631218681,169994
720575941629187878,720575940605729964,162936
720575941515030883,720575940637134455,255406
720575941669506481,720575940620091989,52370
720575941533803242,720575940609600580,104202
720575941624122267,720575940623302035,46001
720575941506946117,720575940634700439,86191
720575941441544795,720575940632680771,536635
720575941578025305,720575940625650434,43538
720575941594711077,720575940606915849,569092
720575941454759405,720575940624365129,812884
720575941651666193,720575940625077176,531848
720575941481015459,720575940628376085,91903
720575941702986458,720575940630155003,85517
720575941485487312,720575940635545848,54207
720575941656258840,720575940617483860,14284
720575941580703353,720575940624737869,27191
720575941557535652,720575940619323096,109187
720575941571887368,720575940635663472,819278
720575941653897428,720575940613407647,532650
720575941564406070,720575940608846275,35023
720575941632764064,720575940626903829,809990
720575941585680774,720575940628656231,77268
720575941688923800,720575940630780155,36174
720575941527926148,720575940621014721,76426
720575941440283989,720575940629843755,114319
720575941590222590,720575940632851993,57850
720575941470584128,720575940637373040,803818
720575941413943188,720575940632258786,520217
720575941538974333,720575940625994515,75350
720575941399546403,720575940633731423,106939
720575941604374774,720575940623201757,203679
720575941498965883,720575940635229688,27384
720575941535258968,720575940631363279,141921
720575941544260101,720575940614180333,20632
720575941603902710,720575940614697275,909310
720575941605354430,720575940626427847,55204
720575941415292956,720575940650432377,155229
720575941352372528,720575940636922084,116904
720575941479635619,720575940635893879,108476
720575941549130301,720575940617218875,129335
720575941449112954,720575940631984170,815827
720575941552003463,720575940640682611,103623
720575941687936219,720575940622290164,121247
720575941547323828,720575940617687769,107026
720575941566317102,720575940640153216,547698
720575941482094077,720575940623971303,138946
720575941440075199,720575940628620687,107661
720575941486695632,720575940621168449,48636
720575941547915581,720575940629101135,76674
720575941590469175,720575940627297688,533419
720575941594988327,720575940646285364,80458
720575941502943211,720575940606401507,119247
720575941407392686,720575940627506328,115468
720575941447338845,720575940618182480,812510
720575941645224056,720575940609865796,44802
720575941663486844,720575940622050113,108989
720575941575150479,720575940630523151,152126
720575941496363392,720575940624844071,77495
720575941521095607,720575940633552671,116546
720575941557059748,720575940615097255,98449
720575941590435070,720575940617030585,19570
720575941554475236,720575940635648919,171530
720575941615591321,720575940626210125,134994
720575941513085004,720575940624872380,816065
720575941703146458,720575940625300813,96430
720575941652628977,720575940624631700,116166
720575941587170116,720575940628928118,112935
720575941668319475,720575940607081346,813742
720575941471785227,720575940631563515,15767
720575941474983995,720575940615893554,137626
720575941440235711,720575940622267201,43896
720575941565579111,720575940616085945,816901
720575941625756827,720575940620669531,193061
720575941516377443,720575940618181350,543995
720575941572711752,720575940638900469,65455
720575941560686637,720575940612308776,37500
720575941451523655,720575940625529362,53480
720575941626311114,720575940635144555,92893
720575941414907796,720575940633042735,90734
720575941587360580,720575940625889317,133107
720575941552027931,720575940629412507,126116
720575941681360061,720575940606669926,192668
720575941578595161,720575940653132534,74406
720575941498901065,720575940618469716,104163
720575941565732142,720575940623201789,27454
720575941579291125,720575940626458897,20590
720575941542317148,720575940609694729,204177
720575941458044230,720575940614800908,135438
720575941526775140,720575940613791185,74828
720575941631276524,720575940618907757,806167
720575941413663889,720575940640350835,114307
720575941511862225,720575940624771255,71298
720575941589597495,720575940611021298,93006
720575941610206125,720575940626686845,34336
720575941503687659,720575940606746214,99528
720575941547793981,720575940633383251,247939
720575941628529209,720575940622616581,98996
720575941564236130,720575940623068374,814942
720575941668960167,720575940628772345,18633
720575941472164138,720575940617422941,17929
720575941520129971,720575940613681458,912109
720575941518948056,720575940620073069,73903
720575941570618014,720575940614586124,89052
720575941490061621,720575940660292225,86091
720575941547115656,720575940624143036,803328
720575941626835257,720575940605389740,132184
720575941554149018,720575940610532728,35778
720575941431538313,720575940628795121,215846
720575941597285824,720575940646605876,61044
720575941435235872,720575940630128246,518513
720575941565798198,720575940629123177,67531
720575941471342455,720575940616688286,60162
720575941353440304,720575940625450371,518389
720575941527071234,720575940625541977,127983
720575941594851367,720575940623609895,76843
720575941471708480,720575940626002436,67027
720575941544677481,720575940616164767,110823
720575941476372532,720575940606878386,903445
720575941536466458,720575940608495627,64406
720575941574729480,720575940644946980,87634
720575941598887324,720575940634721505,514112
720575941453188265,720575940617503121,546750
720575941662223228,720575940613352106,83517
720575941494569598,720575940628096232,183978
720575941643613266,720575940614400415,66172
720575941483145914,720575940624270589,520073
720575941491510220,720575940628297627,67977
720575941482657734,720575940627356938,174171
720575941408617902,720575940617404731,92342
720575941605471678,720575940618864960,76970
720575941441005659,720575940620845147,66537
720575941652801241,720575940615650022,11605
720575941641679461,720575940624560392,166071
720575941521025463,720575940644083912,147915
720575941612409574,720575940645002276,64624
720575941590666024,720575940621380190,54537
720575941495220935,720575940621466637,99682
720575941530455224,720575940648711033,805002
720575941450756167,720575940628487153,73368
720575941436077856,720575940622637567,23615
720575941631539938,720575940611865442,119374
720575941553742107,720575940645933079,194526
720575941515592538,720575940626863089,71612
720575941548597108,720575940620759668,801941
720575941538933909,720575940610902226,122609
720575941571982152,720575940626813758,113333
720575941535198040,720575940643136141,145998
720575941653119705,720575940616955137,53340
720575941643367013,720575940633808538,72437
720575941584318342,720575940627336714,139992
720575941550613566,720575940636201839,153069
720575941408995758,720575940627964179,125788
720575941542592797,720575940617473510,548731
720575941552313883,720575940639116733,98031
720575941508608546,720575940614299955,84983
720575941556003748,720575940649870713,82257
720575941431185656,720575940629759788,146879
720575941549676404,720575940610667413,144113
720575941461563347,720575940620014868,65652
720575941510174480,720575940611647667,84307
720575941596525445,720575940620649492,539864
720575941589597950,720575940618103636,809508
720575941529537156,720575940617109298,583858
720575941596307845,720575940625031687,545329
720575941666681587,720575940644308384,106054
720575941571371336,720575940627269651,108650
720575941472097066,720575940619463088,81338
720575941411652011,720575940631748653,199581
720575941513439441,720575940612979093,114534
720575941447521373,720575940623891637,116550
720575941429718447,720575940631901267,105986
720575941402339363,720575940630010172,187558
720575941686119663,720575940659895937,80647
720575941572293883,720575940627112748,121095
720575941595749415,720575940605140396,140145
720575941480440262,720575940610012565,64479
720575941612033126,720575940617296601,809725
720575941475868737,720575940627502312,110539
720575941688971638,720575940624573222,96838
720575941637270133,720575940629120471,59759
720575941440907471,720575940629235084,63593
720575941513606723,720575940604532913,59381
720575941552999559,720575940614687931,25456
720575941527206020,720575940615174075,52951
720575941622228732,720575940642398965,818352
720575941511824850,720575940616493243,98613
720575941624082428,720575940627652629,28129
720575941589667980,720575940633561427,531797
720575941510019282,720575940618685268,146797
720575941574971913,720575940613535554,511989
720575941515829082,720575940613645487,104577
720575941489679049,720575940606720265,810721
720575941467788566,720575940635121433,176628
720575941639205493,720575940604345632,53630
720575941527040868,720575940618215451,15969
720575941526544898,720575940640189659,128508
720575941659550800,720575940642562445,99240
720575941458790726,720575940625371209,813546
720575941515549955,720575940622892056,111011
720575941577191001,720575940630590590,58777
720575941588741374,720575940623428829,95833
720575941554516708,720575940620597012,103923
720575941460725971,720575940627958534,97299
720575941654143249,720575940616750965,161595
720575941504341052,720575940605185964,117982
720575941594465061,720575940635675102,24065
720575941536163850,720575940622182669,32217
720575941540594524,720575940623022886,49371
720575941480135648,720575940621372436,110213
720575941568385070,720575940623133223,72881
720575941582765407,720575940632819048,69700
720575941589415934,720575940635616436,79325
720575941406723631,720575940610849348,129540
720575941684960239,720575940618547254,15821
720575941535198698,720575940631187048,59808
720575941484232077,720575940612327410,64702
720575941547519880,720575940628489516,56385
720575941594976726,720575940626564337,912192
720575941545491205,720575940622085389,907371
720575941552214299,720575940624485258,180161
720575941483220154,720575940604383008,50274
720575941599526953,720575940610103765,141747
720575941449433013,720575940635203320,53194
720575941604253374,720575940621000180,135454
720575941490129205,720575940640143192,74330
720575941479682016,720575940622401549,84595
720575941625968586,720575940626801680,17197
720575941563892743,720575940644521582,84738
720575941498548553,720575940618800088,102783
720575941439236927,720575940615170210,123292
720575941609458349,720575940627263162,809666
720575941493021872,720575940625174605,83430
720575941525290340,720575940616513695,68630
720575941465574742,720575940626920848,27351
720575941478446243,720575940630743422,536052
720575941488055760,720575940636113264,92797
720575941626624569,720575940626048387,908821
720575941490321865,720575940631378937,154353
720575941502827058,720575940617020962,78308
720575941432088417,720575940617614292,138906
720575941565527047,720575940626327720,816645
720575941556252132,720575940625907077,101683
720575941441320283,720575940633541165,191362
720575941565426071,720575940638006756,530710
720575941625000330,720575940614082194,122961
720575941474060859,720575940623949336,78663
720575941594193622,720575940619144731,513138
720575941523093495,720575940639096125,124605
720575941467118934,720575940618746944,534920
720575941431418638,720575940617815225,160473
720575941564022114,720575940637068400,32771
720575941535223640,720575940615028787,126528
720575941490851017,720575940619982427,38145
720575941575326095,720575940621181004,225823
720575941429294985,720575940630577450,59322
720575941556783524,720575940632293191,62072
720575941640222495,720575940633302995,17090
720575941450616398,720575940636553902,114213
720575941431475375,720575940639996288,89041
720575941493541296,720575940636327598,62294
720575941436266016,720575940629963779,75333
720575941654539732,720575940617455833,814693
720575941658799640,720575940620731245,534148
720575941471164791,720575940639753635,74276
720575941440309439,720575940611597298,511829
720575941449276538,720575940624968013,803577
720575941527858598,720575940623804907,30378
720575941651511281,720575940636414712,147183
720575941573687880,720575940632420939,61307
720575941483433670,720575940629079883,21260
720575941515386970,720575940640863064,17300
720575941613940889,720575940617630932,144646
720575941428614392,720575940611669987,37758
720575941451607930,720575940615133755,114009
720575941425934676,720575940623421951,66721
720575941632309740,720575940618542795,194266
720575941476402026,720575940620589848,173930
720575941459504543,720575940630272411,83093
720575941550180980,720575940635389808,133249
720575941654084052,720575940618192273,122780
720575941618420351,720575940615475818,533495
720575941514611811,720575940628086397,814579
720575941547367092,720575940621701104,88048
720575941512034257,720575940635887467,70367
720575941545909940,720575940628315925,145954
720575941533865603,720575940609570005,46868
720575941631211963,720575940614825026,52337
720575941536694298,720575940614230056,57122
720575941514099705,720575940621623686,108355
720575941537243122,720575940636325495,11212
720575941416875804,720575940643849764,145898
720575941723544378,720575940604324576,133055
720575941579498997,720575940612678637,63954
720575941489994444,720575940613609903,91980
720575941484127674,720575940617855611,186229
720575941665489139,720575940611865208,906258
720575941591878540,720575940636792974,276074
720575941595860593,720575940607226802,518792
720575941513120355,720575940624470812,27770
720575941515332954,720575940617161531,30440
720575941475812417,720575940623320396,515663
720575941642912632,720575940615526289,47859
720575941519210679,720575940618430609,76503
720575941642704997,720575940632602984,69829
720575941688333686,720575940626859568,58240
720575941482764474,720575940617991729,218826
720575941483668922,720575940609395780,944746
720575941579160953,720575940623682568,806292
720575941492874672,720575940620571697,215770
720575941655317209,720575940620806571,579964
720575941512567884,720575940620220581,93956
720575941494468992,720575940623441996,20385
720575941612353811,720575940632366879,521535
720575941509009281,720575940635508831,59854
720575941555362724,720575940609531913,56420
720575941573391286,720575940620451056,804895
720575941408810158,720575940629025808,42453
720575941481337679,720575940628182978,817523
720575941586271878,720575940611297649,59625
720575941449263541,720575940625413268,230316
720575941564075008,720575940623083288,906823
720575941461082381,720575940629155895,812932
720575941524126978,720575940610453162,522992
720575941449076814,720575940653269238,42937
720575941519115191,720575940622492705,180160
720575941496075648,720575940604014112,53805
720575941538343829,720575940633406745,96746
720575941554502116,720575940627026279,120806
720575941542703645,720575940612775065,66981
720575941519467630,720575940614958120,47744
720575941574518821,720575940607548629,533580
720575941509046657,720575940631766314,544996
720575941691540376,720575940625808272,39489
720575941433301774,720575940619403655,139418
720575941457607920,720575940641435893,98261
720575941448119645,720575940629755723,27359
720575941505100311,720575940640872589,46493
720575941408767918,720575940629384951,21008
720575941594016619,720575940630985555,164007
720575941450277454,720575940621922998,31208
720575941351441200,720575940640510427,68623
720575941579737681,720575940622549700,128777
720575941575091720,720575940618257053,120863
720575941563048704,720575940627310697,192419
720575941625518188,720575940628130052,61413
720575941462853901,720575940609469794,810800
720575941506565982,720575940619690118,931204
720575941511546578,720575940629918775,36095
720575941612125542,720575940634960319,106043
720575941562342802,720575940627735050,56320
720575941629643046,720575940622094728,520930
720575941644890273,720575940625000179,539254
720575941429940695,720575940625416292,214174
720575941432136919,720575940630684524,56768
720575941687508463,720575940612029390,39041
720575941516624600,720575940619675712,808629
720575941440782427,720575940628981578,104932
720575941565758615,720575940610734229,129295
720575941564822370,720575940631248844,89662
720575941566478439,720575940630560505,804161
720575941551354623,720575940632189497,138595
720575941473362016,720575940606699989,809280
720575941442013787,720575940622804351,110733
720575941497173376,720575940610989778,149392
720575941552578202,720575940613618216,100489
720575941441874779,720575940619064229,202131
720575941701946842,720575940647837572,120659
720575941551097991,720575940631505711,910333
720575941576138600,720575940626375305,134107
720575941527712601,720575940603391712,73250
720575941644783521,720575940626973715,78756
720575941630093804,720575940621449686,138331
720575941523242743,720575940610268366,109853
720575941592597800,720575940629923031,67875
720575941443253930,720575940632495585,72774
720575941534814442,720575940620365556,125147
720575941489828046,720575940623705067,194585
720575941467530774,720575940628285450,361729
720575941471507008,720575940640401549,157274
720575941640631327,720575940623015694,178945
720575941475805505,720575940619115166,122345
720575941603502521,720575940636880361,102137
720575941471910976,720575940627925564,810042
720575941502814770,720575940634248628,85323
720575941568406830,720575940622235272,90891
720575941573284616,720575940630553415,187492
720575941669585329,720575940625475673,72039
720575941515649785,720575940650505081,65153
720575941544233733,720575940619481560,47282
720575941456264429,720575940627415976,24882
720575941559331443,720575940625480394,809758
720575941436853266,720575940617193147,88321
720575941535256754,720575940642728648,547774
720575941546255796,720575940628542807,807535
720575941457432479,720575940634949995,135448
720575941504716311,720575940622030861,28701
720575941645380216,720575940615865650,527055
720575941586208646,720575940621585446,166439
720575941505991041,720575940621948737,837745
720575941512899427,720575940630567788,805893
720575941471816203,720575940635358059,95792
720575941624229740,720575940623866556,95210
720575941526564452,720575940614726261,235052
720575941448593845,720575940616539419,817089
720575941563563879,720575940625241731,812603
720575941507438661,720575940647024948,84250
720575941555820627,720575940629682895,539886
720575941624057852,720575940633612845,54490
720575941401636131,720575940630706476,16555
720575941450657870,720575940623360792,76126
720575941703639002,720575940623536086,212331
720575941594185942,720575940629989996,122182
720575941479413155,720575940652632566,120152
720575941504327447,720575940613002981,805433
720575941572294046,720575940628808439,81800
720575941620213887,720575940624756723,21505
720575941392691862,720575940624320520,71446
720575941505900161,720575940615126203,806953
720575941352470576,720575940615528678,513690
720575941637519733,720575940617885670,32595
720575941578996817,720575940632623524,805777
720575941459206047,720575940627082261,74403
720575941686473228,720575940615222634,803788
720575941657981720,720575940605645024,137583
720575941668065969,720575940643345096,62257
720575941465047638,720575940605898016,112567
720575941644708216,720575940631365327,54735
720575941564510610,720575940622780404,530722
720575941471444288,720575940611858837,147169
720575941514342803,720575940628212796,521534
720575941659349840,720575940619444719,117116
720575941497548513,720575940614125822,119041
720575941617795029,720575940614316497,34795
720575941407892527,720575940623732368,808117
720575941351045936,720575940632530913,807593
720575941654638297,720575940623145822,107046
720575941572910920,720575940627432469,114584
720575941633363141,720575940625190636,151590
720575941595585575,720575940628846530,41754
720575941451237498,720575940632861997,63707
720575941685968396,720575940629758762,42750
720575941426411860,720575940631770639,114686
720575941507388997,720575940614378290,536549
720575941503786219,720575940622212615,53719
720575941598915881,720575940625265040,82797
720575941595456470,720575940632691231,803628
720575941624331884,720575940614111650,28717
720575941452577961,720575940627609725,908122
720575941526755330,720575940626198790,303686
720575941402925424,720575940610261550,176652
720575941463509005,720575940631422824,37814
720575941475795306,720575940626980389,806638
720575941483243517,720575940626262928,73009
720575941436757804,720575940627818633,68810
720575941558155023,720575940643548468,143766
720575941412372369,720575940629602554,120543
720575941537967843,720575940635482766,13426
720575941504065259,720575940637745853,808198
720575941451278151,720575940626791728,32566
720575941574061199,720575940637806766,178850
720575941596982464,720575940628987210,142482
720575941441544911,720575940627658259,97086
720575941602568694,720575940625342308,800550
720575941437938962,720575940638863987,55247
720575941565410711,720575940629801975,155896
720575941611266278,720575940615184746,106983
720575941484182157,720575940621155092,37437
720575941502380887,720575940610202069,104814
720575941434311054,720575940627100478,120316
720575941529288580,720575940624527340,520825
720575941482244547,720575940625317139,55460
720575941498951291,720575940632528813,539272
720575941642992229,720575940645759523,157675
720575941505574213,720575940628394455,206419
720575941440099413,720575940621796357,244156
720575941504849573,720575940644509038,77788
720575941485673478,720575940627710480,805243
720575941477871924,720575940606766793,125897
720575941519329203,720575940625432299,119471
720575941487825104,720575940647518340,817066
720575941549864564,720575940638682458,124324
720575941659288144,720575940632258733,27779
720575941518187948,720575940615868063,513071
720575941596778688,720575940624248319,55282
720575941513734243,720575940633829145,135954
720575941615675349,720575940611924117,115870
720575941537454824,720575940636588645,100339
720575941525298201,720575940637220494,41884
720575941436360480,720575940619294277,186620
720575941439563455,720575940625891623,170248
720575941625369401,720575940622779263,909266
720575941591929740,720575940612107362,103417
720575941557131428,720575940622622135,532849
720575941593660712,720575940628537487,135145
720575941632153580,720575940633587148,49717
720575941688168175,720575940612752021,63471
720575941573805384,720575940605183660,201504
720575941458844063,720575940625349780,97189
720575941436654112,720575940627750568,220473
720575941403825008,720575940620866657,100105
720575941633071008,720575940648706692,42553
720575941519218030,720575940619466587,141397
720575941640162335,720575940618751312,48461
720575941550593908,720575940623369827,270064
720575941632572347,720575940621817046,935661
720575941499434658,720575940621669997,76831
720575941552917383,720575940633202479,165724
720575941612896531,720575940611568248,83110
720575941554883556,720575940632930188,515467
720575941574277641,720575940614729709,529946
720575941452533370,720575940620187305,815865
720575941393062806,720575940633973785,70347
720575941597172124,720575940640775512,67825
720575941540658893,720575940635161951,95299
720575941473001568,720575940632340269,17069
720575941502705035,720575940618605376,78322
720575941496218240,720575940632159289,953896
720575941561827373,720575940643075784,544040
720575941438518060,720575940624034893,100241
720575941451343431,720575940632360722,24931
720575941558483182,720575940627327750,98554
720575941573149193,720575940644281032,137239
720575941729875243,720575940628930663,78232
720575941688426991,720575940617644945,77533
720575941476174657,720575940615702431,907039
720575941458972144,720575940622096778,143454
720575941579171673,720575940624389316,533742
720575941551343871,720575940621492970,148784
720575941516779155,720575940621044048,816731
720575941507619874,720575940623674845,62834
720575941459496944,720575940642079477,60666
720575941479001706,720575940616074764,135587
720575941530971365,720575940638769990,103547
720575941546612585,720575940624773524,107122
720575941669892273,720575940632118585,79908
720575941566506030,720575940636652174,133439
720575941457058797,720575940639382691,110143
720575941593073110,720575940611872376,98119
720575941514008922,720575940625277740,130420
720575941689892760,720575940624912535,808822
720575941658463000,720575940613478963,183756
720575941476353386,720575940620322401,517535
720575941412773268,720575940623110426,22604
720575941587422020,720575940640046424,56268
720575941460972176,720575940632313764,31053
720575941560033774,720575940621051468,188114
720575941667696371,720575940628563305,803793
720575941486600198,720575940629991323,90262
720575941573911965,720575940633735063,13841
720575941594031723,720575940612012714,15886
720575941545172156,720575940639356213,62525
720575941550919679,720575940625070862,101803
720575941469797184,720575940640407128,242286
720575941596483740,720575940637542285,93166
720575941454979309,720575940629655802,152077
720575941553652051,720575940620415727,103247
720575941561536045,720575940621333669,516859
720575941473200480,720575940624477968,168256
720575941525040642,720575940632524074,133870
720575941472922666,720575940615359647,63372
720575941489371849,720575940623822524,101659
720575941478080577,720575940631328453,96741
720575941516233219,720575940617090449,29185
720575941481785085,720575940637198766,41409
720575941477052190,720575940626845522,114474
720575941612862995,720575940628951495,86162
720575941490408649,720575940617575197,45305
720575941571431326,720575940629510338,26643
720575941476645937,720575940631312633,86618
720575941416304668,720575940634336887,52862
720575941667951537,720575940626268934,105938
720575941496907904,720575940626090782,541479
720575941427474004,720575940647592068,80312
720575941640135455,720575940637148486,552693
720575941508589953,720575940635821801,31023
720575941493751166,720575940627455079,98387
720575941554139527,720575940615062191,87915
720575941438888277,720575940617281141,104722
720575941526919682,720575940635351964,45933
720575941412382063,720575940640967888,529234
720575941453055047,720575940625522104,134241
720575941688335734,720575940635348331,163985
720575941535714280,720575940638910296,32661
720575941493175472,720575940631745107,521172
720575941513923162,720575940626449200,184585
720575941652428273,720575940612994582,519219
720575941595462769,720575940617820902,41073
720575941476778602,720575940655144865,124898
720575941520850611,720575940613998790,32644
720575941459656607,720575940622316570,537753
720575941438548309,720575940628737323,126706
720575941499643298,720575940634177250,77321
720575941555966721,720575940606031538,56514
720575941439340255,720575940627418389,100717
720575941404758384,720575940616129951,119704
720575941434230560,720575940642877896,78529
720575941473655338,720575940627699023,79149
720575941590979724,720575940623153546,49909
720575941496385920,720575940622629047,83985
720575941600827433,720575940618805277,64513
720575941405228656,720575940630432311,178056
720575941451038030,720575940620475817,110381
720575941555803044,720575940608745923,37315
720575941481013122,720575940614061521,580918
720575941504500018,720575940638337257,158273
720575941652945649,720575940612431473,200120
720575941530192869,720575940625413763,191479
720575941566780519,720575940615513490,104096
720575941530245579,720575940632830509,815259
720575941576863989,720575940629929273,804218
720575941490662094,720575940622672324,44850
720575941466369110,720575940624819948,74270
720575941585476742,720575940608772291,71071
720575941611462121,720575940620152230,84053
720575941516972435,720575940630138679,136243
720575941478654570,720575940621810415,78971
720575941515421433,720575940615250143,160392
720575941640173599,720575940628724721,120349
720575941574683062,720575940638634310,119359
720575941643550881,720575940621100629,131219
720575941565347426,720575940614701730,22040
720575941402410352,720575940623766468,75941
720575941566084199,720575940618178777,159907
720575941439716699,720575940631496310,65938
720575941575209481,720575940621685595,132100
720575941488404430,720575940627975017,805115
720575941576695385,720575940639504462,102015
720575941554446746,720575940638143805,74434
720575941575260680,720575940634615648,168616
720575941451695226,720575940629947751,58404
720575941540508877,720575940621089109,1000913514
720575941527017572,720575940614758806,166644
720575941487828533,720575940609843865,812203
720575941515629658,720575940635924190,94199
720575941436581152,720575940632146513,122178
720575941612045741,720575940618933595,29520
720575941528498616,720575940613484706,104780
720575941595854705,720575940627427224,101107
720575941412476305,720575940615572959,141607
720575941625222043,720575940660160385,78392
720575941573696911,720575940613335154,51229
720575941643502437,720575940635677176,549807
720575941515813987,720575940618704689,39649
720575941543108613,720575940623000926,85774
720575941479223264,720575940623342484,817540
720575941454513971,720575940624351305,84370
720575941655486169,720575940620348692,188344
720575941479369551,720575940630616377,94338
720575941461640644,720575940618648640,536957
720575941437689663,720575940603714652,94276
720575941516163427,720575940616340236,542845
720575941475178811,720575940631822354,116483
720575941631203525,720575940609171721,544799
720575941532426730,720575940633797933,956305
720575941596770949,720575940605917030,113587
720575941595293654,720575940636574382,158899
720575941590111628,720575940609722889,103717
720575941574711144,720575940625634028,60943
720575941626059628,720575940631842104,19871
720575941686896758,720575940627173465,130481
720575941482703546,720575940625622909,87778
720575941436116000,720575940623072355,135211
720575941591014398,720575940614198578,902425
720575941645330808,720575940644966167,161908
720575941684876527,720575940635473760,806208
720575941548102772,720575940635669183,94305
720575941579822673,720575940612172339,144126
720575941439915327,720575940634975642,160007
720575941529575096,720575940608356617,93835
720575941515401795,720575940627114329,524718
720575941549424417,720575940624574922,514066
720575941574944669,720575940624413513,149834
720575941448073141,720575940625797936,64582
720575941476181278,720575940611839155,933250
720575941591029132,720575940617551131,113258
720575941485855810,720575940615915974,198783
720575941612496998,720575940625236234,146913
720575941437742559,720575940618507077,97165
720575941496333952,720575940623914679,112749
720575941558013711,720575940616301497,107143
720575941429179311,720575940622607459,542709
720575941544845756,720575940616134924,86290
720575941630382316,720575940627969359,100454
720575941612599827,720575940623544551,64062
720575941580171089,720575940638975977,61428
720575941602149366,720575940626470146,172036
720575941658757912,720575940630836280,93573
720575941508336769,720575940609986680,83942
720575941579715409,720575940631684321,147622
720575941565540759,720575940624136711,87932
720575941554303259,720575940616769497,49483
720575941533842307,720575940623954058,222926
720575941432526350,720575940637722182,117554
720575941492241383,720575940606676937,28216
720575941644586360,720575940624915529,90344
720575941574065416,720575940623813523,99801
720575941544435388,720575940636109687,150478
720575941633219744,720575940635679327,82740
720575941574127247,720575940622410153,51707
720575941484564290,720575940626572218,84291
720575941547860872,720575940630277888,70429
720575941503383639,720575940607971908,41406
720575941634245307,720575940631145803,548760
720575941476025886,720575940640675389,812240
720575941445649066,720575940637830709,107704
720575941536255720,720575940632920621,90354
720575941431627145,720575940645735534,108404
720575941602227702,720575940614762914,69563
720575941523370231,720575940615176671,122353
720575941602940406,720575940606652117,537451
720575941428430767,720575940623968612,150232
720575941430836728,720575940632901167,50567
720575941537630179,720575940614803266,160324150
720575941474797866,720575940618422045,100147
720575941534462954,720575940609941653,268907
720575941558259727,720575940652355574,67899
720575941563543650,720575940614238417,121298
720575941447846837,720575940622317897,109492
720575941484536642,720575940622981193,47788
720575941605932141,720575940608124338,76317
720575941404266352,720575940627535272,121032
720575941457331440,720575940630698618,100160
720575941552258075,720575940620287476,29729
720575941529365892,720575940636555182,81577
720575941671638695,720575940613863087,59130
720575941640449055,720575940649865718,815961
720575941431091887,720575940616793246,802991
720575941471858039,720575940624466440,935462
720575941549683006,720575940621332574,815282
720575941565126407,720575940631522811,148607
720575941452407930,720575940623235277,169084
720575941662485304,720575940611610578,143669
720575941593161256,720575940622592726,80526
720575941624146634,720575940621901153,95065
720575941460298692,720575940624480915,117389
720575941516941740,720575940632527683,120379
720575941478438506,720575940627581309,152804
720575941481060794,720575940616104379,911404
720575941575518390,720575940624106948,36395
720575941439184213,720575940633770916,808063
720575941442320042,720575940622707592,524007
720575941412626799,720575940633148058,816749
720575941436370720,720575940644690468,98568
720575941624231532,720575940621090130,103493
720575941554526747,720575940625267214,184951
720575941451620474,720575940611193298,64589
720575941633633952,720575940632433962,24655
720575941554228378,720575940614227522,46338
720575941518932184,720575940626927635,133850
720575941402294051,720575940635677335,59558
720575941498418043,720575940626023001,79631
720575941653581780,720575940643202445,154079
720575941527969720,720575940634756889,114303
720575941721929530,720575940626873718,100425
720575941508430721,720575940616165377,23174
720575941411019119,720575940625634830,113491
720575941652200465,720575940615528607,99258
720575941400484899,720575940623407556,99286
720575941688562395,720575940627636423,81157
720575941521265143,720575940616302292,107783
720575941402201123,720575940660956033,80006
720575941431969751,720575940607498947,813205
720575941570031860,720575940630606892,89415
720575941438106453,720575940627722841,128555
720575941431577007,720575940643812887,909568
720575941450135221,720575940613832429,517814
720575941508707856,720575940638990911,216660
720575941554171546,720575940612291802,102531
720575941481461946,720575940623724558,813255
720575941573656648,720575940634729879,115295
720575941598794176,720575940611790546,98931
720575941689848539,720575940629338821,815737
720575941434110496,720575940627408024,84775
720575941539130098,720575940637270086,21509
720575941686043254,720575940624394498,820684
720575941659004752,720575940622235318,186976
720575941475334961,720575940613235123,101658
720575941491610599,720575940632879405,822612
720575941644824776,720575940633581516,188303
720575941483682746,720575940638520297,164654
720575941436476460,720575940618417477,129883
720575941438798124,720575940603318240,71310
720575941516337251,720575940623891600,327126875
720575941438214162,720575940629464817,79360
720575941430157665,720575940628366352,45447
720575941591506795,720575940620661675,819005
720575941537956328,720575940618245789,191129
720575941509945810,720575940630140026,68364
720575941593466731,720575940660108161,261094
720575941438665791,720575940622545546,513769
720575941433260814,720575940612725906,88046
720575941526459492,720575940617416994,25664
720575941541382941,720575940642626011,86034
720575941579775569,720575940623658023,68017
720575941511561426,720575940611329137,23405
720575941459339987,720575940623304216,82129
720575941515485018,720575940615247839,70839
720575941535301569,720575940613663658,173258
720575941516856280,720575940610467538,817918
720575941480148866,720575940622106790,122267
720575941592683560,720575940630559488,72834
720575941461950163,720575940615542431,523653
720575941588762935,720575940626645506,540453
720575941534110401,720575940629283659,806924
720575941427163220,720575940623724071,85143
720575941503780034,720575940621546349,60608
720575941470259008,720575940616934924,130125
720575941552545563,720575940616897548,79000
720575941581977977,720575940623812109,106364
720575941631801760,720575940622165174,167213
720575941482027203,720575940615056081,519630
720575941624115611,720575940625495276,183410
720575941689080950,720575940617307275,176744
720575941658931280,720575940605660350,85277
720575941667944625,720575940603314144,107830
720575941568418606,720575940628980789,183646
720575941553942919,720575940636961647,551906
720575941626158794,720575940626655321,813010
720575941574846109,720575940631188039,74857
720575941624447484,720575940626166986,113073
720575941525509401,720575940615018146,125089
720575941528136870,720575940617293268,53688
720575941434406944,720575940645816099,71348
720575941548413044,720575940621673606,67502
720575941351471152,720575940627395407,28213
720575941470399499,720575940620791028,812704
720575941611623401,720575940625400300,186384
720575941460876688,720575940604812204,109597
720575941483514621,720575940610489283,540019
720575941477384500,720575940630372470,163354
720575941732991275,720575940614955670,35923
720575941562066856,720575940634588517,805342
720575941594548519,720575940616073506,518976
720575941455474925,720575940607632579,36545
720575941573963624,720575940625396252,22073
720575941559960847,720575940617321243,814071
720575941490160590,720575940620179309,808644
720575941576368054,720575940624218602,32521
720575941505171109,720575940605894833,107427
720575941490737609,720575940622353299,68640
720575941624289691,720575940624739571,50405
720575941474431328,720575940639085894,106613
720575941484182970,720575940624502857,549996
720575941482504957,720575940620373168,85360
720575941732504107,720575940628575464,73887
720575941536241674,720575940636914830,89798
720575941512166865,720575940633700066,98421
720575941607727469,720575940618893366,157932
720575941631246306,720575940618275165,76884
720575941429100280,720575940627867464,146333
720575941688138904,720575940630834683,811527
720575941534743322,720575940633390419,66513
720575941598843804,720575940625108967,178302
720575941483838717,720575940604104625,41513
720575941596714908,720575940634202780,104885
720575941631238882,720575940614056379,29091
720575941464127501,720575940641439477,101254
720575941450704762,720575940625623994,536482
720575941500105122,720575940626932005,199174
720575941480552271,720575940628931560,121803
720575941539097549,720575940619662971,91100
720575941603072502,720575940638284607,813060
720575941434368142,720575940611969773,72273
720575941462029712,720575940631619353,240951
720575941547942792,720575940617111308,144660
720575941460661188,720575940611839953,816009
720575941473205802,720575940629161468,25757
720575941497534281,720575940622061940,136481
720575941448400221,720575940620076923,176535
720575941661843256,720575940613542314,101878
720575941481519695,720575940621589486,131308
720575941576298344,720575940616108511,193779
720575941573118459,720575940616781241,808275
720575941615805909,720575940633537823,122326
720575941559603950,720575940628696138,31349
720575941448175380,720575940633192090,519988
720575941475292993,720575940627254532,76835
720575941510958608,720575940621396718,94013
720575941639604853,720575940610703224,520284
720575941506630017,720575940625733415,179450
720575941476556609,720575940632379467,811994
720575941653317649,720575940626023940,143710
720575941612854748,720575940609319772,159516
720575941587668292,720575940627721476,191792
720575941595897024,720575940615890235,43404
720575941452699049,720575940612048114,50422
720575941590411774,720575940622181670,128112
720575941610633901,720575940605980337,54675
720575941585579486,720575940618751902,70665
720575941545127017,720575940611227050,92266
720575941516024057,720575940628610811,56000
720575941626180921,720575940628337103,36845
720575941533680321,720575940641776032,182830
720575941644532385,720575940637181811,591745
720575941598960028,720575940639654352,813410
720575941405025904,720575940621207791,178684
720575941414569617,720575940620374693,53901
720575941525043812,720575940639357136,92316
720575941544688308,720575940632787916,801219
720575941633825723,720575940613212141,35994
720575941441486031,720575940624107460,121840
720575941594464369,720575940617739357,60903
720575941493818494,720575940634912948,34904
720575941595935015,720575940620461617,78404
720575941528212612,720575940614908822,37606
720575941467712278,720575940624365500,110372
720575941594260950,720575940631813796,17078
720575941467268950,720575940633986899,45890
720575941460021971,720575940629583914,27022
720575941573071774,720575940626843536,160966
720575941506127164,720575940620954733,170635
720575941654035473,720575940632714823,46365
720575941450327374,720575940610029870,132976
720575941589593143,720575940646368132,56164
720575941431697400,720575940641041872,74862
720575941528338616,720575940650869238,530820
720575941487010370,720575940619066708,185125
720575941581595513,720575940636616164,532913
720575941602006713,720575940620000891,56321
720575941688304758,720575940618817262,144787
720575941441494207,720575940644216008,566280
720575941624553724,720575940624275494,533250
720575941512089809,720575940633615807,210629
720575941506767489,720575940627428106,55330
720575941565307746,720575940639865688,192298
720575941703442138,720575940632573240,51066
720575941456176799,720575940616457670,804227
720575941573924424,720575940629961295,28935
720575941626072684,720575940609459576,60612
720575941732660011,720575940621317119,18083
720575941472948539,720575940614686943,20253
720575941510185426,720575940632276495,59568
720575941434967072,720575940619604134,905664
720575941689041164,720575940638044250,542356
720575941519689582,720575940609478339,106919
720575941437272338,720575940624486729,807032
720575941598952604,720575940641702304,808114
720575941574197430,720575940647081251,61946
720575941513027537,720575940608541891,71323
720575941579070041,720575940640177536,128593
720575941486305542,720575940643425992,54200
720575941551918591,720575940637746520,533081
720575941497735586,720575940611748594,814732
720575941429787017,720575940640812240,130465
720575941723870522,720575940642670752,90317
720575941496622049,720575940625864360,526552
720575941530492875,720575940612016498,19904
720575941624835483,720575940626323075,93419
720575941630290658,720575940625314058,911172
720575941630084134,720575940627940455,535735
720575941450318173,720575940632817000,91802
720575941537639656,720575940613686442,146404
720575941681630141,720575940623338316,516551
720575941574646632,720575940626390044,47077
720575941519703219,720575940619816071,66866
720575941554442779,720575940624909575,546250
720575941732917547,720575940623850595,546027
720575941655101652,720575940620894273,91285
720575941527558310,720575940623255369,96139
720575941595762727,720575940619180373,534747
720575941533714666,720575940618971163,127802
720575941619322751,720575940629535217,100688
720575941732843307,720575940623726872,131286
720575941452612659,720575940620294821,1050460102
720575941579469813,720575940610194581,96988
720575941527204354,720575940632633548,156168
720575941486214150,720575940634974615,29003
720575941481710927,720575940640759248,88878
720575941614190099,720575940624501392,908723
720575941449798222,720575940631124397,131634
720575941480645088,720575940626742832,124028
720575941506850117,720575940608883209,101653
720575941574051485,720575940625879795,134228
720575941540468173,720575940637334244,164495
720575941457163504,720575940607029449,104621
720575941513977337,720575940619776321,93826
720575941668619431,720575940619940811,38796
720575941688603611,720575940651014390,123920
720575941689705435,720575940628057862,144488
720575941523303243,720575940604130481,810843
720575941559093998,720575940616886758,20526
720575941448058549,720575940610650414,143658
720575941591302696,720575940629333095,98747
720575941667843315,720575940610914258,57594
720575941631514850,720575940623520205,66929
720575941430759672,720575940607002057,140853
720575941691361176,720575940610537336,40006
720575941556128292,720575940611960274,35641
720575941496542848,720575940629929854,94311
720575941477177137,720575940621073117,132230
720575941449041845,720575940626194428,23779
720575941518745004,720575940629678974,165656
720575941549693556,720575940614970774,19712
720575941522778103,720575940621148654,73667
720575941557438628,720575940609870449,41896
720575941595633189,720575940606060478,96368
720575941438598930,720575940617306717,38707
720575941435414414,720575940624771913,166288
720575941428953336,720575940627168784,14477
720575941659795000,720575940626557995,808866
720575941556402980,720575940639453774,52401
720575941459733203,720575940631721721,100855
720575941524957028,720575940631268252,149893
720575941402954864,720575940625436976,133890
720575941687364982,720575940635031447,114200
720575941460593552,720575940632256583,63741
720575941644172370,720575940631337519,72591
720575941536165313,720575940633568924,84327
720575941499506338,720575940624438675,103291
720575941508124254,720575940619202462,102313
720575941505696316,720575940615739298,121787
720575941411673711,720575940615046854,907448
720575941454792755,720575940614676886,514355
720575941485235597,720575940619909359,213766
720575941435657760,720575940632069657,142120
720575941594849413,720575940618731899,83599
720575941662670136,720575940623715096,159620
720575941477680948,720575940637491934,90195
720575941459628447,720575940614897258,135861
720575941652582129,720575940624071658,135051
720575941538167016,720575940622174902,55821
720575941401656355,720575940625073131,186046
720575941573927325,720575940624530372,192172
720575941502553538,720575940634614008,805804
720575941520373939,720575940626657808,150761
720575941438782482,720575940637799401,234248
720575941410859435,720575940632419395,198352
720575941476686622,720575940637765710,31404
720575941689511064,720575940629640783,70855
720575941538966141,720575940622390132,119557
720575941466978134,720575940618053377,525455
720575941568635438,720575940612188273,84482
720575941414217108,720575940637618830,96514
720575941554610945,720575940622127088,36408
720575941438696748,720575940647832185,148152
720575941640370207,720575940617943993,556387
720575941723771706,720575940624425363,40686
720575941411792299,720575940625308424,68549
720575941440546645,720575940628142352,525260
720575941532534872,720575940632353499,809160
720575941687435276,720575940633819417,220920
720575941615638997,720575940619640955,111607
720575941462073101,720575940620897927,81569
720575941611080425,720575940630250139,52068
720575941460915923,720575940624352041,282518677
720575941496221568,720575940611030746,144002
720575941549903165,720575940623425416,92581
720575941488299728,720575940624275785,136922
720575941408764975,720575940626997292,579938
720575941466704406,720575940632510479,199196
720575941498901473,720575940627172100,87979
720575941590824076,720575940630293156,157577
720575941524943972,720575940629756663,198232
720575941689377944,720575940627069203,813762
720575941480977538,720575940630678011,79764
720575941525868454,720575940626085776,76149
720575941459761860,720575940620987307,103387
720575941491833063,720575940633183628,40072
720575941486219149,720575940617150878,89723
720575941458875039,720575940606104254,176081
720575941496848865,720575940628135445,566250
720575941623328108,720575940633067871,805848
720575941514025562,720575940639568445,64423
720575941516690835,720575940627668613,153381
720575941481085693,720575940622675016,905353
720575941440870491,720575940635789423,93080
720575941546721468,720575940628329482,80992
720575941503625963,720575940629044071,276829
720575941472362048,720575940624629501,73829
720575941549886580,720575940648173444,133489
720575941416721692,720575940631692283,31921
720575941529617540,720575940623858579,104485
720575941514155363,720575940622950663,40884
720575941610309037,720575940623881223,84919
720575941439547359,720575940609664779,135914
720575941469795191,720575940618038612,97685
720575941566750518,720575940616309563,81349
720575941511554770,720575940651229430,521459
720575941483306182,720575940633503405,245550
720575941551045631,720575940627389895,515955
720575941562592256,720575940621783643,512527
720575941441522639,720575940618650625,155149
720575941656332112,720575940607984476,817459
720575941514242892,720575940623519453,133447
720575941441214299,720575940635414708,94533
720575941480756559,720575940627244165,27398
720575941596524956,720575940642082523,87315
720575941580521717,720575940629987132,541566
720575941502611083,720575940615038314,29363
720575941623642267,720575940616543745,10817
720575941414810001,720575940626051940,176125
720575941547585716,720575940631711563,116788
720575941487822032,720575940604830129,810579
720575941410423151,720575940629008066,144088
720575941572754939,720575940623496728,134321
720575941480183938,720575940626107696,83651
720575941645366392,720575940642497677,518026
720575941469152631,720575940616901718,118459
720575941442774698,720575940643020836,20559
720575941723335482,720575940626657802,89355
720575941732722219,720575940624758771,518876
720575941486122502,720575940623151357,39416
720575941452410490,720575940611134254,236514
720575941437960748,720575940617454934,111569
720575941630235116,720575940627735537,14491
720575941632076219,720575940612920466,20818
720575941477368372,720575940641797773,557192
720575941567139630,720575940625332494,173469
720575941513721593,720575940659193985,198691
720575941506838295,720575940634224609,118549
720575941554406810,720575940645698926,64542
720575941597757888,720575940620131742,43977
720575941506371493,720575940626692039,49839
720575941549579553,720575940627612232,904898
720575941481402787,720575940624673544,548807
720575941406722990,720575940624049147,67341
720575941511208658,720575940622195324,196818
720575941624985708,720575940613224446,143895
720575941484724877,720575940632742504,89751
720575941547527860,720575940640229437,67295
720575941519095000,720575940642927245,46203
720575941511184400,720575940655398817,532468
720575941486978000,720575940621999044,160889
720575941460968659,720575940624988564,64878
720575941405820463,720575940636524777,810896
720575941351164208,720575940630109440,47678
720575941611285834,720575940638634960,550508
720575941700563162,720575940622342476,812732
720575941480564675,720575940623260696,525846
720575941505975205,720575940635651263,151166
720575941535990499,720575940618242102,86477
720575941572814331,720575940626493700,104251
720575941662627128,720575940619943815,56135
720575941453146163,720575940620564133,54971
720575941610738022,720575940640125629,46969
720575941537860067,720575940626087320,119632
720575941477037854,720575940609454531,46410
720575941462701200,720575940616907678,13245
720575941532476248,720575940610148676,904850
720575941509179152,720575940640856205,75076
720575941457392031,720575940626094862,87078
720575941512543308,720575940640757200,87583
720575941459004912,720575940637434202,816710
720575941496031561,720575940606694748,53756
720575941628983522,720575940610505701,513346
720575941592139627,720575940620324056,34854
720575941431421710,720575940627675013,539765
720575941529318276,720575940612664273,530136
720575941504481701,720575940623073279,95003
720575941450824007,720575940617514397,142950
720575941650335253,720575940622515461,82127
720575941550380605,720575940655837857,373411
720575941543199773,720575940630634799,66272
720575941576105576,720575940631160972,91782
720575941353444144,720575940621614427,77055
720575941565320238,720575940631216524,909000
720575941536994330,720575940635216282,519435
720575941433732750,720575940634321308,224234
720575941451119273,720575940624046153,45620
720575941556809892,720575940615226274,99789
720575941563150946,720575940622343094,807221
720575941482045635,720575940640102771,62060
720575941651892245,720575940626984394,87333
720575941584416607,720575940617780770,108676
720575941626198939,720575940621951085,111645
720575941654472409,720575940633749971,813528
720575941549348157,720575940654661281,64205
720575941521546931,720575940636035935,575496
720575941539313357,720575940612148210,64364
720575941448363101,720575940644596260,64749
720575941410315947,720575940629952311,23979
720575941484190906,720575940627144323,109504
720575941509074305,720575940628209425,169864
720575941438249490,720575940617703563,88563
720575941525112066,720575940636912986,183927
720575941480028384,720575940660799361,28394
720575941544565097,720575940637167582,49870
720575941454836973,720575940608048770,147581
720575941553907457,720575940645682211,125813
720575941548708724,720575940609162962,146941
720575941472009568,720575940638813766,807531
720575941438361429,720575940616280763,79282
720575941610151398,720575940637315418,42582
720575941644566136,720575940650497145,149187
720575941510443792,720575940635817464,220217
720575941485211533,720575940629686267,808563
720575941701223130,720575940617424468,32336
720575941469383645,720575940621622694,32562
720575941550175092,720575940621037296,1050111955
720575941542480476,720575940611102437,815328
720575941700844506,720575940627329798,151869
720575941482224314,720575940646352772,93785
720575941541719069,720575940627322344,94172
720575941500648075,720575940619738673,67667
720575941610482140,720575940628842839,812866
720575941489053415,720575940624698170,818719
720575941477734506,720575940638677070,517892
720575941545906009,720575940625022707,94396
720575941681535165,720575940618940318,172564
720575941431058936,720575940639235142,209737
720575941679846077,720575940641060480,205210
720575941440869211,720575940650760825,522761
720575941450746183,720575940621772148,540251
720575941413127023,720575940626097741,516836
720575941508849281,720575940615177383,168482
720575941451166889,720575940638456227,92065
720575941661797756,720575940633726364,152441
720575941477612081,720575940647908996,58323
720575941687817455,720575940645540119,230646
720575941519235800,720575940627342674,905663
720575941538641138,720575940627342602,99762
720575941589169732,720575940630932943,902432
720575941580491129,720575940636720558,542975
720575941506640001,720575940625394064,106516
720575941584210566,720575940611248760,92461
720575941555095123,720575940631034955,50623
720575941617589887,720575940611453906,32320
720575941431423329,720575940619953799,231089
720575941567434484,720575940639277000,164601
720575941443599786,720575940631046999,111921
720575941566660662,720575940624919079,50987
720575941485536397,720575940626857368,808257
720575941643663442,720575940612422629,33721
720575941569154292,720575940655607201,387451
720575941496661217,720575940602891232,41646
720575941571534238,720575940621071203,78928
720575941572050589,720575940622186509,906553
720575941568552692,720575940619972254,66886
720575941497667490,720575940616032406,580843
720575941476673844,720575940628245559,66238
720575941732769323,720575940626653273,53791
720575941405862062,720575940616341877,135017
720575941573255581,720575940630514959,811947
720575941625734538,720575940627685946,83871
720575941545257148,720575940623862040,54135
720575941617844693,720575940626959050,29251
720575941513738819,720575940608073602,904594
720575941590025015,720575940630955064,810556
720575941407049775,720575940622272577,909834
720575941643464353,720575940624513427,86550
720575941499976354,720575940623678856,174634
720575941489662921,720575940641982683,81891
720575941554470298,720575940645232750,58812
720575941565536263,720575940625156169,40346
720575941562255149,720575940620699631,534266
720575941657651280,720575940620937131,207176
720575941572315294,720575940622339828,89737
720575941490865205,720575940611094626,15411
720575941456995053,720575940622703621,71082
720575941668202995,720575940632381326,142941
720575941431219809,720575940614484626,172288
720575941534492248,720575940631739641,543689
720575941449993850,720575940619287198,85708
720575941447870901,720575940619171604,131626
720575941625664923,720575940620587224,103199
720575941406699311,720575940624578567,141552
720575941732911403,720575940608606475,70431
720575941626164844,720575940635760308,70641
720575941535990504,720575940626229337,815690
720575941473577312,720575940631395013,72128
720575941643336018,720575940622795990,91678
720575941662068348,720575940623299722,91311
720575941513759308,720575940620149101,49330
720575941564627766,720575940633644183,58713
720575941503566530,720575940630064195,926810
720575941583649887,720575940643874596,30467
720575941439673663,720575940627611208,520634
720575941535240370,720575940639095229,30115
720575941557734180,720575940636887141,52502
720575941721815354,720575940620658091,52777
720575941432146273,720575940626487226,116650
720575941566538294,720575940604497888,75513
720575941439945813,720575940612063330,130525
720575941477271348,720575940632981293,95866
720575941616157909,720575940621356470,91416
720575941573810760,720575940611783317,116315
720575941487384528,720575940618899579,109404
720575941655469012,720575940620474582,815218
720575941565100551,720575940635086175,128863
720575941479008931,720575940620726849,61393
720575941670152625,720575940625630212,333223
720575941491612110,720575940625860595,536034
720575941668398579,720575940644127392,79472
720575941489828558,720575940620213268,146510
720575941617071317,720575940629689083,517880
720575941483400701,720575940607152085,125918
720575941525021261,720575940623322879,78846
720575941565400983,720575940622200609,107065
720575941497022592,720575940624266131,97702
720575941547796404,720575940631078455,121209
720575941499101602,720575940636463471,44955
720575941572218270,720575940632280395,150508
720575941488571593,720575940616515890,138027
720575941470907255,720575940629624058,100792
720575941438150879,720575940625354644,84559
720575941439947867,720575940623022104,78282
720575941491645415,720575940629181712,100131
720575941485791750,720575940629489212,22665
720575941550691390,720575940630829879,75503
720575941581511033,720575940622278325,121537
720575941462924944,720575940635662510,541628
720575941570822814,720575940638324201,67520
720575941451867719,720575940628267909,806257
720575941546048692,720575940629464049,93842
720575941507325253,720575940640216483,534374
720575941456663792,720575940622184701,186813
720575941622515964,720575940614537282,136019
720575941573961480,720575940631180831,57183
720575941686712588,720575940632703180,81854
720575941435103776,720575940616505017,75413
720575941691177947,720575940630832502,98989
720575941510064594,720575940642302605,47904
720575941681387453,720575940612525262,109883807
720575941531646339,720575940608722185,143809
720575941610945257,720575940611142257,92940
720575941489058761,720575940631334671,112813
720575941611444909,720575940627305743,120836
720575941461735876,720575940622321251,60964
720575941691485592,720575940604929894,63843
720575941519649240,720575940614995862,533785
720575941538818709,720575940645635875,128354
720575941502112599,720575940618666142,131322
720575941433735054,720575940636992686,192828
720575941508655058,720575940616439365,24981
720575941492927408,720575940614873775,155851
720575941489824974,720575940630989655,58391
720575941435882894,720575940627501826,70591
720575941594989270,720575940641945307,159159
720575941633388448,720575940611973749,11279
720575941611152714,720575940623066893,39062
720575941625916106,720575940644699552,184789
720575941477649729,720575940621060101,32617
720575941553121086,720575940621712154,108729
720575941590072972,720575940633682574,59005
720575941553761563,720575940631034443,213772
720575941530286565,720575940633631789,43039
720575941533252227,720575940622486388,149876
720575941622625020,720575940612951722,119614
720575941514111564,720575940609533230,172901
720575941516150362,720575940632305951,133977
720575941546294889,720575940633099932,147941
720575941627679545,720575940612734358,60850
720575941626531466,720575940614820770,531204
720575941513901411,720575940623368547,134718
720575941562891618,720575940603895584,523035
720575941513433676,720575940626399821,113054
720575941585947270,720575940637116773,46994
720575941477760065,720575940628962678,159367
720575941526730150,720575940632014673,97186
720575941566958695,720575940619941681,537477
720575941603903478,720575940623630570,526452
720575941585936006,720575940629692155,84268
720575941440343899,720575940626424005,100562
720575941529956299,720575940617903617,54717
720575941639169055,720575940630908044,72297
720575941433341710,720575940622489814,102876
720575941723027258,720575940627138137,55920
720575941554469147,720575940631431542,83376
720575941607892077,720575940631761349,131368
720575941350482992,720575940638099059,817850
720575941439178303,720575940618419746,291337
720575941633303456,720575940627085913,83271
720575941688948376,720575940606868681,126964
720575941452913735,720575940629409009,36363
720575941542574365,720575940611597938,53304
720575941612125030,720575940630784298,87883
720575941450238045,720575940628820823,32687
720575941552470271,720575940622253238,542326
720575941644985249,720575940624097485,116516
720575941557798564,720575940614151405,201388
720575941550133053,720575940659703937,817005
720575941579870033,720575940646549283,54824
720575941478412906,720575940613385970,531672
720575941532332517,720575940615792863,99466
720575941539421938,720575940631164411,88514
720575941599263936,720575940628661269,516202
720575941550033185,720575940628498575,162899
720575941432537303,720575940645413940,427343
720575941611739978,720575940628528377,904181
720575941549947764,720575940609097058,49899
720575941540563661,720575940616503669,98513
720575941722651450,720575940614474642,99798
720575941564784182,720575940627104284,57322
720575941411783339,720575940626024323,160697
720575941572926365,720575940627019688,103956
720575941507353413,720575940647596153,53456
720575941662695992,720575940629408259,199547
720575941703025882,720575940623333196,14052
720575941624810634,720575940625729226,107018
720575941553429639,720575940623637981,106973
720575941484050685,720575940608155605,124139
720575941612929555,720575940622865800,41847
720575941660742268,720575940604826802,816996
720575941536418058,720575940640152448,89830
720575941574694031,720575940653313953,169369
720575941437272850,720575940628026237,171496
720575941590098487,720575940620014416,550938
720575941611105866,720575940606143409,165666
720575941479555296,720575940624030856,144206
720575941723036474,720575940616478294,523403
720575941471402871,720575940621675585,113632
720575941352057904,720575940654915489,943313
720575941510946514,720575940624971337,184235
720575941631315616,720575940613935535,217233
720575941518082988,720575940624805415,81629
720575941491553712,720575940633004755,130867
720575941552168447,720575940624945666,291665
720575941574145949,720575940620286855,535089
720575941624439242,720575940635503540,49555
720575941515146083,720575940644754592,18927
720575941514608195,720575940617435712,50710
720575941465765206,720575940632731417,810762
720575941564789650,720575940628499394,37295
720575941655135193,720575940627687939,67657
720575941453252167,720575940616892161,154004
720575941533422273,720575940615876294,79821
720575941619727743,720575940626164904,119357
720575941477024561,720575940611847958,113184
720575941537184242,720575940633117265,809421
720575941447800142,720575940632565063,173184
720575941568969722,720575940621202854,515430
720575941455770349,720575940641681104,808855
720575941512643916,720575940629119985,815201
720575941408794030,720575940622362845,119430
720575941506447013,720575940655641505,65605
720575941595371813,720575940627290383,77871
720575941557959844,720575940620724571,169641
720575941566690102,720575940618795840,136410
720575941518807468,720575940632615628,803976
720575941574622473,720575940620721067,532484
720575941527557030,720575940632629924,120605
720575941504902679,720575940620543297,69405
720575941507253121,720575940622493769,123591
720575941458821872,720575940621946024,62124
720575941564463616,720575940628223484,79283
720575941520105326,720575940623859127,119167
720575941527437593,720575940644028872,518763
720575941510145552,720575940641623541,520535
720575941555843329,720575940632907172,73053
720575941429228024,720575940632589880,76549
720575941432739726,720575940617601622,60938
720575941452475514,720575940639513166,110717
720575941480218242,720575940623028250,547671
720575941514848858,720575940610410609,124128
720575941471732599,720575940637562469,806241
720575941535521112,720575940613062440,518370
720575941560766579,720575940623672810,58817
720575941523379787,720575940644287524,61882
720575941496548731,720575940637101108,22404
720575941447809885,720575940626575562,551532
720575941394005910,720575940635700375,56813
720575941436363552,720575940627974404,185569
720575941466806870,720575940623240105,193215
720575941473107498,720575940615312490,542203
720575941443610794,720575940623465620,86907
720575941508598818,720575940627221764,150301
720575941671120295,720575940625486571,118046
720575941516795539,720575940631495951,85897
720575941506665089,720575940622956131,147630
720575941598491072,720575940614194599,550104
720575941564284470,720575940632344936,98621
720575941547957565,720575940622375894,116791
720575941606590573,720575940622960381,48222
720575941604760766,720575940626131237,109865
720575941524717389,720575940630151212,78812
720575941539388146,720575940610543150,122900
720575941512113873,720575940627019876,57657
720575941667986675,720575940614413106,64591
720575941513260025,720575940628621673,809550
720575941566769966,720575940622006625,31092
720575941554151066,720575940614284542,69274
720575941669454503,720575940626397258,159141
720575941551833223,720575940628294888,55688
720575941515889242,720575940657517441,71690
720575941702967770,720575940606523313,179306
720575941595809948,720575940632968760,813984
720575941427152980,720575940606839218,108043
720575941439238485,720575940624266936,192146
720575941632443589,720575940632447279,126641
720575941626653834,720575940605708972,170702
720575941564708242,720575940627718984,137822
720575941565634606,720575940634418021,530545
720575941687486959,720575940621817441,51796
720575941575701903,720575940637019255,120530
720575941626380652,720575940621606753,52332
720575941475558942,720575940634964984,149495
720575941461646291,720575940614245644,61728
720575941415138332,720575940622674397,62290
720575941487139334,720575940630590524,143318
720575941471506039,720575940638581993,71523
720575941690416859,720575940621420609,78387
720575941492904368,720575940614434479,57034
720575941539298253,720575940607384242,810351
720575941506697857,720575940638253028,140716
720575941503298108,720575940634828462,801613
720575941505010370,720575940640478269,103275
720575941476879169,720575940624261193,519026
720575941567108910,720575940626527314,94870
720575941555397796,720575940623806459,149265
720575941688387190,720575940623038135,146117
720575941536274113,720575940631477335,168836
720575941515954531,720575940620156326,516906
720575941547290548,720575940627632745,64876
720575941616304853,720575940644065047,74145
720575941611596265,720575940610854776,530826
720575941688508172,720575940622939317,116147
720575941637140597,720575940631878219,806362
720575941589614148,720575940625667216,514300
720575941538254029,720575940624837453,39798
720575941599355328,720575940619678006,85157
720575941508491024,720575940629880887,92764
720575941652151569,720575940609311586,133678
720575941670228913,720575940620135803,537733
720575941581980793,720575940658489473,551561
720575941542060124,720575940631547333,60243
720575941589197879,720575940633126983,14064
720575941453530793,720575940612862882,84617
720575941490317365,720575940645102359,132588
720575941474531387,720575940631132524,535436
720575941554482259,720575940605667458,39710
720575941435787052,720575940619625792,806582
720575941507125829,720575940630144323,53775
720575941479290959,720575940636527728,106450
720575941545008901,720575940623151137,581274
720575941563318070,720575940627883792,808168
720575941462157837,720575940634365364,71183
720575941487947984,720575940627950418,74937
720575941558599951,720575940622685398,124197
720575941511164882,720575940623475463,81081
720575941589958455,720575940625676012,809946
720575941610351337,720575940624381315,135285
720575941574389768,720575940629823643,84575
720575941553302555,720575940609534840,112900
720575941651128085,720575940614641202,61784
720575941573073161,720575940633883106,91247
720575941530066379,720575940620913243,146636
720575941610177382,720575940626453762,87627
720575941580382073,720575940620731608,904766
720575941555262035,720575940618430813,93869
720575941629316066,720575940624606537,121519
720575941564456704,720575940627122020,87871
720575941453703081,720575940628666255,531947
720575941560224750,720575940613401762,104369
720575941611099366,720575940629211191,50353
720575941600841257,720575940626947203,536348
720575941447783956,720575940618015266,223205
720575941503671383,720575940617416731,244477
720575941626152347,720575940629906060,532428
720575941514156620,720575940623018776,89127
720575941643769976,720575940629662482,42224
720575941406854447,720575940632804920,27983
720575941625971052,720575940637835230,152111
720575941596573829,720575940612077846,102057
720575941525627558,720575940628144978,145461
720575941486693517,720575940631434191,515619
720575941569804914,720575940611110468,207463
720575941641916517,720575940632791087,120515
720575941671429031,720575940612814578,206230
720575941524721741,720575940632148295,88258
720575941544252933,720575940612333425,87863
720575941478245250,720575940626844037,90953
720575941438651071,720575940621270042,821388
720575941565115655,720575940618927105,174477
720575941654111188,720575940639044942,75257
720575941669416871,720575940614996703,68456
720575941409041199,720575940622769697,128877
720575941479663779,720575940612338289,87711
720575941536555546,720575940622081516,67493
720575941499704738,720575940614385960,108076
720575941411887471,720575940621178444,41913
720575941565124918,720575940635416686,312712
720575941528675204,720575940617045019,54499
720575941545124788,720575940631018745,21856
720575941550485759,720575940632392263,119904
720575941558764782,720575940637706574,86409
720575941625618587,720575940632881868,48015
720575941506103205,720575940616836421,65370
720575941409738667,720575940627681850,152094
720575941431656879,720575940606643646,23014
720575941431263919,720575940623191073,43799
720575941449414581,720575940638456798,30062
720575941458597702,720575940614578174,99895
720575941509178640,720575940618408029,101388
720575941532971242,720575940628686695,810316
720575941546138300,720575940626194718,51747
720575941549711422,720575940623199821,815510
720575941508829218,720575940623620863,15260
720575941592855080,720575940629417728,903447
720575941527276621,720575940616059698,559480
720575941535848202,720575940613711254,112333
720575941669698993,720575940640384590,530317
720575941477368606,720575940617900123,18861
720575941439299551,720575940613685930,111885
720575941603449273,720575940637773278,244077
720575941643393185,720575940631275513,552236
720575941565904438,720575940644196808,107989
720575941461857235,720575940619486518,84436
720575941657242392,720575940627095378,81476
720575941434328352,720575940645656612,190689
720575941556298468,720575940624040206,30434
720575941644610424,720575940615131699,813851
720575941480481699,720575940612621235,106372
720575941547768456,720575940625972668,73577
720575941596670912,720575940616539990,568502
720575941404536944,720575940620191704,516690
720575941498196091,720575940632547615,137355
720575941556189011,720575940624239623,20420
720575941490146357,720575940625906190,237058
720575941519469495,720575940644751639,178554
720575941498648393,720575940616017382,65718
720575941535824321,720575940628389116,539584
720575941521928371,720575940620801729,176100
720575941470612800,720575940630767959,46287
720575941626110602,720575940624783091,42101
720575941576784209,720575940622747937,534332
720575941412004756,720575940617484248,820912
720575941610685002,720575940628779002,58110
720575941691018392,720575940627751430,177500
720575941453016371,720575940623320873,88145
720575941412536175,720575940639209917,546751
720575941687596150,720575940627783174,908496
720575941591200296,720575940638509939,66966
720575941563722642,720575940612127586,580762
720575941630369772,720575940627275645,76979
720575941657580112,720575940631528495,107838
720575941611720156,720575940615234410,87033
720575941493777584,720575940613321369,140500
720575941686801270,720575940625304764,78558
720575941529782987,720575940624193255,37738
720575941605834605,720575940623642904,100512
720575941578476889,720575940622892947,176837
720575941459944262,720575940617943323,181137
720575941404409712,720575940611877745,551920
720575941550101565,720575940637376869,544568
720575941459708486,720575940627401561,149551
720575941448986805,720575940621268907,45517
720575941439299413,720575940625672138,810790
720575941473288288,720575940621661377,210379
720575941563718663,720575940621659563,133348431
720575941440063167,720575940615482366,144337
720575941652756721,720575940615973771,33307
720575941603676089,720575940630798647,129366
720575941625786762,720575940620318680,156632
720575941467357206,720575940618851585,547099
720575941481665475,720575940626976180,35709
720575941562430727,720575940619865547,816870
720575941516069881,720575940617529233,74518
720575941529351044,720575940634908272,79471
720575941688548108,720575940639766131,179198
720575941554832026,720575940621469422,73820
720575941638717471,720575940614177320,54705
720575941436784940,720575940609774434,160818
720575941526067481,720575940626102567,815320
720575941459356831,720575940623306025,51341
720575941520956595,720575940631352591,519829
720575941585400710,720575940624097869,192569
720575941688058892,720575940622813418,54202
720575941435984160,720575940615029866,809402
720575941551183934,720575940627270738,130239
720575941475284510,720575940630238689,20790
720575941607438701,720575940619788865,184759
720575941438710060,720575940610423538,148347
720575941536277185,720575940631203659,121325
720575941514187340,720575940624018154,95134
720575941604028857,720575940613141746,56798
720575941651491857,720575940620295047,44356
720575941589863678,720575940606641538,27930
720575941514053841,720575940617260637,97739
720575941590387084,720575940629512186,911962
720575941525074765,720575940632075368,130895
720575941450445646,720575940621180097,43364
720575941533400498,720575940625425703,121164
720575941550126653,720575940637984478,96607
720575941506772759,720575940622186793,226658
720575941393208068,720575940620639653,25768
720575941662229560,720575940628972853,84300
720575941564631296,720575940610665445,142155
720575941539140557,720575940604660401,115205
720575941642569633,720575940616829481,812003
720575941436360492,720575940622644300,93512
720575941556645092,720575940617162457,81011
720575941393046276,720575940618751813,116965
720575941459251184,720575940625151420,185833
720575941537251048,720575940629006588,52541
720575941564319488,720575940654774689,150860
720575941553910500,720575940621055323,61202
720575941535649802,720575940622239265,164514
720575941508560734,720575940629751930,73170
720575941644761032,720575940633427426,108412
720575941491848396,720575940622943100,532363
720575941656327504,720575940626107005,811952
720575941633771963,720575940628445399,517724
720575941439156309,720575940646013294,23915
720575941415013524,720575940614818710,524194
720575941455929837,720575940626466864,231394
720575941461991181,720575940622182732,132465
720575941527438264,720575940631388231,53836
720575941413504404,720575940631353764,804708
720575941552172031,720575940613772753,157012
720575941510663696,720575940632642408,93071
720575941516084314,720575940617664373,47182
720575941438971483,720575940623636714,804663
720575941604074425,720575940632289327,127497
720575941544392380,720575940623623304,105262
720575941499194018,720575940610983082,543434
720575941562737576,720575940615780714,152435
720575941508458846,720575940624450035,15433
720575941591287948,720575940628522152,91516
720575941504462274,720575940621702644,946424
720575941459038192,720575940632121551,83972
720575941553788161,720575940615126934,59269
720575941507420545,720575940618970113,62499
720575941573856669,720575940613626009,126465
720575941492309374,720575940630021138,909027
720575941572888571,720575940646932100,71043
720575941544082949,720575940627157915,128578
720575941408819247,720575940612131503,71443
720575941619129471,720575940621226416,99168
720575941703186394,720575940645889844,909055
720575941439435487,720575940614897662,62886
720575941459923396,720575940633440813,353901
720575941508862558,720575940612303858,83212
720575941454579763,720575940614935859,511873
720575941414181012,720575940636839536,558840
720575941722926138,720575940637029744,101710
720575941527271193,720575940614996114,94145
720575941485181136,720575940606552422,122543
720575941454636013,720575940620802548,519066
720575941550144628,720575940624064295,25333
720575941618236543,720575940624318443,91196
720575941487196994,720575940609959726,527361
720575941722415418,720575940621296639,523358
720575941438754604,720575940627047912,28575
720575941437508181,720575940632303441,13970
720575941630492130,720575940633599071,51912
720575941643835553,720575940629476358,74844
720575941581948793,720575940647635076,218148
720575941544869225,720575940613640421,66412
720575941449402190,720575940621830669,47767
720575941503081815,720575940631482666,66949
720575941660739896,720575940649446777,114935
720575941627754022,720575940623891917,57723
720575941554097691,720575940630241676,147992
720575941572091464,720575940628881660,133478
720575941521355955,720575940626853680,41602
720575941484160954,720575940618094356,912502
720575941579985653,720575940617806475,93876
720575941473118506,720575940629868226,135189
720575941586999518,720575940609787256,44660
720575941574883997,720575940629132540,547345
720575941491275470,720575940629590531,90897
720575941578867793,720575940612478181,581252
720575941552959642,720575940642403291,87175
720575941644776568,720575940631399628,550800
720575941483076538,720575940612105690,40291
720575941633618363,720575940625523856,52361
720575941411590804,720575940611514282,30161
720575941534443352,720575940617786525,133066
720575941502867762,720575940622119382,115927
720575941471393291,720575940629188087,37951
720575941590077438,720575940627804136,73588
720575941532787331,720575940628807503,51354
720575941655476692,720575940619944513,807480
720575941632513004,720575940635005303,68658
720575941568974962,720575940627901864,57868
720575941436966700,720575940615481154,138436
720575941690462360,720575940621617391,96429
720575941411949679,720575940612910486,82358
720575941446539540,720575940604536934,143174
720575941479010211,720575940623592492,41371
720575941401098275,720575940640281653,50420
720575941595289713,720575940614750530,113218
720575941592828456,720575940649494137,801340
720575941391758742,720575940635380079,114377
720575941519487598,720575940624141508,95760
720575941508313182,720575940655210657,546315
720575941588547396,720575940617979865,126933
720575941519662040,720575940620167217,81175
720575941653564889,720575940627090002,125305
720575941638277151,720575940636940870,25709
720575941642546849,720575940627178841,183733
720575941450073722,720575940640441808,518984
720575941565424226,720575940627575573,67094
720575941490992693,720575940631945953,54978
720575941555558180,720575940618870113,813990
720575941506199365,720575940609084206,810458
720575941613004307,720575940632031372,167780
720575941565935511,720575940629359366,114332
720575941495512702,720575940628337137,549538
720575941602065593,720575940620967700,69645
720575941655907284,720575940627003847,44880
720575941594612775,720575940616785420,29681
720575941516587923,720575940640677795,514062
720575941545205428,720575940628778492,89681
720575941533356210,720575940617812692,77818
720575941459850054,720575940646537582,52497
720575941523404279,720575940621827181,546141
720575941628359462,720575940627422872,145290
720575941428326793,720575940645904931,100438
720575941576745305,720575940629746423,157837
720575941520346291,720575940602974688,15516
720575941669584551,720575940632670751,113332
720575941638884639,720575940615421382,90318
720575941535080897,720575940613477654,25248
720575941613730524,720575940624306155,580415
720575941439940815,720575940615524235,106747
720575941639108639,720575940622816519,159375
720575941612139437,720575940617109435,61089
720575941679728829,720575940630184234,34781
720575941612918803,720575940627924327,102534
720575941522771787,720575940632692124,812243
720575941625806444,720575940615848415,88710
720575941667891955,720575940615089494,11933
720575941644816504,720575940626665489,224051
720575941563015522,720575940614118440,542573
720575941574874013,720575940620032336,120897
720575941545781428,720575940630418257,64826
720575941687808239,720575940633748179,157527
720575941597055900,720575940621819980,106751
720575941514229763,720575940646092420,57112
720575941588204087,720575940621780997,141300
720575941447933204,720575940643311245,142582
720575941519432046,720575940650973174,808122
720575941539329941,720575940614613410,34378
720575941513299788,720575940630759755,806012
720575941560167981,720575940621094336,98150
720575941462085520,720575940652739062,553941
720575941632503020,720575940627284798,142229
720575941520311223,720575940620004129,56430
720575941539359986,720575940627498515,115179
720575941350354224,720575940620286558,811279
720575941565487767,720575940626444051,806967
720575941444111274,720575940622528951,134869
720575941491636430,720575940627246169,87930
720575941496620155,720575940619459126,192440
720575941501858699,720575940630221100,152508
720575941590540855,720575940609183427,99961
720575941501296267,720575940628550594,103537
720575941549617697,720575940632302919,49711
720575941525316098,720575940612780822,81322
720575941459174470,720575940646289955,122167
720575941569905778,720575940641169792,95580
720575941446181652,720575940616509494,165845
720575941486952966,720575940641724661,34594
720575941435392800,720575940628666103,126941
720575941652278033,720575940648635524,19010
720575941413487761,720575940628773675,79950
720575941564477335,720575940625169296,55326
720575941460687248,720575940628400400,127534
720575941514286289,720575940632722745,532565
720575941441298267,720575940626518334,96623
720575941611526889,720575940612439958,817052
720575941489607116,720575940621582830,59811
720575941479086210,720575940620608647,80425
720575941521220791,720575940632753223,553734
720575941552902298,720575940634421311,112328
720575941629301986,720575940630876111,60961
720575941452051783,720575940634790039,520933
720575941584601054,720575940648420473,89070
720575941615098777,720575940632923704,180576
720575941459259039,720575940629580304,43238
720575941392702212,720575940614954035,33376
720575941652554993,720575940616520258,95035
720575941484057229,720575940618626171,36606
720575941399317539,720575940630933816,812946
720575941596666816,720575940651959542,159490
720575941575145737,720575940632711784,518728
720575941493733246,720575940625897404,28974
720575941565981079,720575940624118453,532153
720575941624545691,720575940646938403,535216
720575941556514980,720575940622812287,911042
720575941599141056,720575940639132494,93441
720575941623800828,720575940617931547,141343
720575941473350954,720575940632164114,61650
720575941574959624,720575940639419344,541393
720575941554338131,720575940620453056,82208
720575941630296517,720575940629482362,120818
720575941496890441,720575940612208754,22001
720575941504330034,720575940610961506,149587
720575941470384907,720575940655155617,20760
720575941681182909,720575940631282247,64385
720575941589672247,720575940600547529,125003
720575941633009349,720575940638760307,25292
720575941476987422,720575940620663791,114128
720575941571962888,720575940622792423,18994
720575941503040194,720575940631044141,25838
720575941732677419,720575940623989642,96233
720575941538036978,720575940628622844,914537
720575941505707836,720575940619876150,81301
720575941630661346,720575940619927768,85490
720575941598460572,720575940640732112,542994
720575941467217942,720575940613378531,55179
720575941498702971,720575940628528188,35733
720575941514086243,720575940633528109,98394
720575941612448732,720575940622369718,819204
720575941562009490,720575940632900909,516496
720575941550919486,720575940612728342,118658
720575941471937088,720575940627715717,108252
720575941583759494,720575940633190169,72490
720575941441251791,720575940625354904,73583
720575941529876197,720575940619530944,808359
720575941612270182,720575940623587789,32074
720575941453195945,720575940624734512,805597
720575941503147714,720575940630015479,75159
720575941450625607,720575940632777017,813203
720575941466564694,720575940620283813,63399
720575941438756543,720575940616812342,811747
720575941504809637,720575940636520055,127667
720575941410166699,720575940637122357,552630
720575941458409200,720575940605334886,115797
720575941604321209,720575940622996762,167475
720575941610508646,720575940638000061,63002
720575941540338381,720575940610993362,519701
720575941651930097,720575940623183763,159221
720575941595759655,720575940610171234,537969
720575941414833692,720575940627161918,69095
720575941584151647,720575940647028515,178464
720575941480411846,720575940616224576,803525
720575941575290377,720575940627862549,86922
720575941523947595,720575940607334869,523973
720575941443134378,720575940632133516,77840
720575941491001909,720575940612326362,82412
720575941565921431,720575940625282232,149750
720575941566747190,720575940624108807,26374
720575941481535567,720575940615155119,39257
720575941537150450,720575940633604065,72251
720575941495537351,720575940620351691,903973
720575941563789992,720575940618720320,63569
720575941499422537,720575940617093533,84241
720575941490878261,720575940607853490,108994
720575941598565824,720575940618125115,89132
720575941435404942,720575940631416057,10043
720575941498757857,720575940608526601,61863
720575941451666601,720575940606077374,96208
720575941557815923,720575940633968045,36733
720575941537113832,720575940617677173,562969
720575941602800569,720575940634707807,57547
720575941603322809,720575940634124896,94635
720575941498073313,720575940626544210,811808
720575941451579049,720575940642723469,75832
720575941497602683,720575940628002822,62660
720575941496448635,720575940658276225,106967
720575941560262515,720575940621500864,97108
720575941548254497,720575940630234011,68421
720575941462042768,720575940628314668,64250
720575941507496005,720575940621869940,84190
720575941507103045,720575940633241952,147343
720575941572194057,720575940633539103,20704
720575941429791329,720575940623022285,71209
720575941558294308,720575940629430546,904321
720575941438146604,720575940632108306,94211
720575941592823510,720575940623485960,807726
720575941471405664,720575940636113844,151011
720575941525280678,720575940630736143,905633
720575941430791928,720575940639448784,54990
720575941626231178,720575940631367375,100693
720575941412398191,720575940641083600,85667
720575941513995354,720575940616897876,130649
720575941630141990,720575940628415943,142709
720575941551048447,720575940620678750,905308
720575941508493662,720575940624987175,22963
720575941640621599,720575940623294186,31233
720575941642686840,720575940624011278,527362
720575941514869571,720575940626510090,172173
720575941555059539,720575940627743816,58942
720575941431366648,720575940622511487,526937
720575941439050770,720575940628902396,201979
720575941585940614,720575940613151129,20894
720575941486036034,720575940635287962,128066
720575941644601464,720575940620673739,90278
720575941431479544,720575940614307434,73963
720575941584999646,720575940631349878,67735
720575941486118541,720575940619757515,39198
720575941571049374,720575940639600829,94661
720575941578029905,720575940623053764,72335
720575941536606474,720575940622138136,133077
720575941560833575,720575940614673058,31828
720575941482584774,720575940621635333,61607
720575941429401263,720575940630840567,68512
720575941575166985,720575940619642840,109202
720575941485020678,720575940641621979,141600
720575941519745496,720575940626870983,537400
720575941527973508,720575940622340393,67540
720575941581442143,720575940629088719,95988
720575941625028716,720575940618447238,805172
720575941571612168,720575940605841074,805040
720575941529361099,720575940649894521,96340
720575941552430727,720575940624611835,70768
720575941441776063,720575940655971489,26140
720575941586288006,720575940610755481,35715
720575941633257915,720575940607315145,513272
720575941549080353,720575940606786249,156006
720575941553855367,720575940624094183,542574
720575941653287385,720575940625336850,61664
720575941556091172,720575940621554390,522333
720575941565552791,720575940604725606,22209
720575941483687622,720575940627661711,114729
720575941540192637,720575940634746012,541998
720575941487186384,720575940609661963,123560
720575941587943236,720575940608633134,100914
720575941565484295,720575940630667308,181482
720575941482726851,720575940628493820,60558
720575941552239422,720575940616958498,808642
720575941566111542,720575940627476721,45686
720575941490196428,720575940618359441,175705
720575941467560982,720575940608707192,521679
720575941574659727,720575940621326430,71453
720575941564084487,720575940625776272,910550
720575941580319569,720575940607077762,140604
720575941589995575,720575940621470646,543309
720575941553642753,720575940633269971,96972
720575941652336657,720575940633262817,547906
720575941560578663,720575940643065032,792429427
720575941445339306,720575940627233435,546625
720575941550233917,720575940627073768,58435
720575941553617124,720575940623861798,168997
720575941448780878,720575940614274302,127221
720575941598006684,720575940631668511,817509
720575941483666374,720575940628889935,90539
720575941576410806,720575940635214693,102103
720575941491808743,720575940640306510,149353
720575941688301295,720575940622680790,91927
720575941626440091,720575940624664819,546209
720575941476147998,720575940621259107,812449
720575941554714625,720575940612228630,110084
720575941580181073,720575940631989967,143307
720575941539254514,720575940621415862,89476
720575941504482117,720575940636278379,819104
720575941594924581,720575940627941704,124540
720575941658415896,720575940639802685,806264
720575941507035938,720575940631204156,68724
720575941499917474,720575940614371986,127690
720575941610073958,720575940611920365,518721
720575941604728766,720575940617147321,41860
720575941626620524,720575940635162720,102426
720575941514966275,720575940634326264,59056
720575941474703402,720575940641252992,562532
720575941667870385,720575940626697758,544102
720575941544646249,720575940624994830,142053
720575941573106078,720575940647850804,176687
720575941591877516,720575940615102639,550972
720575941453112489,720575940628358226,175244
720575941508042846,720575940630713081,37941
720575941468001501,720575940653381878,77511
720575941555188378,720575940632958253,806684
720575941638641269,720575940634620314,40044
720575941538165885,720575940626648634,810250
720575941632448492,720575940630800891,218542
720575941533475928,720575940625652972,55371
720575941604201657,720575940635291071,514902
720575941430342241,720575940612119258,98153
720575941436521760,720575940612472243,34876
720575941596710336,720575940625766346,38947
720575941596687808,720575940621272609,44443
720575941533105586,720575940629338238,910761
720575941614317075,720575940621591477,26927
720575941462835344,720575940616734325,530583
720575941515940243,720575940625828752,16532
720575941624231626,720575940623629290,54839
720575941414660636,720575940628649488,49133
720575941518170028,720575940612052578,45899
720575941579855481,720575940630983767,106903
720575941441546175,720575940612097742,69429
720575941559512621,720575940641100021,172053
720575941491646156,720575940640204093,514732
720575941461951955,720575940618674205,95083
720575941498810491,720575940637072270,277695
720575941652884721,720575940628585728,536419
720575941609432237,720575940613518092,810341
720575941554208922,720575940617727069,116087
720575941438164703,720575940627194298,99277
720575941415866140,720575940623281591,47991
720575941535122922,720575940636945380,816038
720575941452264361,720575940618401605,24666
720575941549706612,720575940609366467,134202
720575941669657777,720575940636685198,122236
720575941691331224,720575940646464803,106094
720575941460395920,720575940626491024,539950
720575941517304979,720575940635941624,142774
720575941591484556,720575940644786228,168043
720575941491443404,720575940623225549,172000
720575941523248887,720575940626821513,65396
720575941588657732,720575940623304141,95345
720575941561466258,720575940605105696,812779
720575941414784540,720575940615215210,46117
720575941487965648,720575940636556174,57538
720575941515058323,720575940620023350,91863
720575941722614074,720575940641633499,30524
720575941453563187,720575940647685172,116899
720575941681460157,720575940638277978,69372
720575941477508126,720575940627176977,23514
720575941591821452,720575940618297816,152299
720575941549274401,720575940637186906,44890
720575941440909503,720575940632285199,68581
720575941455107379,720575940621975320,121056
720575941459213727,720575940622063969,147004
720575941523863883,720575940604891680,177043
720575941684992751,720575940625336307,197203
720575941508631586,720575940615219050,109817
720575941530744037,720575940624310013,143641
720575941520950199,720575940640365621,128671
720575941547036808,720575940620139467,49783
720575941439450175,720575940646606388,120564
720575941412953492,720575940614077491,131334
720575941576567400,720575940631635271,805399
720575941519098478,720575940608057730,93727
720575941533712138,720575940616905019,28793
720575941458712735,720575940606199218,60100
720575941519384759,720575940647336068,89790
720575941567654388,720575940623214616,52632
720575941414228628,720575940625448968,90112
720575941535330314,720575940624972988,512844
720575941668362673,720575940617682006,192084
720575941655457492,720575940625937797,134265
720575941535722762,720575940627181854,32326
720575941391537668,720575940631658380,66787
720575941653006548,720575940621886448,10878
720575941412685201,720575940615991362,58507
720575941525435650,720575940616970836,108237
720575941456509933,720575940623328392,128316
720575941426661460,720575940613637782,57542
720575941653626129,720575940612613551,151395
720575941462555917,720575940621095789,519489
720575941490739509,720575940648594308,532726
720575941630819298,720575940633001553,33154
720575941563206400,720575940628704316,810287
720575941655351257,720575940618679872,72290
720575941620256895,720575940631727391,105935
720575941567303930,720575940628246504,60897
720575941733131051,720575940610123989,536327
720575941491800780,720575940631034711,75895
720575941566970670,720575940635600247,111978
720575941459672275,720575940629935107,40549
720575941627677990,720575940630426967,52654
720575941537056483,720575940622897178,211789
720575941537969128,720575940624849044,18898
720575941463102864,720575940624013239,35802
720575941610488294,720575940632382539,76947
720575941595571313,720575940636066661,75200
720575941430856585,720575940622715094,37831
720575941572148040,720575940628915755,106512
720575941538236541,720575940618901553,139866
720575941667561971,720575940624915230,1050186736
720575941686831087,720575940647006516,807299
720575941504710053,720575940629230342,62049
720575941650088177,720575940606197193,815020
720575941492039143,720575940609633230,86213
720575941526384294,720575940627426050,121210
720575941438893887,720575940618694827,79932
720575941519147118,720575940619779444,531383
720575941450462586,720575940623640600,44582
720575941489918695,720575940629623004,104899
720575941449447861,720575940632317009,809340
720575941542625628,720575940636553306,175807
720575941626147466,720575940621432926,539302
720575941574912438,720575940604636789,119622
720575941538718706,720575940623083046,805752
720575941441936731,720575940614743858,527505
720575941592114027,720575940628301564,78148
720575941489314613,720575940625340945,806553
720575941505592901,720575940606617557,1050441863
720575941482710714,720575940625289545,814441
720575941411468459,720575940630079685,137152
720575941455333869,720575940622591709,38277
720575941448021173,720575940632991815,93390
720575941438798421,720575940633023970,113346
720575941598218652,720575940610938586,111471
720575941545142361,720575940621506857,149061
720575941500233378,720575940625928464,123632
720575941430589103,720575940627983207,92522
720575941552730907,720575940621507568,96676
720575941439687515,720575940626566931,518209
720575941464924694,720575940627932303,803772
720575941642371704,720575940614254130,102696
720575941471245579,720575940636278414,542134
720575941643456417,720575940623271423,114772
720575941431370415,720575940622951181,141763
720575941548474941,720575940637744094,62080
720575941631917472,720575940616475393,93401
720575941518440814,720575940626399588,803355
720575941552291719,720575940608157963,78497
720575941429444600,720575940615213983,90336
720575941652392209,720575940639720782,121319
720575941450100317,720575940632776396,42489
720575941500092043,720575940620649084,63010
720575941563453864,720575940621227173,111695
720575941505756695,720575940614388717,26737
720575941598314025,720575940624253991,137347
720575941587841860,720575940626605949,248552
720575941552180223,720575940605475262,213941
720575941474895402,720575940633612258,803794
720575941565235554,720575940618153913,54881
720575941547666100,720575940624561445,51290
720575941589682686,720575940638903871,188042
720575941440950107,720575940614573674,174862
720575941525592834,720575940643245335,146649
720575941411391659,720575940614780723,63962
720575941439099199,720575940617841881,81795
720575941513949274,720575940609601486,134207
720575941533114712,720575940629211960,46297
720575941468950592,720575940626846360,815165
720575941574439862,720575940608975883,33516
720575941502379095,720575940653737889,60350
720575941511945682,720575940621238036,109736
720575941580231249,720575940620700038,89779
720575941528141990,720575940622030806,909053
720575941603608310,720575940604700006,807116
720575941615573145,720575940632655955,124070
720575941457062640,720575940633762841,54948
720575941485249677,720575940622805798,175174
720575941610155497,720575940628459029,101820
720575941511895250,720575940624357355,163992
720575941510044882,720575940641909300,54639
720575941530041547,720575940630731973,70015
720575941645521528,720575940620733376,159499
720575941525851394,720575940621614118,821201
720575941520742583,720575940614789819,102370
720575941573120265,720575940619868795,127687
720575941567642414,720575940620636656,66373
720575941508332560,720575940614655538,556461
720575941507064901,720575940620443519,72858
720575941433485710,720575940639406525,112036
720575941556253988,720575940627010300,218843
720575941402227568,720575940613139679,38468
720575941625319067,720575940621680481,79880
720575941477201438,720575940622772001,112204
720575941513882321,720575940613439230,131688
720575941542756381,720575940623681321,63041
720575941513774691,720575940638729542,103527
720575941553550471,720575940605902438,153467
720575941615864533,720575940631433027,128117
720575941662639928,720575940636113765,91189
720575941438434322,720575940611213810,806162
720575941547795336,720575940627895056,816236
720575941581880441,720575940607912917,19307
720575941625952108,720575940626237317,550963
720575941586241670,720575940617117140,79715
720575941579841781,720575940645150852,812420
720575941491178697,720575940622610764,134755
720575941553728371,720575940635592032,71055
720575941568219182,720575940631810872,111435
720575941521723895,720575940616627980,173239
720575941476731242,720575940616124253,153751
720575941532203237,720575940638522334,151425
720575941460267078,720575940626416016,527379
720575941584854662,720575940611419414,804287
720575941545027764,720575940637898072,43928
720575941455099699,720575940621226661,78489
720575941524771661,720575940627594329,74559
720575941476032321,720575940622702576,132323
720575941564802151,720575940605810208,59395
720575941633210309,720575940631263606,129219
720575941485371021,720575940622016169,805328
720575941595160534,720575940617812893,58388
720575941524721410,720575940617831508,550939
720575941555599361,720575940637407088,211844
720575941538716621,720575940634346592,86263
720575941441190491,720575940606876873,109704
720575941494295934,720575940619513905,92143
720575941644776609,720575940616902086,92823
720575941393471382,720575940630962396,113944
720575941563459591,720575940636539896,133845
720575941565933358,720575940610221507,187485
720575941645061320,720575940622994970,514637
720575941479934944,720575940644122990,73559
720575941654450644,720575940633737133,99009
720575941532424170,720575940644648244,511817
720575941502252939,720575940611716325,40509
720575941723531834,720575940628589640,517923
720575941516227587,720575940660658817,52207
720575941613972700,720575940660868737,106571
720575941515928931,720575940609709892,205033
720575941416758044,720575940631633208,126662
720575941611457098,720575940639630325,64528
720575941537005850,720575940641605851,192067
720575941499987874,720575940620159070,39308
720575941631769248,720575940616484981,114614
720575941668462067,720575940627380679,20895
720575941457015021,720575940619996888,550374
720575941520177847,720575940636339563,34763
720575941431440087,720575940611453041,808627
720575941476802154,720575940639349045,37928
720575941653027313,720575940616663564,191338
720575941486156294,720575940629166391,79513
720575941574972667,720575940626351256,815189
720575941584379102,720575940629986295,79162
720575941518065880,720575940623272380,49306
720575941480930723,720575940621816333,531367
720575941464056589,720575940631733263,98266
720575941518457260,720575940624811755,119409
720575941533629272,720575940629327486,133675
720575941577912409,720575940624503020,63374
720575941603247033,720575940626494663,104846
720575941539359381,720575940636428389,55112
720575941594546727,720575940635419237,59601
720575941583665630,720575940628152475,102674
720575941655306713,720575940615900358,72455
720575941661452344,720575940633612492,76948
720575941645304993,720575940620532171,153684
720575941549396257,720575940639647651,113290
720575941632427168,720575940643251236,85578
720575941622877692,720575940620050047,124710
720575941572094110,720575940627339346,191276
720575941633771707,720575940608442633,581074
720575941580234997,720575940622728669,138342
720575941504437669,720575940630255447,128870
720575941626332315,720575940619941080,96679
720575941589004343,720575940610594766,820068
720575941645506168,720575940626804120,29832
720575941490414389,720575940627206537,17897
720575941496678272,720575940619932404,811917
720575941478748266,720575940627855463,541958
720575941411898004,720575940622606179,77120
720575941566067351,720575940622375606,206486
720575941483217850,720575940619936933,90049
720575941583817311,720575940624566456,135859
720575941453103667,720575940626981962,81317
720575941610499558,720575940620231094,62797
720575941572788987,720575940626005287,172528
720575941543569257,720575940622518749,910031
720575941431252750,720575940633303648,129721
720575941507274263,720575940626158364,97999
720575941508824098,720575940625084348,524496
720575941512205265,720575940636300901,139164
720575941494177918,720575940646163235,556079
720575941611616988,720575940633235551,135405
720575941506268766,720575940612916114,47464
720575941538705045,720575940630237696,50336
720575941624272330,720575940632388895,92938
720575941655224793,720575940620128282,28293
720575941566275374,720575940635742063,164566
720575941514017356,720575940615538855,807207
720575941491555760,720575940621985520,135102
720575941554053767,720575940626892581,75061
720575941569882226,720575940622195382,544293
720575941562915218,720575940618796352,104379
720575941513087564,720575940644733988,806082
720575941528796875,720575940622897917,151641
720575941406848430,720575940603860000,81972
720575941688039436,720575940633590117,61194
720575941480243074,720575940617870593,64863
720575941518548184,720575940646997812,158429
720575941558652175,720575940627986821,135028
720575941535615978,720575940629215131,170748
720575941498426018,720575940636826743,194271
720575941535675402,720575940631127082,42706
720575941449919069,720575940628102056,209332
720575941404865904,720575940625005831,41227
720575941449740213,720575940633094495,910196
720575941595829873,720575940624947125,92649
720575941477266974,720575940625004873,52013
720575941490114791,720575940636474286,119686
720575941653938649,720575940621728214,150633
720575941520979123,720575940610219237,805982
720575941577751541,720575940629532794,122251
720575941572947464,720575940632452626,105117
720575941511485906,720575940629192747,106556
720575941575231645,720575940629341851,174953
720575941550584948,720575940646323310,512683
720575941603589566,720575940621420660,1050693172
720575941617789653,720575940636274522,25522
720575941600415529,720575940622108449,534503
720575941536123368,720575940612960661,110068
720575941460208851,720575940617755025,910961
720575941552368282,720575940635613079,61080
720575941604172217,720575940618469445,524888
720575941668315379,720575940639736272,16937
720575941571525790,720575940622078249,86553
720575941479210947,720575940616164213,906557
720575941411667883,720575940635565943,212493
720575941631403490,720575940623784205,203572
720575941470065373,720575940633716947,436049
720575941503489515,720575940617950865,166953
720575941440106325,720575940632373535,139614
720575941550146932,720575940615911380,139266
720575941440520143,720575940617570358,93107
720575941482160058,720575940607816649,140225
720575941440581717,720575940614761709,188262
720575941610103529,720575940631327739,40548
720575941521949003,720575940625207019,125469
720575941480997795,720575940610979938,55927
720575941554795236,720575940623979302,106894
720575941492384894,720575940625340435,806415
720575941551175742,720575940628728172,810150
720575941584636294,720575940613431062,94257
720575941477200670,720575940606595686,51610
720575941560777843,720575940614496735,145868
720575941598646172,720575940615551378,53406
720575941476842545,720575940635574106,50922
720575941431166679,720575940619751872,805694
720575941553698587,720575940637120357,87849
720575941437842194,720575940626510211,79777
720575941523196235,720575940637637208,809088
720575941479555663,720575940638722549,115966
720575941586261214,720575940629493199,127419
720575941431223983,720575940624125626,138162
720575941721743162,720575940627330386,78252
720575941445208340,720575940624313641,940392
720575941625411210,720575940624489707,160909
720575941552876862,720575940632733792,58073
720575941546076777,720575940616758484,100282
720575941514490723,720575940633667923,110268
720575941444723882,720575940620152405,194482
720575941599343401,720575940626993427,50600
720575941624722331,720575940625371024,161246
720575941516719507,720575940627354562,515145
720575941584909190,720575940626347848,69315
720575941488835785,720575940636902767,91555
720575941609625674,720575940631741613,816333
720575941538965709,720575940627000665,198672
720575941393344004,720575940646079511,943181
720575941526611110,720575940612298536,67231
720575941433993248,720575940626086158,58102
720575941601181993,720575940620637867,81691
720575941558718958,720575940607987378,130251
720575941555300097,720575940614923314,108129
720575941624427516,720575940622711721,31024
720575941533404760,720575940616575500,88324
720575941557481124,720575940618144596,74341
720575941588581700,720575940624346185,99704
720575941429439480,720575940612249442,136644
720575941657072208,720575940619010117,526895
720575941732112683,720575940614291980,19974
720575941587259204,720575940618380081,51840
720575941537796850,720575940635171947,73780
720575941435337760,720575940623851302,134553
720575941604793534,720575940621294768,133572
720575941611736166,720575940626232862,76189
720575941482414278,720575940621341405,81826
720575941431677615,720575940607268530,37957
720575941504461372,720575940612687346,74994
720575941607717997,720575940638770493,28317
720575941527439129,720575940629424939,63126
720575941663490940,720575940638573171,814584
720575941529852856,720575940611059609,67671
720575941703495898,720575940628721992,214236
720575941619615871,720575940621335005,41599
720575941578547545,720575940628515331,50576
720575941579472629,720575940624416403,42947
720575941576667318,720575940635917935,201597
720575941545067964,720575940660224385,821186
720575941579489781,720575940630134775,522314
720575941509209042,720575940641860853,210009
720575941457382896,720575940634526560,804858
720575941529484216,720575940619562968,33351
720575941459022064,720575940614928234,53654
720575941636488565,720575940630660951,808010
720575941411379115,720575940616019818,73859
720575941514837347,720575940613929670,157134
720575941499809954,720575940628659912,40329
720575941477401652,720575940623012613,158109
720575941511416530,720575940616826001,15905
720575941504778775,720575940614235117,63720
720575941404982896,720575940631075548,62122
720575941540654285,720575940629845352,551232
720575941546527112,720575940627693906,134002
720575941519048664,720575940623224200,141255
720575941567841780,720575940639213631,96821
720575941591777643,720575940630431532,129660
720575941496578432,720575940636834446,108194
720575941536109578,720575940622987007,168373
720575941482049277,720575940617427897,94098
720575941650047765,720575940628456250,130475
720575941494255303,720575940625430280,77891
720575941497218171,720575940628063504,83701
720575941498806497,720575940632410639,85132
720575941575595919,720575940635953343,41150
720575941593051944,720575940617703609,144640
720575941598369728,720575940618689088,62168
720575941407701678,720575940621251818,33505
720575941680607421,720575940625968935,93530
720575941479251535,720575940612723314,91622
720575941722869562,720575940620564673,808192
720575941643925861,720575940630769790,82898
720575941703117530,720575940616812859,905242
720575941581724025,720575940642439669,114402
720575941553935495,720575940623502605,146459
720575941406474031,720575940651145857,57595
720575941469486557,720575940640531032,78158
720575941394059670,720575940646988340,110549
720575941556786340,720575940623074598,127744
720575941521724919,720575940624646069,75548
720575941603354046,720575940620613717,124627
720575941481134243,720575940615217302,180849
720575941525674918,720575940626953597,22330
720575941433179150,720575940631393495,69089
720575941458486854,720575940611324792,64419
720575941624717052,720575940625343821,85190
720575941392307204,720575940619495547,77581
720575941586680454,720575940613945128,92037
720575941575957647,720575940630189532,66032
720575941686654988,720575940628350538,130976
720575941604165561,720575940616051654,115473
720575941633503685,720575940640180083,526870
720575941564607074,720575940631687471,25183
720575941603904190,720575940616077173,808219
720575941391961238,720575940623562534,811006
720575941549504061,720575940622160961,74956
720575941486552386,720575940630474511,84513
720575941521507507,720575940613751186,126052
720575941434522912,720575940625575592,804916
720575941642867064,720575940610288452,517498
720575941436692031,720575940623460872,800766
720575941525124708,720575940627653419,109094
720575941598137536,720575940636206328,160672
720575941519295960,720575940650284534,910503
720575941564151303,720575940611726819,524033
720575941450235214,720575940609759171,143734
720575941460539792,720575940629522302,131068
720575941668330995,720575940638415731,542781
720575941545144681,720575940607898204,62170
720575941595081430,720575940625821017,42734
720575941623619068,720575940621079381,48480
720575941611077450,720575940638091839,812837
720575941656304976,720575940628586551,61264
720575941508593168,720575940620558154,50571
720575941631715259,720575940630698703,571334
720575941529113988,720575940635046574,108446
720575941534971114,720575940618861878,109584
720575941589972364,720575940618170653,548798
720575941594556711,720575940622746150,27005
720575941572712861,720575940628694121,55677
720575941628304166,720575940617557972,115984
720575941576477273,720575940629972418,59471
720575941439137877,720575940630946245,119214
720575941495009664,720575940616421307,59594
720575941556621540,720575940618752848,157359
720575941640981023,720575940646640675,148241
720575941400178979,720575940630528215,84930
720575941473051744,720575940621168037,109785
720575941476236852,720575940633511575,171244
720575941535513578,720575940617166166,67952
720575941553294849,720575940627232954,87588
720575941596131953,720575940631641508,553454
720575941448686414,720575940639837373,135865
720575941488413134,720575940624352318,905237
720575941521942007,720575940607360713,29855
720575941613524377,720575940622593663,129833
720575941576469430,720575940628018691,61458
720575941628426978,720575940630728556,51806
720575941467059222,720575940625286664,21378
720575941594617895,720575940625084291,520659
720575941550491252,720575940637974896,31532
720575941544860092,720575940623535398,88832
720575941529140664,720575940616041913,70312
720575941669245095,720575940629807042,174871
720575941527000578,720575940632384737,38864
720575941611829990,720575940611108676,14274
720575941568796410,720575940622878719,46026
720575941625796251,720575940612335090,77263
720575941440857941,720575940631543158,513866
720575941565435958,720575940611032530,151463
720575941652482837,720575940629743738,31230
720575941501696907,720575940639374707,66231
720575941574448635,720575940621380646,808307
720575941575000841,720575940641665933,104958
720575941477189918,720575940622100009,140644
720575941573066249,720575940627254116,99115
720575941723490362,720575940634213532,553925
720575941655599060,720575940633183884,529411
720575941547974689,720575940612819891,110609
720575941481374031,720575940619169414,152238
720575941572060318,720575940609429717,161394
720575941480804806,720575940620740432,168855
720575941640408863,720575940632742713,123838
720575941663737468,720575940652408310,214831
720575941449977722,720575940631816389,130770
720575941441618523,720575940652593398,812948
720575941511218130,720575940630286639,111652
720575941478969568,720575940622529939,905915
720575941722972730,720575940630025175,68847
720575941511550418,720575940630450935,100244
720575941495372414,720575940613176239,213259
720575941515959811,720575940604708832,532124
720575941579099481,720575940641497563,573299
720575941417049884,720575940631890975,119975
720575941626243978,720575940629130039,818975
720575941461639891,720575940613843826,522779
720575941495336062,720575940620164262,513870
720575941658942744,720575940607622834,96122
720575941669229489,720575940632629352,101339
720575941517776600,720575940633573089,58902
720575941639167861,720575940621420097,43674
720575941579426385,720575940622825942,62529
720575941561951277,720575940637460069,93057
720575941427559252,720575940618131515,57614
720575941448159837,720575940624131050,120418
720575941542749020,720575940620628417,539275
720575941504748226,720575940623523720,141053
720575941412938388,720575940620321825,119653
720575941574285307,720575940639043637,47117
720575941507362177,720575940615270545,185978
720575941412053359,720575940621175472,107852
720575941489452341,720575940621332406,805116
720575941353395760,720575940626537603,18945
720575941526095782,720575940644084503,40298
720575941392392196,720575940637330921,83922
720575941534986418,720575940638623165,909255
720575941589348606,720575940633687950,57525
720575941534420312,720575940622857447,120513
720575941479887267,720575940640912291,808631
720575941610650029,720575940632100683,58165
720575941643057864,720575940621065677,50891
720575941504004331,720575940613246322,118894
720575941555774209,720575940622752181,64083
720575941491665584,720575940642552736,92862
720575941431475337,720575940632243218,112501
720575941521865139,720575940615579042,72571
720575941575823286,720575940622832734,130652
720575941545490793,720575940611362002,40382
720575941539560434,720575940620792923,195607
720575941552589595,720575940620991329,146032
720575941578935541,720575940611849178,209688
720575941505185701,720575940632161311,904537
720575941503208642,720575940607180041,69043
720575941687523311,720575940650751873,17406
720575941563661202,720575940637165028,943251
720575941547807624,720575940626620464,183475
720575941552435847,720575940637942837,133735
720575941526109606,720575940629417259,127706
720575941409011503,720575940626742168,149376
720575941572010504,720575940637297271,154824
720575941651557141,720575940633805978,98893
720575941610642662,720575940625865008,61608
720575941554302948,720575940641026267,78976
720575941652633561,720575940603942334,58565
720575941436828690,720575940606093490,533151
720575941639527797,720575940618128129,89317
720575941596530289,720575940625644046,50523
720575941618527871,720575940621362241,50986
720575941566156342,720575940637712094,534069
720575941555994020,720575940629057040,22724
720575941447596366,720575940606266801,533925
720575941545471593,720575940627974043,810241
720575941633298629,720575940633780194,74314
720575941514536707,720575940619691840,131312
720575941448628302,720575940615940550,131111
720575941533576835,720575940608949187,550975
720575941663203196,720575940622129780,80042
720575941484535874,720575940644422816,125376
720575941471434103,720575940642875533,101756
720575941474256224,720575940634326172,814844
720575941503760578,720575940619960478,36330
720575941513869265,720575940621241293,57325
720575941588988484,720575940626555492,186254
720575941430266505,720575940629196670,29331
720575941613613276,720575940618871197,192036
720575941590451767,720575940607950770,84715
720575941623131388,720575940630108571,73258
720575941577042769,720575940638642547,804664
720575941564145298,720575940623132612,108915
720575941589397572,720575940626665146,537185
720575941399992355,720575940628713732,104878
720575941611236073,720575940625130219,108137
720575941467042070,720575940624293564,59600
720575941571537659,720575940620698904,810915
720575941525386340,720575940633116095,550707
720575941585258118,720575940615021930,66218
720575941498250209,720575940618867888,77801
720575941570676552,720575940627465032,803773
720575941436314400,720575940643031240,91561
720575941659617104,720575940626380388,473440077
720575941624281243,720575940618206021,115453
720575941446087700,720575940630368732,126132
720575941484660621,720575940606395266,142912
720575941502773995,720575940621173025,580407
720575941631419077,720575940625124587,27762
720575941532134787,720575940621324564,93622
720575941564813063,720575940618663488,168015
720575941404873328,720575940627218506,138877
720575941638531701,720575940627704488,131370
720575941450332597,720575940631407301,99777
720575941476141342,720575940624008777,821504
720575941624210028,720575940633789154,151656
720575941559525933,720575940611000014,75218
720575941544686012,720575940613465750,51443
720575941432138593,720575940624594320,114066
720575941651408149,720575940626017357,513318
720575941514344780,720575940627302074,89500
720575941393815702,720575940637197936,93069
720575941540414925,720575940614940670,75778
720575941732870187,720575940627272600,30431
720575941627507257,720575940661268865,117238
720575941437021484,720575940615524806,99118
720575941499560098,720575940625527228,87194
720575941505657916,720575940614801458,121954
720575941554440987,720575940620625880,143635
720575941560391283,720575940627235594,803515
720575941631676642,720575940635232119,818942
720575941599293993,720575940624821995,131057
720575941479369123,720575940608978524,537927
720575941660922236,720575940620740078,920231
720575941504233047,720575940623436531,805232
720575941505120562,720575940619794598,79998
720575941535129114,720575940626502756,122734
720575941393564310,720575940608341443,79967
720575941482643398,720575940624289205,109061
720575941542458972,720575940627483413,72433
720575941614028563,720575940626947271,104218
720575941477366833,720575940624456340,50120
720575941530123960,720575940620934638,23318
720575941414838417,720575940615565398,21773
720575941414047121,720575940620079600,15691
720575941567762170,720575940630885071,103634
720575941410417579,720575940619996598,515798
720575941564702464,720575940632998114,417195
720575941613202140,720575940633092167,127514
720575941472427579,720575940609289284,906431
720575941563604743,720575940610814414,80307
720575941501770635,720575940635607438,40607
720575941575021725,720575940621228108,544576
720575941521900467,720575940624896491,56933
720575941444437930,720575940610500547,55116
720575941593183528,720575940614100655,535627
720575941517695660,720575940633452115,552210
720575941602479545,720575940627402058,521463
720575941575253149,720575940619517062,536035
720575941526276262,720575940617536212,156393
720575941584178015,720575940640303779,201319
720575941471235680,720575940634949274,812568
720575941477836340,720575940633772845,289085
720575941514909763,720575940635817370,157008
720575941596916672,720575940626312997,87616
720575941482738618,720575940637005390,36609
720575941515688771,720575940616404191,18064
720575941615483033,720575940622190550,28597
720575941654617049,720575940636851824,174181
720575941486620422,720575940625755413,812596
720575941551180350,720575940617444070,87477
720575941595739431,720575940626913794,534161
720575941413466516,720575940631109151,814901
720575941516280579,720575940639034596,287954
720575941462297232,720575940616292497,164209
720575941668628211,720575940633718099,534581
720575941352782384,720575940619258176,97942
720575941352743472,720575940632827496,815429
720575941477497312,720575940605062334,813894
720575941576959577,720575940623451829,118171
720575941575195912,720575940644877604,251769
720575941443217578,720575940635637951,129806
720575941554424548,720575940610765380,68994
720575941643936357,720575940609490371,44120
720575941688507148,720575940644598324,810616
720575941686155759,720575940620608853,147633
720575941572604232,720575940625164327,804922
720575941460072147,720575940632059673,174567
720575941391516420,720575940626564964,91414
720575941662418488,720575940628176915,547661
720575941614637331,720575940630587964,93399
720575941512479953,720575940614811699,152718
720575941453585833,720575940621968929,93367
720575941519389356,720575940618975726,71694
720575941516302691,720575940638251098,95173
720575941564849671,720575940627471887,50455
720575941504844453,720575940626564426,50619
720575941508455696,720575940618844726,139461
720575941627904806,720575940627409480,139842
720575941428063060,720575940620001334,23873
720575941566176857,720575940636070392,164516
720575941516674520,720575940619302640,811757
720575941588732996,720575940661216897,77173
720575941575731343,720575940627004682,61238
720575941494874567,720575940626154183,153256
720575941599700521,720575940632392877,68707
720575941535826186,720575940629495803,532695
720575941502706626,720575940616920347,105574
720575941593466920,720575940632982559,544846
720575941432864270,720575940622825204,76485
720575941597916864,720575940631216682,163808
720575941658616912,720575940616695835,97784
720575941687975643,720575940625033998,79301
720575941503774699,720575940627620881,109189
720575941585466334,720575940624856762,519320
720575941563917927,720575940638636533,818236
720575941524140621,720575940639839733,907759
720575941630053158,720575940606539040,79509
720575941546769588,720575940617608633,62044
720575941552772123,720575940631441745,523942
720575941438449452,720575940635242126,181798
720575941476768561,720575940622946282,61566
720575941486470722,720575940625239816,204362
720575941538696061,720575940606144544,126176
720575941477411636,720575940631725561,111808
720575941480394882,720575940633791277,529599
720575941475114270,720575940608887235,814464
720575941563832978,720575940613014898,58034
720575941513527372,720575940616329266,66277
720575941722861626,720575940617668662,46958
720575941588843063,720575940627014808,22614
720575941615807641,720575940630623094,189283
720575941565914983,720575940617259893,80603
720575941457449200,720575940650339449,143793
720575941565896599,720575940627095326,86682
720575941472021515,720575940610200021,524571
720575941479763279,720575940608337794,152070
720575941524606029,720575940617630001,20317
720575941407056558,720575940613051571,809784
720575941526737741,720575940660042369,38085
720575941578691673,720575940617626580,161606
720575941703410650,720575940615281862,14785
720575941588878647,720575940605491302,69758
720575941433290254,720575940618277681,106966
720575941630688197,720575940640760179,16598
720575941401477667,720575940627241097,82989
720575941471705463,720575940627667880,106660
720575941593923461,720575940659789441,31189
720575941581310841,720575940615628486,108454
720575941534237450,720575940611964053,88129
720575941438875359,720575940617713206,145324
720575941643853768,720575940625946894,168280
720575941552203930,720575940641325813,168553
720575941607408749,720575940617726137,105374
720575941544409788,720575940631741229,99380
720575941469597195,720575940619948854,169450
720575941497107072,720575940624533396,114294
720575941437968684,720575940624929789,133624
720575941568180014,720575940614448424,34435
720575941660951352,720575940638726717,137794
720575941458969414,720575940630340664,817364
720575941573914107,720575940632434221,60438
720575941623369610,720575940644156695,46497
720575941529295051,720575940628777800,139395
720575941544262505,720575940630121078,809736
720575941650559985,720575940609470659,56007
720575941412532335,720575940631575314,525203
720575941489414857,720575940639604558,58926
720575941460185744,720575940631792184,106885
720575941526763545,720575940625161230,31623
720575941434149920,720575940615419019,31969
720575941534285034,720575940618846228,11304
720575941517626734,720575940631291666,512001
720575941517258968,720575940631858499,106912
720575941576735833,720575940605934112,105231
720575941466541654,720575940614952635,98365
720575941659324496,720575940615094678,543251
720575941542119965,720575940633401199,513842
720575941603194102,720575940637820846,32276
720575941486534210,720575940642934157,551514
720575941506854167,720575940616185205,144494
720575941522505547,720575940620585094,500187
720575941611288294,720575940623910349,75018
720575941479729059,720575940606459266,78008
720575941521882291,720575940638349796,534450
720575941436736300,720575940622605320,153527
720575941645259464,720575940612144047,820451
720575941563460450,720575940611602090,56244
720575941531696357,720575940628961644,152959
720575941513419852,720575940622334844,202223
720575941476833332,720575940634221025,99181
720575941351524144,720575940636498862,64634
720575941432051214,720575940605844512,812461
720575941594494757,720575940627008531,29926
720575941535606616,720575940609515275,129999
720575941536082147,720575940622616670,113940
720575941565264023,720575940607351986,125553
720575941432855767,720575940624639561,149065
720575941476822122,720575940635390350,142759
720575941589078084,720575940634053345,126054
720575941554028698,720575940605390764,48071
720575941689928344,720575940622568944,808318
720575941539173069,720575940618252445,51296
720575941504524226,720575940627604327,154738
720575941532002533,720575940627730206,807688
720575941489385781,720575940636861406,811714
720575941433764238,720575940642975524,74067
720575941611314762,720575940632867042,127377
720575941607427949,720575940621056109,523872
720575941548627848,720575940606034121,822975
720575941454869741,720575940620693953,194259
720575941497000315,720575940642250997,40667
720575941392382724,720575940627346186,102229
720575941454064109,720575940610499523,813539
720575941456145389,720575940637959539,22359
720575941448996021,720575940624682428,70480
720575941450174330,720575940608945163,85828
720575941438594834,720575940610978929,43539
720575941533556099,720575940630009872,98284
720575941561763373,720575940624274685,814496
720575941598752924,720575940613843119,109442
720575941515805539,720575940636610270,43250
720575941518466483,720575940627856186,807130
720575941480094403,720575940627936784,50427
720575941477550385,720575940627510282,84312
720575941448223252,720575940639224804,531922
720575941580590837,720575940632347022,107536
720575941581456249,720575940629553487,580061
720575941528127398,720575940631155852,138025
720575941535717610,720575940629547894,518043
720575941540242268,720575940610757859,909318
720575941600987945,720575940618443166,66298
720575941437265682,720575940634797679,140689
720575941643571656,720575940627887891,110162
720575941574765494,720575940625635052,138426
720575941609097034,720575940627235134,114911
720575941509270738,720575940607046786,534085
720575941579879157,720575940620818977,913890
720575941529565828,720575940632304911,171253
720575941480203650,720575940629683959,76530
720575941689768856,720575940624471683,817098
720575941589979703,720575940631879225,107529
720575941563087360,720575940608740105,112545
720575941457688223,720575940628932969,88809
720575941557487524,720575940619162417,36448
720575941471780363,720575940646535476,533757
720575941533164120,720575940619007867,107075
720575941406776111,720575940612424470,129212
720575941535361880,720575940621908506,127218
720575941626279579,720575940618151169,513061
720575941515193699,720575940628207370,112106
720575941577519961,720575940627663515,554406
720575941504327077,720575940628594948,82998
720575941440954047,720575940620640594,45508
720575941481236643,720575940656050593,512680
720575941601136425,720575940622535756,29442
720575941414644508,720575940614069731,60752
720575941651951893,720575940640361635,211787
720575941470469899,720575940622364886,187407
720575941661367676,720575940623814099,58023
720575941515863642,720575940609457673,118323
720575941481130063,720575940620799397,62324
720575941555872339,720575940621596353,186191
720575941639332981,720575940650910073,901791
720575941516717459,720575940622845661,296369
720575941583151455,720575940616946805,114615
720575941527143245,720575940612186993,514203
720575941549746494,720575940636207471,517540
720575941603151801,720575940624859725,544770
720575941409153451,720575940628645481,524960
720575941467388438,720575940614066483,75990
720575941431182511,720575940628334583,77595
720575941535198746,720575940621683494,175499
720575941569943796,720575940628781979,90533
720575941554982554,720575940630204476,139924
720575941446265876,720575940627850499,148898
720575941453584947,720575940610282981,512935
720575941564071680,720575940623423270,911864
720575941470243595,720575940622545629,27374
720575941431680215,720575940620979700,143534
720575941630201382,720575940613421810,527225
720575941565027079,720575940611356083,64743
720575941439853844,720575940637747519,111660
720575941526701478,720575940637509190,136004
720575941493248126,720575940620300167,119933
720575941688401932,720575940620342352,34353
720575941478992770,720575940609976003,204598
720575941602393785,720575940629649411,35309
720575941594920581,720575940630329807,55196
720575941652838641,720575940618326306,88301
720575941517376403,720575940633194833,74924
720575941632977056,720575940626447813,60027
720575941477498932,720575940627286405,517347
720575941670235569,720575940625634196,55030
720575941651148565,720575940615802324,570091
720575941411069867,720575940613410019,108879
720575941625744074,720575940609001993,72514
720575941516843923,720575940630228992,25424
720575941645432440,720575940632079431,16810
720575941651391473,720575940615292071,61407
720575941468178966,720575940644311968,116598
720575941565673111,720575940607092572,120457
720575941532464562,720575940621828732,1051059602
720575941527964582,720575940626975899,187909
720575941588794436,720575940614626828,189486
720575941476668468,720575940624563075,73850
720575941459459795,720575940613548185,39276
720575941651221233,720575940615686749,115131
720575941497773435,720575940615500798,28419
720575941439918911,720575940636806622,905219
720575941575163752,720575940627839881,62721
720575941432548622,720575940626026936,122078
720575941598665001,720575940634968160,142095
720575941687208204,720575940660617345,117326
720575941593438503,720575940631306344,156898
720575941430194135,720575940637504910,81077
720575941595529861,720575940625642012,802248
720575941469276791,720575940633891982,146600
720575941591910696,720575940621920536,805418
720575941572847518,720575940643582880,544844
720575941614015385,720575940621703920,117250
720575941541720093,720575940626025104,134918
720575941510464272,720575940618294557,806462
720575941611619548,720575940624784648,128418
720575941506552892,720575940622215894,160551
720575941462379920,720575940626913432,35480
720575941568150772,720575940620194251,58994
720575941528018052,720575940650293494,18664
720575941618483583,720575940627907859,94700
720575941439864149,720575940622661820,816320
720575941702063066,720575940606725833,812353
720575941732994347,720575940615060903,514206
720575941488404277,720575940633155226,801733
720575941732403499,720575940630570204,159913
720575941491632334,720575940634642657,569180
720575941545489257,720575940606387046,24475
720575941552868487,720575940625035763,56518
720575941440816575,720575940611690477,43917
720575941483849869,720575940618362863,803421
720575941502425227,720575940625957066,99347
720575941539274189,720575940633915874,136313
720575941508920193,720575940614196433,29108
720575941588809612,720575940643611040,57078
720575941457305837,720575940621533878,36430
720575941594967847,720575940618725547,817007
720575941431953422,720575940619779288,803470
720575941610817610,720575940622189948,130217
720575941527588262,720575940624271595,500103
720575941631480290,720575940623089166,103292
720575941496559739,720575940620671623,29006
720575941565048930,720575940620113741,82617
720575941593336939,720575940660359809,97463
720575941497147721,720575940630644239,67352
720575941488386512,720575940620842846,805619
720575941540388813,720575940629365147,534657
720575941590219518,720575940611088452,201900
720575941441471679,720575940633805229,52653
720575941460849363,720575940618927617,159998
720575941527723686,720575940624670443,110838
720575941593219880,720575940626433641,127432
720575941451969705,720575940616283714,43594
720575941644687265,720575940611706574,129705
720575941654502361,720575940628701227,67460
720575941586223326,720575940626568104,549066
720575941568520750,720575940648130436,143936
720575941571765576,720575940616917516,115154
720575941534946024,720575940619372342,525919
720575941611673702,720575940639199797,583601
720575941526958724,720575940642283149,105018
720575941523958859,720575940612790038,573128
720575941539353237,720575940628651792,69967
720575941455071795,720575940630541356,48937
720575941613928924,720575940633457695,65796
720575941459722963,720575940631374923,126098
720575941474531870,720575940621462724,808277
720575941535549377,720575940614551954,60344
720575941616355797,720575940628471392,154758
720575941496371579,720575940635411374,58153
720575941599127488,720575940623312845,54669
720575941657627984,720575940617393781,80722
720575941667358963,720575940619975115,805910
720575941537413608,720575940618237908,303431
720575941517432236,720575940628679362,117258
720575941503993538,720575940632773703,287685
720575941665955059,720575940637749574,110282
720575941459339423,720575940625206530,88271
720575941549165373,720575940625106446,88439
720575941496350177,720575940639073370,804409
720575941625582282,720575940622171416,110454
720575941407999150,720575940620944566,120849
720575941570436596,720575940632887085,148771
720575941438235455,720575940644518167,100501
720575941566837806,720575940630210092,70775
720575941628284473,720575940632400715,529657
720575941611043402,720575940636211945,809397
720575941440416341,720575940623253005,549272
720575941438642962,720575940618876209,55265
720575941426325588,720575940621551220,99343
720575941561025325,720575940605893408,161808
720575941439876319,720575940630329820,802697
720575941558681459,720575940611140325,121509
720575941626380443,720575940634689888,165741
720575941578484213,720575940647146628,108924
720575941511712722,720575940618542337,524686
720575941441180507,720575940622116428,139742
720575941498530978,720575940624343224,523828
720575941392199684,720575940613416879,72484
720575941625189019,720575940632200007,195337
720575941644486776,720575940617384678,90698
720575941546324585,720575940620705044,532698
720575941555467748,720575940632083730,119157
720575941549389601,720575940625539111,66388
720575941626067257,720575940618744610,39242
720575941457994566,720575940632090666,64710
720575941508468318,720575940633626593,27345
720575941592004392,720575940639287667,237101
720575941617325695,720575940616234252,810898
720575941489499852,720575940619968892,511846
720575941430729943,720575940628533351,32559
720575941505543749,720575940619298520,126027
720575941496394624,720575940639898420,138039
720575941537614568,720575940631688417,534928
720575941573668859,720575940629750142,125589
720575941557318180,720575940640163517,804485
720575941554181121,720575940643693000,105232
720575941607907181,720575940609152779,74732
720575941591748203,720575940633127967,87494
720575941645236856,720575940643361224,116233
720575941472011306,720575940619279457,24496
720575941535107562,720575940619653440,804516
720575941475271198,720575940619712085,124698
720575941558296621,720575940623681208,23918
720575941611040745,720575940626788670,25086
720575941452846919,720575940606460873,53431
720575941471666295,720575940626462184,60151
720575941527173732,720575940616952977,27929
720575941518344375,720575940636134775,128929
720575941653835537,720575940620024396,88470
720575941625939308,720575940632034255,540399
720575941509496848,720575940625903902,75433
720575941626097802,720575940614891370,179373
720575941424935508,720575940620422012,817456
720575941626336458,720575940622429772,136013
720575941552303615,720575940640018741,156947
720575941617317503,720575940620458735,810015
720575941441792463,720575940623215740,525202
720575941643071589,720575940623351443,48829
720575941393201302,720575940633247679,50975
720575941592121451,720575940623568324,91288
720575941659066704,720575940635210158,47566
720575941478933354,720575940628049978,50999
720575941556197860,720575940622085258,801473
720575941570816414,720575940617356189,94471
720575941593536470,720575940633313444,95121
720575941600513577,720575940638206773,814452
720575941568473588,720575940629303707,83582
720575941631922117,720575940655612833,815230
720575941688137334,720575940610007394,138296
720575941626022282,720575940612563171,128799
720575941516823955,720575940640630736,117178
720575941641843045,720575940635757424,137657
720575941663404412,720575940619619633,547524
720575941566794286,720575940609462370,101906
720575941507967778,720575940614334504,44560
720575941534277898,720575940624443319,145081
720575941687696758,720575940625580094,904003
720575941611272934,720575940636892590,70377
720575941547048052,720575940620909806,817337
720575941438364178,720575940617959897,75969
720575941413513364,720575940629169095,809748
720575941587733559,720575940617334233,75590
720575941566586983,720575940613441650,543393
720575941407673903,720575940630655140,312460
720575941532208613,720575940620598869,516458
720575941513942627,720575940631379707,201738
720575941523642615,720575940616711622,109026
720575941540220285,720575940621862405,809278
720575941703417306,720575940622301044,30320
720575941490632140,720575940614902703,518132
720575941487405776,720575940624046472,124929
720575941486484486,720575940633079379,99185
720575941451014478,720575940621968116,101627
720575941507410526,720575940620311430,124690
720575941515818842,720575940621532848,18355
720575941467687133,720575940629042417,167716
720575941586429150,720575940606154370,814476
720575941598957609,720575940607202994,132795
720575941578753113,720575940619004807,68774
720575941618229631,720575940619752329,51288
720575941575943094,720575940624407740,150406
720575941631157408,720575940623948546,42595
720575941722082874,720575940617252642,810863
720575941475473211,720575940605587558,72870
720575941613702108,720575940630737014,53296
720575941438841874,720575940615317922,123847
720575941611791974,720575940644067232,546602
720575941702522330,720575940644828616,67995
720575941522323275,720575940639992398,189882
720575941470418496,720575940639565987,87771
720575941460197190,720575940625483838,80402
720575941453063495,720575940617315742,120730
720575941486800646,720575940628850664,513226
720575941516871571,720575940631963821,30382
720575941430940152,720575940631842700,53644
720575941412575889,720575940617252445,143839
720575941512167377,720575940617342169,77540
720575941481993725,720575940617269846,152765
720575941578315601,720575940625803620,189441
720575941506811777,720575940620597208,144714
720575941432783886,720575940615234015,81345
720575941506182167,720575940608144002,417388
720575941579471697,720575940617077405,81651
720575941548144673,720575940640392064,557180
720575941686162159,720575940617557460,83710
720575941391519894,720575940625985554,533326
720575941539774589,720575940616642790,81385
720575941439615423,720575940631912775,63690
720575941507860037,720575940645458030,156056
720575941656100820,720575940621539974,17265
720575941569316090,720575940615315562,163301
720575941447658004,720575940617481589,36315
720575941535084570,720575940630589814,56402
720575941470248459,720575940616842267,146921
720575941525818393,720575940625442429,27918
720575941506289175,720575940612593258,137024
720575941535431402,720575940621232566,39036
720575941484072890,720575940606961538,194904
720575941512515281,720575940626686851,76989
720575941489075253,720575940612541081,98320
720575941451799465,720575940622250522,542049
720575941490240053,720575940605413577,132371
720575941486706896,720575940627662138,31288
720575941508133154,720575940621678785,72989
720575941440018261,720575940637016206,91248
720575941514437267,720575940614747554,89843
720575941439685979,720575940629702014,73867
720575941502459442,720575940637277766,75668
720575941723384890,720575940634464180,211558
720575941535595018,720575940624989960,190972
720575941658505496,720575940609474766,20996
720575941568809210,720575940620786431,67912
720575941431742639,720575940644743790,544258
720575941555143937,720575940618831296,96592
720575941551223358,720575940620764692,170751
720575941430510072,720575940618071828,550715
720575941663473276,720575940613651350,814119
720575941431183864,720575940614848977,74165
720575941559344110,720575940631429707,18645
720575941415883036,720575940611959219,52276
720575941493515696,720575940619294526,70249
720575941552524094,720575940614611111,67144
720575941596546693,720575940630085480,26828
720575941554220827,720575940617489409,36295
720575941437796140,720575940628149066,81787
720575941440429141,720575940635414167,52772
720575941525736962,720575940617644372,160484
720575941488449488,720575940633325988,537636
720575941509206544,720575940628958449,119391
720575941613682908,720575940610882709,105648
720575941481232291,720575940627659913,92314
720575941429721519,720575940626166020,72893
720575941561767469,720575940619819802,27841
720575941474319675,720575940634101867,807050
720575941479012714,720575940614216702,518742
720575941651136789,720575940621626758,85689
720575941585562246,720575940622659866,64030
720575941526714370,720575940641108608,68455
720575941652379097,720575940633803711,20600
720575941572439709,720575940625657928,514424
720575941572059294,720575940619502641,108346
720575941442460623,720575940638333018,543530
720575941411231147,720575940630145311,814031
720575941636525685,720575940627022217,908274
720575941594972630,720575940616562150,56888
720575941510226704,720575940616514370,75640
720575941468430045,720575940606407625,122730
720575941445607082,720575940615076162,121866
720575941536432577,720575940629937399,109142
720575941443355050,720575940612942511,64000
720575941452943943,720575940616817974,90724
720575941545912252,720575940611150506,177742
720575941547187892,720575940628796521,62961
720575941731152427,720575940627032337,113461
720575941603753913,720575940640128720,807589
720575941626298267,720575940618308381,223705
720575941449741237,720575940628014352,928268
720575941599794729,720575940625192378,195841
720575941546458812,720575940632964269,83563
720575941554898742,720575940628442385,21978
720575941554777427,720575940631820330,549114
720575941507821125,720575940631285579,197549
720575941565622023,720575940632383313,65905
720575941654839769,720575940618675614,81256
720575941591778188,720575940648665476,133734
720575941459028639,720575940647154484,567684
720575941545507764,720575940615700492,114970
720575941559463725,720575940637373254,157506
720575941555888100,720575940628498025,87525
720575941588308292,720575940614342831,41800
720575941414514065,720575940627985402,75155
720575941572865531,720575940623363978,80355
720575941571768990,720575940620571819,90976
720575941523043063,720575940603948716,527007
720575941429916591,720575940617303697,116355
720575941514398723,720575940628296266,144400
720575941659563600,720575940628890562,61985
720575941468546013,720575940614231336,158410
720575941554975386,720575940638088282,120808
720575941440804693,720575940616007622,180627
720575941450393013,720575940625550398,36631
720575941475880257,720575940640467163,69752
720575941481391779,720575940635056831,104546
720575941612765916,720575940628652284,49985
720575941447837518,720575940604481964,810912
720575941659254040,720575940641206005,53112
720575941598601628,720575940621105646,99239
720575941575157917,720575940623442893,49456
720575941688963224,720575940630753733,150815
720575941595631141,720575940625766631,185241
720575941491407024,720575940626876945,34676
720575941606591085,720575940621160468,130293
720575941656224848,720575940630162507,814263
720575941518608600,720575940633902381,89969
720575941564496018,720575940606773705,138935
720575941595761445,720575940621807599,86439
720575941574226870,720575940615363039,80502
720575941589333316,720575940628614144,544975
720575941512480977,720575940637543902,124337
720575941435421472,720575940631242700,137931
720575941582672735,720575940626849072,139995
720575941535725802,720575940622059297,241322
720575941605193406,720575940632811181,953999
720575941595723301,720575940614309295,187202
720575941547289224,720575940622808959,92760
720575941544869564,720575940620607424,57385
720575941514689859,720575940605765408,22642
720575941731743787,720575940621171233,804336
720575941487069702,720575940630348599,525198
720575941616098005,720575940639452750,32022
720575941529274296,720575940622855638,533987
720575941431625464,720575940619316952,281289
720575941653481177,720575940623860116,537649
720575941547941256,720575940617712529,22484
720575941530577355,720575940637993542,806777
720575941611385190,720575940609651554,542101
720575941667320051,720575940636674190,397041555
720575941485099842,720575940624253163,60883
720575941564361319,720575940610990821,144523
720575941626286282,720575940612002146,164340
720575941542757212,720575940622337776,91190
720575941538741746,720575940617750299,82901
720575941623818348,720575940627554604,35630
720575941663705468,720575940626201116,155143464
720575941460891603,720575940622658216,152863
720575941431057289,720575940631361039,27691
720575941552618267,720575940615257490,140164
720575941448176989,720575940625962920,99409
720575941411442543,720575940625214183,126157
720575941413108369,720575940629219804,86149
720575941576894312,720575940628251411,66620
720575941614962329,720575940630192027,33766
720575941685996527,720575940609040341,131547
720575941559664878,720575940623115222,143720
720575941478103873,720575940652671990,23363
720575941536932067,720575940610626802,38314
720575941447520276,720575940628693886,270583
720575941645192056,720575940630017275,123207
720575941687348086,720575940615460364,124411
720575941408682799,720575940643043213,101033
720575941540865565,720575940606774146,70923
720575941690667672,720575940616318988,57036
720575941450584669,720575940627164297,89034
720575941620328575,720575940638104036,22613
720575941431801815,720575940614778162,183154
720575941617168597,720575940644556068,73230
720575941413104020,720575940630086444,137358
720575941606300013,720575940612680817,29647
720575941567506426,720575940628960455,64457
720575941412714095,720575940613685162,66329
720575941486902082,720575940606690238,89815
720575941576575158,720575940622808581,575682
720575941475926814,720575940616485900,61301
720575941518538156,720575940616052842,133682
720575941527121080,720575940633217607,808264
720575941603938806,720575940618160273,162949
720575941624639434,720575940625293084,816984
720575941691229336,720575940646845236,138014
720575941491237836,720575940631458252,107656
720575941625660571,720575940615205855,38628
720575941564059399,720575940621957670,79159
720575941485108109,720575940640935309,37612
720575941536059402,720575940614328994,93293
720575941595498197,720575940633160418,119791
720575941638837535,720575940627645715,58811
720575941584940254,720575940625397022,117572
720575941442311631,720575940637578974,44160
720575941594921942,720575940611839893,47588
720575941543510716,720575940616404820,138107
720575941475540027,720575940629257687,38068
720575941594807847,720575940617188923,86029
720575941462728848,720575940621880541,41131
720575941548496929,720575940624526570,851549
720575941393941398,720575940611097042,119442
720575941652652561,720575940623398524,812365
720575941554586651,720575940635611327,76710
720575941437408300,720575940610812258,71128
720575941503638834,720575940620861549,125669
720575941629377318,720575940613101487,89824
720575941552814398,720575940635175023,116649
720575941671128487,720575940629869059,163558
720575941612049884,720575940616338619,85236
720575941425056084,720575940631812577,809169
720575941512258892,720575940624498372,104753
720575941511811282,720575940627293796,70016
720575941435075982,720575940633450067,514629
720575941507927365,720575940629573993,203454
720575941484079034,720575940614635074,69399
720575941590118654,720575940629612344,99706
720575941478413647,720575940625205392,517229
720575941477553376,720575940625422867,812758
720575941574031113,720575940631921239,91999
720575941650255637,720575940611817957,84689
720575941442187727,720575940615274838,89442
720575941550209908,720575940630217154,108492
720575941443659690,720575940631470137,108066
720575941408305582,720575940628892203,67459
720575941653178073,720575940626171261,90191
720575941461921220,720575940625601936,54369
720575941493766855,720575940625962312,21713
720575941408836911,720575940636105055,161313
720575941544991164,720575940614812533,15619
720575941439654719,720575940617653204,80741
720575941540515277,720575940615424162,72349
720575941514548217,720575940623988727,104020
720575941630085414,720575940628280572,144507
720575941575856783,720575940618421963,517919
720575941455983597,720575940644301603,111147
720575941551602687,720575940637303927,137975
720575941539280789,720575940621046511,132497
720575941575950774,720575940619799768,84089
720575941649827093,720575940628830982,98826
720575941502236555,720575940611866744,60892
720575941691144667,720575940632763935,56701
720575941578505305,720575940637081719,73029
720575941559700974,720575940626733882,45242
720575941652333845,720575940634572956,109039
720575941539554290,720575940619816753,130477
720575941562914962,720575940634215393,128864
720575941494906750,720575940613107734,130052
720575941591545640,720575940632789933,66958
720575941499875234,720575940640354101,95488
720575941553381530,720575940607539907,60688
720575941526189668,720575940637010916,78079
720575941536879090,720575940620075686,146119
720575941562055080,720575940624192560,810818
720575941651503601,720575940614571682,188005
720575941578238801,720575940614745450,122551
720575941496548807,720575940632703555,97691
720575941504374949,720575940627780849,63747
720575941654521049,720575940636839487,128733
720575941436763103,720575940621662598,135745
720575941619962239,720575940610615013,814323
720575941668580785,720575940628794884,79713
720575941550236989,720575940637001444,122707
720575941480925626,720575940627351378,69834
720575941441310299,720575940621113584,119959
720575941515083331,720575940616549377,116286
720575941427337300,720575940630950144,36904
720575941440454485,720575940627206202,47712
720575941510766802,720575940615954282,806690
720575941663935100,720575940624282623,575382
720575941506600215,720575940618985009,91611
720575941505197989,720575940642846349,59348
720575941582019961,720575940613212595,89848
720575941546886332,720575940639377990,50306
720575941617379541,720575940616031903,93905
720575941572430302,720575940632474425,95727
720575941605347774,720575940630983183,148506
720575941575423753,720575940634107327,521557
720575941653842961,720575940642017755,542022
720575941721366586,720575940635003799,69990
720575941458185030,720575940627217563,192378
720575941462449933,720575940617976389,103300
720575941670375601,720575940627080344,139993
720575941535763178,720575940608265564,524515
720575941595708455,720575940611953882,160291
720575941519454574,720575940633074015,808989
720575941482278851,720575940640484952,104073
720575941568120058,720575940620619870,110438
720575941686156406,720575940619914740,42282
720575941453215559,720575940625632499,121971
720575941408132270,720575940613178265,123652
720575941483904066,720575940622947333,810644
720575941486641293,720575940625065786,85637
720575941438940251,720575940619800560,813013
720575941516926936,720575940606425790,22797
720575941505225266,720575940644758638,548525
720575941571010120,720575940623496595,87805
720575941558796526,720575940613996959,163597
720575941489541836,720575940615368498,148031
720575941429767561,720575940618194461,39124
720575941506433570,720575940624951293,184149
720575941650844437,720575940634221980,810190
720575941433188110,720575940616812315,84542
720575941474111035,720575940625099708,539881
720575941510599122,720575940625666341,21353
720575941559155559,720575940625861168,158537
720575941557314575,720575940609194962,807150
720575941437939029,720575940629147703,808320
720575941561199149,720575940636779918,514272
720575941536572136,720575940643946440,512102
720575941459998163,720575940643026212,111408
720575941553451236,720575940643725472,38317
720575941503985495,720575940631254777,817627
720575941353337136,720575940620771753,55584
720575941496233088,720575940629103468,20513
720575941548563060,720575940633971169,125982
720575941585623174,720575940632950445,109158
720575941589595204,720575940631306255,150590
720575941520705463,720575940634429279,74873
720575941514370636,720575940623595731,132040
720575941498440098,720575940605966513,115717
720575941499451361,720575940622146032,98008
720575941564396183,720575940622237466,120502
720575941439261759,720575940606339430,81559
720575941477449758,720575940639711037,76425
720575941501848626,720575940614280607,913464
720575941414778516,720575940623299111,517428
720575941479969219,720575940627481628,68266
720575941590969896,720575940619400497,118271
720575941460161350,720575940608068035,555989
720575941538663666,720575940650461561,57444
720575941414915476,720575940625133752,541611
720575941460175942,720575940625368976,36160
720575941630753004,720575940603568757,66144
720575941554726042,720575940631220431,24755
720575941521514167,720575940642198491,530067
720575941505988165,720575940622536179,806831
720575941633045435,720575940634376800,57333
720575941450230906,720575940618018141,64695
720575941569963514,720575940624846589,151070
720575941623868668,720575940618095163,50276
720575941553792410,720575940631097159,61457
720575941551546879,720575940630222336,31782
720575941644708728,720575940640964304,56107
720575941496735872,720575940628326522,55029
720575941486614480,720575940645570100,51255
720575941546676585,720575940632764497,141379
720575941653009681,720575940618485945,123933
720575941579157337,720575940630692412,88448
720575941594595441,720575940654912417,109603
720575941521011127,720575940607877833,812138
720575941509245650,720575940635082138,216656
720575941573692680,720575940627321146,48774
720575941506441125,720575940616959010,16912
720575941481360547,720575940632578863,147487
720575941633600416,720575940631835663,77374
720575941507046690,720575940630944843,19251
720575941516419587,720575940623979815,42912
720575941583746270,720575940627808857,811363
720575941461658768,720575940620320214,62121
720575941524706891,720575940619239734,115989
720575941515398243,720575940607301810,46853
720575941529763256,720575940629124355,166377
720575941525960217,720575940611939290,811788
720575941526253570,720575940660587393,135179
720575941616528085,720575940619625374,101654
720575941612742573,720575940622503133,822649
720575941479505743,720575940609900299,63984
720575941486855942,720575940653199094,28145
720575941497081984,720575940644208663,131714
720575941523892043,720575940615731131,541582
720575941435931936,720575940630514191,905943
720575941451401287,720575940629157275,201724
720575941391840918,720575940626885757,915024
720575941446398228,720575940636770672,101921
720575941643899336,720575940622387850,91301
720575941444569258,720575940622662900,123098
720575941430241121,720575940623160456,121949
720575941565123735,720575940630828485,101752
720575941448665166,720575940631308648,105674
720575941486688006,720575940616337181,71451
720575941624608667,720575940613934563,51077
720575941475807262,720575940615710570,36861
720575941576038248,720575940635490155,90667
720575941438748690,720575940610960708,94859
720575941534293258,720575940620358253,62883
720575941618477695,720575940628537031,28096
720575941480392611,720575940632448616,76190
720575941502745943,720575940623201805,49361
720575941493443015,720575940617299259,809343
720575941441834687,720575940630148204,191790
720575941469576311,720575940624167349,137389
720575941486689933,720575940630019385,128738
720575941450009693,720575940626930206,45587
720575941473575483,720575940611785841,129379
720575941498997473,720575940647690804,562548
720575941506572197,720575940622890083,546258
720575941585048966,720575940623921847,122063
720575941467488022,720575940612323441,111954
720575941643262369,720575940624379317,121473
720575941460272836,720575940620191793,513811
720575941586046174,720575940621128432,33189
720575941612240358,720575940625864487,125828
720575941688052854,720575940661333889,102677
720575941404888688,720575940621952439,201131
720575941572041630,720575940606639974,526451
720575941562833664,720575940622029317,150985
720575941547481633,720575940628086586,93100
720575941413720721,720575940621844701,556466
720575941544909061,720575940625701220,91600
720575941433585678,720575940629496107,60893
720575941508663169,720575940628480399,151852
720575941606823789,720575940631554920,62554
720575941543038237,720575940619153136,904234
720575941611350505,720575940611227029,812077
720575941505166615,720575940602140862,149903
720575941515453530,720575940620576033,543234
720575941504504389,720575940618147520,809809
720575941406966446,720575940610634725,130460
720575941615648213,720575940612876566,120013
720575941590579710,720575940609025628,94484
720575941503437547,720575940626539592,519088
720575941478780034,720575940636729486,105499
720575941452978483,720575940606116785,47648
720575941564119191,720575940615348135,86046
720575941503551831,720575940630919016,536321
720575941576840537,720575940621055141,69413
720575941575302665,720575940629509484,111262
720575941568593140,720575940627767568,126417
720575941593041704,720575940604518432,28559
720575941470992651,720575940628107268,133467
720575941429366409,720575940639276085,84565
720575941553225755,720575940631170152,806044
720575941476239937,720575940630657644,113767
720575941563273526,720575940618760193,801633
720575941540543101,720575940622972259,53975
720575941541973852,720575940617811293,201154
720575941496380288,720575940627483779,39942
720575941511838674,720575940620456174,188820
720575941495144062,720575940651386870,43231
720575941671450023,720575940632613688,153356
720575941558221071,720575940613685043,80001
720575941595058469,720575940618353876,82145
720575941591226366,720575940623213830,40341
720575941426483796,720575940622173729,65447
720575941458276080,720575940607072898,138317
720575941610129738,720575940616568774,515456
720575941570124532,720575940641251712,113938
720575941558311795,720575940625142269,85811
720575941595969984,720575940623491987,73996
720575941512551377,720575940623665151,183027
720575941533420978,720575940629024087,110480
720575941527242084,720575940620379301,539529
720575941564193031,720575940639901016,282533
720575941416347164,720575940621265088,169015
720575941596365425,720575940630914863,56617
720575941502674994,720575940622127877,111519
720575941688390156,720575940616574182,42511
720575941519692211,720575940612629418,130171
720575941509512914,720575940637841805,47845
720575941618486399,720575940633330861,93792
720575941559500845,720575940619828813,116816
720575941597855273,720575940645128471,518502
720575941497226624,720575940632572497,580084
720575941592023403,720575940627272378,92552
720575941688490870,720575940621076801,66805
720575941431145825,720575940611900968,810967
720575941439761375,720575940634625391,31923
720575941623388524,720575940633127597,924807
720575941549877537,720575940627224932,543992
720575941530870987,720575940634427799,139829
720575941475575105,720575940639834995,12744
720575941578610521,720575940623002373,65879
720575941536264730,720575940628292168,90743
720575941515868931,720575940621242589,70699
720575941557553779,720575940632321080,202121
720575941476599860,720575940620863820,815029
720575941483912378,720575940606307262,211584
720575941532433842,720575940635422862,158022
720575941440130271,720575940613758504,84333
720575941546304617,720575940632979364,543834
720575941653656025,720575940628377618,116378
720575941604710334,720575940618247333,533589
720575941623246444,720575940612580761,120688
720575941503454295,720575940619308820,145557
720575941573203465,720575940639935963,62262
720575941515754586,720575940618538129,55270
720575941496950178,720575940635511988,822336
720575941502099287,720575940625050151,76838
720575941460274758,720575940631184633,134057
720575941506624290,720575940638564661,143827
720575941572761864,720575940618999350,28661
720575941514276940,720575940606018406,926856
720575941511193554,720575940653896609,110055
720575941552108571,720575940635661466,118891
720575941639139189,720575940609566985,87136
720575941610258665,720575940659591297,40007
720575941540598909,720575940630655007,809546
720575941555411876,720575940612385765,140686
720575941669248689,720575940628877929,343992
720575941515189507,720575940621073903,98972
720575941459838404,720575940634308322,125979
720575941476016961,720575940640189568,40150
720575941624762314,720575940632579641,53286
720575941521040055,720575940627501445,554873
720575941555734500,720575940621616518,157950
720575941431367087,720575940618052825,152592
720575941643450450,720575940613315301,806437
720575941491319015,720575940636735886,142412
720575941691012827,720575940611591829,77449
720575941584596831,720575940627078787,531065
720575941614029721,720575940642931492,1054086974
720575941515899994,720575940630815735,812208
720575941515257747,720575940636843846,76827
720575941535884737,720575940622631500,544697
720575941632866747,720575940631195217,86236
720575941554177875,720575940616649617,115829
720575941497168457,720575940639466045,121364
720575941572398088,720575940631760441,66521
720575941589364791,720575940605267372,109431
720575941661452412,720575940619991499,59974
720575941552147774,720575940620733424,54462
720575941515361027,720575940632772712,154326
720575941495630718,720575940629362492,101430
720575941702828506,720575940610208354,815031
720575941515903075,720575940635184491,140738
720575941482527686,720575940620526512,29114
720575941662204728,720575940622283204,111715
720575941516161427,720575940626449964,119292
720575941679173309,720575940628414407,95525
720575941513044556,720575940618590923,109806
720575941546717064,720575940624622579,552928
720575941548166177,720575940635829611,61201
720575941610348106,720575940630469944,59316
720575941458438640,720575940629784376,22733
720575941508023169,720575940613067943,195385
720575941592527143,720575940620386981,816246
720575941572755977,720575940639848051,541505
720575941507351575,720575940628728619,199127
720575941526951705,720575940628480262,542019
720575941461344196,720575940625228828,60120
720575941534288984,720575940621024165,112218
720575941623968764,720575940624003939,22661
720575941652501777,720575940622314166,113282
720575941567818866,720575940628873039,22013
720575941547058281,720575940618717307,515389
720575941570996126,720575940632817967,128620
720575941593222696,720575940629232322,145157
720575941584286686,720575940623132125,94071
720575941450697850,720575940620994401,575333
720575941584565470,720575940630470348,160313
720575941639631989,720575940631189622,512643
720575941644961400,720575940626524938,30557
720575941472038496,720575940629467262,105017
720575941720792378,720575940625659028,18508
720575941593818731,720575940624646636,141158
720575941506148668,720575940611148754,176103
720575941622863868,720575940640545243,87671
720575941507541598,720575940623628509,33233
720575941621878268,720575940617387549,814596
720575941565235810,720575940612252002,548812
720575941482271683,720575940621025037,27337
720575941578417497,720575940603924512,98619
720575941595614503,720575940631521644,112441
720575941577948241,720575940616246228,184463
720575941448669006,720575940620421614,133851
720575941609098058,720575940611327129,943522
720575941495864263,720575940624774123,143133
720575941424933460,720575940620439174,800750
720575941468982795,720575940628848900,905533
720575941534600680,720575940636866990,908867
720575941574565789,720575940623517910,34693
720575941414726801,720575940619689521,147360
720575941505786181,720575940630474434,59611
720575941593688616,720575940620976299,99424
720575941477662273,720575940622827667,54265
720575941574861307,720575940612769433,96583
720575941440338005,720575940639624320,106455
720575941603799798,720575940639702947,24444
720575941555291219,720575940630895191,84282
720575941526994253,720575940619078592,185506
720575941488436176,720575940618143449,517346
720575941539412722,720575940642884000,13359
720575941574886395,720575940634681183,72769
720575941499050465,720575940624191529,59457
720575941521760947,720575940622118143,71920
720575941474476842,720575940616833669,27177
720575941490541257,720575940626587011,530818
720575941660624440,720575940625734588,126542
720575941476863518,720575940610522853,86969
720575941614021651,720575940612889490,124539
720575941434236448,720575940611602274,54670
720575941525929638,720575940647822900,198312
720575941518405998,720575940624485127,113219
720575941530254776,720575940611780562,926981
720575941431550712,720575940621089190,224208
720575941688007030,720575940622200308,53201
720575941516388963,720575940632668753,75382
720575941498266849,720575940620955357,47074
720575941653076977,720575940645760622,544520
720575941596248177,720575940622028253,133846
720575941526968066,720575940617634437,141471
720575941632548332,720575940604288172,543102
720575941477338420,720575940624134296,806946
720575941595114021,720575940624214825,44269
720575941441499483,720575940639933811,19786
720575941416206876,720575940637549486,106099
720575941528132280,720575940621278401,81756
720575941533899352,720575940621740653,36127
720575941610996966,720575940613962989,118159
720575941513118201,720575940625890067,226016
720575941441439423,720575940618942923,44566
720575941511236306,720575940628094290,30843
720575941470570816,720575940630222807,31851
720575941518911448,720575940631966149,164312
720575941523472631,720575940622667107,43260
720575941498544763,720575940632588236,135499
720575941430334167,720575940628569538,117403
720575941608809802,720575940630850617,118993
720575941538646165,720575940629461612,130821
720575941445514410,720575940610336707,144092
720575941645611128,720575940621400929,124217
720575941403579248,720575940631227434,113725
720575941594575729,720575940624095496,72502
720575941436260128,720575940608749525,149199
720575941481916614,720575940622498889,75965
720575941437746239,720575940624886712,36340
720575941569400314,720575940614557586,102701
720575941612201062,720575940637612429,93406
720575941535551514,720575940611783464,809037
720575941529019268,720575940624701162,23987
720575941438207039,720575940621570486,98992
720575941476531521,720575940612877937,87377
720575941612220646,720575940628212721,534267
720575941721761850,720575940627424424,38107
720575941526799972,720575940618226245,103704
720575941404592496,720575940615082927,91639
720575941689259995,720575940621799407,105163
720575941545827764,720575940614819178,549491
720575941402440995,720575940617219933,553895
720575941651179761,720575940635143961,55272
720575941556072676,720575940620591380,532693
720575941440456655,720575940618730269,146823
720575941478396778,720575940629871813,804917
720575941494766464,720575940621389764,814423
720575941584191710,720575940630462172,61625
720575941534194954,720575940610307886,110555
720575941392423830,720575940623316223,282924
720575941591255806,720575940635373466,53718
720575941519195864,720575940648699524,85225
720575941460439622,720575940632579492,82842
720575941610720330,720575940620533595,807615
720575941506203301,720575940646778403,533489
720575941536604392,720575940623192158,131295
720575941552328191,720575940632316985,113295
720575941564501760,720575940627441497,176194
720575941643480696,720575940612484778,33200
720575941540948861,720575940632759865,388026
720575941441018831,720575940618239035,910541
720575941484597058,720575940627084332,133206
720575941486574598,720575940626238972,13564
720575941640255263,720575940631868463,21002
720575941493770160,720575940632875551,123360
720575941624016124,720575940609372099,533858
720575941521705207,720575940612792830,811655
720575941591678092,720575940640207438,31043
720575941723556410,720575940638071386,69744
720575941459992134,720575940627054725,41941
720575941506166588,720575940621326006,17063
720575941569273338,720575940604265440,93340
720575941563477160,720575940610118570,103909
720575941510242576,720575940628544555,514168
720575941615496601,720575940621254534,163982
720575941587113527,720575940612886695,909056
720575941468003549,720575940624936373,24289
720575941436417568,720575940631211064,85256
720575941458986911,720575940630726442,120896
720575941686400268,720575940606140862,52944
720575941537180136,720575940618090836,124200
720575941429020297,720575940641876955,230604
720575941486767110,720575940638274879,104618
720575941534191041,720575940624252308,113145
720575941506122556,720575940633041060,36959
720575941577323097,720575940620383909,119087
720575941666332659,720575940616620556,168456
720575941480655746,720575940610603214,162766
720575941575132169,720575940632731679,28530
720575941547444148,720575940621112199,105217
720575941541645660,720575940627427850,515724
720575941652821745,720575940631716516,53305
720575941690614936,720575940609319619,569683
720575941535802600,720575940654821025,118465
720575941492190951,720575940623525587,544227
720575941545498292,720575940615127727,104548
720575941543384325,720575940637618318,139812
720575941616266709,720575940639115608,122965
720575941637864309,720575940618159833,138724
720575941612282342,720575940639351349,539470
720575941579889653,720575940632743649,805307
720575941441333183,720575940629316345,536540
720575941569013106,720575940641654480,93875
720575941558733604,720575940634473697,133676
720575941569647604,720575940613421042,75678
720575941480168171,720575940620585710,807333
720575941440853083,720575940613321202,57580
720575941477394740,720575940616230210,99372
720575941403106416,720575940629793691,173192
720575941516782227,720575940627397263,812681
720575941531209957,720575940626624328,10395
720575941614316819,720575940627798266,811718
720575941576696921,720575940627681103,135846
720575941659054672,720575940625179236,87325
720575941414386972,720575940627533913,573573
720575941691076248,720575940631729209,76032
720575941490490569,720575940613960159,92409
720575941630301922,720575940629973059,142211
720575941451181134,720575940635917675,162662
720575941392669956,720575940611375150,79913
720575941440455119,720575940627201149,99511
720575941590295038,720575940607368201,82961
720575941572121672,720575940612983011,67310
720575941473268010,720575940617983867,33885
720575941571854238,720575940615545403,47222
720575941577928273,720575940646126644,111693
720575941623357083,720575940617911104,61312
720575941568290350,720575940629266843,83858
720575941491139273,720575940621029030,514451
720575941470786368,720575940610483395,811999
720575941595931687,720575940605565798,143315
720575941539841485,720575940629951481,957664
720575941502743602,720575940631831879,119244
720575941609931241,720575940646661155,152271
720575941679677373,720575940632461196,84392
720575941574817019,720575940639559741,192373
720575941468977984,720575940630724652,906066
720575941617911509,720575940628939419,154334
720575941668395697,720575940653575158,94110
720575941652574193,720575940615814171,946261
720575941569534458,720575940612294642,543162
720575941519462766,720575940627018117,809242
720575941576402536,720575940616540161,124470
720575941596217477,720575940642372493,50870
720575941526523748,720575940639642685,94481
720575941602031094,720575940646492212,126570
720575941537621746,720575940615440543,90023
720575941607252589,720575940626856336,56398
720575941640332063,720575940608409355,25335
720575941609290314,720575940618360294,27643
720575941474136928,720575940642193608,118715
720575941690155739,720575940615548319,95610
720575941598210972,720575940628301161,108240
720575941576709558,720575940613568790,193360
720575941463990541,720575940618281501,90072
720575941554345243,720575940638500952,71575
720575941484042938,720575940614343889,539252
720575941537397234,720575940627385877,92529
720575941598769961,720575940631178563,119707
720575941442118607,720575940646209156,63840
720575941645353336,720575940626275656,956642
720575941595944305,720575940632013724,908626
720575941573817526,720575940609146563,806334
720575941516109155,720575940634926840,32364
720575941592991272,720575940635938495,30754
720575941443679146,720575940615451646,117822
720575941540611197,720575940630100727,47616
720575941570027378,720575940628792702,22751
720575941545593524,720575940619722516,60740
720575941645657032,720575940613495523,42329
720575941546020713,720575940623008136,49950
720575941591222270,720575940646068100,215076
720575941549826621,720575940627177605,546007
720575941565441378,720575940623392892,34927
720575941593959531,720575940617414283,541561
720575941404995696,720575940636999535,527648
720575941612421350,720575940643673504,542793
720575941507781410,720575940606712497,110312
720575941654976468,720575940621702593,118733
720575941540073165,720575940614521342,27989
720575941485324038,720575940631375947,94434
720575941492320944,720575940616000066,86726
720575941511775820,720575940614198243,89882
720575941593869349,720575940620652882,121994
720575941450818375,720575940620080774,62215
720575941568925684,720575940629458748,106408
720575941658392088,720575940620905921,38211
720575941602075430,720575940628285160,327390
720575941452326451,720575940627368469,64153
720575941434495886,720575940638963517,815860
720575941461674963,720575940621198625,15045
720575941526047588,720575940611739505,516729
720575941431388041,720575940633642391,221763
720575941507683909,720575940632835176,54249
720575941444595370,720575940633701602,123345
720575941614673427,720575940620648920,195374
720575941482079930,720575940633566862,76743
720575941457837727,720575940617804427,197753
720575941500433058,720575940622106544,110212
720575941515840505,720575940621972351,69079
720575941609693414,720575940622420297,580846
720575941630522850,720575940621522190,814684
720575941504961189,720575940620139899,197119
720575941632717292,720575940616684082,59126
720575941403795824,720575940627781272,57301
720575941650855701,720575940619250785,816596
720575941643508088,720575940605776672,111446
720575941431516591,720575940623638493,93255
720575941651663637,720575940629136124,96855
720575941508990674,720575940612433266,531018
720575941482140413,720575940603491957,51580
720575941545969084,720575940614217965,61876
720575941525948070,720575940646151715,96335
720575941617199573,720575940633062335,41298
720575941624262858,720575940630517110,52797
720575941491337932,720575940635961200,815972
720575941617637845,720575940644790580,69631
720575941576785768,720575940636572005,99232
720575941548523144,720575940643797192,125473
720575941527912836,720575940631619409,39211
720575941643698770,720575940606064416,116111
720575941573808015,720575940615151190,23635
720575941525713830,720575940619494527,53087
720575941550525757,720575940620920667,85010
720575941511903820,720575940621063406,69436
720575941662058296,720575940616429890,134429
720575941671210407,720575940629511383,44818
720575941609905226,720575940624295818,516528
720575941611689034,720575940626678035,127901
720575941540818524,720575940615136322,55514
720575941515094521,720575940625031403,521718
720575941519720046,720575940606504224,517493
720575941614528531,720575940612030899,81820
720575941577204313,720575940626881673,58344
720575941563540231,720575940622934742,122425
720575941437977132,720575940633990039,579647
720575941505660801,720575940626494210,112956
720575941527142756,720575940609473656,526044
720575941486757005,720575940615144446,62059
720575941439683519,720575940626704698,95395
720575941666112755,720575940627257981,524573
720575941662104956,720575940619614769,41585
720575941670285745,720575940627951528,141233
720575941578560245,720575940635342236,517325
720575941451836073,720575940612989155,808980
720575941508025694,720575940606330726,122095
720575941555063194,720575940632095299,204374
720575941498671778,720575940633695736,57731
720575941350526512,720575940631787693,46337
720575941528750724,720575940622669328,125518
720575941590239799,720575940636415599,206542
720575941662031228,720575940622487322,102530
720575941600811817,720575940637983814,546594
720575941488740041,720575940638558115,169244
720575941504370519,720575940661267073,170581
720575941594865878,720575940625494093,79779
720575941657336088,720575940620768065,37833
720575941578328401,720575940616403935,39889
720575941439813311,720575940618841910,67344
720575941450111413,720575940620498303,931939
720575941578484057,720575940630647371,815575
720575941431375497,720575940611830451,117871
720575941580622581,720575940641694197,88478
720575941643547000,720575940622224560,147550
720575941458512966,720575940614303143,227790
720575941450666830,720575940622886158,40137
720575941457578480,720575940607648178,75883
720575941501656299,720575940635021759,65471
720575941537795560,720575940618008144,24785
720575941614578841,720575940613434287,55740
720575941448653661,720575940623948996,129907
720575941459364336,720575940627241609,116102
720575941503410007,720575940624755088,51742
720575941505302085,720575940640280117,168732
720575941586655878,720575940627246380,122725
720575941626368108,720575940637485939,48290
720575941658042648,720575940626007573,134266
720575941638515317,720575940630493292,83402
720575941620565887,720575940614457581,233614
720575941548363656,720575940629211666,142361
720575941470263517,720575940621603504,44580
720575941598591132,720575940620308103,516049
720575941486611266,720575940628149267,29814
720575941578979161,720575940631155256,138733
720575941563952018,720575940618841757,107751
720575941510925010,720575940619419227,61296
720575941496480128,720575940625663468,28267
720575941526105858,720575940645411108,107416
720575941411801771,720575940626984073,197613
720575941515335059,720575940614892455,107036
720575941531186307,720575940628336134,517340
720575941538969586,720575940621740493,193625
720575941509025665,720575940630149623,113556
720575941463944205,720575940630575611,903536
720575941515649091,720575940614198312,31138
720575941427236436,720575940616454210,99252
720575941455461613,720575940648519556,33069
720575941493136816,720575940630862636,210672
720575941650579185,720575940612866735,130178
720575941492707760,720575940618925339,16580
720575941533641706,720575940646583331,102442
720575941624175515,720575940630001884,205354
720575941441680831,720575940603539424,152273
720575941463391245,720575940630013690,118556
720575941616715733,720575940603944672,811671
720575941564247698,720575940628827920,155662
720575941446903316,720575940637410869,909575
720575941480026959,720575940612909265,44297
720575941406487726,720575940627046479,807492
720575941581641311,720575940621205487,802568
720575941460670419,720575940612160113,77293
720575941609621578,720575940628093416,155381
720575941505910332,720575940648677508,67121
720575941441471935,720575940624640748,532605
720575941670694823,720575940622476010,79973
720575941535116978,720575940616887966,163235
720575941578535669,720575940604692070,137862
720575941481028943,720575940630578396,175231
720575941530073272,720575940629511174,34290
720575941610773990,720575940636606894,98139
720575941587314743,720575940619116667,814989
720575941526125314,720575940608343730,106035
720575941612155053,720575940604488672,48615
720575941425741652,720575940607476402,56521
720575941644778657,720575940619926437,81420
720575941414466449,720575940621011376,31305
720575941557630686,720575940626761561,184200
720575941645444216,720575940622333878,546251
720575941631968955,720575940623740621,90848
720575941534045162,720575940623593451,805696
720575941414665361,720575940630296643,536966
720575941598590400,720575940632927815,107225
720575941594888150,720575940613713002,530737
720575941506806853,720575940617540667,100196
720575941501315927,720575940632374207,18699
720575941537946856,720575940611234402,115443
720575941472379744,720575940623334694,23971
720575941643476856,720575940635666031,119096
720575941567962994,720575940635571118,68180
720575941426465620,720575940607250524,62614
720575941482588346,720575940622662896,904867
720575941414665876,720575940616883385,37503
720575941391652758,720575940638148698,145446
720575941651979025,720575940627820699,128590
720575941466970966,720575940617624866,93992
720575941626074220,720575940630920017,549156
720575941535896586,720575940617358267,57096
720575941409346987,720575940638504425,500018
720575941483316410,720575940651425782,82118
720575941474160480,720575940628632143,523897
720575941546801288,720575940626677013,63658
720575941466825558,720575940627996682,22857
720575941688903798,720575940607351747,93841
720575941415009172,720575940628530950,545303
720575941499187681,720575940633145996,78883
720575941410728363,720575940621396115,28399
720575941529520568,720575940606432614,80090
720575941539697045,720575940615263188,817957
720575941654051028,720575940631977785,112973
720575941496123847,720575940633408869,80227
720575941440980671,720575940613326829,84986
720575941559889423,720575940612832435,64854
720575941610148013,720575940621641967,106087
720575941498824571,720575940613789165,172856
720575941534927282,720575940615790230,120227
720575941594506198,720575940632736101,52593
720575941686651660,720575940608983235,115680
720575941519789235,720575940625882768,154106
720575941581814137,720575940620400116,54024
720575941430628600,720575940615209106,953266
720575941459373471,720575940623339146,68425
720575941429212152,720575940617976523,61242
720575941626397804,720575940622365578,52748
720575941594580593,720575940617358395,156748
720575941575335311,720575940618010942,151588
720575941723663418,720575940609154005,166600
720575941502387083,720575940638686534,168197
720575941732839979,720575940621750125,88772
720575941489563593,720575940612337893,118344
720575941537134066,720575940635954318,137565
720575941401075747,720575940640381859,91947
720575941475929886,720575940614489128,106170
720575941607503981,720575940604212838,68389
720575941603196350,720575940624448796,63101
720575941546212028,720575940622441706,809906
720575941438385887,720575940630514769,37225
720575941645318817,720575940625106224,20429
720575941723527738,720575940620490064,543791
720575941440756415,720575940620772437,85178
720575941518975916,720575940617259835,542797
720575941489915701,720575940631316780,530514
720575941572606878,720575940622092894,84416
720575941488204233,720575940630574396,811197
720575941603743478,720575940624599304,26704
720575941401594659,720575940630627897,121121
720575941595040881,720575940631109165,570708
720575941502671243,720575940629461351,547133
720575941691652504,720575940617303892,86521
720575941450921550,720575940632588333,55379
720575941628932902,720575940612189480,77273
720575941652380693,720575940648250244,533787
720575941516142851,720575940614234152,552634
720575941547216244,720575940622154245,85072
720575941470433547,720575940628455912,37196
720575941495049086,720575940638067534,139462
720575941645599944,720575940621949957,57687
720575941561846829,720575940605192284,69494
720575941409156143,720575940627170846,108520
720575941574459805,720575940623015688,85131
720575941506446405,720575940629282391,45266
720575941438863660,720575940649784953,70658
720575941613527516,720575940619602928,554167
720575941514506572,720575940618365888,86266
720575941469444727,720575940636462313,64670
720575941577008232,720575940625909541,539111
720575941537321202,720575940611833208,138345
720575941459865043,720575940640540112,85271
720575941479987619,720575940622879245,546981
720575941497896610,720575940619086405,106779
720575941643552673,720575940617588198,102435
720575941548741153,720575940648554116,116201
720575941511073808,720575940615870175,157233
720575941537443989,720575940625441511,67757
720575941591198760,720575940626403715,20161
720575941652259857,720575940617808569,125758
720575941404444016,720575940622856781,124948
720575941642837842,720575940630445519,104669
720575941547692724,720575940612414131,104355
720575941494984647,720575940618293406,811959
720575941480234882,720575940619281857,72203
720575941669485223,720575940647858228,103064
720575941611696870,720575940634793407,119331
720575941690795928,720575940630272512,36441
720575941526515481,720575940635931243,103024
720575941508514850,720575940636069751,145419
720575941582130553,720575940622088001,33644
720575941553560474,720575940631985751,817299
720575941572873737,720575940623480556,172377
720575941440999119,720575940622667242,27262
720575941516147555,720575940611406034,527440
720575941450886990,720575940622996941,82895
720575941626505354,720575940630765253,51907
720575941654179601,720575940641971957,102460
720575941470548599,720575940639833397,539499
720575941540154573,720575940629161713,73323
720575941413991569,720575940623759754,121639
720575941491532748,720575940620210822,28289
720575941536510440,720575940622962440,807920
720575941516034147,720575940621839469,194230
720575941611516649,720575940606722150,149710
720575941576663129,720575940607142322,90483
720575941655056084,720575940630651510,61730
720575941564061184,720575940620318958,126484
720575941639219317,720575940639631219,65361
720575941475432507,720575940627708815,213893
720575941544295173,720575940626452421,134150
720575941560591917,720575940611835098,198119
720575941595199525,720575940605344945,827407
720575941530090474,720575940624238285,816524
720575941591772456,720575940611875503,66731
720575941470714891,720575940623536205,102210
720575941584188255,720575940638118372,162559
720575941489461449,720575940611863978,141776
720575941607283053,720575940624850983,119636
720575941553311642,720575940643823470,813404
720575941565709878,720575940632237485,542189
720575941591726187,720575940642633357,56277
720575941465215574,720575940627533370,171196
720575941561426834,720575940614799775,816752
720575941474445152,720575940621881840,184576
720575941644106872,720575940632749772,126628
720575941619719295,720575940631016668,127857
720575941466433814,720575940636990948,818820
720575941637952543,720575940639099992,75070
720575941555635684,720575940632665145,39425
720575941611661075,720575940617853730,47023
720575941505765285,720575940639349557,548287
720575941552672666,720575940629911568,128137
720575941439261151,720575940625333822,73814
720575941504072791,720575940652862454,155192
720575941506359356,720575940626062012,524359
720575941434730016,720575940629512491,60776
720575941572131593,720575940638846269,557004
720575941643501394,720575940616583681,810368
720575941496482171,720575940628503555,106712
720575941499999138,720575940618033974,69116
720575941479010922,720575940622200090,54505
720575941626285625,720575940617055062,132557
720575941668103345,720575940614692271,94583
720575941514738010,720575940614709190,91988
720575941409717931,720575940634990955,118662
720575941520909491,720575940629995087,162367
720575941500120482,720575940610623402,922814
720575941473400928,720575940622451273,41891
720575941652177941,720575940627040954,14536
720575941471467895,720575940630011690,539973
720575941652905969,720575940612306355,526833
720575941415353884,720575940609313860,83669
720575941513677571,720575940613188210,93907
720575941525899341,720575940626128158,815223
720575941590718604,720575940625004807,29654
720575941565701735,720575940613665682,516341
720575941645404577,720575940624951223,68013
720575941516288346,720575940625136316,519601
720575941471915584,720575940607417180,809889
720575941564775527,720575940621662234,125470
720575941413777809,720575940631683599,118784
720575941488332240,720575940632406948,132220
720575941453391431,720575940629047025,73886
720575941534298858,720575940619651019,119936
720575941507981150,720575940621701815,526717
720575941543598877,720575940618260534,62592
720575941438089490,720575940650745977,77164
720575941533288682,720575940626974394,91297
720575941634274235,720575940625523187,529973
720575941513674586,720575940625313881,64611
720575941660669496,720575940621541542,57913
720575941436666400,720575940631551247,810321
720575941473419050,720575940617891289,97278
720575941512900172,720575940609352387,907936
720575941491759591,720575940633759661,107615
720575941496209536,720575940633566884,519009
720575941637263989,720575940628015379,55130
720575941499312969,720575940627073098,100307
720575941594909223,720575940619355259,23736
720575941439596629,720575940631481012,114172
720575941540491901,720575940625024125,86554
720575941631185093,720575940626915940,136486
720575941654376660,720575940633393100,38368
720575941531346917,720575940616589766,97794
720575941541095197,720575940608020931,113934
720575941470717303,720575940616962098,177359
720575941537682837,720575940621302808,187644
720575941477024564,720575940624589084,167207
720575941630049762,720575940623530790,105200
720575941587085892,720575940632090130,91769
720575941455356723,720575940617315540,515503
720575941435171726,720575940620611975,24462
720575941473052768,720575940625660396,34883
720575941546584169,720575940632409359,123610
720575941504662978,720575940622547421,105555
720575941441459035,720575940616668722,59493
720575941700612314,720575940626803018,813707
720575941576043702,720575940630258903,805963
720575941439646015,720575940608931396,111745
720575941614372115,720575940621957364,117603
720575941612891100,720575940625754663,520319
720575941612544173,720575940644873416,213021
720575941496584315,720575940640746867,91693
720575941625652588,720575940630501699,57149
720575941586682846,720575940626628636,532697
720575941565735734,720575940612835299,91086
720575941641094687,720575940626874097,176770
720575941497218889,720575940645693220,85091
720575941352906800,720575940618603179,910291
720575941533661930,720575940652252918,88425
720575941438661394,720575940617888596,806870
720575941481947322,720575940637351598,22180
720575941514978659,720575940615126191,247044
720575941573677711,720575940637961449,45339
720575941592677160,720575940636104811,124595
720575941519165806,720575940629951504,93482
720575941415406620,720575940609751138,101266
720575941515483491,720575940629949495,132986
720575941503393330,720575940632508687,69696
720575941560358927,720575940627917315,23804
720575941502787778,720575940627138545,148965
720575941650844401,720575940614649384,168107
720575941481671875,720575940608129628,85919
720575941529649540,720575940608805444,131760
720575941552906046,720575940626062681,21522
720575941432021262,720575940639384947,172349
720575941571812254,720575940622088745,53537
720575941641938789,720575940626513436,24968
720575941629978406,720575940622236933,19789
720575941723098170,720575940624598771,68328
720575941599282112,720575940623110349,10851
720575941534713281,720575940620586886,58900
720575941564654336,720575940616782365,76114
720575941566242919,720575940621998657,155435
720575941553910017,720575940623801834,55340
720575941564601954,720575940632026937,159717
720575941447918414,720575940639654205,812622
720575941626070329,720575940624979719,62817
720575941502957911,720575940628079482,803931
720575941607745133,720575940619439576,45451
720575941447594004,720575940624106776,66711
720575941449825205,720575940620569197,161065
720575941543572509,720575940605939628,63361
720575941614326035,720575940631180508,77402
720575941502772018,720575940615369266,515826
720575941454062829,720575940628607606,55056
720575941585273478,720575940628819561,19866
720575941497197793,720575940614328726,60082
720575941567187962,720575940635966143,806452
720575941411554671,720575940612206810,806166
720575941537101283,720575940622003638,127888
720575941450059189,720575940628974901,134051
720575941532978922,720575940622317829,69289
720575941470914679,720575940621121446,170904
720575941507623774,720575940626806545,102143
720575941352637744,720575940624298643,176574
720575941540794829,720575940617411387,112494
720575941458142022,720575940627349578,103331
720575941539888589,720575940623629094,24290
720575941474074976,720575940620055790,45663
720575941643650661,720575940623802151,74754
720575941351347760,720575940609874500,102478
720575941500107403,720575940620631990,111857
720575941491622862,720575940623032333,65351
720575941430809775,720575940627429397,172353
720575941472628832,720575940623679684,168495
720575941579458129,720575940621166251,560241
720575941525649741,720575940639075817,151723
720575941449470133,720575940643136456,125953
720575941529262468,720575940603713248,142731
720575941628371001,720575940631061820,57946
720575941612288998,720575940630088236,580623
720575941553860506,720575940619538993,536970
720575941531722469,720575940612589991,106362
720575941651253233,720575940646506019,117020
720575941616531157,720575940631190988,809445
720575941501670123,720575940640514419,98803
720575941730458155,720575940628236937,537855
720575941352714288,720575940622449110,109436
720575941505974597,720575940631003254,131209
720575941545747900,720575940630311996,80296
720575941562460514,720575940624237239,518572
720575941653478868,720575940622894874,524979
720575941559649295,720575940628056049,75089
720575941524919298,720575940626758019,104182
720575941514416377,720575940611015010,101560
720575941494740679,720575940623128359,936652
720575941595005223,720575940618926661,104156
720575941631576546,720575940620225133,42117
720575941569436922,720575940620230497,68137
720575941515364163,720575940614382495,53435
720575941544683452,720575940641450656,157345
720575941456575647,720575940629625679,74412
720575941475994945,720575940644586400,36321
720575941594836005,720575940625411367,524692
720575941549925748,720575940630385403,90935
720575941564803847,720575940630541387,110554
720575941453683881,720575940621467227,39593
720575941632915360,720575940613598322,66657
720575941529591428,720575940625689836,53546
720575941537429987,720575940629894850,94758
720575941598798016,720575940609285315,546069
720575941597985728,720575940627061022,150618
720575941565436770,720575940639974363,35942
720575941471403019,720575940632526607,514727
720575941573142198,720575940630499831,86596
720575941535819713,720575940623148424,109847
720575941607928685,720575940604812768,103718
720575941554325914,720575940617670459,71370
720575941652809713,720575940618111261,123650
720575941477262388,720575940622592099,515158
720575941575112968,720575940633381549,174041
720575941555729921,720575940608118658,32567
720575941658315032,720575940614991997,63778
720575941626041196,720575940612689266,42465
720575941477755201,720575940619868075,549193
720575941626299082,720575940639991029,166220
720575941660284472,720575940655140769,69255
720575941526681421,720575940628952619,813959
720575941588421444,720575940635116313,81873
720575941504000747,720575940621237825,70221
720575941643239013,720575940630638073,110958
720575941562881448,720575940633586093,103320
720575941607459693,720575940610918754,100233
720575941543315997,720575940628918020,240672
720575941553709651,720575940643613856,143038
720575941498344315,720575940612405617,91877
720575941550076733,720575940620077040,47257
720575941546326889,720575940622763288,178147
720575941619572607,720575940638064692,124709
720575941548607092,720575940626329893,90361
720575941496391040,720575940639113149,87872
720575941490293813,720575940631733967,515495
720575941489066956,720575940627147578,99608
720575941461792452,720575940622328541,87635
720575941436697120,720575940631175588,810941
720575941456925677,720575940631447363,71028
720575941575419062,720575940613064371,205541
720575941556532772,720575940612356275,73365
720575941519506392,720575940637469347,32169
720575941651700245,720575940629213595,41143
720575941651989525,720575940612210351,44868
720575941440363093,720575940629371960,57608
720575941510796048,720575940630558316,54825
720575941440906581,720575940644307735,582287537
720575941537410197,720575940622647773,176520
720575941564673378,720575940628169745,70809
720575941532753893,720575940624663427,68176
720575941574973853,720575940628339611,813299
720575941539274645,720575940623738516,157936
720575941436610336,720575940623085055,95290
720575941585849822,720575940631641551,111464
720575941579959929,720575940624686060,81006
720575941534565057,720575940622058623,114207
720575941569901306,720575940613765869,113751
720575941535907521,720575940609935310,908776
720575941574889224,720575940628402063,95474
720575941576886888,720575940615109782,40266
720575941554900563,720575940628994054,49801
720575941436418092,720575940652678902,100468
720575941560441359,720575940623409288,13697
720575941509201680,720575940614611153,92222
720575941493009790,720575940625109944,183092
720575941576325814,720575940649444729,182325
720575941483223994,720575940613299882,48148
720575941524921346,720575940604381886,72214
720575941611361811,720575940606968521,549706
720575941461036484,720575940629483520,149821
720575941604056761,720575940629562097,539073
720575941481379151,720575940633304913,66882
720575941496603776,720575940633735844,531348
720575941480700611,720575940628632080,151982
720575941559449838,720575940633687778,66061
720575941513069411,720575940621036782,84828
720575941497243977,720575940644698272,95298
720575941611205084,720575940619845080,109148
720575941559950863,720575940615957663,70298
720575941558520868,720575940622631816,170981
720575941427182932,720575940638705636,67893
720575941516621203,720575940616054066,167544
720575941611710182,720575940637894116,150893
720575941690426264,720575940624363450,543989
720575941411230831,720575940631297810,105512
720575941439456603,720575940625873907,550215
720575941483537338,720575940620132116,170928
720575941477866346,720575940630605007,80305
720575941478948970,720575940616087564,551799
720575941653778644,720575940638834246,108179
720575941516199514,720575940626362696,102748
720575941460126022,720575940633813785,160745
720575941552379015,720575940626100499,83044
720575941437594668,720575940630326668,58670
720575941691589528,720575940620606561,64280
720575941432436695,720575940645142563,116866
720575941430980745,720575940618778960,143186
720575941504077143,720575940615149999,45521
720575941484179130,720575940614633867,811115
720575941595719461,720575940616181721,64742
720575941686956150,720575940639237710,148210
720575941506607394,720575940627511695,73012
720575941571404808,720575940612505842,111622
720575941658382416,720575940624810644,165392
720575941480526560,720575940634941503,167493
720575941651592469,720575940614706686,110932
720575941662349624,720575940637042287,47371
720575941414694804,720575940631246556,172195
720575941399879971,720575940628012332,303093
720575941668141811,720575940623720842,116217
720575941545361588,720575940617572642,99473
720575941659146320,720575940619207533,50821
720575941536794083,720575940627359621,43422
720575941640718879,720575940616104123,568637
720575941555447204,720575940620473889,37985
720575941532138725,720575940631466767,157270
720575941731994923,720575940623713168,57835
720575941586335110,720575940634601879,84951
720575941392250006,720575940624772588,71942
720575941477836084,720575940624096809,33155
720575941446819860,720575940644172232,815082
720575941547199549,720575940613885554,816078
720575941537591445,720575940608963849,87361
720575941577699573,720575940639657013,104975
720575941544823045,720575940605001696,75239
720575941584352734,720575940631328476,28337
720575941512001868,720575940612619431,64230
720575941579921653,720575940604641504,125757
720575941642994888,720575940607756636,175447
720575941437641695,720575940633539359,88634
720575941450002503,720575940626452880,140960
720575941485957442,720575940620140923,119302
720575941547023804,720575940626005136,121018
720575941556521188,720575940621455552,63542
720575941689001846,720575940632125251,138262
720575941643758712,720575940627304104,61134
720575941552761939,720575940616954251,27785
720575941546850184,720575940623470228,806478
720575941481638342,720575940624177917,62165
720575941515969529,720575940625011300,109116
720575941466050582,720575940629025015,116430
720575941414695569,720575940619641152,19112
720575941537599464,720575940609663442,86062
720575941536770531,720575940645372964,299288
720575941350427696,720575940627315023,58642
720575941462812304,720575940637935011,80192
720575941624854410,720575940632782756,139646
720575941615827669,720575940626575716,93478
720575941509520850,720575940624776380,98086
720575941563169170,720575940623673802,77609
720575941531614667,720575940612425714,541498
720575941556210148,720575940627219475,205436
720575941662090876,720575940623043196,151867
720575941497899682,720575940631976978,133347
720575941475719227,720575940632598353,87264
720575941546142825,720575940635312491,128001
720575941595883815,720575940627172741,148668
720575941655944916,720575940624503369,64164
720575941553299539,720575940630507095,99338
720575941495150535,720575940615904546,144778
720575941575560630,720575940628382919,77102
720575941535450817,720575940629137196,129596
720575941607478125,720575940614568232,125497
720575941610668262,720575940641274676,101377
720575941616978303,720575940605184958,518754
720575941487028486,720575940624486032,78182
720575941564336128,720575940627183345,815693
720575941565236327,720575940621103269,100195
720575941542476573,720575940630132498,68944
720575941549653310,720575940642517284,809730
720575941643064165,720575940622135841,25300
720575941535928547,720575940622684374,80095
720575941436653600,720575940623941581,553326
720575941574920699,720575940620958561,125350
720575941565625442,720575940645687319,145799
720575941552790043,720575940612594674,83524
720575941624442570,720575940622726640,114812
720575941482072061,720575940627726937,174976
720575941479323555,720575940631411164,539807
720575941575349903,720575940609977301,17667
720575941552505918,720575940622602334,21714
720575941574702587,720575940618165021,82368
720575941563752246,720575940633318295,74401
720575941481158086,720575940627935058,124334
720575941560376591,720575940628023302,555274
720575941413145455,720575940615976891,130667
720575941439565887,720575940616935838,24987
720575941526806274,720575940626456232,241770
720575941512068817,720575940629942019,31346
720575941584433118,720575940639466549,215145
720575941475128891,720575940632995501,67188
720575941569335154,720575940605675966,66764
720575941659234640,720575940626441003,76498
720575941550165054,720575940628754436,518428
720575941546904968,720575940622534524,42187
720575941624706506,720575940622935320,191324
720575941574391453,720575940655067809,535419
720575941535637682,720575940619042683,115116
720575941566202471,720575940635777893,34596
720575941574151163,720575940620026864,808964
720575941574965405,720575940620842996,812065
720575941460344720,720575940615728102,117243
720575941416844060,720575940621863006,126002
720575941456001520,720575940615729179,542249
720575941496349568,720575940637455278,66786
720575941575001609,720575940625170362,119161
720575941590130316,720575940641257973,180623
720575941526378340,720575940619213361,109921
720575941414859921,720575940630456698,520550
720575941410865775,720575940617333307,118545
720575941515377667,720575940620314864,181488
720575941416982044,720575940605530336,137750
720575941487420112,720575940613784062,153554
720575941410915951,720575940632785951,48952
720575941524565579,720575940613474474,91069
720575941486764240,720575940622379594,154560
720575941568054830,720575940636533359,86408
720575941591699563,720575940637578893,56134
720575941557721636,720575940628350632,132418
720575941578687833,720575940615820262,163139
720575941534286826,720575940624913596,809151
720575941508577314,720575940632300973,49616
720575941505212325,720575940621870204,1062512192
720575941636667253,720575940620639152,77864
720575941474099552,720575940626760872,49082
720575941478161120,720575940629456066,168327
720575941593720871,720575940631549125,99011
720575941589986615,720575940610585317,826700
720575941483929085,720575940632056857,514891
720575941450154574,720575940618468485,544835
720575941602872054,720575940645311268,97746
720575941489576398,720575940635064857,138072
720575941513700428,720575940639347765,940850
720575941491546288,720575940641626075,126915
720575941631478688,720575940610278980,114601
720575941640530632,720575940630375724,103259
720575941573364233,720575940607121794,44099
720575941653859028,720575940622331305,97981
720575941563269986,720575940612948593,80881
720575941553250951,720575940627469066,43254
720575941456137887,720575940604299454,858472
720575941530016440,720575940629681278,38995
720575941448249269,720575940631867690,23421
720575941438065727,720575940616821824,90869
720575941579453941,720575940620832517,583757
720575941448630094,720575940632628584,112458
720575941578204761,720575940645955694,43378
720575941531662539,720575940626421797,88531
720575941507818590,720575940627305624,137444
720575941472904234,720575940627330562,125666
720575941391982998,720575940627666283,36869
720575941467193942,720575940627268362,116088
720575941598480028,720575940618701888,121389
720575941610181734,720575940618080285,156783
720575941569709938,720575940628903211,532403
720575941497286985,720575940632435999,92423
720575941594930053,720575940619099558,145574
720575941623986890,720575940624325629,112078
720575941477400606,720575940623930153,119799
720575941477886017,720575940610358501,89659
720575941403907696,720575940631512484,67854
720575941535456266,720575940623474902,130325
720575941631011308,720575940628028419,77709
720575941504226885,720575940620353518,123600
720575941581682015,720575940632830163,810336
720575941535462122,720575940612942614,548730
720575941667079923,720575940632218947,86364
720575941505737239,720575940619482536,100644
720575941533807553,720575940611298522,156396
720575941552900250,720575940608578396,522932
720575941686667532,720575940608322226,159835
720575941606180717,720575940630420674,50466
720575941668986099,720575940615139326,30303
720575941529459076,720575940628833354,106852
720575941618019029,720575940628420457,80393
720575941507462423,720575940621251286,127916
720575941720779066,720575940624576258,193364
720575941565823842,720575940633587937,519017
720575941593430055,720575940623442824,62364
720575941456988653,720575940635165850,517366
720575941657293392,720575940643658532,131620
720575941433371406,720575940640087997,41975
720575941498801314,720575940631620601,51941
720575941626195099,720575940634640014,13173
720575941431721464,720575940625636868,159863
720575941554858724,720575940618868052,109912
720575941687800559,720575940618006562,47141
720575941562899090,720575940628305231,42360
720575941576962897,720575940611692467,909171
720575941663709308,720575940660047489,73645
720575941547485876,720575940623801125,163351
720575941504155883,720575940611415770,809267
720575941574509051,720575940617746811,530528
720575941436335660,720575940625344612,112906
720575941534792626,720575940628394578,145980
720575941481498051,720575940614785090,49423
720575941565695639,720575940627675408,94427
720575941565131159,720575940627343166,146811
720575941586381534,720575940629438531,78445
720575941549481761,720575940623498483,816087
720575941593806955,720575940635309675,70425
720575941618573439,720575940626950147,125235
720575941490879177,720575940610728178,536298
720575941619830399,720575940633963233,179253
720575941551938815,720575940627563550,149517
720575941653144793,720575940627888296,116151
720575941451224142,720575940630908409,192630
720575941471253824,720575940621756276,69168
720575941459751620,720575940612917141,45626
720575941486399373,720575940632063043,26042
720575941556086500,720575940612426994,534186
720575941441281627,720575940623090014,500012
720575941565745718,720575940619180923,93043
720575941476634910,720575940637169636,325193
720575941496386171,720575940626509187,811928
720575941645090209,720575940620705012,905517
720575941514820601,720575940627775242,130974
720575941624656074,720575940632199186,93920
720575941561500205,720575940613626474,112998
720575941530759115,720575940620131237,105899
720575941491730608,720575940623600639,107744
720575941533836632,720575940620630987,113203
720575941536482586,720575940614186090,807491
720575941411113387,720575940630930259,67519
720575941625445514,720575940629477882,163450
720575941512665041,720575940635467883,89395
720575941592595670,720575940619363544,117490
720575941459950020,720575940617846941,42336
720575941532492005,720575940605800369,806314
720575941488653365,720575940630578423,179283
720575941474459707,720575940623351434,570588
720575941612127251,720575940623058782,512966
720575941468845632,720575940615866310,154894
720575941558852388,720575940623642346,212263
720575941633516704,720575940618601629,542312
720575941568368884,720575940620857680,105191
720575941562001832,720575940624405482,113529
720575941574261755,720575940622357459,53609
720575941533214442,720575940625942372,101218
720575941436345362,720575940606477746,159723
720575941546627260,720575940628927491,38659
720575941482382019,720575940623906089,541707
720575941644690376,720575940623895807,569063
720575941668356595,720575940645506839,80934
720575941587854660,720575940635823295,63211
720575941594074225,720575940638217279,102138
720575941532133605,720575940635113919,61656
720575941440153791,720575940626163697,1054556738
720575941589186871,720575940619024774,35420
720575941413120660,720575940643569175,816696
720575941610171053,720575940630293303,114782
720575941489684937,720575940623201023,804191
720575941542797829,720575940629704297,64733
720575941537764584,720575940626363529,57994
720575941496700283,720575940629023170,138558
720575941615231897,720575940620023024,38188
720575941670499495,720575940617253259,814832
720575941432848910,720575940623524234,62571
720575941483878586,720575940628628810,530539
720575941451833978,720575940607229058,531099
720575941612371430,720575940605807904,38640
720575941550302269,720575940627780618,512372
720575941537487075,720575940630023680,75312
720575941626079131,720575940609852683,544802
720575941467766493,720575940616966706,174769
720575941573639931,720575940612990435,151354
720575941439995071,720575940639214918,129807
720575941555671635,720575940634597913,546591
720575941610603594,720575940628092541,50013
720575941543919365,720575940638878269,24792
720575941536326805,720575940624342569,131384
720575941488990517,720575940634161634,93212
720575941569076980,720575940613353538,143120
720575941461749971,720575940629901328,50827
720575941504466711,720575940624576038,815166
720575941589997196,720575940637317342,122087
720575941437537068,720575940622751984,804343
720575941410334379,720575940622813578,907685
720575941520813303,720575940627825051,39711
720575941441391039,720575940618953217,123633
720575941403142256,720575940614563734,121128
720575941476884766,720575940632308025,78351
720575941576103350,720575940627426362,140672
720575941521876915,720575940618685853,810641
720575941486834242,720575940645849879,107023
720575941594134897,720575940622401012,113072
720575941413091217,720575940641056308,143684
720575941447112373,720575940626398601,811932
720575941578538997,720575940619988557,30633
720575941585531782,720575940628016792,118724
720575941433456782,720575940625824131,57044
720575941526819097,720575940626727710,520000
720575941612327644,720575940631408199,813940
720575941523437387,720575940623855091,115690
720575941471006987,720575940618756928,517918
720575941624503548,720575940632454456,50323
720575941577822809,720575940630425285,908882
720575941601048361,720575940627965443,539472
720575941631357883,720575940637371493,141614
720575941552677950,720575940629036997,89841
720575941644343890,720575940624022823,34155
720575941474428970,720575940635278015,81719
720575941467384598,720575940610140878,20832
720575941507185221,720575940615931293,65854
720575941469842141,720575940628404535,118983
720575941552342043,720575940625896376,48475
720575941484801602,720575940618568768,112971
720575941614562323,720575940605355966,48460
720575941508615262,720575940619679425,113511
720575941503681771,720575940639055844,132771
720575941690464920,720575940617532992,40157
720575941632580844,720575940623272717,45590
720575941543403037,720575940632062056,45026
720575941586591710,720575940624410953,82109
720575941663075896,720575940631072337,166137
720575941461235088,720575940603874494,806776
720575941643331173,720575940621675246,533281
720575941554138651,720575940621409916,919294
720575941451476858,720575940647411491,47581
720575941411771793,720575940645599268,19503
720575941575807414,720575940616390156,134355
720575941477550657,720575940612496346,108902
720575941643508562,720575940623278605,35993
720575941567651186,720575940623228967,804733
720575941544941829,720575940616891958,49166
720575941655883288,720575940631824146,91953
720575941579617013,720575940626187602,43723
720575941546777020,720575940620575878,534431
720575941524849666,720575940618547649,84885
720575941438567698,720575940626182673,65895
720575941550439485,720575940630739959,537528
720575941439210796,720575940615718815,45130
720575941539210994,720575940634215525,107581
720575941491246030,720575940614314723,129423
720575941534706113,720575940614792958,69364
720575941598593948,720575940646729860,61691
720575941559678958,720575940620002036,540535
720575941681474749,720575940617097659,14760
720575941603907769,720575940618855035,554393
720575941605193150,720575940626634439,66982
720575941644914808,720575940628429950,156742
720575941439060703,720575940607638723,94482
720575941480253058,720575940641540827,569648
720575941519222956,720575940621947233,519578
720575941545908404,720575940629696727,135659
720575941616126165,720575940624496969,78742
720575941491617742,720575940631455995,17670
720575941723577658,720575940631094223,514900
720575941587671108,720575940609015644,24696
720575941515684099,720575940620353245,16541
720575941455038515,720575940646786595,564072
720575941462603664,720575940627513938,77938
720575941508224897,720575940623950984,270939
720575941475615262,720575940630524631,53098
720575941446529300,720575940612388787,137631
720575941460046150,720575940622145277,65864
720575941481495631,720575940624147273,529115
720575941575316918,720575940615543995,169278
720575941668293619,720575940611981994,145486
720575941590528510,720575940632358418,35583
720575941666751219,720575940616652729,64203
720575941572106824,720575940647354659,56838
720575941434698638,720575940622695059,79179
720575941474705473,720575940628131371,48741
720575941393070486,720575940616031417,64865
720575941469629405,720575940626829263,54264
720575941562781096,720575940633252812,68890
720575941502868823,720575940605771948,811559
720575941585730438,720575940613481330,125607
720575941490341065,720575940616306078,90277
720575941572783688,720575940636345998,178110
720575941493051568,720575940622141761,65665
720575941540382237,720575940630911533,102059
720575941575272713,720575940661105793,165939
720575941504763842,720575940630616082,811454
720575941447658516,720575940623551273,531845
720575941441283163,720575940619169752,57940
720575941475591966,720575940646581795,105553
720575941559943406,720575940633050797,128315
720575941401343011,720575940638864829,111067
720575941630537698,720575940614879283,115065
720575941527269378,720575940612407701,530466
720575941581502047,720575940618326875,64319
720575941492002023,720575940639109353,198198
720575941594975783,720575940629645306,227481
720575941507568663,720575940606219808,124565
720575941595584039,720575940630004700,33908
720575941474271018,720575940616988884,176816
720575941573509115,720575940630821431,117502
720575941478756431,720575940619237872,813703
720575941592937579,720575940627261190,75584
720575941598922176,720575940626970088,517356
720575941564390912,720575940633814227,117144
720575941407884974,720575940623375871,98342
720575941633522619,720575940627251864,74311
720575941494915456,720575940613650413,101886
720575941480861891,720575940613866390,49680
720575941539630741,720575940607218443,523458
720575941489553865,720575940625999399,539977
720575941538906517,720575940628834153,100281
720575941654460889,720575940635061529,61379
720575941438034962,720575940626196286,188991
720575941482344902,720575940638853466,41765
720575941515360659,720575940621697627,107444
720575941595514149,720575940605196465,111985
720575941638528629,720575940615973076,533286
720575941562878888,720575940625113597,72807
720575941589762700,720575940620114497,25961
720575941594763121,720575940626337566,165664
720575941519029687,720575940625970213,282740
720575941613737180,720575940629873790,170258
720575941552126270,720575940630161463,103237
720575941519890904,720575940626518846,196752
720575941574207753,720575940623650857,92957
720575941537132274,720575940644710180,72543
720575941502351703,720575940611171426,119327
720575941392463620,720575940606942130,546505
720575941513969242,720575940620009069,64002
720575941478921696,720575940630410487,84385
720575941526486530,720575940625298505,72460
720575941490948553,720575940625225549,518288
720575941628206393,720575940620142203,62208
720575941566636086,720575940641643739,171845
720575941547283636,720575940610290162,79077
720575941563492498,720575940614442658,66382
720575941604160441,720575940632617420,221687
720575941616493013,720575940639144381,175815
720575941594457201,720575940624631224,105120
720575941568642418,720575940623078071,810381
720575941668275121,720575940631448338,809137
720575941639171615,720575940623212988,111305
720575941575315894,720575940625853188,73345
720575941573109576,720575940621723909,102715
720575941436319020,720575940620473070,162667
720575941504272434,720575940608606556,113734
720575941499856034,720575940611788970,10585
720575941547978557,720575940604778156,112955
720575941511606994,720575940637538958,214480
720575941519110067,720575940633077916,548184
720575941498713467,720575940653208566,129415
720575941510284754,720575940626974650,86003
720575941588630270,720575940626587523,71393
720575941538395797,720575940612199025,273705
720575941656256336,720575940616757478,816835
720575941528930232,720575940638429417,75435
720575941491038695,720575940617294166,518424
720575941459302982,720575940637235261,535800
720575941463247117,720575940626150462,152852
720575941620495999,720575940615099698,21643
720575941671920039,720575940611509346,518654
720575941414183060,720575940629508602,74897
720575941624780234,720575940624294729,115896
720575941590077580,720575940615021310,110684
720575941513321721,720575940609905220,819187
720575941472426048,720575940620315477,539909
720575941556534244,720575940632309519,184878
720575941547660724,720575940637911741,118484
720575941485934989,720575940626760372,78181
720575941599200192,720575940620605831,18271
720575941490812873,720575940628899454,19562
720575941575221149,720575940618181917,537895
720575941626373066,720575940612977049,155224
720575941483505350,720575940647130659,96101
720575941588719428,720575940626786490,116883
720575941439841999,720575940634525340,57947
720575941478610656,720575940604992457,70009
720575941490107598,720575940619363008,41414
720575941495120000,720575940624276405,128127
720575941533629476,720575940639761981,515170
720575941465093718,720575940631521484,60427
720575941550399604,720575940623112397,67313
720575941580361973,720575940622711372,124553
720575941596876480,720575940619006366,61192
720575941476357172,720575940603663974,97616
720575941644291666,720575940629056411,42308
720575941594240295,720575940631716044,55226
720575941437631455,720575940626641098,26073
720575941630306854,720575940632648248,158563
720575941570546846,720575940630512581,136888
720575941546274184,720575940635780191,90359
720575941533145573,720575940611452462,172138
720575941439559615,720575940641942472,92116
720575941518454451,720575940647413369,930010
720575941515969283,720575940647252515,513182
720575941617203157,720575940644531764,71649
720575941508561502,720575940624950199,146716
720575941494883527,720575940612982770,89142
720575941537568488,720575940612485357,140159
720575941639884661,720575940627803241,523894
720575941484980877,720575940638840036,141735
720575941633590432,720575940618251869,137370
720575941504075243,720575940627159192,201224
720575941604083702,720575940622781398,159534
720575941451330985,720575940651798262,91065
720575941504619458,720575940605427134,82379
720575941568676398,720575940606728715,119323
720575941529506180,720575940624953528,65265
720575941573093022,720575940624609717,552148
720575941502737899,720575940626883465,814314
720575941351188272,720575940640475856,75109
720575941564397714,720575940613278895,153077
720575941519857112,720575940632731423,116901
720575941573007112,720575940614930107,103510
720575941533946456,720575940637482473,903590
720575941595725095,720575940628195850,32978
720575941574327709,720575940617722525,527114
720575941473135146,720575940607786882,65240
720575941524973924,720575940620584128,159704
720575941568141306,720575940644977175,171919
720575941520541111,720575940629070342,148396
720575941505145879,720575940631899496,22997
720575941519240152,720575940633251320,17348
720575941496056704,720575940632619490,148855
720575941534879754,720575940645369111,135834
720575941435173408,720575940607168725,547010
720575941586852830,720575940612588211,189308
720575941498894305,720575940633094681,40473
720575941615350741,720575940643493998,77792
720575941506238487,720575940635839077,523044
720575941434259127,720575940629481467,537120
720575941568245618,720575940626798101,817992
720575941498638561,720575940611010658,82557
720575941653173233,720575940620921771,213653
720575941626307274,720575940645721636,36014
720575941510157840,720575940641157248,132282
720575941506467900,720575940619755758,18093
720575941624913802,720575940618346013,65044
720575941588459332,720575940632931615,160150
720575941471308896,720575940629420362,808073
720575941537650325,720575940631250652,88398
720575941413797780,720575940625711152,61254
720575941572009630,720575940626807344,91867
720575941610801894,720575940627153939,46635
720575941533745074,720575940620530181,87827
720575941498091170,720575940630824570,96667
720575941549639540,720575940615877410,188823
720575941645600376,720575940618607680,580821
720575941555656275,720575940629789562,61203
720575941588265284,720575940627919370,135088
720575941432011479,720575940645593140,207216
720575941653772305,720575940617707398,162264
720575941612340909,720575940615065706,176892
720575941625704842,720575940653028257,38260
720575941652417236,720575940614830604,1050091581
720575941612302182,720575940615266867,30455
720575941535511896,720575940622790405,66918
720575941565711111,720575940650459513,110990
720575941506811521,720575940618458769,129131
720575941598943680,720575940625397581,137821
720575941518536108,720575940629972076,98048
720575941623889404,720575940630936408,73846
720575941496095364,720575940647456388,33209
720575941436301600,720575940627443728,151835
720575941645190264,720575940645828740,85054
720575941562999303,720575940626918074,125293
720575941578965849,720575940610732590,520294
720575941435151758,720575940635607220,127535
720575941574589435,720575940615129450,145430
720575941643590561,720575940624715244,98737
720575941515842563,720575940634969701,183527
720575941478664867,720575940621308656,20435
720575941428247380,720575940634446176,129196
720575941671198631,720575940620793697,68085
720575941605197502,720575940615392679,89311
720575941619566207,720575940644423112,89695
720575941525134082,720575940620205951,56345
720575941534563850,720575940617035788,31095
720575941445003434,720575940627972840,201659
720575941523172171,720575940630946468,68836
720575941498500833,720575940625939277,56163
720575941522952183,720575940612246258,554835
720575941553608346,720575940627861508,107084
720575941523571191,720575940616849035,531403
720575941571957661,720575940632020428,51005
720575941392233622,720575940623206220,18321
720575941620008575,720575940613061118,11650
720575941502464343,720575940631729548,21776
720575941613457628,720575940629134080,200867
720575941530084280,720575940624409575,86994
720575941487071952,720575940613903778,818477
720575941551992859,720575940626199324,812848
720575941617958357,720575940612504981,116190
720575941573531464,720575940633970100,55566
720575941515215971,720575940620827840,132019
720575941456504560,720575940617868347,520556
720575941578276697,720575940630086876,112482
720575941654648025,720575940632375950,139983
720575941532095205,720575940635768159,191148
720575941624981642,720575940627544658,121244
720575941485816642,720575940627357713,581303
720575941559877102,720575940623623133,59342
720575941607799405,720575940617376885,114130
720575941436362399,720575940660176513,227933
720575941478768547,720575940624302524,19916
720575941585315718,720575940622489235,50183
720575941509032208,720575940617036044,92947
720575941504513084,720575940622676812,153967
720575941414870676,720575940627867288,96604
720575941595025777,720575940619021958,101313
720575941686962806,720575940624823283,555697
720575941559362419,720575940652606881,905203
720575941526981913,720575940626831356,813145
720575941624035836,720575940614364723,106449
720575941689536920,720575940629476199,44589
720575941654698452,720575940627958889,23034
720575941626430858,720575940632635053,54198
720575941546636220,720575940641550811,89970
720575941444311210,720575940623524451,121445
720575941526406532,720575940613695338,524628
720575941433628174,720575940605291185,86399
720575941598022300,720575940625621808,115215
720575941515413859,720575940609777301,260000
720575941564594432,720575940615668441,522412
720575941452494970,720575940627717397,171696
720575941434824334,720575940630448896,60265
720575941689219190,720575940614174383,70825
720575941610207974,720575940625073959,45005
720575941528068228,720575940649153657,811657
720575941607248749,720575940609437909,85980
720575941581079161,720575940628048999,569998
720575941508710178,720575940618463813,111963
720575941497278587,720575940629960015,171863
720575941414617233,720575940647111476,115166
720575941575590799,720575940620560054,13351
720575941660484408,720575940622027485,119835
720575941439029951,720575940622575103,65685
720575941480725216,720575940616816285,547653
720575941408343855,720575940621929571,105435
720575941534951450,720575940610535410,228322
720575941613551068,720575940632635475,128085
720575941528339588,720575940622721037,67846
720575941600791849,720575940626597960,20804
720575941458525599,720575940650495609,83030
720575941459157830,720575940622677545,153241
720575941561517101,720575940632588831,63071
720575941679151805,720575940619615568,110662
720575941652157657,720575940634198926,23960
720575941557019300,720575940627243962,76701
720575941411812267,720575940627985295,115316
720575941465425942,720575940619071060,154858
720575941439323071,720575940616492998,89213
720575941534533464,720575940616289951,119931
720575941555528961,720575940640755875,60788
720575941628080678,720575940606066208,76456
720575941560580590,720575940616858636,199085
720575941450727034,720575940621123905,95280
720575941585848030,720575940624164133,82870
720575941656053460,720575940628988727,549524
720575941589490500,720575940627454440,85040
720575941689187702,720575940613779010,107209
720575941491185614,720575940655307425,59931
720575941687572492,720575940610880580,908824
720575941603331262,720575940621247329,40502
720575941459745439,720575940639062350,166197
720575941534816538,720575940626947130,124164
720575941473974368,720575940623574163,141750
720575941480840322,720575940633412971,55959
720575941530760139,720575940627728009,912317
720575941617909973,720575940623428937,259241
720575941471753995,720575940620123015,48329
720575941586885086,720575940618123613,38631
720575941651616533,720575940616930187,30093
720575941448355253,720575940616586891,90680
720575941661838904,720575940634370529,539329
720575941460722899,720575940618571344,33168
720575941687501039,720575940621810926,100143
720575941553252670,720575940621215659,512707
720575941430823599,720575940621230757,76935
720575941510991888,720575940633258925,128736
720575941458539935,720575940625826448,58060
720575941503750999,720575940653332385,46266
720575941458924870,720575940629340315,811869
720575941545937257,720575940638233572,89235
720575941611655242,720575940623703064,548587
720575941530862795,720575940631097551,550442
720575941475832606,720575940625120812,581027
720575941612155356,720575940616075718,162504
720575941629141474,720575940623937613,37009
720575941611040429,720575940620935083,837101
720575941491896551,720575940634527840,62368
720575941448182036,720575940637595507,144715
720575941503746866,720575940620111006,521988
720575941452051015,720575940621825518,153928
720575941552283163,720575940647577140,96390
720575941542357765,720575940623815155,805986
720575941405122672,720575940607332297,106239
720575941462152388,720575940620664559,198223
720575941599139264,720575940627107271,420561
720575941643279442,720575940614749334,21992
720575941624313852,720575940636772238,189759
720575941579841013,720575940606482110,24184
720575941495377280,720575940628097149,60163
720575941426470996,720575940631844939,30874
720575941569655028,720575940624660313,20249
720575941644598392,720575940624260681,148184
720575941435243296,720575940622493322,37603
720575941626516618,720575940641366224,114139
720575941591772523,720575940621645829,150527
720575941497369673,720575940628001352,64382
720575941504015191,720575940609138898,14890
720575941611690204,720575940631064631,63087
720575941563006720,720575940623007159,119304
720575941451883898,720575940618561254,528974
720575941533790442,720575940621300102,62363
720575941530376888,720575940616721921,147404
720575941507974178,720575940621240302,90122
720575941513218115,720575940619081198,114041
720575941516922259,720575940629678331,513168
720575941475634538,720575940623721195,903739
720575941470776331,720575940622081306,521085
720575941553871495,720575940614000849,534140
720575941512808259,720575940621066776,13999
720575941533167850,720575940616875532,68242
720575941655949780,720575940612937970,68652
720575941574438907,720575940632462500,1051296846
720575941490607925,720575940637236878,524941
720575941614244883,720575940630495685,131119
720575941569313394,720575940630004792,138225
720575941547289633,720575940630574895,151820
720575941438231359,720575940647436340,46179
720575941443251626,720575940615188586,126153
720575941537984739,720575940621279408,34775
720575941632358853,720575940619628270,146652
720575941464177677,720575940655650721,126796
720575941565418503,720575940631952215,106528
720575941430760841,720575940632769361,102327
720575941662946684,720575940611098330,143319
720575941523409143,720575940631211372,199186
720575941524227940,720575940615076418,809538
720575941655247833,720575940618792773,551129
720575941632291515,720575940630313338,41697
720575941554822401,720575940620028982,99592
720575941670206631,720575940610681714,517749
720575941498716745,720575940630648576,525568
720575941691045784,720575940621641131,84532
720575941564867840,720575940618285529,550425
720575941614042009,720575940617548884,56919
720575941571992221,720575940621623137,193710
720575941526806950,720575940619043413,62557
720575941577785169,720575940609620693,147855
720575941431254743,720575940627646280,23479
720575941559324019,720575940621075482,98208
720575941439072812,720575940613596397,134127
720575941522247415,720575940614844994,163672
720575941474495537,720575940610100466,813310
720575941550548340,720575940631626255,210095
720575941475533371,720575940629811574,94239
720575941610613724,720575940625329029,814642
720575941438852187,720575940627621628,813789
720575941483067590,720575940626021052,136957
720575941580046417,720575940618428741,151454
720575941535286282,720575940610758314,64201
720575941602816502,720575940628311464,100087
720575941689318040,720575940613963951,526851
720575941505095703,720575940619040513,84301
720575941631861947,720575940620827730,519786
720575941685985519,720575940620338159,95613
720575941439925339,720575940652185846,106366
720575941565139607,720575940627694824,95150
720575941624972955,720575940625512683,42588
720575941525514829,720575940620237648,87118
720575941643654757,720575940625099853,512873
720575941631558626,720575940627944202,85893
720575941474707242,720575940618336769,66002
720575941567007335,720575940621642017,86090
720575941583852383,720575940633155609,109048
720575941537464547,720575940617112693,80538
720575941574738063,720575940643972631,512452
720575941488656332,720575940622436980,811554
720575941560549491,720575940629742718,37497
720575941514041923,720575940625313636,806845
720575941439565023,720575940629419831,813531
720575941533912586,720575940628995088,135752
720575941477338474,720575940613384913,94106
720575941412907887,720575940634982681,76197
720575941544177852,720575940626906942,516394
720575941554055707,720575940650330233,182033
720575941533365426,720575940627534223,85961
720575941559520557,720575940607564809,58006
720575941520153783,720575940627269562,580251
720575941603359166,720575940623422344,129325
720575941449210293,720575940611550701,820877
720575941402374179,720575940646594851,535402
720575941471932000,720575940624615659,84387
720575941492373479,720575940616383389,11084
720575941547426228,720575940625148600,109378
720575941565576967,720575940626754968,107949
720575941570681758,720575940620688110,111318
720575941564215040,720575940618782599,62860
720575941572011785,720575940612010961,807080
720575941510694416,720575940625237891,902287
720575941481419718,720575940622861971,95707
720575941413308561,720575940631654713,817174
720575941624816586,720575940627297608,45792
720575941579621969,720575940617640821,580780
720575941655611609,720575940645000648,202625
720575941502416267,720575940622153136,99573
720575941459256304,720575940621260641,542284
720575941561047853,720575940619120037,101072
720575941551300670,720575940623934955,813295
720575941564268183,720575940621454501,104661
720575941479198432,720575940624663788,811583
720575941488211253,720575940607040981,27043
720575941614543891,720575940628587207,82519
720575941493616327,720575940622805700,207192
720575941625491146,720575940625925168,110049
720575941593317590,720575940627391473,807912
720575941554466970,720575940607708873,72485
720575941546446441,720575940613440618,855495
720575941618516095,720575940633272657,129937
720575941661952892,720575940611355512,188679
720575941497157504,720575940622257985,158367
720575941508630544,720575940632016911,80966
720575941508254674,720575940629676857,806988
720575941610795622,720575940633888910,91340
720575941603662777,720575940627592977,72812
720575941605475774,720575940619655814,815347
720575941552224062,720575940622253704,47241
720575941454673715,720575940618984571,151842
720575941671590567,720575940628781527,64140
720575941477381684,720575940606350526,512949
720575941477641322,720575940627107843,25377
720575941651267313,720575940619753419,68120
720575941456484333,720575940648124292,30400
720575941539280882,720575940621700190,108277
720575941492312039,720575940621589230,188949
720575941583859807,720575940622786840,103602
720575941626220187,720575940629968463,182226
720575941517885806,720575940635296760,112483
720575941513353681,720575940608677641,526549
720575941494278855,720575940613669784,102385
720575941559005229,720575940628369418,94703
720575941428004180,720575940632735140,70180
720575941560612979,720575940619997342,519693
720575941469877981,720575940624387992,811123
720575941484623426,720575940627024134,60526
720575941518573996,720575940622346522,550906
720575941526978562,720575940619969483,69741
720575941574308347,720575940630656311,86780
720575941467541014,720575940631237135,81880
720575941411270767,720575940653362166,177838
720575941518897836,720575940630239102,51048
720575941457244909,720575940627140610,45645
720575941499050057,720575940630312130,71581
720575941534930610,720575940647325731,529817
720575941536159242,720575940611117425,550697
720575941478591338,720575940621572443,44038
720575941432598743,720575940620679244,115451
720575941484544141,720575940615035699,97545
720575941662052920,720575940617884244,124680
720575941567456626,720575940634702743,806893
720575941490244809,720575940629959698,73544
720575941549786913,720575940617916445,90542
720575941439799359,720575940629462022,512792
720575941644756088,720575940640966541,127334
720575941519855982,720575940627780629,120711
720575941547817652,720575940606562481,110744
720575941542746972,720575940638416361,27898
720575941517956462,720575940627300485,53551
720575941540599933,720575940619090529,143275
720575941534104298,720575940646764579,815474
720575941495748731,720575940635462757,806818
720575941616189141,720575940630852396,99784
720575941652590809,720575940646095982,81039
720575941477436702,720575940610885330,45467
720575941652170001,720575940617468811,94204
720575941603845305,720575940622646980,199167
720575941638740597,720575940618782021,116704
720575941480122347,720575940620831949,906074
720575941604451830,720575940626233290,540436
720575941575146127,720575940612365169,32143
720575941562009856,720575940634801263,904325
720575941475462430,720575940637748669,138265
720575941411485867,720575940617454197,28304
720575941559355693,720575940638844504,532304
720575941688255727,720575940638440158,91010
720575941351260208,720575940614772399,100526
720575941408923439,720575940636950373,102626
720575941561517224,720575940625958192,108078
720575941462523149,720575940612843634,515499
720575941632259259,720575940634726079,179974
720575941505945413,720575940630037071,109250
720575941589278348,720575940609766667,516414
720575941429224623,720575940641322485,165543
720575941504352962,720575940625493604,238044
720575941575721817,720575940623066126,905218
720575941631648955,720575940606785481,101460
720575941521208567,720575940628819196,80451
720575941393974422,720575940616260930,153396
720575941598905385,720575940621810949,125930
720575941581318265,720575940638418621,158987
720575941506469541,720575940612829663,542169
720575941574279606,720575940624813547,99125
720575941612584294,720575940620597696,83596
720575941546336444,720575940608211268,47732
720575941429671928,720575940635124075,120092
720575941458978032,720575940632768204,544887
720575941438748351,720575940653592225,911658
720575941679409341,720575940632455272,93725
720575941574739976,720575940616260497,137019
720575941624542346,720575940612407409,127815
720575941574517001,720575940631206711,147933
720575941499105249,720575940619268312,31047
720575941557507443,720575940616809740,546312
720575941653674969,720575940608386827,97100
720575941613834771,720575940630997096,113818
720575941514477379,720575940640024398,559636
720575941611987885,720575940624027539,34538
720575941411546001,720575940614462879,188093
720575941733043499,720575940621733030,173941
720575941451877242,720575940632293823,81919
720575941494742215,720575940624164791,97854
720575941459803974,720575940610226500,545552
720575941522572791,720575940616198486,129202
720575941650880241,720575940621890840,72320
720575941400228643,720575940641187024,28134
720575941500165282,720575940607259913,122750
720575941616701141,720575940625148505,809891
720575941474430506,720575940620285131,227218
720575941443254954,720575940614811089,50555
720575941547368628,720575940640687056,193125
720575941656458520,720575940627377607,38465
720575941491475916,720575940628748560,177096
720575941521713843,720575940608186242,125697
720575941441636047,720575940624933476,108433
720575941520924087,720575940620096518,20476
720575941571699016,720575940617602843,500004
720575941643095969,720575940635653880,563981
720575941590787724,720575940622825989,73752
720575941506386236,720575940617444219,57425
720575941526524772,720575940653426422,52565
720575941542867804,720575940630710231,162737
720575941504263874,720575940625552280,105671
720575941391207574,720575940622388318,44668
720575941507577669,720575940637367012,104243
720575941564748598,720575940627938314,121000
720575941478201409,720575940626185353,810296
720575941442352591,720575940632726732,517970
720575941639153781,720575940627959634,119407
720575941414847892,720575940616913369,548537
720575941430781065,720575940615665986,100687
720575941541610076,720575940629202391,811273
720575941680340157,720575940619602311,807417
720575941405255792,720575940627810921,88813
720575941644547704,720575940621518218,166049
720575941457619359,720575940640645584,806319
720575941680785341,720575940631139615,102358
720575941552883774,720575940627703976,530467
720575941574136840,720575940615669109,908892
720575941587293508,720575940620937675,82211
720575941687240460,720575940624220621,45875
720575941515790595,720575940640170659,66266
720575941498493563,720575940630541399,813083
720575941586973918,720575940608978901,135148
720575941592758891,720575940632924717,256317
720575941653784081,720575940639960408,515200
720575941574125455,720575940634096496,84944
720575941670300122,720575940645680407,814977
720575941479855840,720575940632998957,118607
720575941544228101,720575940625657530,179461
720575941512518723,720575940614685243,807377
720575941659422288,720575940617831169,63047
720575941536573706,720575940620669400,69552
720575941732597291,720575940639942205,113815
720575941584623326,720575940606499017,112470
720575941537711253,720575940618342329,66094
720575941566465326,720575940612156968,99582
720575941544834492,720575940613268963,79254
720575941582799967,720575940617992678,54174
720575941574610683,720575940613921763,529067
720575941409053614,720575940639225397,540510
720575941660528952,720575940618677893,108243
720575941506459415,720575940606505574,125250
720575941560907123,720575940623047901,163034
720575941527161881,720575940621964326,159462
720575941594749221,720575940627011605,43781
720575941589481028,720575940613843570,556048
720575941589548428,720575940632634252,22038
720575941662555192,720575940617982209,107420
720575941630478818,720575940617349819,525519
720575941431835150,720575940643830984,78939
720575941558985843,720575940606040492,152737
720575941500680843,720575940637835182,68673
720575941448764750,720575940634583959,52887
720575941536148929,720575940634975644,332251
720575941480688835,720575940630846715,140563
720575941406558382,720575940630118700,171596
720575941537011861,720575940604182374,81697
720575941521278391,720575940624763891,36621
720575941498838497,720575940612064997,73536
720575941602126265,720575940621307887,132027
720575941653601236,720575940623846413,545503
720575941564583010,720575940624057608,81844
720575941558698285,720575940625993656,45455
720575941470951232,720575940630201401,48240
720575941614271507,720575940635660280,209028
720575941439761727,720575940622879749,198084
720575941630549920,720575940614676341,805854
720575941573916923,720575940638738035,184327
720575941481122690,720575940623444604,31398
720575941703571418,720575940633571810,91459
720575941455148083,720575940632649567,58860
720575941550503741,720575940630138215,94317
720575941430741719,720575940632760933,83158
720575941657915672,720575940615995649,318691
720575941611918765,720575940622510606,811230
720575941581063289,720575940632559582,71313
720575941578884177,720575940625075464,64564
720575941536953370,720575940631953479,546956
720575941515909379,720575940620102872,58347
720575941479472258,720575940618878401,808800
720575941438885138,720575940626559490,64701
720575941549176609,720575940613591449,11939
720575941625701002,720575940626479562,60412
720575941490909134,720575940630065720,95850
720575941426067540,720575940636789861,56047
720575941604111606,720575940622408542,124796
720575941577056501,720575940622351996,823869
720575941611983334,720575940619743152,27132
720575941493765552,720575940621399472,162743
720575941680575677,720575940626825744,144453
720575941504076453,720575940624199421,85802
720575941552401691,720575940640767859,149045
720575941579999097,720575940627335549,217461
720575941449201501,720575940628014391,21696
720575941480372098,720575940615044136,46014
720575941415356700,720575940624937316,32168
720575941430755721,720575940641688016,905714
720575941507472990,720575940618869814,137954
720575941478735523,720575940627061178,513614
720575941478113386,720575940608895427,131114
720575941439484895,720575940622755589,94438
720575941624290762,720575940646432388,93103
720575941477488234,720575940622258458,49999
720575941514243321,720575940613016547,56097
720575941453009991,720575940612019569,140034
720575941560320527,720575940626024537,60784
720575941612866835,720575940627910908,149331
720575941598904512,720575940609815620,38806
720575941437910751,720575940616595515,135101
720575941515882499,720575940629739068,202754
720575941569227378,720575940622127856,102415
720575941732917035,720575940612483278,86600
720575941412212847,720575940659896449,94953
720575941500153483,720575940632154439,107417
720575941489804750,720575940621116510,818553
720575941453034921,720575940622737555,211412
720575941668783091,720575940632589139,150668
720575941680472765,720575940613099938,60976
720575941600188201,720575940632704339,54220
720575941528983992,720575940630611194,804975
720575941543607557,720575940628404977,113365
720575941404604784,720575940636687461,144492
720575941722542906,720575940611773538,548750
720575941497781217,720575940639614579,61960
720575941565391202,720575940615823666,29677
720575941559401517,720575940631264042,35130
720575941502983659,720575940633879853,87903
720575941409994863,720575940632395987,75689
720575941604740030,720575940637610468,116412
720575941589636407,720575940652685046,547708
720575941533745539,720575940612128098,30090
720575941522412107,720575940627051536,133729
720575941631471586,720575940631376983,90326
720575941498618235,720575940638115817,49777
720575941482637251,720575940632909651,145737
720575941626395291,720575940624314119,108644
720575941691186907,720575940618258617,149775
720575941565392391,720575940622428087,59872
720575941442171599,720575940623478908,130553
720575941490189257,720575940619590603,552710
720575941549826420,720575940628388178,96487
720575941551751679,720575940621172044,525990
720575941645600456,720575940618779527,43077
720575941438031890,720575940615980801,67176
720575941438784274,720575940622925300,91101
720575941430909025,720575940620774388,820670
720575941499171809,720575940603893216,38274
720575941592754472,720575940625588884,120417
720575941492147431,720575940617739088,160041
720575941557948964,720575940616303774,240709
720575941515971843,720575940636939383,177667
720575941437308716,720575940605494560,811268
720575941391843222,720575940654956449,55943
720575941438441746,720575940620930030,106261
720575941640931615,720575940632246083,74472
720575941462249104,720575940633916814,132212
720575941499083081,720575940622794623,34144
720575941480338595,720575940629078775,51750
720575941521893299,720575940655131809,77690
720575941498077346,720575940609844451,90651
720575941585696734,720575940635530687,30721
720575941628346425,720575940611497898,77378
720575941512277580,720575940640991952,102126
720575941604210873,720575940637381488,15834
720575941575123087,720575940614289361,132015
720575941513935363,720575940622557260,129166
720575941625813659,720575940619580120,103026
720575941583859846,720575940613099560,124270
720575941508354064,720575940620529135,108295
720575941478528106,720575940621937178,91236
720575941572130632,720575940627442831,87424
720575941599037376,720575940620010409,21428
720575941434619534,720575940631960290,58408
720575941476638513,720575940625534345,93331
720575941535090202,720575940628570186,84189
720575941514998163,720575940624631530,239909
720575941408492591,720575940618569762,158877
720575941410579371,720575940607924098,161878
720575941407750062,720575940625615248,175308
720575941558078735,720575940612771697,81261
720575941578664793,720575940620284763,73847
720575941666274547,720575940626815076,535202
720575941471795467,720575940626372282,127526
720575941592943656,720575940615857691,20462
720575941608254061,720575940605435052,164890
720575941508909858,720575940643265677,559440
720575941555854337,720575940628229617,524110
720575941625974730,720575940622038182,20084
720575941456224237,720575940616224414,114391
720575941550896383,720575940620394689,818496
720575941534601921,720575940635070911,67877
720575941402400803,720575940625322227,175896
720575941480840355,720575940633233633,143485
720575941483744442,720575940609261892,42274
720575941469806091,720575940636298047,27276
720575941504650434,720575940634284444,83237
720575941506935646,720575940630483564,143624
720575941415068700,720575940618762525,125381
720575941604196793,720575940621512557,546537
720575941643178616,720575940632282680,127328
720575941592273003,720575940640414835,185276
720575941610134505,720575940633713306,89485
720575941429353903,720575940606807729,135185
720575941568832882,720575940631469452,812701
720575941587774007,720575940622116385,138753
720575941545007036,720575940622403819,121356
720575941593160999,720575940633825166,73500
720575941431370633,720575940617333249,22739
720575941549578100,720575940630420162,118566
720575941655408340,720575940640602685,89128
720575941572138235,720575940606548326,87524
720575941435387168,720575940624329146,113394
720575941555315027,720575940629889580,168893
720575941703324122,720575940642329140,73073
720575941479787906,720575940631975379,167235
720575941461881488,720575940624806152,544594
720575941411616683,720575940620058433,550762
720575941679160765,720575940620582747,172451
720575941644674642,720575940624013237,185755
720575941652424433,720575940620917231,541654
720575941631471520,720575940630086095,154210
720575941533402200,720575940629745463,149415
720575941575330959,720575940614298474,570381
720575941540064205,720575940629329051,192128
720575941480450639,720575940630223042,81777
720575941514980698,720575940635622039,98430
720575941722096186,720575940624725226,521014
720575941603825337,720575940624673936,70236
720575941524296779,720575940621778381,440899
720575941518069102,720575940620544895,138777
720575941514278243,720575940607934300,128615
720575941564797847,720575940612806809,819855
720575941624663916,720575940640420174,50482
720575941434052896,720575940655245729,82949
720575941638577525,720575940629522426,69747
720575941566493031,720575940619392891,820936
720575941565560071,720575940635556270,47000
720575941654389721,720575940618460957,513816
720575941552465919,720575940611496750,548269
720575941524718667,720575940633753695,191052
720575941522581579,720575940617083148,186452
720575941564332598,720575940635582399,140728
720575941414445716,720575940620187051,129369
720575941575021469,720575940613500825,516489
720575941440401493,720575940610637786,43496
720575941592911144,720575940636534373,524629
720575941519247027,720575940615129762,109529
720575941669635239,720575940639636806,69576
720575941490976713,720575940631057664,84432
720575941611792361,720575940640264253,153136
720575941439703131,720575940628452986,151079
720575941611182566,720575940623874451,526892
720575941487303120,720575940631517202,64635
720575941500700139,720575940615634875,128640
720575941441816923,720575940625535621,63100
720575941506516037,720575940623715622,176116
720575941521228215,720575940610593971,92987
720575941566065047,720575940606345649,99685
720575941670513841,720575940641289205,544115
720575941565404055,720575940630172922,122653
720575941542899804,720575940615597730,514968
720575941537076456,720575940624676071,17706
720575941645140856,720575940614046687,186373
720575941542988805,720575940631883320,92685
720575941490808265,720575940625788056,44948
720575941413091988,720575940605977265,115783
720575941577104985,720575940632292882,41389
720575941542567453,720575940625379854,162717
720575941490524620,720575940625278820,815149
720575941480926850,720575940621094593,169142
720575941601972982,720575940607520777,513732
720575941463010192,720575940621659630,150242
720575941534221594,720575940615442847,146564
720575941690780123,720575940614476199,142124
720575941652219665,720575940647109428,61470
720575941480920450,720575940620744925,211024
720575941561499560,720575940635051188,95629
720575941529257348,720575940627062683,32988
720575941702483930,720575940625720762,26867
720575941568023410,720575940605149118,122765
720575941460578448,720575940621342902,107849
720575941432766990,720575940620542746,514049
720575941598979008,720575940631978956,214129
720575941535858147,720575940631448716,96942
720575941408845871,720575940627503635,57627
720575941598873244,720575940623784206,545023
720575941459899206,720575940608636169,244456
720575941457704863,720575940610000602,807880
720575941687115759,720575940615922971,111531
720575941574506383,720575940624562952,912510
720575941459367494,720575940619069765,69562
720575941454909933,720575940624633639,159504
720575941610407498,720575940629769086,65217
720575941461067408,720575940653606134,100088
720575941691448984,720575940616753894,125915
720575941557597348,720575940633848787,158225
720575941652251409,720575940622351338,152466
720575941553706138,720575940604790444,170364
720575941477248305,720575940633813309,148830
720575941590689932,720575940626091778,48230
720575941525588249,720575940646148462,28375
720575941448316509,720575940628320811,66055
720575941540092797,720575940622718302,79008
720575941611356589,720575940630693175,90977
720575941517302956,720575940625554407,28624
720575941547771965,720575940610838136,107912
720575941532251877,720575940623125759,95046
720575941731173675,720575940621799551,61010
720575941496610683,720575940612707989,99041
720575941662192440,720575940615242764,37894
720575941427672148,720575940607734194,177262
720575941667955121,720575940640413091,157141
720575941679679677,720575940624299005,122669
720575941650192917,720575940626853220,150125
720575941732513579,720575940612556402,909597
720575941502374123,720575940626475858,99394
720575941438567253,720575940608625419,376785
720575941559461165,720575940635621783,94147
720575941505770565,720575940613912487,87428
720575941510632464,720575940611239378,151540
720575941565225831,720575940627080975,44412
720575941458679536,720575940612109235,62392
720575941644521554,720575940626974666,526758
720575941573013755,720575940620873665,88388
720575941584809055,720575940629802139,97723
720575941551993735,720575940633135070,66192
720575941653843729,720575940632907091,515466
720575941606145133,720575940624704002,100237
720575941504319319,720575940632365905,802284
720575941541226076,720575940616476646,88965
720575941519144620,720575940618186269,66482
720575941475516446,720575940636918639,127404
720575941529941176,720575940631571247,45208
720575941481232070,720575940631417081,114476
720575941554042651,720575940623150813,63892
720575941605830509,720575940628810539,139791
720575941553368833,720575940624547315,163109
720575941654093073,720575940622808575,29957
720575941430188792,720575940638333759,41788
720575941631378146,720575940627760906,29856
720575941499230177,720575940635814512,155238
720575941549814846,720575940618680000,805805
720575941526478212,720575940626279973,97989
720575941501374699,720575940652186102,102578
720575941427572308,720575940627015686,912163
720575941528343718,720575940621283760,20320
720575941429481865,720575940631934039,119913
720575941566002230,720575940606635953,89584
720575941435864206,720575940627921418,151130
720575941489910990,720575940625933901,105104
720575941574169704,720575940615137804,801865
720575941480634242,720575940627423055,43245
720575941479675872,720575940620439209,84920
720575941624817148,720575940612788655,129264
720575941548231304,720575940627537832,85474
720575941413537425,720575940614654383,92715
720575941556298323,720575940631369815,575883
720575941515360346,720575940619672128,99130
720575941638732063,720575940610526147,135015
720575941486270214,720575940636000666,116178
720575941534192138,720575940627863016,139189
720575941451792711,720575940624678733,516459
720575941539030909,720575940609579019,26016
720575941521308343,720575940635449439,38556
720575941584924767,720575940632190023,197934
720575941490623182,720575940645106723,84239
720575941640996895,720575940619992011,74674
720575941639848309,720575940615770811,932545
720575941554842852,720575940641583835,88352
720575941575602870,720575940628669739,97440
720575941545165829,720575940627907736,168786
720575941594334321,720575940636841023,47910
720575941494527175,720575940627686942,68791
720575941663702140,720575940615221811,127203
720575941611502154,720575940636197483,119303
720575941498338939,720575940613462579,89493
720575941668318963,720575940607168523,823065
720575941552039167,720575940616231355,146805
720575941466584150,720575940629101386,164398
720575941572047099,720575940630862587,174816
720575941498876027,720575940620767252,18510
720575941660993080,720575940632689433,82254
720575941545334408,720575940607438805,809982
720575941535469490,720575940617405835,549813
720575941566757678,720575940615830228,57838
720575941536179432,720575940625516121,95921
720575941468286429,720575940632736081,125593
720575941415163676,720575940629771308,34919
720575941477386801,720575940620688148,180225
720575941578246901,720575940615890399,79103
720575941627803705,720575940632643667,119916
720575941650500629,720575940623455612,143643
720575941408827695,720575940605350066,257650
720575941468720139,720575940613113325,932780
720575941489048885,720575940626462768,125603
720575941575125608,720575940620060757,146216
720575941448787381,720575940633459501,65024
720575941568694062,720575940647056163,75405
720575941409598891,720575940626804757,29525
720575941562395816,720575940625294217,108860
720575941563837608,720575940632319032,543814
720575941656789784,720575940614528749,154851
720575941535945498,720575940620423533,52793
720575941470941559,720575940631926595,533599
720575941519367091,720575940615490450,130448
720575941613463004,720575940626196456,87940
720575941526526052,720575940612646826,122232
720575941550259967,720575940622451197,74258
720575941553418724,720575940627293483,815564
720575941351664688,720575940622078934,112369
720575941545684924,720575940630671734,821001
720575941517388460,720575940650193529,85500
720575941450361422,720575940639758195,106867
720575941459184543,720575940644636183,93673
720575941537842664,720575940629579836,265747
720575941609783626,720575940623618999,124581
720575941611284201,720575940617020614,143851
720575941473416288,720575940623631507,113213
720575941553624199,720575940633451980,142013
720575941518535603,720575940615824011,809510
720575941412615791,720575940607206066,60253
720575941507630174,720575940621306211,54519
720575941478992746,720575940628694471,147095
720575941458376432,720575940629044123,513313
720575941475292987,720575940633623522,548451
720575941474435889,720575940627067847,816286
720575941511496146,720575940629201423,154509
720575941505021378,720575940638935424,550585
720575941429683192,720575940624218665,165786
720575941703053530,720575940626802736,209285
720575941624808188,720575940615271124,914604
720575941504258839,720575940622135718,149497
720575941574989832,720575940622072560,149150
720575941448389813,720575940630045740,162950
720575941598166976,720575940603331686,21966
720575941535377642,720575940618477806,24874
720575941526261092,720575940626919579,907387
720575941615255193,720575940608296917,154101
720575941484692365,720575940619072592,141835
720575941552237567,720575940622878302,517062
720575941547159732,720575940614099818,811031
720575941517550958,720575940625163651,167334
720575941564680704,720575940614552470,107875
720575941622663420,720575940629333403,103325
720575941579933429,720575940621723124,555163
720575941554056193,720575940621350565,114800
720575941401538851,720575940612583091,259845
720575941468264726,720575940632792657,88954
720575941593947249,720575940628399493,104278
720575941586067334,720575940645448756,202506
720575941550001012,720575940639251278,550700
720575941563140608,720575940614706082,136068
720575941731828779,720575940624000263,84555
720575941547331508,720575940621796988,136139
720575941499537993,720575940623398185,97438
720575941654167825,720575940644828452,195492
720575941549963892,720575940616783361,136513
720575941684900335,720575940612920386,25243
720575941548303137,720575940627016762,56280
720575941510251024,720575940621938857,557109
720575941504862658,720575940627948028,29285
720575941556352420,720575940615573365,802776
720575941505780293,720575940624374013,30910
720575941663837308,720575940631109883,536603
720575941431354543,720575940609401283,163347
720575941540942461,720575940622526204,124491
720575941498978210,720575940624547878,110216
720575941498151547,720575940624053321,157801
720575941481120198,720575940625844664,145563
720575941579897845,720575940628171068,531756
720575941516134915,720575940626815004,539131
720575941467225430,720575940614748562,525800
720575941688985612,720575940626310568,529339
720575941732333355,720575940632401804,14282
720575941408671279,720575940626429383,43814
720575941507765121,720575940632586297,103447
720575941547812532,720575940645659684,17324
720575941525484802,720575940620122465,59071
720575941575392009,720575940646073879,65663
720575941470430016,720575940620361131,76418
720575941526614884,720575940616880667,59234
720575941732085291,720575940637980725,167563
720575941490042057,720575940626866020,175582
720575941542820956,720575940615198058,66828
720575941567695866,720575940612206771,66608
720575941429525463,720575940627595281,811189
720575941723835706,720575940606204262,529442
720575941499028859,720575940655352993,152209
720575941599036352,720575940625119625,307621
720575941474703665,720575940630067816,71970
720575941591585420,720575940623637469,68369
720575941432328801,720575940635516314,134385
720575941504846396,720575940647862324,106295
720575941540151933,720575940611374810,133705
720575941610455782,720575940615972294,132527
720575941702948314,720575940612138725,52071
720575941493842096,720575940634665568,105310
720575941506763042,720575940628703249,27317
720575941539688284,720575940630694968,24471
720575941457999430,720575940607410562,113890
720575941496322529,720575940609962389,75242
720575941556043347,720575940633146705,206405
720575941540596605,720575940620565057,812835
720575941542685213,720575940618919069,544970
720575941535894499,720575940608295433,543545
720575941533403011,720575940621291636,150078
720575941624177610,720575940646004771,148226
720575941517455788,720575940632293346,272263
720575941540811868,720575940637731955,86565
720575941461617604,720575940611842770,79868
720575941436504096,720575940618560576,103875
720575941569866740,720575940626089502,35114
720575941506442556,720575940632724108,94061
720575941654025233,720575940606675646,174973
720575941537742741,720575940611471283,101368
720575941533621426,720575940632502543,98730
720575941451801466,720575940630484930,41466
720575941439215404,720575940613340113,56997
720575941681205693,720575940629233145,53250
720575941451090510,720575940647389236,148014
720575941574862735,720575940620212103,80384
720575941668013745,720575940623955592,134950
720575941609404077,720575940630553484,808408
720575941556763876,720575940608195762,44572
720575941455353395,720575940637744752,526097
720575941670213041,720575940627683471,522922
720575941441245631,720575940642413604,520013
720575941438764562,720575940646380654,130870
720575941565178934,720575940626522184,69210
720575941509564626,720575940629304783,107340
720575941568044020,720575940620077990,138969
720575941689322392,720575940629854521,65314
720575941412622191,720575940627924501,55648
720575941509982930,720575940628981035,126895
720575941584988638,720575940615207847,138541
720575941497844642,720575940629369722,151196
720575941611314409,720575940639961397,196773
720575941652346897,720575940629724519,112528
720575941548569917,720575940629873018,93374
720575941581683039,720575940630039180,807619
720575941658247960,720575940628250823,50172
720575941513827427,720575940615816863,149488
720575941506858821,720575940622928739,67576
720575941535456434,720575940625208653,57937
720575941427262292,720575940621786250,21203
720575941529427915,720575940645689710,112945
720575941578161241,720575940607174409,44709
720575941402014499,720575940625402501,51138
720575941480760288,720575940632524103,127499
720575941475127850,720575940631730937,110513
720575941586210438,720575940647060532,108429
720575941414218644,720575940623892777,78886
720575941565968182,720575940606013356,231323
720575941643059832,720575940632957727,74057
720575941640941599,720575940630374871,534678
720575941545412613,720575940624975859,158069
720575941497688033,720575940621178221,89734
720575941495133127,720575940629167515,34518
720575941502791986,720575940622704922,83554
720575941622655228,720575940631928376,128911
720575941631921851,720575940621668955,77452
720575941614172435,720575940631099679,100945
720575941574129807,720575940628787052,87202
720575941549445236,720575940617810210,60548
720575941608136522,720575940625895708,813127
720575941526222338,720575940627709565,76866
720575941566041646,720575940629097259,76090
720575941456679661,720575940629248374,815680
720575941439788095,720575940622315754,166232
720575941651841041,720575940616746546,46529
720575941590447415,720575940629596521,60825
720575941577715701,720575940628275528,138307
720575941594831574,720575940646810420,51992
720575941653762772,720575940612682902,137636
720575941511444434,720575940633107607,520786
720575941627728934,720575940623576458,137648
720575941477919262,720575940626228057,808786
720575941483260102,720575940630250833,99755
720575941593320487,720575940644292631,82823
720575941414638225,720575940624880055,206712
720575941571768136,720575940621833096,104820
720575941460720784,720575940630600314,102864
720575941508364048,720575940628654223,29927
720575941561305133,720575940640059008,109727
720575941549762849,720575940628926724,516929
720575941478484842,720575940618595046,82534
720575941659770680,720575940642686999,805288
720575941540064973,720575940633226067,116209
720575941574669725,720575940645450548,100773
720575941594630001,720575940615757418,100826
720575941469386717,720575940626715952,107446
720575941549157409,720575940640610256,140977
720575941577866577,720575940633523916,105850
720575941619765887,720575940632128018,575866
720575941434819616,720575940624858151,56606
720575941464932950,720575940622970394,54048
720575941530302136,720575940617542841,207758
720575941610344550,720575940627316764,86935
720575941610042029,720575940622102182,806951
720575941521342135,720575940629132288,87728
720575941487096838,720575940634922859,531798
720575941504516802,720575940631916205,129500
720575941596975004,720575940641613557,125597
720575941515765241,720575940617035276,34839
720575941514903642,720575940613967778,806827
720575941352791856,720575940627777960,42318
720575941532803160,720575940624991527,813473
720575941437652703,720575940623660740,36390
720575941703555290,720575940632538157,211255
720575941600999977,720575940630928697,118320
720575941662422584,720575940615770380,188561
720575941643331960,720575940638566744,50489
720575941460125248,720575940612887080,811305
720575941616312789,720575940660816769,118027
720575941461192132,720575940631143383,69077
720575941508514945,720575940627509562,25670
720575941437757503,720575940620572737,122364
720575941643733093,720575940644854052,92941
720575941437096466,720575940637111012,40718
720575941569669278,720575940642427789,819840
720575941439159381,720575940632928173,806356
720575941459803347,720575940621080559,188670
720575941611031785,720575940621125255,59237
720575941563142056,720575940614310050,904576
720575941502130571,720575940613802090,75011
720575941541026652,720575940642687904,158782
720575941626353290,720575940626831705,58500
720575941560565107,720575940624339228,62326
720575941630010662,720575940623048993,75001
720575941541364316,720575940627727016,165089
720575941651920405,720575940616150634,32123
720575941690841819,720575940624776206,59939
720575941509541330,720575940627518269,162808
720575941437604693,720575940627080872,147901
720575941511087692,720575940627806616,808815
720575941645604984,720575940650842745,74524
720575941691632280,720575940631991749,153614
720575941482978246,720575940608675797,115461
720575941641151519,720575940623723814,544419
720575941514519130,720575940640646029,94443
720575941430104713,720575940614803103,813262
720575941593138134,720575940635760632,82121
720575941572137737,720575940637906365,805001
720575941566490158,720575940627543061,170779
720575941571922760,720575940632180909,165374
720575941685953263,720575940624986810,125548
720575941607262573,720575940627401353,77480
720575941516776558,720575940623363598,535128
720575941642560161,720575940614266229,802314
720575941465691414,720575940615497383,68262
720575941536934371,720575940624786616,52301
720575941514758467,720575940632114755,107482
720575941573717135,720575940623978239,64909
720575941554337563,720575940630692546,95537
720575941596651909,720575940620121223,84205
720575941547895944,720575940633615585,146779
720575941657858328,720575940657810561,519514
720575941491214286,720575940649756281,126855
720575941549427967,720575940622040419,194044
720575941478563552,720575940622974973,157759
720575941657128016,720575940610184654,138630
720575941634397627,720575940617651829,68170
720575941558487076,720575940622547208,129180
720575941579876341,720575940618424405,165331
720575941535753450,720575940621678529,91338
720575941554257306,720575940625183502,129446
720575941661142584,720575940625438188,123867
720575941394103190,720575940627577105,121708
720575941476693610,720575940622609669,89592
720575941572577288,720575940642618843,553397
720575941508543582,720575940632619172,513350
720575941669391537,720575940623174953,64107
720575941656680784,720575940603820716,237713
720575941586700254,720575940610200217,815569
720575941514924122,720575940627284935,810828
720575941615334553,720575940618947230,101155
720575941604021238,720575940621759215,92399
720575941527121666,720575940632174527,51977
720575941609390182,720575940631244335,807847
720575941458856262,720575940625522068,51888
720575941525335810,720575940617682945,130873
720575941500229282,720575940619452795,581133
720575941624779116,720575940620707916,88078
720575941417147676,720575940631579211,56652
720575941578229237,720575940622067717,135293
720575941584963167,720575940633313943,69936
720575941527264025,720575940633251629,535734
720575941580693881,720575940628115561,148035
720575941543136285,720575940660912001,569835
720575941414840724,720575940613603350,65474
720575941616042278,720575940615294058,516470
720575941432608270,720575940611201998,102491
720575941479091363,720575940631755339,47979
720575941434752544,720575940620327956,123626
720575941443083434,720575940621405318,79699
720575941526697316,720575940618567681,569576
720575941474784049,720575940617409083,48439
720575941548257140,720575940626923530,93073
720575941452410234,720575940646059630,92705
720575941514411267,720575940655749793,142992
720575941499512801,720575940627921924,515004
720575941650138901,720575940620112007,119586
720575941479480483,720575940608528341,149504
720575941644818808,720575940640277592,534185
720575941441615551,720575940630668492,137190
720575941561288493,720575940629234427,130751
720575941627280697,720575940615803698,21942
720575941554574052,720575940633683757,144863
720575941504283954,720575940615620263,562685
720575941688509423,720575940620786113,813128
720575941690148315,720575940639274685,96856
720575941534264242,720575940625461534,78512
720575941487700533,720575940632078873,99955
720575941574407688,720575940629912567,94166
720575941655003353,720575940618250497,558758
720575941479495648,720575940639203654,93474
720575941508955090,720575940621588208,910661
720575941411248811,720575940623056653,92847
720575941597308060,720575940626378829,534396
720575941586522758,720575940612781226,541563
720575941461519556,720575940620736422,78189
720575941502831959,720575940616856971,516753
720575941562979479,720575940634548194,905631
720575941511745356,720575940630540023,146975
720575941514629267,720575940622932164,817206
720575941559802895,720575940621312751,179845
720575941439629503,720575940637836009,54142
720575941626194331,720575940631814927,129273
720575941535939043,720575940625903678,132402
720575941411621803,720575940621590918,117392
720575941390877444,720575940625900019,38544
720575941506699173,720575940630623819,98298
720575941514406291,720575940604982450,31466
720575941430097071,720575940604771174,823433
720575941470050827,720575940626095374,105817
720575941485813766,720575940622401462,49724
720575941537332451,720575940624000659,92210
720575941528277380,720575940608893623,16051
720575941533713642,720575940639155689,71428
720575941593226859,720575940621336173,89980
720575941609462886,720575940638768868,809699
720575941489307854,720575940641816565,29679
720575941558486899,720575940624997095,153203
720575941555631780,720575940622305683,57782
720575941478584288,720575940623073050,149143
720575941593919365,720575940629292281,822037
720575941479726560,720575940629450622,146774
720575941475189290,720575940635370932,221545
720575941456696813,720575940630989879,92462
720575941489066697,720575940613490026,118474
720575941538457549,720575940608853003,200667
720575941481255247,720575940631132471,530941
720575941486596674,720575940623667405,532028
720575941594635990,720575940621191333,73984
720575941502372235,720575940629457155,32433
720575941650575857,720575940608181890,69598
720575941550249471,720575940641404624,196858
720575941552685447,720575940652813217,804720
720575941661510456,720575940606485606,58779
720575941482505213,720575940637834867,138297
720575941483471290,720575940629935042,204032
720575941447986357,720575940636619621,123584
720575941596862144,720575940652820214,130386
720575941574683549,720575940629787244,912419
720575941572911944,720575940625092414,54261
720575941497338491,720575940628319335,805906
720575941393718166,720575940608999177,43822
720575941442121563,720575940619742144,147185
720575941653935121,720575940634477163,189861
720575941572891293,720575940613775331,61453
720575941679263677,720575940628730344,165161
720575941586585478,720575940610747182,575468
720575941399010595,720575940617532830,93388
720575941597027996,720575940633984941,125820
720575941473227360,720575940623415116,51800
720575941661648764,720575940613534361,78899
720575941732267051,720575940624227366,75499
720575941650733809,720575940624208520,80275
720575941535722218,720575940620821707,548327
720575941578217205,720575940631302956,143901
720575941503360855,720575940622518298,112001
720575941559273075,720575940629529088,807748
720575941538816461,720575940638895167,90121
720575941662582840,720575940627899751,47328
720575941438892351,720575940627117099,118308
720575941465190998,720575940630252764,547717
720575941465187670,720575940611917977,137944
720575941432824078,720575940617365597,552391
720575941574861711,720575940642594720,155587
720575941504433733,720575940622060426,98275
720575941353538352,720575940631379919,113334
720575941584066143,720575940627955397,903887
720575941533679898,720575940622665707,217430
720575941561706408,720575940621121473,150225
720575941538210965,720575940629960192,117040
720575941519781555,720575940631532303,63915
720575941462502413,720575940616633461,103161
720575941351388720,720575940635774327,139717
720575941439562175,720575940615013974,105174
720575941701487578,720575940646212660,112092
720575941614821651,720575940644245920,248649
720575941528056964,720575940634599615,816633
720575941492014567,720575940613568739,79398
720575941632471020,720575940618657088,106163
720575941449304142,720575940629078800,67070
720575941651760401,720575940612354711,69951
720575941593212456,720575940624263914,520359
720575941407926319,720575940627336548,133263
720575941573061022,720575940660321921,92458
720575941516475385,720575940618225997,133769
720575941438184978,720575940634444439,90239
720575941462243780,720575940623217251,163370
720575941685783564,720575940640224397,908543
720575941607948653,720575940611471218,67466
720575941402370851,720575940622205222,517126
720575941476358193,720575940650793206,110646
720575941569638900,720575940622692378,195134
720575941566461543,720575940637472613,815424
720575941549643838,720575940636700272,803815
720575941510611922,720575940639122239,811503
720575941559946478,720575940622825736,812456
720575941628194873,720575940618595558,13309
720575941484682562,720575940621538428,86173
720575941571816094,720575940616589888,71127
720575941505802821,720575940647820676,65261
720575941521542835,720575940635007257,524812
720575941486381709,720575940638447523,40170
720575941584082310,720575940631063749,79959
720575941490905545,720575940617045387,130247
720575941526970552,720575940619785566,808456
720575941526342402,720575940637657189,161648
720575941559070579,720575940616318779,55283
720575941390824854,720575940625244426,815826
720575941555165594,720575940622562654,143125
720575941431135663,720575940622883171,96504
720575941410655659,720575940609759427,116922
720575941512910412,720575940615066591,149232
720575941486845648,720575940623497653,83467
720575941525876505,720575940627715706,60313
720575941474658602,720575940625230323,106933
720575941609289290,720575940633830701,79957
720575941574240950,720575940617216441,52042
720575941439120172,720575940623135587,124220
720575941514845283,720575940618700573,124055
720575941593008168,720575940626661382,17433
720575941516388186,720575940608395100,553319
720575941515849315,720575940626186512,35520
720575941574330889,720575940625520217,63709
720575941667706289,720575940628589056,151422
720575941553085246,720575940625384683,139087
720575941556195300,720575940622142481,140847
720575941535154970,720575940638798141,904584
720575941481857978,720575940634391265,123837
720575941542335005,720575940606961929,98499
720575941544244668,720575940629379835,105072
720575941498588283,720575940611024281,164310
720575941582744927,720575940620030191,93141
720575941596114565,720575940628797512,76845
720575941691163288,720575940637652339,168995
720575941655346644,720575940633895138,556827
720575941547566772,720575940650129273,518256
720575941416310300,720575940618159429,133680
720575941545796457,720575940634332371,125624
720575941452665257,720575940619119921,30417
720575941549623585,720575940620641300,134897
720575941518977902,720575940623133636,117825
720575941644799649,720575940638468184,153513
720575941427786580,720575940632903628,172802
720575941563472808,720575940618875886,162170
720575941531771365,720575940604021425,151116
720575941526801252,720575940620930507,103248
720575941535775976,720575940627806986,127269
720575941657673552,720575940627444746,33420
720575941478467458,720575940621174192,802596
720575941460711635,720575940617342395,144037
720575941533864458,720575940623237523,136881
720575941536373002,720575940607375026,132401
720575941567090932,720575940626670869,49608
720575941567049575,720575940628806652,115831
720575941497824073,720575940628434248,142197
720575941538049256,720575940619903537,156565
720575941691093656,720575940643842340,910699
720575941613660636,720575940626206601,73337
720575941629796134,720575940629585602,153846
720575941628167225,720575940633695130,58093
720575941551149374,720575940630316375,142687
720575941496160384,720575940630589177,96165
720575941569983476,720575940616837716,173621
720575941669904561,720575940644596640,146186
720575941414307217,720575940627300410,542009
720575941502698123,720575940613338690,904338
720575941521332659,720575940643814816,25557
720575941551998782,720575940634637025,67305
720575941583208287,720575940615244690,133330
720575941593090088,720575940618677639,125636
720575941611698963,720575940633140435,813379
720575941463360525,720575940605786656,138483
720575941536461283,720575940622377142,12655
720575941474210144,720575940612314210,539557
720575941524158027,720575940630498811,148161
720575941651500561,720575940610522210,813057
720575941689203864,720575940618069531,151305
720575941560564462,720575940631024379,64954
720575941428033364,720575940618681122,108500
720575941536824346,720575940611619630,99472
720575941519316407,720575940623261320,74071
720575941730621483,720575940641215104,114379
720575941475209019,720575940615380639,36807
720575941511699154,720575940624605111,76147
720575941481069475,720575940610403448,540357
720575941391970710,720575940622909124,817502
720575941498985033,720575940624324708,806090
720575941411670929,720575940617843541,816812
720575941477951297,720575940627024926,138555
720575941532312707,720575940623952679,514279
720575941503635799,720575940630008783,817321
720575941544581481,720575940621014608,103191
720575941544694889,720575940639617443,97997
720575941611727021,720575940625426471,114792
720575941538714005,720575940623994762,92160
720575941545101673,720575940624057638,70214
720575941430007433,720575940628627432,141597
720575941430461432,720575940630652542,539123
720575941577667161,720575940627807761,152439
720575941526179842,720575940609412617,93282
720575941650889713,720575940621187148,105570
720575941608389194,720575940629666971,911592
720575941430694281,720575940621052325,86955
720575941492955568,720575940623093784,113048
720575941513652812,720575940612630642,110754
720575941450874746,720575940635120538,29350
720575941412487313,720575940632677090,58018
720575941496927906,720575940608619787,28612
720575941478981344,720575940638703731,75727
720575941592628950,720575940616526420,905123
720575941594909991,720575940631453032,128205
720575941551310910,720575940628037141,46633
720575941603750073,720575940617771521,821345
720575941570346654,720575940619893419,20067
720575941559531502,720575940636947940,808632
720575941553203610,720575940634517017,196157
720575941523356747,720575940638937971,60697
720575941557257380,720575940621134657,812574
720575941408310575,720575940617999680,194828
720575941586419846,720575940622158369,74712
720575941451177806,720575940627536515,517523
720575941615815577,720575940621387685,544979
720575941416624924,720575940625605257,813593
720575941616733653,720575940626653336,54322
720575941475791722,720575940614027074,828560
720575941610297577,720575940632593735,75267
720575941549337889,720575940620724417,166735
720575941447524116,720575940618919837,83148
720575941560225139,720575940609113539,78309
720575941645242744,720575940627014641,543529
720575941732146475,720575940613162518,50699
720575941580959865,720575940607185609,78554
720575941427670356,720575940626849030,811211
720575941475708721,720575940621485138,80351
720575941662467708,720575940605384882,50905
720575941565140578,720575940629814863,46575
720575941605417918,720575940625911556,804024
720575941408789039,720575940619607243,557784
720575941453723305,720575940626180298,54082
720575941602058169,720575940609614601,74704
720575941583544286,720575940613731270,25537
720575941529284740,720575940618877531,802209
720575941612318940,720575940625588412,806021
720575941652039701,720575940621291440,23042
720575941482232317,720575940629031067,548906
720575941534782296,720575940610735480,97600
720575941496006272,720575940625966833,14564
720575941667898355,720575940617589716,55462
720575941523413239,720575940615513567,117744
720575941452952883,720575940622226977,29874
720575941473527867,720575940620307803,75216
720575941514196812,720575940614415569,550309
720575941652364821,720575940625261972,110441
720575941484356861,720575940614713356,46987
720575941452308602,720575940636839822,529394
720575941462208781,720575940620040687,80501
720575941565348247,720575940644113824,98084
720575941522566135,720575940629838080,146127
720575941402910320,720575940626669842,33637
720575941555586561,720575940644798756,531219
720575941407404591,720575940639128885,52156
720575941538977405,720575940620682991,110066
720575941519448792,720575940605226673,135762
720575941440890709,720575940638135006,163586
720575941536578241,720575940629815631,125583
720575941629456678,720575940610814788,53438
720575941595674407,720575940612482522,302484
720575941532507570,720575940617538427,23858
720575941441588159,720575940621111629,127998
720575941438947391,720575940626592284,537951
720575941658522392,720575940626474889,162619
720575941564707328,720575940617282009,95249
720575941486002384,720575940618549021,69610
720575941482230982,720575940628236200,35870
720575941569906682,720575940626087728,25795
720575941520819383,720575940627823889,181899
720575941478344928,720575940622107928,108381
720575941639122037,720575940618393925,814013
720575941550067773,720575940641470683,69607
720575941558878479,720575940613593809,69539
720575941498950881,720575940634007891,904075
720575941431158030,720575940640010203,124275
720575941617547221,720575940624486800,75202
720575941505344421,720575940622003411,184408
720575941624186779,720575940623323274,531393
720575941631357371,720575940613545586,571265
720575941436507168,720575940628995884,541942
720575941558573939,720575940625091837,223848
720575941440904655,720575940622113702,817959
720575941515284985,720575940637522654,326968
720575941625352650,720575940620453615,170521
720575941593389095,720575940630442711,96078
720575941530868611,720575940627745895,908972
720575941452663623,720575940626908446,96461
720575941439285036,720575940626520305,17939
720575941532353880,720575940627403004,807258
720575941585385094,720575940617861561,89854
720575941644808353,720575940630154041,101386
720575941583083871,720575940616288223,125665
720575941612583341,720575940626875748,516767
720575941558580772,720575940611033514,16599
720575941610593098,720575940628966150,205491
720575941481619791,720575940620461515,555923
720575941617149653,720575940631046144,64844
720575941680802237,720575940642467725,130880
720575941633362363,720575940625780784,128570
720575941594913829,720575940637793589,70508
720575941598267433,720575940616295493,27285
720575941428755631,720575940630611712,108442
720575941555672915,720575940631284511,29851
720575941590925964,720575940612094170,531832
720575941594209061,720575940615964614,808070
720575941570312094,720575940622892988,803592
720575941495900800,720575940614314193,65961
720575941477048938,720575940614597101,187005
720575941553197210,720575940645263127,160837
720575941626609004,720575940619763915,191489
720575941413063828,720575940642734280,539399
720575941611344557,720575940624144893,194906
720575941637463669,720575940640568960,65334
720575941502332139,720575940630128890,55533
720575941505729093,720575940614547879,110442
720575941502268098,720575940637329124,518319
720575941441661019,720575940640782989,20781
720575941574608649,720575940631869783,103125
720575941689447832,720575940622096154,112178
720575941630993093,720575940620307806,81956
720575941551213374,720575940632969517,82576
720575941451772282,720575940617645457,77547
720575941432169687,720575940639621702,27482
720575941628221497,720575940619085397,821484380
720575941393197206,720575940636316137,907381
720575941519730099,720575940617281622,67771
720575941413973393,720575940621466817,117534
720575941547387316,720575940618871792,36061
720575941470120203,720575940638136922,124353
720575941504657602,720575940616008350,121012
720575941574440456,720575940612293730,83046
720575941644836434,720575940632525613,199341
720575941612258278,720575940638529343,94394
720575941629967910,720575940642150133,94894
720575941670299047,720575940620550491,73402
720575941662208312,720575940640410702,544631
720575941581981305,720575940627328018,163280
720575941405165936,720575940624512520,114979
720575941497291233,720575940636961758,133820
720575941482359491,720575940636315534,955814
720575941470107613,720575940612724650,126952
720575941428004948,720575940612756722,36440
720575941428829103,720575940617231499,214070
720575941508618113,720575940622926472,86153
720575941632292549,720575940633838943,42886
720575941514531930,720575940626430014,74845
720575941612705043,720575940633341869,98817
720575941548392052,720575940620812880,93097
720575941594022183,720575940620586331,541839
720575941474454880,720575940622285180,531251
720575941431717624,720575940608623115,121171
720575941504235826,720575940650579321,137845
720575941552248347,720575940626502428,95532
720575941554762980,720575940622067041,189701
720575941439289055,720575940615529019,153348
720575941475856692,720575940623181837,50506
720575941507476609,720575940616028475,49417
720575941644068040,720575940646108014,144677
720575941669921713,720575940638562630,87496
720575941494382791,720575940605029856,162173
720575941598396060,720575940614285930,527618
720575941603626742,720575940625790748,131143
720575941519571895,720575940620246096,529815
720575941583279967,720575940626690704,541714
720575941564791303,720575940635287450,23032
720575941629961698,720575940625926926,240208
720575941416673308,720575940619059438,524909
720575941631156194,720575940639901237,78802
720575941564626578,720575940634629601,66703
720575941523038455,720575940624535042,52044
720575941519757239,720575940625014792,120059
720575941448720733,720575940621776901,95242
720575941690387931,720575940635770815,49428
720575941476330548,720575940626311757,550999
720575941448220436,720575940612807958,98618
720575941589667127,720575940629811582,88922
720575941552168959,720575940624338521,815984
720575941518430636,720575940624492802,109988
720575941723316282,720575940621402203,517946
720575941475247402,720575940619961509,542554
720575941666485235,720575940610804453,126311
720575941430517774,720575940617533067,825572
720575941628240934,720575940614911394,29628
720575941505900929,720575940623462072,807518
720575941494542791,720575940618681920,82750
720575941624176330,720575940635554296,67485
720575941431543822,720575940633666495,113664
720575941579014745,720575940617918292,120088
720575941554028186,720575940622044328,94283
720575941455798253,720575940614607675,205423
720575941480347727,720575940612540074,99560
720575941587200324,720575940624123536,31198
720575941576055400,720575940628110332,67458
720575941468253974,720575940623310301,517731
720575941417133084,720575940622612604,55551
720575941546926113,720575940632736045,90459
720575941645456289,720575940615740603,159074
720575941522444619,720575940605834208,128064
720575941454165299,720575940628783003,158178
720575941451369385,720575940645458542,104017
720575941688054390,720575940629791563,154952
720575941611533997,720575940627461662,86055
720575941479097507,720575940609880274,102919
720575941680282351,720575940622080865,30418
720575941438785836,720575940620598464,132202
720575941480574799,720575940618617408,105609
720575941595556229,720575940621117684,810874
720575941555977892,720575940640002071,1051920571
720575941589591108,720575940633496863,159361
720575941691657880,720575940635875435,513338
720575941637963637,720575940609301257,54859
720575941609855977,720575940618052180,113702
720575941481345478,720575940629367043,93781
720575941471943691,720575940636658094,542570
720575941576943976,720575940623560132,18881
720575941519719534,720575940627620200,531210
720575941591983979,720575940617028406,41902
720575941731817515,720575940621608363,128812
720575941590892030,720575940614745651,187374
720575941603234233,720575940629551375,67048
720575941584214623,720575940621484609,37629
720575941529799608,720575940619156293,810476
720575941513310810,720575940617955165,904212
720575941652355605,720575940635311456,514815
720575941533381810,720575940617721995,55890
720575941643337889,720575940621086452,132616
720575941602967286,720575940623533459,909198
720575941558410355,720575940630491191,555072
720575941574386845,720575940614460653,84168
720575941563905122,720575940607670229,147645
720575941537149938,720575940622146625,118612
720575941573356552,720575940625241836,92792
720575941590566910,720575940621643713,77383
720575941441917903,720575940638242432,75051
720575941413088148,720575940624186153,132132
720575941516768472,720575940618676037,811498
720575941530495160,720575940620912549,64306
720575941469859136,720575940626772272,155072
720575941598561948,720575940639802165,113561
720575941655183577,720575940613152938,201474
720575941644533586,720575940635158367,159418
720575941676786927,720575940623482748,59227
720575941597053596,720575940626958266,98111
720575941595782556,720575940627175754,908213
720575941490990028,720575940628385546,185726
720575941630785733,720575940653705889,113921
720575941519340471,720575940620564102,92682
720575941578320629,720575940605652140,94255
720575941474714154,720575940619829814,57069
720575941513021516,720575940616440537,57806
720575941593745003,720575940628799439,27947
720575941561722536,720575940647679028,121541
720575941542466333,720575940613429782,99454
720575941483039686,720575940607446620,205317
720575941601846262,720575940627778564,106506
720575941524078925,720575940630773559,807738
720575941477229121,720575940621858943,96003
720575941408930478,720575940638930665,166164
720575941599064256,720575940633182092,78693
720575941505102245,720575940628468552,50693
720575941595139542,720575940618198811,106659
720575941531329483,720575940612520857,59324
720575941513157187,720575940636889456,98289
720575941430533513,720575940630916650,140474
720575941612563475,720575940629877266,144636
720575941598172608,720575940614844562,126675
720575941609905641,720575940628642216,112981
720575941632784032,720575940621344169,156636
720575941576008847,720575940627916487,111324
720575941611138278,720575940638140506,521220
720575941511974732,720575940630900983,176460
720575941652398577,720575940627944708,66229
720575941461964045,720575940614270189,105848
720575941431298318,720575940612896661,44187
720575941610268746,720575940619922512,47539
720575941514115674,720575940615932987,82946
720575941654524121,720575940630076098,101223
720575941450237021,720575940629680379,187891
720575941564340631,720575940607650571,130391
720575941687390959,720575940603938238,41801
720575941538988157,720575940639165156,60042
720575941614920917,720575940628844048,818077
720575941535742698,720575940605360817,111357
720575941629513766,720575940633491342,137060
720575941545832124,720575940627846808,43504
720575941528494008,720575940647161140,186930
720575941643174520,720575940627889095,72416
720575941460133446,720575940618468401,21902
720575941519589998,720575940642866317,543563
720575941660767100,720575940631956584,807162
720575941557188516,720575940632208707,115062
720575941545065477,720575940642237344,160427
720575941455793645,720575940622725202,60952
720575941611611494,720575940640224600,71647
720575941686760431,720575940626081724,92419
720575941529446347,720575940621394614,62158
720575941502507915,720575940623152417,205410
720575941475215658,720575940619804318,15560
720575941491263950,720575940613223830,50356
720575941464321037,720575940627932498,95439
720575941595213445,720575940641195216,93971
720575941480129219,720575940643671456,33194
720575941429363809,720575940637906741,77370
720575941520665015,720575940638193242,75537
720575941626542444,720575940626985305,152659
720575941614152089,720575940615846237,103824
720575941534274058,720575940647352196,61086
720575941620269695,720575940617140597,813832
720575941459675347,720575940629947471,84004
720575941661036600,720575940612534933,188934
720575941564793447,720575940625958330,552229
720575941432609239,720575940631752515,33129
720575941505684247,720575940616695014,543100
720575941506885666,720575940614404970,81172
720575941475725876,720575940620791430,113204
720575941591986539,720575940628581894,157425
720575941472103947,720575940626858288,136754
720575941566741351,720575940630280234,93756
720575941627455033,720575940618771613,135920
720575941564721920,720575940621765467,84064
720575941490457038,720575940621986292,588421
720575941649323029,720575940624403044,130897
720575941622771964,720575940627871144,41530
720575941459376595,720575940623354348,76575
720575941496308423,720575940613847719,30406
720575941504285605,720575940633385005,50155
720575941393486230,720575940633521828,907986
720575941573852936,720575940630881271,522881
720575941720467514,720575940633058989,812413
720575941475950641,720575940623986634,913816
720575941403209840,720575940630445911,100144
720575941624451786,720575940615500286,806434
720575941590443319,720575940626522440,122620
720575941573080073,720575940625140238,89131
720575941434502176,720575940627979672,148849
720575941604231670,720575940611835090,547234
720575941658353944,720575940637084991,125623
720575941490796853,720575940627138649,85678
720575941564758935,720575940606931145,186910
720575941603830462,720575940626309164,31568
720575941459837584,720575940624487268,940360
720575941447887636,720575940625042951,167019
720575941429407407,720575940631057679,20655
720575941591299582,720575940642612699,91590
720575941524232292,720575940619754111,817616
720575941558042639,720575940632306572,121219
720575941644994760,720575940614628758,65477
720575941514075345,720575940617578457,135617
720575941521156787,720575940632442707,98248
720575941526981453,720575940622236449,106171
720575941501055467,720575940627718444,926811
720575941408864686,720575940623197278,40787
720575941526839554,720575940608989909,94170
720575941653820633,720575940631138322,68370
720575941516022521,720575940632450346,84799
720575941608143981,720575940631765802,181363
720575941435254926,720575940620691327,817789
720575941351483696,720575940613793950,30585
720575941409175467,720575940620560987,143532
720575941416353308,720575940635996826,59870
720575941534033386,720575940626268761,812997
720575941644667218,720575940608633668,130887
720575941525192804,720575940639853731,142167
720575941460007750,720575940642498523,518920
720575941546391740,720575940627951336,531592
720575941417174044,720575940613202090,137719
720575941539781069,720575940616385759,100606
720575941516190355,720575940621040244,92042
720575941540947292,720575940643411912,61550
720575941632192492,720575940626820964,89319
720575941584492639,720575940615050390,65058
720575941574720950,720575940631954657,61232
720575941589353540,720575940633008223,803345
720575941438942671,720575940630019407,907185
720575941537269987,720575940615323857,254418
720575941517416876,720575940623145959,22157
720575941465643798,720575940629887173,80824
720575941611966940,720575940611832538,157448
720575941416359964,720575940623374591,80582
720575941475937588,720575940644197064,72081
720575941671545767,720575940632364569,87564
720575941563531688,720575940632683601,51218
720575941453207347,720575940617969937,93621
720575941555936513,720575940612128610,78403
720575941576076904,720575940625970178,338424
720575941566285927,720575940646381678,78477
720575941531566795,720575940661305217,23018
720575941596769413,720575940638239797,190684
720575941439824351,720575940646486819,17526
720575941480524162,720575940618854126,908974
720575941643708833,720575940621864925,32849
720575941594430757,720575940613837566,102203
720575941463068304,720575940626075322,517281
720575941538567549,720575940626344741,109344
720575941461787076,720575940619211361,62625
720575941732079659,720575940639809880,108592
720575941561054765,720575940601067436,122831
720575941489624782,720575940613199279,39018
720575941472067595,720575940621378981,94406
720575941469278583,720575940614330851,116968
720575941475468337,720575940617597597,110855
720575941534701546,720575940621482223,112066
720575941515528953,720575940614049005,70829
720575941496628679,720575940642245742,813497
720575941594802469,720575940638687814,106008
720575941633021371,720575940620900784,82674
720575941519107500,720575940625031230,739865
720575941465653846,720575940628814391,45300
720575941631945147,720575940619836269,122905
720575941470115805,720575940611960418,97765
720575941433095438,720575940619826993,531535
720575941526476388,720575940616692274,66107
720575941595175813,720575940642264205,69705
720575941611568813,720575940607569417,163189
720575941589646903,720575940631019607,48913
720575941581684857,720575940623167415,17691
720575941577701109,720575940619900470,126819
720575941589205828,720575940622438988,36740
720575941563071495,720575940630641402,27907
720575941459791827,720575940627838280,113960
720575941542582789,720575940605931180,128314
720575941429683631,720575940610079683,99691
720575941547837501,720575940627578306,815924
720575941534136298,720575940631855045,107741
720575941501898290,720575940608901333,548609
720575941505387845,720575940612548325,77386
720575941535563096,720575940638588223,119661
720575941484713613,720575940620734061,110077
720575941588058692,720575940619226689,808425
720575941601034025,720575940619687744,89616
720575941499035554,720575940620148103,95843
720575941586535134,720575940622258782,55978
720575941513535820,720575940612761842,107176
720575941536094952,720575940608684811,28918
720575941567513390,720575940627435592,84641
720575941535617770,720575940618133689,47886
720575941490840009,720575940640329635,56017
720575941607909485,720575940634039213,168926
720575941488498892,720575940632412828,25346
720575941596752284,720575940626854735,170444
720575941605438142,720575940620914311,164176
720575941459669830,720575940628643575,113373
720575941408199471,720575940638630563,807725
720575941486016774,720575940638938857,143914
720575941569202546,720575940629481063,135270
720575941411623083,720575940629500410,95411
720575941491656112,720575940620875741,196114
720575941587875396,720575940627091077,91229
720575941596601989,720575940626993576,138127
720575941549028897,720575940614710695,565672
720575941573864008,720575940629727991,929017
720575941607364205,720575940631131845,103820
720575941497101179,720575940629982711,243295
720575941564674560,720575940614490018,138353
720575941545057113,720575940621819574,59977
720575941476597809,720575940621554864,70091
720575941459892806,720575940625485181,908016
720575941624015818,720575940617297625,559087
720575941590351358,720575940622885354,105767
720575941520393651,720575940624752316,53725
720575941431366670,720575940631839140,125708
720575941399948067,720575940641661429,144432
720575941466702166,720575940631878820,90989
720575941654042324,720575940630655737,96601
720575941559231503,720575940623689148,64794
720575941626451914,720575940635518106,170835
720575941586027398,720575940638703430,80466
720575941497945211,720575940628398295,180939
720575941611628521,720575940617877720,78147
720575941539022741,720575940619235486,813443
720575941535667994,720575940617884692,11968
720575941545040133,720575940621893779,89221
720575941482558403,720575940631009623,145491
720575941480066467,720575940642397581,77159
720575941565072791,720575940630613452,68841
720575941567597358,720575940622099071,135747
720575941560559987,720575940633082778,115549
720575941507233093,720575940634912666,102571
720575941575277494,720575940629161724,124194
720575941437217324,720575940617314589,219212
720575941502555787,720575940626173744,152843
720575941517806958,720575940633359187,90670
720575941393830550,720575940632523311,101288
720575941598810012,720575940616904022,48136
720575941587919671,720575940623306739,518348
720575941565637735,720575940623822261,137235
720575941432524046,720575940620750463,107636
720575941667729651,720575940632701521,108178
720575941458365936,720575940621145716,29119
720575941478179905,720575940620445520,92469
720575941667995057,720575940613127976,109536
720575941684727791,720575940612778213,161201
720575941489041353,720575940606379356,88475
720575941556568484,720575940629672642,56630
720575941477671454,720575940620476837,24362
720575941596656028,720575940627456901,89450
720575941655601364,720575940622445901,76330
720575941539923741,720575940625962023,806372
720575941530112715,720575940631182807,192209
720575941592961494,720575940642554528,48511
720575941603490294,720575940621455030,575347
720575941690621147,720575940642045659,184268
720575941485139853,720575940613776680,92323
720575941391233284,720575940609905476,26160
720575941460627344,720575940631552825,119687
720575941455251949,720575940626282954,106294
720575941548184200,720575940628039955,105783
720575941658358608,720575940642320544,803941
720575941487057730,720575940622397790,195267
720575941471035403,720575940616609349,40643
720575941732756523,720575940628783632,46199
720575941567020334,720575940621572800,135513
720575941627436326,720575940647154564,134118
720575941484061958,720575940614534623,813871
720575941515107331,720575940630040446,78634
720575941439563349,720575940617685387,123762
720575941525065474,720575940641663952,157434
720575941574987529,720575940648330105,131607
720575941543015516,720575940615761986,74784
720575941535469400,720575940630804674,548301
720575941551150910,720575940621423041,172588
720575941489515465,720575940617748881,62022
720575941529197259,720575940626474920,136528
720575941614289561,720575940628393734,807528
720575941503250519,720575940629672318,94604
720575941564749719,720575940628842106,810498
720575941431654241,720575940634505720,47377
720575941502684354,720575940614092138,111233
720575941446328852,720575940628116392,108811
720575941537219555,720575940612950642,16827
720575941483080890,720575940627800409,527069
720575941519716718,720575940650178169,49980
720575941538545301,720575940620689112,26433
720575941485635650,720575940647990660,217994
720575941513924963,720575940635576756,55472
720575941492987568,720575940624107144,85259
720575941535462337,720575940612489565,82171
720575941466119958,720575940612978290,103513
720575941644979912,720575940636870757,128037
720575941523493111,720575940605981105,122614
720575941543052293,720575940631601227,48969
720575941426487380,720575940639828339,128355
720575941467615709,720575940629470313,61096
720575941626342713,720575940638721001,135346
720575941532845234,720575940641415669,539621
720575941611569126,720575940638541278,65212
720575941624350875,720575940616844475,116072
720575941426235988,720575940631575916,81831
720575941651322133,720575940631938131,116888
720575941483354109,720575940631531587,104346
720575941688598235,720575940626858831,159252
720575941456170655,720575940617378843,806623
720575941505132850,720575940618294336,54724
720575941690463384,720575940632333103,78290
720575941626278969,720575940618974533,65363
720575941562710162,720575940629713963,99253
720575941578219509,720575940638628669,76246
720575941518740078,720575940630100956,814104
720575941494403454,720575940635870772,30982
720575941537579491,720575940623750325,40542
720575941598918080,720575940619402576,25963
720575941528390584,720575940615696059,74567
720575941471856480,720575940633600225,97347
720575941479723232,720575940648448633,164766
720575941463186576,720575940612744410,117349
720575941650893073,720575940620744870,38587
720575941632277701,720575940633938367,90471
720575941459555231,720575940635258303,512397
720575941576655720,720575940632390457,91890
720575941626586476,720575940620317525,940785
720575941533298307,720575940630758782,537721
720575941511574994,720575940645919284,82099
720575941428264788,720575940616924428,30617
720575941607457901,720575940619235949,139463
720575941505153330,720575940644476452,121204
720575941414598036,720575940624460484,512334
720575941508490590,720575940614361263,81472
720575941573826313,720575940616672822,100204
720575941515787011,720575940614439110,56752
720575941442137807,720575940615977522,167546
720575941541528349,720575940639806909,130459
720575941619903615,720575940606698161,827175
720575941524649035,720575940639832125,156729
720575941412950420,720575940626209082,49311
720575941520654263,720575940635223694,80454
720575941429774328,720575940621129569,28388
720575941595051478,720575940654998177,116619
720575941514023523,720575940644966452,817838
720575941689109878,720575940628358419,801167
720575941406880174,720575940618837332,68026
720575941565563490,720575940615118047,218423
720575941493239472,720575940630196311,74569
720575941474571835,720575940619927710,64408
720575941502256523,720575940631186084,532447
720575941531232229,720575940637620621,70226
720575941441064795,720575940632900959,48312
720575941548300861,720575940615343825,154362
720575941576653657,720575940635951551,27321
720575941611581514,720575940623261949,76817
720575941566920238,720575940618845504,211191
720575941565223015,720575940610111556,121869
720575941410761643,720575940646400547,154809
720575941463686669,720575940630105687,102680
720575941614440979,720575940611831394,129843
720575941590942248,720575940634355993,110988
720575941563518518,720575940618288251,936114
720575941449197749,720575940621370644,149753
720575941478417514,720575940624877129,110751
720575941631487980,720575940634231706,88625
720575941490570697,720575940623029765,62045
720575941506232599,720575940628224655,37961
720575941439333439,720575940614031614,52499
720575941538058211,720575940612342550,129920
720575941475861051,720575940633835437,553958
720575941478059114,720575940626394249,530356
720575941579207157,720575940621898264,45055
720575941412957588,720575940630852114,125102
720575941563809890,720575940626856496,172417
720575941544954556,720575940622356835,544368
720575941459679903,720575940639834739,58977
720575941504116715,720575940611459938,79174
720575941492039399,720575940621190127,518639
720575941477869364,720575940627536280,383862
720575941425992276,720575940625838128,97367
720575941689827035,720575940643063200,110674
720575941450584186,720575940623847935,177676
720575941568434290,720575940617194937,29800
720575941540910541,720575940627304073,132171
720575941564736566,720575940628066874,74808
720575941731981099,720575940641118004,108838
720575941619289215,720575940612352741,77541
720575941483662790,720575940629771071,219749
720575941666545139,720575940621397697,114337
720575941532266115,720575940636050318,96365
720575941662469944,720575940629162348,217737
720575941594072945,720575940640494243,108648
720575941435143456,720575940625924946,22784
720575941508721758,720575940618850644,565412
720575941530836709,720575940616219577,121451
720575941410007663,720575940638684742,808796
720575941670042033,720575940632258346,123131
720575941520213171,720575940624167165,519173
720575941687839606,720575940622565069,518320
720575941484199933,720575940631132447,16287
720575941551956763,720575940618755136,99967
720575941529418424,720575940640967413,92238
720575941686496495,720575940635380831,122688
720575941587883332,720575940615557682,82336
720575941508688674,720575940613152170,20675
720575941491147470,720575940627203258,155070
720575941625726363,720575940616071686,118001
720575941437706975,720575940604837344,118914
720575941504251954,720575940616110239,101542
720575941563906055,720575940631199739,58880
720575941430073953,720575940618704182,100884
720575941431559928,720575940606838283,153795
720575941416093724,720575940631619180,24566
720575941408872495,720575940617679577,99421
720575941469218423,720575940626967298,544894
720575941496606177,720575940634699119,99095
720575941597617820,720575940640263502,191698
720575941562821522,720575940627993737,35270
720575941723393594,720575940625786260,23255
720575941413887260,720575940630910199,817687
720575941412933265,720575940630942457,74253
720575941550214973,720575940619412544,33996
720575941624296586,720575940624161719,92609
720575941571871241,720575940626484523,28111
720575941606177901,720575940626723091,131753
720575941564734823,720575940605882470,50326
720575941491090380,720575940613320434,103348
720575941494993095,720575940615915805,812805
720575941478515562,720575940613733672,536010
720575941559355151,720575940646074647,517436
720575941652915924,720575940622444780,913077
720575941552025918,720575940621717998,59021
720575941556162643,720575940622405258,172075
720575941595474471,720575940624289002,72676
720575941548139124,720575940620850202,58879
720575941477170497,720575940638950463,82458
720575941519986542,720575940627309929,173190
720575941438160095,720575940634540907,95270
720575941498109819,720575940621660781,81120
720575941542718237,720575940613302294,172646
720575941723065146,720575940649784697,84329
720575941430343895,720575940620691538,78905
720575941644960632,720575940630524943,542154
720575941571573918,720575940617602183,905069
720575941407116974,720575940633895137,107361
720575941565390855,720575940609801570,106382
720575941483412154,720575940629124711,124443
720575941590464875,720575940623766808,85882
720575941624477578,720575940631688515,111792
720575941630725602,720575940606129585,128022
720575941506654814,720575940625489277,43617
720575941645024632,720575940616389430,517984
720575941623777900,720575940632715437,145775
720575941429669368,720575940631756495,82910
720575941654599124,720575940621658502,72141
720575941563895191,720575940626571484,76786
720575941687872524,720575940638124110,550985
720575941412232815,720575940610568305,30426
720575941662004792,720575940635458040,23909
720575941537246947,720575940632414539,524002
720575941653391321,720575940627624317,144170
720575941652046869,720575940624648712,817217
720575941534609601,720575940644074400,100958
720575941462063300,720575940644988695,148819
720575941574172937,720575940604332460,810377
720575941603281593,720575940619353211,111016
720575941516491155,720575940626469649,46245
720575941436526815,720575940609015876,103364
720575941659307288,720575940630996751,125073
720575941575142070,720575940624524234,52220
720575941533132773,720575940634837916,79425
720575941438822235,720575940612172657,104246
720575941640372511,720575940638884698,157187
720575941502865202,720575940628953591,99742
720575941459065072,720575940618552404,51940
720575941589671223,720575940631644178,73166
720575941502142187,720575940626705029,16210
720575941465869078,720575940620396480,122076
720575941548105844,720575940628233744,73273
720575941626590777,720575940636563557,79809
720575941429162337,720575940640806133,107010
720575941520145591,720575940628125010,15257
720575941561484845,720575940631639567,26570
720575941534802264,720575940611739090,110197
720575941457232877,720575940638414909,43019
720575941662129276,720575940613526824,27313
720575941572984989,720575940616169915,141538
720575941633158843,720575940623081909,139304
720575941579160913,720575940619379009,122069
720575941536318913,720575940624215236,133182
720575941502938967,720575940619668741,909203
720575941722685754,720575940627334756,99786
720575941588827716,720575940626128147,111386
720575941514187363,720575940628420008,807441
720575941555999652,720575940624590886,68522
720575941588402500,720575940627048976,173003
720575941547394740,720575940613597182,515265
720575941552075007,720575940636772318,43942
720575941552764699,720575940660397441,81887
720575941655218132,720575940615327197,117105
720575941431316911,720575940618735517,18555
720575941557852324,720575940635955007,89135
720575941460652870,720575940624367118,149631
720575941541217309,720575940620049064,88696
720575941671571111,720575940620051079,48231
720575941611139817,720575940618125339,103352
720575941547542920,720575940616882994,63148
720575941540792701,720575940640039229,79812
720575941467931926,720575940617973021,51195
720575941535680746,720575940621556646,178940
720575941490867253,720575940633088429,529396
720575941632630944,720575940609485579,122457
720575941436750610,720575940634180377,130422
720575941432177111,720575940628282129,160258
720575941585488606,720575940621771969,132479
720575941686615791,720575940605735345,45083
720575941645790408,720575940620368587,198756
720575941493193136,720575940627265641,73923
720575941410841515,720575940627890490,104368
720575941605231038,720575940625266446,411454
720575941506448293,720575940631056123,138902
720575941533260419,720575940616464434,106407
720575941604630206,720575940636987767,110309
720575941517256620,720575940620913345,123479
720575941553567059,720575940617765521,132630
720575941513256401,720575940617648614,109234
720575941507009605,720575940624026762,51635
720575941513991002,720575940631194167,157165
720575941624361468,720575940633725011,106068
720575941554641747,720575940629832207,151030
720575941520850359,720575940620150699,932312
720575941609578342,720575940630164431,904109
720575941530297016,720575940631586767,109470
720575941594427094,720575940626907112,174450
720575941438140972,720575940621758588,101237
720575941624205564,720575940627506234,57825
720575941430775945,720575940622059525,72808
720575941509545426,720575940630186907,157805
720575941449363293,720575940614925054,80651
720575941510366162,720575940628685062,152143
720575941573220680,720575940615482335,92711
720575941563349906,720575940644405870,549573
720575941513349466,720575940619554725,196847
720575941505448471,720575940617878590,114873
720575941442503119,720575940630616168,46381
720575941451970426,720575940620304500,65932
720575941506267045,720575940631059308,517085
720575941576958041,720575940631777128,97677
720575941505104178,720575940630693120,73593
720575941514120515,720575940626505226,75916
720575941618770047,720575940624359209,106879
720575941430071310,720575940623247615,809179
720575941524851300,720575940636818574,57896
720575941485785808,720575940635411051,80249
720575941603834553,720575940626318867,127997
720575941538067939,720575940640132686,45023
720575941569225972,720575940630333381,82363
720575941476469825,720575940630834316,143649
720575941581164409,720575940610320554,82274
720575941456179359,720575940609264452,817145
720575941511109392,720575940624924516,66297
720575941580632565,720575940612193682,117698
720575941556940452,720575940622628852,93600
720575941511436364,720575940627490703,125365
720575941662445624,720575940612255914,815248
720575941534823402,720575940638417886,512993
720575941525956377,720575940627514962,165680
720575941447357533,720575940636006000,805896
720575941528318596,720575940627430202,157388
720575941465926998,720575940634911589,26895
720575941604105145,720575940623745930,206861
720575941564401554,720575940630248748,110954
720575941552008959,720575940626200457,804045
720575941619902591,720575940639077283,121712
720575941513736913,720575940614653393,89827
720575941435876238,720575940644761504,24672
720575941406954414,720575940627032197,134428
720575941534037002,720575940627159685,122694
720575941453054889,720575940631480545,82037
720575941481151651,720575940613124570,205555
720575941549199677,720575940623938599,60781
720575941533141221,720575940629074647,74923
720575941463093648,720575940635934456,193003
720575941535388650,720575940624007694,111883
720575941588339511,720575940619131675,100294
720575941594102823,720575940626711098,70638
720575941454933485,720575940630882664,101005
720575941574950543,720575940610005828,10512
720575941492332158,720575940633676383,137572
720575941656137552,720575940624500232,909734
720575941588200247,720575940630425564,144551
720575941444203434,720575940632910381,134676
720575941606415725,720575940633901101,104799
720575941459433542,720575940624427466,805259
720575941440677461,720575940631001903,159796
720575941511570764,720575940640658083,587543
720575941471027575,720575940620700075,112330
720575941480375971,720575940619526198,81231
720575941604922221,720575940635170927,939916
720575941554243556,720575940616982834,83361
720575941514789443,720575940613757974,99923
720575941533784754,720575940628067836,105997
720575941428023892,720575940626805009,529821
720575941462124228,720575940620703067,134047
720575941584703966,720575940636885823,58459
720575941532882405,720575940624712712,550802
720575941538631373,720575940638025550,97207
720575941439866459,720575940642039693,28567
720575941629576674,720575940646280756,91371
720575941410601583,720575940623794473,150253
720575941595530609,720575940660997761,96243
720575941589192247,720575940629512195,555343
720575941527241656,720575940613814971,811858
720575941657517592,720575940628454728,103154
720575941575879311,720575940623961738,119561
720575941514259921,720575940625869360,166832
720575941548930337,720575940630210616,42708
720575941491997616,720575940617390027,518039
720575941502758123,720575940630463908,30834
720575941661750652,720575940623583882,59428
720575941586294918,720575940630945231,74977
720575941732743979,720575940621231459,171142
720575941475116830,720575940629474615,419224
720575941479492175,720575940631305676,67969
720575941414253457,720575940621260201,805412
720575941523230539,720575940625337381,814216
720575941548048520,720575940614973905,141569
720575941459294675,720575940637210542,94201
720575941495821767,720575940608709980,160779
720575941404461168,720575940618995928,145198
720575941593968935,720575940625569101,56373
720575941430940664,720575940619575163,119565
720575941450376541,720575940646086691,145409
720575941515131747,720575940605073342,53772
720575941574971144,720575940622456188,521117
720575941601166265,720575940639536061,940006
720575941634077115,720575940625836216,43079
720575941502375307,720575940616580027,541814
720575941612423085,720575940624757735,136362
720575941447051445,720575940609775115,812416
720575941632259515,720575940637894110,103816
720575941651682065,720575940631214843,42843
720575941558924270,720575940612856529,804614
720575941552470663,720575940645249060,108247
720575941532650469,720575940642421749,142568
720575941626450378,720575940612505779,564038
720575941537671666,720575940617076107,150425
720575941535841512,720575940604678880,100031
720575941391661206,720575940621449897,37842
720575941475705659,720575940624800660,549098
720575941644095058,720575940623440678,98118
720575941498152059,720575940612407538,60187
720575941619447679,720575940624942264,69140
720575941519349676,720575940623404541,536326
720575941485244301,720575940635663467,257464
720575941480624323,720575940629089067,127304
720575941565262390,720575940611273395,55411
720575941483417597,720575940629787291,544221
720575941484799810,720575940630675415,55847
720575941441794495,720575940635902815,129603
720575941485219906,720575940631393142,75335
720575941722369594,720575940620749958,45022
720575941503691324,720575940616996294,330394
720575941594370597,720575940634566625,810988
720575941448598862,720575940624339652,35529
720575941624331658,720575940631233580,92167
720575941486565517,720575940604754144,148704
720575941575771279,720575940611482226,89822
720575941537809021,720575940629000783,812004
720575941516003075,720575940615368671,23457
720575941561483821,720575940627661843,23638
720575941457895664,720575940620436939,54753
720575941400710435,720575940611199842,547602
720575941651078165,720575940623948727,51734
720575941670450353,720575940621674520,112731
720575941572670472,720575940625410441,72740
720575941535023794,720575940623030861,55561
720575941527990968,720575940623635785,71495
720575941408966830,720575940632800083,545331
720575941614008339,720575940617289403,75444
720575941440306773,720575940629621975,89170
720575941460828612,720575940630336450,123925
720575941514958227,720575940614338513,94968
720575941573815305,720575940636048862,49450
720575941593323813,720575940610936878,79236
720575941460096326,720575940637370175,14916
720575941536228501,720575940628361802,52326
720575941559173903,720575940627998632,45393
720575941668600563,720575940631876691,71802
720575941431823201,720575940625589908,99735
720575941529254276,720575940619569835,39526
720575941652008721,720575940602858464,87452
720575941483384317,720575940627548285,69205
720575941523698679,720575940646428782,69898
720575941521792179,720575940614549758,78706
720575941642611557,720575940613669357,814582
720575941452495431,720575940629102974,71938
720575941686491375,720575940613079258,60080
720575941558973166,720575940626007102,808344
720575941441838683,720575940612820850,142780
720575941558269166,720575940616725009,186348
720575941625124554,720575940611457070,70161
720575941610818790,720575940616579841,128428
720575941412509295,720575940624845456,515903
720575941441505983,720575940619930534,94617
720575941614893013,720575940627079823,515600
720575941430283512,720575940612970536,29881
720575941730965035,720575940634711544,143258
720575941491693260,720575940618440449,542783
720575941478501482,720575940628802325,272001
720575941452904873,720575940620042712,22176
720575941575926671,720575940614256607,112087
720575941515277411,720575940624291464,75352
720575941467600150,720575940618057921,911798
720575941558097679,720575940652575222,143589
720575941520512439,720575940611184819,105108
720575941659414096,720575940611700520,39338
720575941593699879,720575940618345217,107447
720575941473180714,720575940632488223,87747
720575941643050104,720575940618602581,101219
720575941611536358,720575940644889367,130925
720575941633499845,720575940609633860,70338
720575941594366577,720575940627348751,126087
720575941650397205,720575940630346567,39763
720575941510693330,720575940628662377,103614
720575941451783802,720575940620562891,106305
720575941533354418,720575940624035583,112765
720575941691638168,720575940609301443,98021
720575941534480818,720575940645737508,195034
720575941564883456,720575940612831981,552862
720575941560652147,720575940619761744,759238041
720575941448695886,720575940627927300,198203
720575941644499912,720575940610034638,77239
720575941467987734,720575940661325697,130446
720575941627555897,720575940622424052,255306
720575941450721146,720575940640521936,28284
720575941507180126,720575940615389034,807208
720575941533895043,720575940628628245,44713
720575941629815846,720575940628269628,92358
720575941427662420,720575940619092820,560333
720575941591552107,720575940622630870,137972
720575941476955713,720575940611160755,60086
720575941519350711,720575940623338313,21188
720575941703299290,720575940635503502,531755
720575941633000133,720575940633321583,520571
720575941603001534,720575940626387282,48909
720575941470124352,720575940635372183,85158
720575941569031674,720575940628322044,82655
720575941452959027,720575940618454673,550177
720575941651216113,720575940627212540,818158
720575941411715985,720575940620326535,900922
720575941574008136,720575940627718738,61890
720575941460741587,720575940626813577,141068
720575941569205498,720575940616170683,98376
720575941495149511,720575940606266545,73339
720575941658482968,720575940617819682,134091
720575941499253321,720575940630899927,516380
720575941625438666,720575940633933975,220480
720575941476589620,720575940620473547,811760
720575941595769895,720575940622674646,97900
720575941519854007,720575940623962904,551582
720575941613980569,720575940622828276,65183
720575941552761883,720575940633662690,87965
720575941629404710,720575940611758741,100004
720575941632147692,720575940636309594,548661
720575941527330436,720575940631006012,165645
720575941439014879,720575940637943093,134318
720575941671394471,720575940637026671,82484
720575941543942661,720575940625048201,119776
720575941671488167,720575940628540315,23317
720575941478791392,720575940626636176,192038
720575941594923734,720575940622190708,149090
720575941593560104,720575940628154567,151637
720575941478416746,720575940618618934,551132
720575941574594664,720575940613918947,56158
720575941550194431,720575940629636602,76081
720575941480942787,720575940632080671,813951
720575941518534579,720575940623184167,52737
720575941548055668,720575940633603680,97344
720575941474476574,720575940607059753,214087
720575941517262190,720575940627371834,71279
720575941514921209,720575940622293188,47012
720575941434331424,720575940628959208,57529
720575941514571098,720575940621657441,63632
720575941445594538,720575940605754336,102322
720575941562777234,720575940621117935,526072
720575941415914268,720575940629332524,170990
720575941522117707,720575940631965763,907835
720575941572294302,720575940620062384,109206
720575941497248073,720575940624002604,55958
720575941644633720,720575940647185028,100125
720575941572925947,720575940618324697,93960
720575941595028007,720575940631814028,580548
720575941631922875,720575940639102909,91020
720575941575569807,720575940617585638,69193
720575941508635664,720575940632994872,115063
720575941407060527,720575940636639374,131950
720575941566277991,720575940624301311,70081
720575941480025568,720575940649804153,123552
720575941494687358,720575940614593489,69600
720575941410758059,720575940626534858,107773
720575941508034910,720575940625804436,103183
720575941605537645,720575940624885948,71468
720575941457976479,720575940626154877,55984
720575941610087401,720575940614156072,104305
720575941451326286,720575940637436814,29392
720575941630831008,720575940622234689,906196
720575941597298880,720575940622029150,112987
720575941565279335,720575940626896636,41768
720575941415910940,720575940630237083,84965
720575941658877776,720575940634498785,176031
720575941515182691,720575940626039315,518251
720575941579319797,720575940611981518,72685
720575941562221970,720575940609843298,125539
720575941669603505,720575940630020171,38420
720575941593428694,720575940627154106,116887
720575941535588786,720575940619605963,516789
720575941568305966,720575940637643109,88160
720575941467972630,720575940628369963,119630
720575941607887213,720575940655750049,543577
720575941566776423,720575940615824534,56699
720575941602071481,720575940615364564,519196
720575941632660128,720575940635643499,535714
720575941662660732,720575940639072128,126634
720575941525773412,720575940628941307,911057
720575941438214700,720575940624899047,75565
720575941508205090,720575940614543682,53150
720575941546315881,720575940638872765,86849
720575941489822412,720575940625586788,88977
720575941488889801,720575940632867384,103216
720575941480992451,720575940626815826,68606
720575941417072156,720575940624399879,89626
720575941538593405,720575940621258149,85480
720575941527681412,720575940625052659,66732
720575941497975163,720575940625972624,816315
720575941474685226,720575940621997034,811026
720575941549965428,720575940614682258,153226
720575941408094511,720575940646992948,65264
720575941577696857,720575940634361195,44362
720575941536271898,720575940618485787,132765
720575941578214901,720575940624408516,78586
720575941409116207,720575940633571041,76650
720575941515697155,720575940612469782,816155
720575941613126297,720575940612274837,92606
720575941600619561,720575940621924120,103728
720575941414935956,720575940624271496,545337
720575941486902594,720575940640882339,25426
720575941460805843,720575940631619915,550976
720575941548264072,720575940614721261,221608
720575941402679920,720575940621117094,515484
720575941626447306,720575940631015936,80506
720575941523840075,720575940623858616,96373
720575941352587056,720575940626049881,78412
720575941610670182,720575940622776029,83098
720575941611375690,720575940627133702,523841
720575941567777394,720575940643978144,105900
720575941579661557,720575940611232466,12871
720575941470114013,720575940660639361,136954
720575941494805447,720575940632729625,100312
720575941522021811,720575940618289081,805638
720575941451462266,720575940607848578,22939
720575941660209208,720575940621864301,83359
720575941611303657,720575940614597644,78164
720575941539574989,720575940628996867,902404
720575941490740430,720575940611903601,85321
720575941669575079,720575940611906146,149296
720575941631735276,720575940646588212,36230
720575941513828684,720575940619600798,535864
720575941506273118,720575940636785509,112234
720575941607144557,720575940621851007,125983
720575941604479478,720575940628108413,79356
720575941491097806,720575940616096306,815781
720575941594727207,720575940634676122,111321
720575941526860198,720575940621033893,165915
720575941688049164,720575940637645894,96081
720575941500030882,720575940621798382,27638
720575941476140830,720575940625051064,519470
720575941513242202,720575940627103518,33409
720575941429945592,720575940612342770,74147
720575941519673048,720575940641366480,526350
720575941593135656,720575940626326121,57936
720575941584103046,720575940623642845,109336
720575941475772266,720575940634207087,906372
720575941431479945,720575940627638801,26589
720575941477452852,720575940619276165,159953
720575941438994450,720575940624983037,42849
720575941449599669,720575940644935447,529755
720575941551131198,720575940624048898,98417
720575941535800810,720575940617418077,519194
720575941657285456,720575940632675117,115285
720575941392604054,720575940615987862,813109
720575941558130724,720575940631156055,96327
720575941552149759,720575940625837460,74597
720575941394043030,720575940616955404,121757
720575941611150566,720575940616355257,79460
720575941490309582,720575940635149669,124307
720575941492015847,720575940641066229,915829
720575941610830253,720575940627590942,810158
720575941448753742,720575940639925411,28766
720575941472387936,720575940623643661,184988
720575941639526517,720575940656152481,166162
720575941549591156,720575940631722959,552230
720575941501136215,720575940640072832,34414
720575941411210155,720575940621608330,936011
720575941506429730,720575940622006218,131153
720575941484333053,720575940611896434,22068
720575941539098610,720575940615804063,26964
720575941548387188,720575940621454256,122708
720575941474029883,720575940619060638,67863
720575941536437475,720575940650646137,154313
720575941431868631,720575940625890812,812937
720575941451214663,720575940621555695,209357
720575941539581938,720575940623506412,194405
720575941508308258,720575940626870309,199975
720575941556207955,720575940609074443,534815
720575941531411843,720575940635119727,151576
720575941610959206,720575940647362436,119371
720575941515322515,720575940631357947,92593
720575941504581797,720575940607766229,105326
720575941480630947,720575940617057622,82372
720575941483644346,720575940640830371,59161
720575941437176594,720575940623396232,105975
720575941605224126,720575940619896734,104892
720575941632856992,720575940627126300,21078
720575941516628371,720575940612680883,133951
720575941587519742,720575940632237708,25761
720575941559254317,720575940624000650,75836
720575941486755906,720575940618196153,88784
720575941662694968,720575940633799787,804117
720575941653191153,720575940608760110,811173
720575941572954270,720575940605211872,539688
720575941588841783,720575940630504279,36570
720575941573346888,720575940640673341,55953
720575941572645534,720575940629177399,21940
720575941454741485,720575940624938172,537823
720575941436571436,720575940615375116,47066
720575941555891027,720575940631307083,69270
720575941540971293,720575940607032194,148157
720575941490302773,720575940621748420,136836
720575941556228324,720575940625622530,162704
720575941470241245,720575940622367820,98065
720575941565350702,720575940613036914,816130
720575941480995151,720575940615112401,12699
720575941538924413,720575940646658083,45934
720575941440179547,720575940631701499,908931
720575941632876448,720575940614723634,21377
720575941615423641,720575940631277160,35884
720575941602249974,720575940615781179,204203
720575941541662749,720575940626425700,85101
720575941435348366,720575940626862876,132719
720575941488370128,720575940620140958,184698
720575941626040428,720575940613185576,817336
720575941553939969,720575940618459712,91596
720575941427943764,720575940624345096,49707
720575941471555648,720575940612976882,91923
720575941449174365,720575940604898988,146208
720575941595912999,720575940628913920,101536
720575941533762994,720575940647362083,190447
720575941499859874,720575940614558445,160017
720575941584325598,720575940638054000,150631
720575941627483193,720575940628121874,124501
720575941506237534,720575940646459188,549289
720575941439724735,720575940603818464,148003
720575941461770963,720575940610048580,66263
720575941557413156,720575940634081655,42731
720575941497237217,720575940631109371,37109
720575941513540049,720575940631250492,71072
720575941453767337,720575940623911304,47535
720575941536218817,720575940628783637,37884
720575941552582791,720575940623564435,37406
720575941540361421,720575940615218875,148464
720575941589491780,720575940649873529,190438
720575941610755686,720575940624375324,812659
720575941689023640,720575940630974508,76673
720575941548501364,720575940635868095,160329
720575941545440392,720575940618606160,905964
720575941484078522,720575940620149157,107760
720575941631379104,720575940646277230,114173
720575941479458211,720575940621005421,114794
720575941498919547,720575940620010093,142130
720575941431670881,720575940640876752,500087
720575941414321297,720575940618681168,64003
720575941515985913,720575940616303956,118987
720575941566743399,720575940621522598,60804
720575941466976854,720575940619665023,539381
720575941583142495,720575940640485109,23028
720575941480721632,720575940623134121,171567
720575941566953262,720575940614973115,88293
720575941687406831,720575940623386623,47310
720575941591800104,720575940626396809,15168
720575941525286054,720575940620698913,902775
720575941477579572,720575940631584301,36581
720575941435240846,720575940630133292,197702
720575941431620745,720575940618005137,529473
720575941448453557,720575940612727153,541803
720575941556342500,720575940619114689,105664
720575941549063167,720575940625972261,103060
720575941567621678,720575940642177696,72146
720575941515814147,720575940607497929,24704
720575941550689396,720575940637955968,935383
720575941548240244,720575940614711207,84381
720575941521262839,720575940638341198,25545
720575941631515106,720575940629242667,560861
720575941622541564,720575940607182466,40132
720575941506761893,720575940617026677,567331
720575941558901230,720575940629720311,81859
720575941594354981,720575940622544702,814675
720575941624212988,720575940640348149,803613
720575941501276043,720575940629938127,43215
720575941525008461,720575940621888862,187670
720575941560464911,720575940635969471,127305
720575941507307287,720575940612302506,204811
720575941555410003,720575940632746296,544834
720575941540968477,720575940627181828,103684
720575941519677144,720575940619756148,137995
720575941629322210,720575940615055057,89483
720575941566965038,720575940614443670,143193
720575941437666092,720575940616702262,102997
720575941547563809,720575940622903309,105641
720575941497634121,720575940635957183,64044
720575941532908931,720575940635075263,527248
720575941473476192,720575940621901633,67880
720575941549011060,720575940618990507,81466
720575941490147788,720575940640747995,73502
720575941565453719,720575940617365947,809584
720575941573764680,720575940626445570,172175
720575941490422247,720575940632066834,132484
720575941450333621,720575940619578352,175628
720575941490542286,720575940612337083,87593
720575941461969604,720575940607410866,54204
720575941602261182,720575940628392786,806474
720575941473540411,720575940610554547,532041
720575941504919346,720575940642196621,72515
720575941588325431,720575940641846747,33055
720575941467256662,720575940614734534,198444
720575941681091517,720575940612361106,64975
720575941559084559,720575940632237220,817272
720575941578757457,720575940631108601,129468
720575941630357228,720575940641326032,74188
720575941611261673,720575940631439734,125038
720575941457206854,720575940604064958,524946
720575941575318454,720575940621292726,219707
720575941440590171,720575940624878602,517748
720575941500571531,720575940628074748,53858
720575941540487037,720575940628093768,46519
720575941528742328,720575940624608442,814352
720575941516281091,720575940622330333,187869
720575941545820348,720575940634924444,95332
720575941439783259,720575940627694479,47907
720575941483911933,720575940617502977,125849
720575941578237777,720575940623835389,518400
720575941595368150,720575940612751985,47342
720575941540526940,720575940626512837,114148
720575941448262493,720575940622756707,21861
720575941515222521,720575940623171268,95092
720575941589678078,720575940628923639,912237
720575941595806085,720575940625391397,13520
720575941510737874,720575940620578896,151143
720575941462232516,720575940635764404,545007
720575941451848570,720575940615495314,514817
720575941567475246,720575940623438377,84394
720575941470826251,720575940632483532,44238
720575941594233457,720575940660870529,179341
720575941688473327,720575940634598039,155787
720575941453115561,720575940625393166,185418
720575941432395617,720575940605810720,99714
720575941690597339,720575940625133576,545484
720575941535749096,720575940624689610,84471
720575941509104769,720575940626042416,122558
720575941399975715,720575940633234658,118210
720575941449752910,720575940639986877,805390
720575941595599729,720575940631624760,111821
720575941504857538,720575940625381397,182904
720575941620305279,720575940635367092,531745
720575941488056528,720575940618721053,99141
720575941467809046,720575940627705875,122213
720575941539659925,720575940627948817,46420
720575941439950427,720575940629821483,177411
720575941654246617,720575940633090515,145509
720575941528060070,720575940633724115,70550
720575941535263978,720575940624175029,535246
720575941642997624,720575940637435504,115006
720575941508658817,720575940640022144,20442
720575941441765567,720575940629609883,516681
720575941732549675,720575940626022808,813149
720575941466321750,720575940617180955,810041
720575941550377844,720575940624431654,233658
720575941512472131,720575940630930828,47689
720575941456963312,720575940629047547,85368
720575941467611869,720575940632731704,149519
720575941553707748,720575940622897878,130070
720575941571544648,720575940631112668,181989
720575941555620865,720575940619009364,118200
720575941615327641,720575940626533714,192870
720575941589948414,720575940618977182,546290
720575941592439403,720575940611463214,161193
720575941536071361,720575940613605698,517030
720575941434399008,720575940625089661,174079
720575941554893569,720575940624019555,814319
720575941516345347,720575940640107939,536420
720575941690613211,720575940633073479,548698
720575941459413971,720575940631105956,147678
720575941578857809,720575940635886057,116424
720575941575912886,720575940618621953,532216
720575941671192487,720575940610129109,85207
720575941652216597,720575940637526750,813370
720575941632907717,720575940622637804,816116
720575941412611476,720575940625619556,67811
720575941482440387,720575940632984237,523899
720575941565199719,720575940638079578,194913
720575941555925249,720575940619747019,131305
720575941480797263,720575940640734883,547931
720575941450670941,720575940638822207,201109
720575941439411423,720575940620855431,109929
720575941409878895,720575940630251575,45654
720575941480046499,720575940610097618,131221
720575941549266209,720575940627397507,69054
720575941567776114,720575940627693114,74161
720575941594471126,720575940630651300,73874
720575941531020773,720575940628686423,807700
720575941506800162,720575940618380352,182000
720575941668537331,720575940639998525,89263
720575941644468562,720575940616500155,170497
720575941516447379,720575940635913840,139366
720575941539588221,720575940627916410,56327
720575941576644712,720575940617880199,27429
720575941564519058,720575940620567643,182065
720575941456588013,720575940610579093,812108
720575941631087520,720575940614687016,51275
720575941400441635,720575940619812555,109210
720575941498887842,720575940634891700,813847
720575941563822226,720575940614824098,83882
720575941437775148,720575940623137741,158818
720575941626041802,720575940612968103,130701
720575941688270575,720575940618110109,70056
720575941658830160,720575940631342111,134870
720575941408150575,720575940611390840,540456
720575941535905562,720575940622719732,52192
720575941500251298,720575940606001026,213303
720575941615440793,720575940626999114,155275
720575941536347619,720575940623396339,64613
720575941451236174,720575940626151045,137886
720575941607292269,720575940616621685,138663
720575941524900171,720575940630894710,143677
720575941475700033,720575940635178091,71266
720575941442084699,720575940624684296,80920
720575941409350827,720575940630511939,26864
720575941471318112,720575940637050735,808952
720575941561270952,720575940625049188,515176
720575941520743863,720575940623115015,94121
720575941587700548,720575940638064061,123929
720575941410921387,720575940636306424,60782
720575941497999073,720575940627368079,909034
720575941512882243,720575940625059917,109382
720575941478900387,720575940628546682,109304
720575941590154039,720575940621919428,138594
720575941542069084,720575940633545442,198910
720575941610447846,720575940630428151,132149
720575941631841696,720575940630105106,142785
720575941546933097,720575940624748215,101030
720575941626203850,720575940631506117,532871
720575941490473959,720575940605736364,87106
720575941668785651,720575940631501775,532652
720575941579809269,720575940608999363,158242
720575941436464416,720575940613354467,551569
720575941518524782,720575940627142666,817560
720575941678541245,720575940626337082,810104
720575941513665868,720575940622099405,910717
720575941542868828,720575940638099689,117449
720575941591256104,720575940630547968,113216
720575941516144730,720575940624992747,87722
720575941578156121,720575940630246555,99368
720575941610830569,720575940630366146,195855
720575941600927273,720575940621158382,131629
720575941530069707,720575940621607489,102418
720575941535111178,720575940629318138,816480
720575941506922625,720575940638715251,934635
720575941468769803,720575940621232148,46181
720575941610049453,720575940632880224,105720
720575941526917965,720575940628600592,150913
720575941505085207,720575940638164029,119702
720575941567366446,720575940629020794,123544
720575941470382400,720575940608163285,123000
720575941474977601,720575940631019894,68717
720575941454764525,720575940617030302,85047
720575941500078987,720575940630186967,54652
720575941552444671,720575940621518319,535264
720575941626616202,720575940633557075,525951
720575941612873692,720575940637882224,1035284341
720575941460670931,720575940616800780,28874
720575941586535646,720575940630299254,166283
720575941658271568,720575940637898429,197895
720575941488760885,720575940612691093,120859
720575941567929714,720575940624286404,202837
720575941630605548,720575940610941816,144301
720575941473041248,720575940612065394,202251
720575941502834738,720575940631462219,80517
720575941555645267,720575940635767524,530738
720575941593563350,720575940617252353,107952
720575941456931824,720575940611002210,143783
720575941642772818,720575940616984374,62984
720575941404952176,720575940606101094,199614
720575941626354826,720575940631301715,517375
720575941583270790,720575940616812217,541613
720575941509899986,720575940628833129,82001
720575941480782159,720575940620777552,125472
720575941468908765,720575940628117381,547498
720575941544583685,720575940623494102,536634
720575941537297891,720575940611671250,172582
720575941691280091,720575940613029490,125206
720575941565580951,720575940639731363,104166
720575941541020541,720575940615959702,174385
720575941548777505,720575940629693302,64263
720575941599193129,720575940609327883,23618
720575941601794038,720575940620603245,37845
720575941499144521,720575940621125211,520310
720575941514846713,720575940621044207,159677
720575941352181296,720575940618992449,161026
720575941721281338,720575940605710112,128687
720575941658695760,720575940615406482,180862
720575941594228950,720575940618089702,534892
720575941597698460,720575940631787577,89282
720575941628016953,720575940627296356,87762
720575941536698817,720575940621019557,143339
720575941599319232,720575940627026193,90538
720575941554777857,720575940628115953,522426
720575941528709252,720575940616365766,94468
720575941496623227,720575940629979447,111017
720575941565767010,720575940629877248,223182
720575941490966069,720575940624018570,539476
720575941481583814,720575940626016017,32473
720575941538754453,720575940619530558,111226
720575941508405264,720575940605488416,87155
720575941542646045,720575940629245595,130948
720575941558607917,720575940628312049,41920
720575941574960054,720575940633928078,114465
720575941439700309,720575940628198855,545834
720575941596323441,720575940630734839,135893
720575941475256884,720575940627931196,376040
720575941488256976,720575940627732423,60621
720575941505584444,720575940627420303,105115
720575941526453158,720575940628931856,121162
720575941511687378,720575940630718146,121391
720575941689247195,720575940613192421,173061
720575941439309631,720575940639989411,124066
720575941553463579,720575940613126618,42531
720575941565932647,720575940633636578,126579
720575941498108539,720575940626849369,511828
720575941515300755,720575940634468197,811064
720575941604438206,720575940625785831,550251
720575941579337809,720575940627776143,145282
720575941428014420,720575940607437513,85319
720575941610284774,720575940625522727,116997
720575941625263050,720575940638973091,59917
720575941513907971,720575940618554553,58379
720575941470303197,720575940624249638,534647
720575941569063924,720575940624378499,535996
720575941558135667,720575940621784303,514795
720575941431443448,720575940639170118,108111
720575941613789849,720575940633001016,548469
720575941605896557,720575940643480480,115043
720575941540616653,720575940621433599,133454
720575941450884679,720575940628273797,102909
720575941553979527,720575940614975810,106080
720575941475469883,720575940613553202,935725
720575941633142459,720575940635271013,135872
720575941539099122,720575940619308720,75476
720575941524753995,720575940621494662,180791
720575941483848189,720575940617932545,158425
720575941513414220,720575940627714334,524563
720575941445259690,720575940630669303,534117
720575941469428800,720575940621498495,63949
720575941624224411,720575940620778561,127757
720575941485358598,720575940659780993,809552
720575941504905922,720575940631589284,31170
720575941561165357,720575940614785130,141659
720575941599126208,720575940621791103,161014
720575941526405709,720575940613479074,218953
720575941553695233,720575940640783568,123962
720575941482046150,720575940622368182,64126
720575941535015256,720575940612868837,93734
720575941585951878,720575940641045888,127408
720575941468669149,720575940623491988,139033
720575941542620764,720575940627175445,104113
720575941548138612,720575940622152737,105974
720575941506431548,720575940639376512,112227
720575941530837891,720575940640850829,911068
720575941575563190,720575940603873033,38170
720575941524944386,720575940618323641,104731
720575941668588787,720575940620057502,512165
720575941489388489,720575940632932506,812535
720575941534139314,720575940632134995,814148
720575941560942893,720575940618225030,41971
720575941603361726,720575940605773233,125659
720575941569501434,720575940604616806,19999
720575941535547658,720575940612737685,136338
720575941470823543,720575940607520265,903517
720575941513884163,720575940626404807,139244
720575941535573697,720575940630951375,101101
720575941474853947,720575940625782116,104736
720575941722717498,720575940615655730,138458
720575941460765328,720575940623726104,110190
720575941432892174,720575940621067712,72345
720575941562085522,720575940633989999,118504
720575941596349061,720575940629977303,550779
720575941538569458,720575940646648372,45226
720575941521752243,720575940629881026,150904
720575941536615361,720575940620077392,552967
720575941549465121,720575940614938636,62576
720575941529668280,720575940615966314,531496
720575941573078537,720575940607585737,162431
720575941430759895,720575940611892946,118680
720575941484143622,720575940637978202,822750
720575941604223673,720575940644537248,61565
720575941503477564,720575940631876577,813807
720575941689140236,720575940631605079,119733
720575941688798683,720575940619869051,57232
720575941450532521,720575940623367382,137284
720575941458885316,720575940628922998,911479
720575941669548209,720575940625603002,39945
720575941482795005,720575940611588706,79762
720575941534480577,720575940630564460,134053
720575941560465935,720575940622189644,150293
720575941590873707,720575940621806445,806745
720575941476167220,720575940617927892,106394
720575941488239056,720575940628139602,94521
720575941477279594,720575940618536350,156224
720575941534641898,720575940620033585,195119
720575941611725741,720575940624869629,90283
720575941612285926,720575940618013086,62042
720575941502640471,720575940627982469,136830
720575941554818458,720575940619705792,53557
720575941516291075,720575940618022557,99698
720575941440082523,720575940611803490,137835
720575941565630983,720575940614052333,207809
720575941538845645,720575940628505039,807081
720575941611518822,720575940628678991,49303
720575941490627534,720575940622807935,29754
720575941491498727,720575940616116230,521359
720575941638921333,720575940638745229,102852
720575941530637259,720575940622526981,105433
720575941540706173,720575940634607129,50218
720575941611361965,720575940625956371,75004
720575941478092650,720575940622334646,566476
720575941654548697,720575940608006578,50111
720575941464231437,720575940627005573,514385
720575941540846541,720575940626615829,171731
720575941496677760,720575940614996018,544100
720575941639261813,720575940632384156,270968
720575941565233718,720575940637616094,811523
720575941467765782,720575940605387232,127143
720575941497960521,720575940621090398,814017
720575941414699153,720575940608740188,121577
720575941639216757,720575940624245908,99533
720575941637566837,720575940622554629,74941
720575941407379630,720575940615468703,192098
720575941547855496,720575940630306942,107940
720575941497638881,720575940619436357,83642
720575941469907520,720575940627203843,139997
720575941463897101,720575940620834669,159393
720575941519057006,720575940639279157,74128
720575941681088445,720575940647472260,64884
720575941544520965,720575940634156655,108985
720575941411789167,720575940643869988,337988738
720575941595767665,720575940634794138,135570
720575941625353883,720575940608505795,47793
720575941508838672,720575940609762094,62416
720575941550756351,720575940644320968,82435
720575941484927117,720575940631620689,58244
720575941687565942,720575940627774287,819971
720575941575011229,720575940633142436,530474
720575941533803651,720575940616234683,139985
720575941508198690,720575940632216928,820505
720575941448189277,720575940619523195,348116
720575941572717576,720575940629061627,168944
720575941571361019,720575940609083086,914484
720575941491425998,720575940625340908,200544
720575941444478378,720575940609978866,51933
720575941469370688,720575940621512445,825516
720575941451708282,720575940634971799,150299
720575941599516201,720575940641791904,907873
720575941533885315,720575940622280447,18543
720575941504563365,720575940620948095,54372
720575941446789908,720575940613532831,83835
720575941657422872,720575940623774669,163055
720575941575272605,720575940623363916,130016
720575941551619994,720575940611561238,812257
720575941669729703,720575940611069816,150964
720575941595696165,720575940613320618,84625
720575941610583725,720575940627463738,52578
720575941543449605,720575940612404709,91701
720575941518443959,720575940621848858,555261
720575941439928543,720575940636826943,161021
720575941624997531,720575940620460108,130392
720575941544551941,720575940607909554,58085
720575941577906265,720575940635065963,33759
720575941642898808,720575940631049064,511823
720575941408535855,720575940618388929,809430
720575941576110696,720575940624523411,83064
720575941589310206,720575940614741741,46824
720575941547347316,720575940618883073,808594
720575941557342116,720575940630317942,818464
720575941564343606,720575940623564643,123108
720575941524841549,720575940627135262,516008
720575941590046519,720575940625414666,15406
720575941595371889,720575940612499186,119732
720575941624883820,720575940618073024,55719
720575941427944276,720575940642447349,31421
720575941611855334,720575940634786972,117548
720575941626615609,720575940614501073,80840
720575941554058039,720575940616117794,813440
720575941431299543,720575940622232503,24788
720575941595479665,720575940618831576,27832
720575941639785333,720575940625560506,142760
720575941480154336,720575940629874806,140776
720575941506024252,720575940646877236,90312
720575941487011469,720575940603767473,800870
720575941629766182,720575940617764865,106850
720575941564732519,720575940627023047,107337
720575941522326091,720575940625011955,51873
720575941459941190,720575940632350511,375632
720575941512425169,720575940622661247,111447
720575941493639806,720575940621067525,108543
720575941437979180,720575940626966372,154009
720575941482246586,720575940611669858,120012
720575941440698197,720575940620632536,562881
720575941620536959,720575940620946345,549681
720575941485367558,720575940607652297,136450
720575941403585904,720575940622078049,67193
720575941455317741,720575940610936562,60552
720575941518341815,720575940641565915,528954
720575941632367291,720575940622266025,136820
720575941616575701,720575940606715337,146261
720575941574931869,720575940623070868,142733
720575941597953436,720575940639349813,515812
720575941587725380,720575940610760312,113405
720575941701851866,720575940635662487,193627
720575941526620326,720575940629800698,149897
720575941473777211,720575940638045929,118118
720575941518601644,720575940636073908,152678
720575941461941005,720575940620350332,533109
720575941681469373,720575940618040404,41695
720575941533892483,720575940620319568,39238
720575941626609516,720575940608677212,124686
720575941564599186,720575940635209323,53135
720575941572711070,720575940623181406,145152
720575941625541531,720575940624349674,100710
720575941663669372,720575940654926497,155279
720575941504842917,720575940639184035,191383
720575941595380005,720575940622886413,56253
720575941526389762,720575940632272782,109623
720575941545941940,720575940626882762,129007
720575941499944098,720575940630821314,38123
720575941526014564,720575940642173384,26824
720575941612024550,720575940631704106,67770
720575941435645326,720575940624460019,88807
720575941432378071,720575940625895452,82686
720575941405129584,720575940637319231,112859
720575941486490630,720575940647003956,140798
720575941489937358,720575940643795492,813603
720575941519660760,720575940626577850,548082
720575941690325467,720575940627664719,59224
720575941510491090,720575940630116951,925726
720575941686090614,720575940618002964,815803
720575941629562918,720575940647066932,224319
720575941464471894,720575940624659386,100353
720575941537710819,720575940640847835,805384
720575941579283701,720575940625670414,134813
720575941405202288,720575940630207488,188411
720575941518564531,720575940643837988,17485
720575941658902040,720575940612180629,17463
720575941477130561,720575940639768448,77500
720575941404819568,720575940629388304,63407
720575941523017463,720575940634422880,82487
720575941611807465,720575940621791868,521567
720575941686914287,720575940625681080,135972
720575941659212880,720575940624016875,138098
720575941632778693,720575940618903966,102388
720575941512674257,720575940617886621,113435
720575941688026607,720575940625057829,544891
720575941556450212,720575940624096039,49254
720575941633107104,720575940634824846,814303
720575941570246644,720575940617804774,102575
720575941486649094,720575940626088835,65170
720575941438974943,720575940632051983,48748
720575941488959182,720575940626710727,1050211750
720575941474824513,720575940646521710,940696
720575941631791776,720575940636995561,78408
720575941490775216,720575940627272747,814156
720575941441888603,720575940628991051,60056
720575941618459007,720575940616895883,36293
720575941615824085,720575940621225069,31437
720575941427051348,720575940617885643,138810
720575941594758181,720575940627761797,72056
720575941604213689,720575940626051111,188875
720575941490568905,720575940621435201,128310
720575941611680842,720575940620971201,202414
720575941730726187,720575940619389253,83349
720575941554391553,720575940631187287,31337
720575941566635062,720575940622087412,539599
720575941584560350,720575940636340366,131643
720575941477747508,720575940614898129,155165
720575941688369647,720575940625978867,214923
720575941437811679,720575940629801295,525604
720575941562088237,720575940631073879,55477
720575941486978882,720575940616035771,166120
720575941505176626,720575940611947443,156449
720575941525943718,720575940639685491,114351
720575941573914184,720575940621114228,120618
720575941490095847,720575940629961175,92373
720575941574289807,720575940629493626,95390
720575941561421458,720575940610745373,806933
720575941412931220,720575940626054032,210647
720575941432639191,720575940623740883,176461
720575941516214362,720575940627634673,97044
720575941644774344,720575940612999909,19033
720575941530785995,720575940626020885,36973
720575941404507248,720575940614711347,576105
720575941628417081,720575940625252169,568187
720575941644790136,720575940607593090,72639
720575941513735523,720575940631012370,248502
720575941645562488,720575940630567550,527107
720575941687804022,720575940629801219,810245
720575941561304978,720575940614057391,107782
720575941576838760,720575940620708702,516793
720575941644758904,720575940610729113,562463
720575941551439643,720575940628876150,162650
720575941536306408,720575940630268780,88815
720575941535277546,720575940636052575,32363
720575941593261608,720575940621641710,109290
720575941651874801,720575940623773171,48243
720575941669493937,720575940620204422,115276
720575941552490046,720575940643215501,151284
720575941539578773,720575940630740268,121928
720575941407876143,720575940618252801,50896
720575941558858029,720575940629315900,185711
720575941468839389,720575940628383591,516880
720575941629452326,720575940631218223,90395
720575941563890322,720575940630407639,533625
720575941547289780,720575940616026262,58163
720575941572382472,720575940611724754,109799
720575941440012255,720575940626430922,121968
720575941521356791,720575940617145361,67150
720575941588767044,720575940623987125,13505
720575941479151234,720575940626992003,63308
720575941630405858,720575940623971837,120943
720575941553939483,720575940630033196,158632
720575941643120760,720575940632832583,183383
720575941482089923,720575940609537291,72270
720575941535175602,720575940626795645,107651
720575941477520670,720575940618673748,119258
720575941594134635,720575940626309178,33664
720575941645428344,720575940645838359,65529
720575941564915200,720575940612679898,553649
720575941624332028,720575940628899739,581098
720575941579874169,720575940629828864,108229
720575941429442040,720575940620652167,143773
720575941457173741,720575940634187289,533828
720575941506975070,720575940625679664,107892
720575941688942092,720575940623043427,544523
720575941701821402,720575940632105291,83220
720575941447714229,720575940618369314,113715
720575941486511056,720575940628811594,40689
720575941525137252,720575940640313763,90466
720575941440521423,720575940630218967,131914
720575941484063930,720575940619970480,97214
720575941524522571,720575940632324111,59364
720575941531859173,720575940636345967,133482
720575941519960174,720575940639207101,552026
720575941488585161,720575940618682747,513655
720575941564792886,720575940622034508,540393
720575941612792540,720575940641872859,72654
720575941471253111,720575940633671319,174312
720575941506578561,720575940612263321,129280
720575941475250484,720575940615677780,54176
720575941506830149,720575940626666066,531019
720575941439244511,720575940611196110,144076
720575941399965987,720575940622859463,76596
720575941480793679,720575940618348155,114245
720575941497328000,720575940636466807,182757
720575941450199733,720575940625131192,165580
720575941477677620,720575940608738908,115347
720575941613252060,720575940624891687,123336
720575941529554360,720575940627649553,149176
720575941572928009,720575940631130850,73708
720575941598752668,720575940632167308,79747
720575941534417752,720575940636984687,83306
720575941569012082,720575940627921937,75032
720575941563453191,720575940630573359,56489
720575941556661028,720575940612544935,109997
720575941482975174,720575940620762904,911666
720575941595615783,720575940620414447,136457
720575941411424171,720575940604249790,148588
720575941503866967,720575940638574936,175885
720575941606806637,720575940626276554,815427
720575941468256022,720575940628641866,547118
720575941603411958,720575940605669553,52967
720575941639755893,720575940636815991,61717
720575941486547778,720575940632200844,85728
720575941439284571,720575940607212380,148205
720575941451309127,720575940610740889,79748
720575941662855992,720575940626850941,143575
720575941511751378,720575940618919326,154958
720575941475030331,720575940622404212,112819
720575941596552561,720575940629252170,133456
720575941471714167,720575940627411843,900956
720575941445411348,720575940619915992,56168
720575941565582646,720575940640996736,233502
720575941516141146,720575940618201371,26560
720575941484498317,720575940616626945,113390
720575941562393746,720575940628869431,89233
720575941641604946,720575940642866199,806047
720575941481559994,720575940625035022,511925
720575941504592549,720575940623914851,63162
720575941429218145,720575940650943865,87412
720575941494347646,720575940609817539,146050
720575941590463287,720575940627727134,500025
720575941478964330,720575940655742881,518232
720575941567845422,720575940623060104,93240
720575941451114362,720575940627764780,236642
720575941630193190,720575940606172337,94461
720575941528701060,720575940626026298,58339
720575941535791338,720575940621629578,391272
720575941502156171,720575940619775860,221800013
720575941678623165,720575940630372153,47564
720575941529244036,720575940638542564,142393
720575941473206587,720575940631649807,101265
720575941519386291,720575940622785560,99732
720575941652332785,720575940612934117,532503
720575941461794829,720575940632681367,802022
720575941591005438,720575940631948089,105092
720575941643307877,720575940639544373,139578
720575941643556709,720575940611172465,21939
720575941519288492,720575940630719358,72753
720575941662966328,720575940627596925,109805
720575941596627904,720575940623076120,550232
720575941574363912,720575940627719301,33149
720575941499600457,720575940620489094,199925
720575941460715920,720575940621537190,241339
720575941492165296,720575940618119739,102414
720575941536037362,720575940626276680,101696
720575941555006874,720575940625123877,132228
720575941409101486,720575940629345179,161965
720575941655167961,720575940626464199,140055
720575941578797137,720575940625543626,16311
720575941569813618,720575940615778610,147670
720575941496971648,720575940621531328,190355
720575941633668768,720575940621863039,539619
720575941576811353,720575940641609691,84169
720575941427833684,720575940639852085,38142
720575941454147635,720575940632943135,129508
720575941572911176,720575940640508787,113350
720575941626649657,720575940625716628,141438
720575941526358786,720575940624155853,156202
720575941644515960,720575940635695022,526285
720575941595840668,720575940639601752,378525
720575941428495535,720575940618714369,157454
720575941617849557,720575940624851719,235851
720575941545341189,720575940629444849,170298
720575941534245313,720575940606998485,47515
720575941624690796,720575940620772846,100071
720575941431663201,720575940622215523,87786
720575941538261373,720575940611475698,19973
720575941619679871,720575940630236542,122248
720575941653443857,720575940621353638,532093
720575941632024517,720575940628014744,89193
720575941626692665,720575940638565342,144013
720575941506868865,720575940613086181,310264
720575941553380379,720575940638214878,91732
720575941483052541,720575940619533483,909066
720575941530594251,720575940622581501,106388
720575941548482952,720575940628957543,106715
720575941630439906,720575940632961164,37169
720575941535856906,720575940610963734,84334
720575941667987955,720575940639228991,129607
720575941652998129,720575940617524853,137733
720575941495130055,720575940618726171,903251
720575941431028617,720575940640750043,25466
720575941643353249,720575940621023926,153117
720575941518120108,720575940622828682,206485
720575941467297110,720575940627891855,532381
720575941519106487,720575940627942994,62795
720575941643606866,720575940633411155,112670
720575941515825913,720575940619418304,207537
720575941633333664,720575940636825199,59482
720575941443667370,720575940629887276,97012
720575941538276757,720575940622224836,174517
720575941633422277,720575940627038794,87740
720575941643319160,720575940639598963,120921
720575941540599501,720575940633209996,544804
720575941555131731,720575940615980044,77926
720575941540940925,720575940637038960,171998
720575941582749791,720575940607988914,165147
720575941439566933,720575940638681919,68319
720575941521271735,720575940634970559,526151
720575941630517730,720575940623826729,102450
720575941631745516,720575940613222567,136674
720575941598975644,720575940636985422,140790
720575941462592781,720575940614299047,108007
720575941514074617,720575940626269028,132570
720575941660520760,720575940614546578,113487
720575941566708022,720575940618908062,515262
720575941393064598,720575940605285297,42808
720575941393795990,720575940628763368,133859
720575941598153408,720575940613465581,123330
720575941563908962,720575940627177487,31542
720575941545383860,720575940614127155,79534
720575941624899722,720575940626132030,814995
720575941645302945,720575940647872889,26248
720575941590233640,720575940631065144,815209
720575941480771663,720575940608253193,29969
720575941643843016,720575940635157660,230916
720575941503349298,720575940630359290,119633
720575941459034694,720575940619441345,910790
720575941491146446,720575940620996289,539408
720575941521718451,720575940629055055,145027
720575941466583382,720575940619966622,535008
720575941436714514,720575940645473134,171312
720575941505861692,720575940625257805,99020
720575941596099953,720575940624720259,162829
720575941626363035,720575940646013748,109792
720575941541575260,720575940636234473,37467
720575941620426623,720575940620958854,90094
720575941549716852,720575940606169376,200074
720575941555910995,720575940626739504,545927
720575941690387419,720575940640014464,96062
720575941409951915,720575940612476634,171058
720575941489963829,720575940636492901,189468
720575941536206362,720575940626983882,51452
720575941644735137,720575940618601024,156046
720575941434226464,720575940634024599,44287
720575941549318143,720575940620577612,533146
720575941535457880,720575940641520347,120186
720575941688134412,720575940627795066,77858
720575941594180203,720575940609314755,105311
720575941470263927,720575940632135249,82673
720575941625088364,720575940619926838,515302
720575941553800961,720575940621350022,23894
720575941723463226,720575940615926982,724444081
720575941510327312,720575940612432626,84242
720575941553527041,720575940635105375,123721
720575941553461531,720575940625506279,153991
720575941413700241,720575940619261086,37269
720575941472503648,720575940620848342,143495
720575941525826125,720575940632416081,813242
720575941631191020,720575940624056624,908353
720575941514320019,720575940618606715,76057
720575941535371274,720575940633223308,228304
720575941540986829,720575940615689634,146559
720575941435304736,720575940631352147,549348
720575941585783006,720575940635802991,179572
720575941471147127,720575940638336419,934955
720575941662921528,720575940610366915,195515
720575941461024979,720575940630586668,164912
720575941571756190,720575940630896379,90013
720575941535334849,720575940624815079,108373
720575941466533910,720575940637165987,810040
720575941535326218,720575940651727094,116454
720575941548886333,720575940619986261,56214
720575941471906602,720575940606335410,810407
720575941410852975,720575940614662815,99833
720575941632330988,720575940620241031,526621
720575941443427242,720575940620647407,60847
720575941515249043,720575940645065672,138771
720575941608014189,720575940627173636,521163
720575941428193199,720575940621261428,92123
720575941502221291,720575940613514098,45271
720575941535975139,720575940624453268,130822
720575941430666159,720575940629713680,183273
720575941689204086,720575940614635518,230791
720575941545856105,720575940617474933,67423
720575941486397250,720575940638270808,813684
720575941580475893,720575940616095244,162653
720575941523050231,720575940622510452,552095
720575941498083041,720575940620460927,123019
720575941654982100,720575940614682770,58839
720575941434383246,720575940630352343,518573
720575941591510824,720575940620011736,104464
720575941608267373,720575940634229218,161195
720575941611683561,720575940610658094,28148
720575941624810954,720575940623442314,106873
720575941538156520,720575940635309931,118782
720575941626170011,720575940626450265,156358
720575941481033635,720575940631967831,80592
720575941500695691,720575940633156911,135296
720575941563948800,720575940626565634,69909
720575941458629616,720575940625877747,253115
720575941490576949,720575940614253279,41293
720575941469818743,720575940611137723,95136
720575941588753207,720575940640338229,110903
720575941560643175,720575940637128538,815307
720575941417174556,720575940630256027,18215
720575941547813000,720575940614465979,87372
720575941574104827,720575940616896581,525062
720575941407253039,720575940626444844,67411
720575941554062215,720575940604744625,154626
720575941496536192,720575940636660366,105700
720575941441216191,720575940615430587,805528
720575941611333450,720575940618363072,317223538
720575941643990472,720575940625997863,160227
720575941584978142,720575940608085771,110669
720575941475535134,720575940624488595,218302
720575941614810009,720575940621264576,75144
720575941688425740,720575940627251026,514380
720575941660350008,720575940635996023,183907
720575941588918782,720575940628324112,125569
720575941466198870,720575940620843688,135061
720575941544302085,720575940631651882,132346
720575941528859576,720575940633195148,46753
720575941557768484,720575940615716753,542805
720575941670434481,720575940645193763,90243
720575941429890697,720575940622745834,161551
720575941505064252,720575940620402712,54999
720575941566482734,720575940616629570,71943
720575941574786824,720575940628741436,81664
720575941489094601,720575940630046846,111532
720575941505961788,720575940632059192,153524
720575941598743488,720575940620577901,65383
720575941408507566,720575940622761864,52556
720575941414668828,720575940626664680,196232
720575941568712306,720575940627897591,818506
720575941536207336,720575940611818594,169579
720575941506518039,720575940633221090,515131
720575941489077301,720575940641162704,198117
720575941504060907,720575940617312320,202547
720575941552371457,720575940635406455,100999
720575941448456980,720575940612531097,135240
720575941591455628,720575940630575943,554096
720575941448523540,720575940621578118,807967
720575941566705710,720575940627896828,145260
720575941439597119,720575940605817522,50256
720575941538815613,720575940612974554,33261
720575941644437330,720575940637614704,78547
720575941469533963,720575940612255973,529078
720575941462348688,720575940630682839,532733
720575941671603623,720575940620575653,525483
720575941516929939,720575940628323710,111617
720575941438875733,720575940621194561,119443
720575941538998933,720575940615683178,545384
720575941551643647,720575940637504653,98177
720575941477306417,720575940614418897,149919
720575941435115662,720575940625099597,533195
720575941514778691,720575940615732310,26581
720575941533797507,720575940626936457,159954
720575941432531809,720575940619454379,108680
720575941529952696,720575940628701461,70398
720575941482087619,720575940612111894,110786
720575941594773125,720575940621299120,146357
720575941554262938,720575940627896842,156210
720575941610290605,720575940608915669,62358
720575941605704813,720575940622199164,135983
720575941669761201,720575940613142514,123481
720575941555517860,720575940614046114,138511
720575941475909435,720575940627776058,43229
720575941552120575,720575940612884433,521706
720575941533165802,720575940630130176,151081
720575941454758707,720575940626617543,524539
720575941667990515,720575940632436307,168459
720575941643642450,720575940636313967,73209
720575941527098393,720575940620758437,78413
720575941516075363,720575940631219574,537083
720575941525722701,720575940630427514,108104
720575941456455408,720575940624077606,146942
720575941515373971,720575940617002613,44591
720575941552985735,720575940621887197,928270
720575941537573618,720575940616454854,531846
720575941671574695,720575940615899622,73994
720575941633408443,720575940621338022,192385
720575941407437871,720575940605891506,812757
720575941639567733,720575940650884729,124788
720575941518079854,720575940631953426,546072
720575941630812091,720575940626469519,804947
720575941593189160,720575940619728286,99503
720575941453236393,720575940611476270,153613
720575941547070569,720575940638186842,482595
720575941619337343,720575940641225600,533323
720575941657792592,720575940615629418,214276
720575941575976808,720575940644654280,126435
720575941564533394,720575940631826007,67329
720575941732729387,720575940631412576,745668454
720575941533142506,720575940636351851,52908
720575941526169254,720575940631840965,122700
720575941668578225,720575940626322988,215865
720575941508718370,720575940613243807,323454
720575941566791222,720575940621581439,539369
720575941494793598,720575940644398536,526570
720575941487544272,720575940641195765,102585
720575941564367158,720575940613492143,91368
720575941541161052,720575940624885687,192249
720575941508783198,720575940608166101,86695
720575941552611583,720575940631425965,46990
720575941547044980,720575940618608110,186323
720575941615427481,720575940645834036,73796
720575941507116322,720575940622021146,221549
720575941625906796,720575940636397748,74983
720575941566847790,720575940614464563,104016
720575941430507022,720575940617321403,814806
720575941613699481,720575940621298368,112932
720575941508443090,720575940631008994,814588
720575941562519906,720575940636504165,171851
720575941662652984,720575940630592460,222128
720575941433175328,720575940627103877,909267
720575941617717205,720575940614185996,87522
720575941630078758,720575940612511450,154217
720575941593321255,720575940627101203,198491
720575941546788385,720575940635561370,27732
720575941401676579,720575940618812888,81238
720575941425753684,720575940618749238,79375
720575941435468576,720575940631385815,156878
720575941546321769,720575940627406930,141549
720575941434725664,720575940625821332,70330
720575941595428135,720575940632077007,187520
720575941471948096,720575940625735185,78304
720575941498815561,720575940635188343,81980
720575941576541288,720575940604851936,153007
720575941565122614,720575940652523510,147383
720575941643569057,720575940633226029,192178
720575941457686512,720575940617244049,807800
720575941518780888,720575940634317026,539461
720575941536572353,720575940632538937,529305
720575941521740467,720575940626574142,546477
720575941547778996,720575940606498993,187735
720575941611639142,720575940635901035,34931
720575941643402401,720575940633805267,108232
720575941438220255,720575940645348388,123133
720575941480832186,720575940618391350,80700
720575941435490446,720575940613894398,89201
720575941563278855,720575940612637809,83189
720575941443442346,720575940638470003,549149
720575941521020087,720575940628239671,186833
720575941656675608,720575940618800225,25714
720575941573188751,720575940633841581,115563
720575941542087453,720575940630172892,814080
720575941510820818,720575940607969289,69286
720575941552650375,720575940628001359,117797
720575941496347847,720575940607529090,199833
720575941628377314,720575940627596487,822879
720575941437305644,720575940635408496,809360
720575941639703327,720575940631218060,136416
720575941680143805,720575940633358431,240034
720575941689237211,720575940632477507,87327
720575941585556614,720575940623816848,536264
720575941589623436,720575940624774275,82858
720575941569736698,720575940636267000,88863
720575941546442376,720575940624641205,107883
720575941593522390,720575940628782065,52585
720575941599319744,720575940631582283,172551
720575941529082244,720575940631037015,82559
720575941562973440,720575940626740068,111500
720575941613827603,720575940621599216,120277
720575941518621100,720575940632858707,116794
720575941731871531,720575940635444325,16997
720575941438318911,720575940618493211,557423
720575941590399742,720575940622469872,47826
720575941585193606,720575940626533220,178764
720575941571800734,720575940632165944,59491
720575941514423555,720575940617927883,34559
720575941703163866,720575940616824965,1050754686
720575941550581108,720575940626791824,117204
720575941668216563,720575940638137151,44888
720575941410702703,720575940636981166,159977
720575941538704509,720575940615257238,100019
720575941548623421,720575940616954297,138285
720575941392523268,720575940651898358,127738
720575941513643473,720575940636910825,139972
720575941488052432,720575940640759504,48614
720575941566626919,720575940624232339,39986
720575941542570332,720575940622249736,24961
720575941568751918,720575940621566630,112771
720575941654501337,720575940618267339,818681
720575941471809088,720575940625570334,76615
720575941401383971,720575940620246036,119043
720575941483421181,720575940630228606,529913
720575941406693935,720575940612669849,62715
720575941595544197,720575940624305642,92283
720575941539623629,720575940628823639,59968
720575941490061543,720575940624191159,57889
720575941611011049,720575940641061248,144344
720575941447832340,720575940630169764,813484
720575941553545043,720575940622491980,131812
720575941508897058,720575940625125117,37822
720575941662974264,720575940624226707,191868
720575941431762424,720575940615028341,154063
720575941597652160,720575940631737593,803367
720575941505685854,720575940624683152,148730
720575941533106405,720575940627913436,52041
720575941408244910,720575940642967662,124272
720575941547142068,720575940618473629,112612
720575941567603826,720575940631296543,84068
720575941633520837,720575940630205996,93117
720575941435892512,720575940622953229,40214
720575941506867329,720575940621574780,87032
720575941475069243,720575940626658341,100044
720575941642221176,720575940633565536,1349927540
720575941644078497,720575940628901750,201797
720575941470284765,720575940617095051,75217
720575941537833085,720575940623283753,809539
720575941629752102,720575940617537977,15387
720575941610414566,720575940621363532,127964
720575941526079654,720575940635826539,84150
720575941486664710,720575940627525634,226271
720575941532709093,720575940637145828,514278
720575941549428991,720575940631163091,909039
720575941351686192,720575940627262809,193602
720575941436824287,720575940630763724,159099
720575941432278369,720575940621121729,198682
720575941521750451,720575940625484048,130156
720575941439654079,720575940620068628,121316
720575941466159190,720575940629375799,39657
720575941515335171,720575940627705621,102206
720575941632616901,720575940612277454,112341
720575941548937076,720575940631216143,56905
720575941644090273,720575940617262987,809660
720575941556890084,720575940618553318,136832
720575941504259890,720575940630351554,147757
720575941486766288,720575940642526349,214304
720575941447893582,720575940631518582,820191
720575941642256248,720575940646018595,817477
720575941570324126,720575940625034640,816148
720575941521499383,720575940630604047,123320
720575941543942332,720575940626767152,41616
720575941627884838,720575940646347299,75033
720575941504041010,720575940640090576,26604
720575941543649285,720575940628994063,909601
720575941529343364,720575940624134919,97936
720575941495483262,720575940613789933,206226
720575941688230296,720575940626951434,520936
720575941595850688,720575940637070191,21697
720575941641078629,720575940618396399,57729
720575941545646772,720575940611406834,187022
720575941407410094,720575940622196360,137874
720575941690480091,720575940618950913,133378
720575941536016833,720575940638403294,28097
720575941502369675,720575940639329845,38321
720575941502987243,720575940629499139,114163
720575941503953458,720575940629827907,26820
720575941502524555,720575940618844501,59602
720575941603895798,720575940639730365,85583
720575941596281733,720575940646674996,87081
720575941407309742,720575940618769345,89774
720575941537348579,720575940638837338,186817
720575941505614871,720575940632148051,112463
720575941465841174,720575940630415810,116912
720575941483793338,720575940629906223,814831
720575941460530246,720575940625349816,514199
720575941504539196,720575940623987244,125701
720575941557679268,720575940619997573,218466
720575941642285906,720575940623115433,129222
720575941476465694,720575940638771007,103984
720575941603519478,720575940617240128,33825
720575941516480940,720575940608237835,60522
720575941442067407,720575940620627160,550610
720575941498604513,720575940607511900,34130
720575941510603474,720575940613903587,50137
720575941491991527,720575940610558833,151445
720575941573781755,720575940629684792,25826
720575941557987599,720575940631656901,108594
720575941652323289,720575940630387663,812726
720575941524485451,720575940634033599,534948
720575941433737358,720575940614292478,223086
720575941488692277,720575940630188396,95891
720575941654795225,720575940612295793,548558
720575941721317434,720575940630621753,535597
720575941569777054,720575940633088083,902731
720575941522413643,720575940620248097,118336
720575941574115997,720575940616133493,41865
720575941439708507,720575940622342499,168070
720575941439939807,720575940628286376,98316
720575941455088691,720575940612815766,64172
720575941539045581,720575940617446449,49255
720575941505050930,720575940625856144,545238
720575941536426728,720575940624105513,120336
720575941564296850,720575940631535691,57980
720575941527554982,720575940621482177,137850
720575941487309008,720575940637506014,116188
720575941579781241,720575940630601759,810955
720575941577962321,720575940636216553,172182
720575941574011899,720575940622513481,103795
720575941687601782,720575940633272147,817528
720575941476638750,720575940632646457,66748
720575941510603792,720575940621616133,33217
720575941594101029,720575940655096481,226703
720575941440438991,720575940640228979,103479
720575941431470985,720575940639910771,120674
720575941650749425,720575940625799426,159334
720575941481907642,720575940622346846,134785
720575941522796535,720575940612592281,107355
720575941533800170,720575940622710655,114503
720575941479765378,720575940613161267,816726
720575941558406515,720575940629699883,38402
720575941409409451,720575940620604399,121392
720575941611988444,720575940629837819,111056
720575941547990589,720575940619498177,82560
720575941639743861,720575940629595497,550665
720575941412545135,720575940637344590,87811
720575941536414952,720575940612910997,101605
720575941687335798,720575940637516685,57254
720575941448779086,720575940630385915,65379
720575941445525418,720575940625081272,106256
720575941431093262,720575940632640703,174035
720575941534458305,720575940617208459,813647
720575941499322441,720575940628182010,159498
720575941411490731,720575940632891276,170879
720575941452630067,720575940614605521,69712
720575941516511660,720575940614945843,145763
720575941449978183,720575940645661731,88018
720575941729890091,720575940626057990,161212
720575941632486636,720575940636877679,84207
720575941498892105,720575940618756150,56823
720575941651230193,720575940621792606,117096
720575941642237285,720575940623322444,531550
720575941485612941,720575940631088121,118846
720575941511118608,720575940637110414,525541
720575941524477442,720575940617598109,131515
720575941429404591,720575940637611109,84858
720575941476839018,720575940614144818,62975
720575941408495151,720575940624957623,102520
720575941594555175,720575940631940377,519282
720575941488230608,720575940642607067,213711
720575941534918634,720575940640546648,116670
720575941573797263,720575940612927146,77406
720575941553525658,720575940612774373,50570
720575941450693498,720575940630055290,84304
720575941479474306,720575940625768506,159245
720575941626430410,720575940608081330,28370
720575941477086494,720575940624133045,817305
720575941689580507,720575940628708139,133154
720575941436546860,720575940646066308,92114
720575941476080177,720575940622650138,202996
720575941516356857,720575940616396447,215700
720575941526979917,720575940609080696,81952
720575941589331454,720575940625369362,107518
720575941643974049,720575940631696441,142875
720575941468072413,720575940632671848,136878
720575941412432529,720575940638480948,97256
720575941486688397,720575940605958572,115460
720575941457220166,720575940628992975,811558
720575941553136641,720575940632429416,125600
720575941671796391,720575940618805627,87750
720575941440109503,720575940624264009,25014
720575941554069383,720575940626873637,556747
720575941653507089,720575940624149431,88022
720575941469916279,720575940624240580,99236
720575941603368889,720575940604835756,906222
720575941591016076,720575940609735691,115282
720575941486467981,720575940626886525,74486
720575941476665153,720575940628188732,65633
720575941587602244,720575940612279731,87419
720575941565435399,720575940627172943,516172
720575941564730112,720575940625129037,105688
720575941495401344,720575940622366448,98474
720575941475307057,720575940624205546,128386
720575941352911664,720575940623648536,154002
720575941477311774,720575940629326695,556643
720575941552136447,720575940623785059,108823
720575941524096077,720575940626487814,27477
720575941612419942,720575940626848387,120937
720575941496519296,720575940632471891,117261
720575941652983793,720575940624332522,516686
720575941656133076,720575940634600599,116360
720575941633264837,720575940626781028,134031
720575941531218661,720575940616084948,78221
720575941435914770,720575940629405970,908007
720575941688671606,720575940614216243,150295
720575941555120282,720575940632884940,43707
720575941732980523,720575940622248700,540454
720575941416558876,720575940639267005,83526
720575941526314317,720575940631226711,55996
720575941551644699,720575940612286899,826417
720575941645546616,720575940620226470,61579
720575941550860862,720575940636982903,91706
720575941566725991,720575940625994073,51128
720575941568402478,720575940630993768,133597
720575941434062222,720575940622303326,161205
720575941587863876,720575940633356128,130164
720575941623403116,720575940615943892,807242
720575941538211299,720575940632628781,30831
720575941670919591,720575940617570008,58127
720575941650820593,720575940654642081,186845
720575941574404105,720575940637181815,134805
720575941483493062,720575940626704913,52111
720575941525150630,720575940609863492,75059
720575941652834801,720575940640765603,85509
720575941547497652,720575940622595827,17600
720575941498801377,720575940617143413,170601
720575941555818835,720575940639551046,70572
720575941554826724,720575940617537117,80930
720575941482293699,720575940625176957,86166
720575941585067142,720575940616804753,109624
720575941413262481,720575940618535303,909817
720575941573238198,720575940636160319,811578
720575941651479061,720575940637150798,47052
720575941628533030,720575940616898098,57612
720575941523242999,720575940654766497,165905
720575941573200200,720575940609165833,76089
720575941501968727,720575940614050271,117218
720575941488999989,720575940627038982,132139
720575941533823320,720575940612556773,134858
720575941510238930,720575940637054835,816997
720575941411322479,720575940623213203,40333
720575941732769067,720575940623873829,59771
720575941578667765,720575940617726272,183932
720575941511037968,720575940636378334,136781
720575941670725543,720575940630701056,110783
720575941496682363,720575940618114082,115274
720575941611465702,720575940611619299,41024
720575941670006951,720575940614013196,815461
720575941592654955,720575940611752857,812364
720575941481680838,720575940621321057,156331
720575941515330915,720575940626556990,525330
720575941480597583,720575940614832168,516714
720575941441478747,720575940624246250,202467
720575941644794488,720575940621398113,85881
720575941529119672,720575940624810270,511839
720575941597307840,720575940626552010,181509
720575941513840963,720575940625212489,78289
720575941476853044,720575940638562394,126832
720575941588354496,720575940612234725,69326
720575941552771994,720575940627107929,61883
720575941581367673,720575940631477305,62703
720575941644114770,720575940620046085,531353
720575941534399498,720575940614057903,537906
720575941469045824,720575940610440402,93833
720575941530109899,720575940627747144,118488
720575941445540266,720575940620097415,195407
720575941485102477,720575940617864409,80755
720575941595499377,720575940629979087,30698
720575941482764998,720575940638039664,531883
720575941626589292,720575940624215590,517792
720575941504119602,720575940624166123,107376
720575941579926865,720575940611734641,150555
720575941480759119,720575940620534624,73314
720575941523724023,720575940630856668,104077
720575941451604602,720575940642105051,532371
720575941506668197,720575940603676774,195816
720575941632603884,720575940620118864,106921
720575941458105072,720575940640707491,62276
720575941470857024,720575940617795073,817575
720575941475594036,720575940613570962,103040
720575941489108021,720575940616208982,175120
720575941479763363,720575940632177453,145641
720575941510290448,720575940638625443,139726
720575941448810318,720575940639926643,147560
720575941440093787,720575940628525318,137526
720575941586771012,720575940621892963,200718
720575941448572509,720575940628660136,163668
720575941554264218,720575940631637304,116585
720575941478965866,720575940622746904,15115
720575941401202467,720575940630067255,53154
720575941515536377,720575940622795903,112772
720575941566215271,720575940630748984,52500
720575941492003504,720575940624932903,84480
720575941461111440,720575940608157058,148657
720575941732226091,720575940627720464,45053
720575941651269617,720575940611166387,61511
720575941652191961,720575940623407143,820131
720575941501734539,720575940634300642,143045
720575941536152602,720575940621461441,121495
720575941430597473,720575940643758752,125096
720575941533383512,720575940632001849,146163
720575941558735405,720575940613654782,514063
720575941549538164,720575940620613409,531134
720575941489828814,720575940616195421,51377
720575941451068238,720575940606670859,550408
720575941509436626,720575940617200601,101668
720575941633304507,720575940629188251,121677
720575941574099357,720575940621650175,42801
720575941480834639,720575940628223058,84178
720575941459361606,720575940631663939,169700
720575941440567503,720575940621475163,108552
720575941440154847,720575940609167299,79435
720575941535624626,720575940617932116,534237
720575941533797251,720575940621518575,520453
720575941564001024,720575940634488056,535210
720575941491703502,720575940618482772,123714
720575941531853187,720575940629330537,126758
720575941429726857,720575940618282937,81625
720575941645821640,720575940624261384,180194
720575941565304630,720575940641238400,37366
720575941466183446,720575940629671294,111714
720575941623995338,720575940617681553,118562
720575941550987143,720575940626086728,848955
720575941615491993,720575940618260637,543360
720575941526308866,720575940619357275,72610
720575941611539018,720575940625391036,558638
720575941587341124,720575940631816143,121301
720575941527199844,720575940618425035,92103
720575941431850510,720575940613291161,59236
720575941585688966,720575940622370800,158414
720575941688794742,720575940625025212,103839
720575941478696160,720575940640595152,113766
720575941653675025,720575940623607527,170916
720575941455249971,720575940614185890,188034
720575941443383210,720575940629544503,33810
720575941565431047,720575940615416763,23288
720575941579245649,720575940621375909,152901
720575941462947728,720575940638462697,517932
720575941568249134,720575940618753445,88305
720575941562829736,720575940632526244,117640
720575941549996093,720575940631613738,534141
720575941595181095,720575940623763661,539767
720575941505702935,720575940620270552,72861
720575941565757538,720575940628547266,158103
720575941414304401,720575940606137772,155242
720575941454936883,720575940636513678,95640
720575941430825943,720575940613140205,198309
720575941561937197,720575940612885683,148919
720575941559990131,720575940624868026,103743
720575941479572559,720575940626299236,142852
720575941477413425,720575940640974288,159094
720575941414482833,720575940626239881,353379798
720575941643296357,720575940622217025,44951
720575941408581547,720575940634904677,81020
720575941575291913,720575940615970790,62328
720575941520961357,720575940618302557,86194
720575941638831135,720575940619498801,106937
720575941612346332,720575940622520692,808036
720575941440717247,720575940619703606,138566
720575941622426364,720575940652371446,39301
720575941531131851,720575940618946206,153011
720575941605958509,720575940613090710,77849
720575941516134746,720575940624183699,22136
720575941466498902,720575940626848408,107927
720575941576410294,720575940645306222,523757
720575941507880798,720575940653764001,129990
720575941526298445,720575940639202467,67120
720575941405048176,720575940617932859,148629
720575941455784688,720575940632162115,819287
720575941537594573,720575940612574435,815095
720575941578407157,720575940628546289,95507
720575941527414148,720575940633486561,55491
720575941475767099,720575940629236379,17793
720575941575384585,720575940624070605,531601
720575941526469122,720575940622212897,167436
720575941566430254,720575940633844110,124210
720575941556985380,720575940646498158,151110
720575941491150025,720575940623186687,108652
720575941563389952,720575940631444299,91849
720575941449953614,720575940619749579,539822
720575941560906029,720575940615555257,23395
720575941514011395,720575940633199756,127662
720575941476622878,720575940626933009,121530
720575941449589838,720575940616765469,45969
720575941592898341,720575940621458556,87455
720575941573415177,720575940630541519,124942
720575941431019105,720575940605870560,808856
720575941450529870,720575940619551611,926206
720575941573624073,720575940611378274,121416
720575941624527724,720575940637995632,91959
720575941485734797,720575940611361450,48492
720575941613019411,720575940628896060,153194
720575941655806932,720575940612720867,48994
720575941499478946,720575940620903201,111154
720575941598230684,720575940627302500,525159
720575941533925098,720575940630055783,87321
720575941534759690,720575940632784977,123857
720575941539913085,720575940622057712,119602
720575941528836024,720575940623940681,153441
720575941560123919,720575940640791155,130614
720575941596571072,720575940629247736,29446
720575941352998960,720575940614674082,517096
720575941437341228,720575940620195719,811530
720575941445849876,720575940623900052,800604
720575941491504359,720575940627295242,120068
720575941642863205,720575940618254297,93678
720575941393873046,720575940629863211,75280
720575941605096382,720575940641149429,526644
720575941689245336,720575940634256540,146371
720575941533548466,720575940635424959,58380
720575941436935980,720575940624834741,113744
720575941639920927,720575940618110621,128532
720575941587048158,720575940634945911,548749
720575941542134620,720575940638595135,28467
720575941525878605,720575940606388060,114184
720575941508712994,720575940638292964,117164
720575941643679570,720575940628240122,70261
720575941603820222,720575940621401782,130943
720575941524878413,720575940609311022,37947
720575941626171338,720575940633732833,137688
720575941651491861,720575940628309416,26412
720575941552381082,720575940631242447,197139
720575941612377830,720575940619157662,74492
720575941527995320,720575940639549774,82553
720575941470800247,720575940628382460,179852
720575941477503338,720575940613774194,23667
720575941642298706,720575940613381785,114527
720575941598552732,720575940604096614,30025
720575941622455036,720575940625151928,224206
720575941563505554,720575940626209413,47879
720575941560404751,720575940629467842,222691
720575941578543705,720575940618143003,81404
720575941624547274,720575940616393053,141190
720575941548298868,720575940624525715,206687
720575941411449515,720575940622108442,119192
720575941504966338,720575940617324347,211766
720575941426464340,720575940614853535,114509
720575941501802731,720575940625579160,70565
720575941508645505,720575940618189713,178823
720575941523520331,720575940628642837,48093
720575941560221422,720575940630291070,39494
720575941482733507,720575940630480188,40033
720575941691514008,720575940637273742,103899
720575941596146624,720575940608190532,815079
720575941688998924,720575940625079477,536253
720575941490617653,720575940611003858,80747
720575941507354181,720575940625637946,83970
720575941410978159,720575940631176960,44651
720575941469756125,720575940615258163,817316
720575941546079668,720575940630639447,159045
720575941563775634,720575940651418102,54391
720575941681165757,720575940626491906,102485
720575941459023174,720575940622934711,56057
720575941593406571,720575940637162158,67852
720575941613561308,720575940622736713,78718
720575941451278458,720575940628164168,113087
720575941556138660,720575940614791645,33649
720575941558204175,720575940637398629,123727
720575941574676893,720575940632396615,77841
720575941453240883,720575940625964184,105087
720575941643238776,720575940619966587,26937
720575941451644231,720575940645124388,156469
720575941639506805,720575940617799253,28560
720575941473793322,720575940612929715,161886
720575941626408347,720575940617456017,41862
720575941593454038,720575940630870871,51710
720575941515612051,720575940633620415,139385
720575941535368641,720575940631540823,102540
720575941564963591,720575940623429610,544030
720575941540985981,720575940632333327,217974
720575941495871687,720575940625508400,175490
720575941463650829,720575940637405150,815171
720575941519553196,720575940606229792,516494
720575941393091844,720575940619217310,203888
720575941515165283,720575940627849274,544533
720575941353241904,720575940624266378,174315
720575941476113258,720575940623225212,148335
720575941563420160,720575940618949848,99464
720575941657154840,720575940634046399,171324
720575941503293378,720575940607196681,140176
720575941534583128,720575940613606013,87196
720575941456099309,720575940617017542,107366
720575941630508258,720575940608331868,94735
720575941476624961,720575940620985889,150548
720575941542740060,720575940624073510,534676
720575941638567285,720575940633954808,530212
720575941492380135,720575940627106200,514600
720575941589055742,720575940634757015,121711
720575941690804376,720575940640101976,514348
720575941533171466,720575940606810057,80473
720575941626796938,720575940632666435,264163
720575941572225019,720575940644464032,174093
720575941592272235,720575940611372846,163999
720575941514695171,720575940630907679,147822
720575941560426222,720575940633136045,551809
720575941554102811,720575940637749062,153817
720575941627530553,720575940606198473,176534
720575941405154672,720575940625525396,69907
720575941604704958,720575940627739978,104801
720575941551098367,720575940630204636,94578
720575941438868242,720575940642386395,106004
720575941662141052,720575940621563072,120804
720575941440461659,720575940622779519,1050206135
720575941560037647,720575940645212980,134981
720575941493747120,720575940630992121,104064
720575941462441997,720575940622739690,36879
720575941521642163,720575940615325078,18386
720575941595672709,720575940620443725,47300
720575941595811973,720575940617566110,58112
720575941657854488,720575940624746940,526786
720575941588951550,720575940608452956,96652
720575941393708438,720575940631093519,146170
720575941564351586,720575940625606192,30812
720575941451914153,720575940638253022,86273
720575941484072189,720575940621828080,132614
720575941565572199,720575940622442409,203146
720575941555947428,720575940619185601,535661
720575941579064145,720575940621804364,23863
720575941451512489,720575940620395759,141646
720575941495909831,720575940611428398,534909
720575941533761002,720575940619166667,108546
720575941556139603,720575940638545498,187960
720575941535555160,720575940614123816,48621
720575941654162644,720575940614371490,105354
720575941687373942,720575940631841311,144708
720575941501657067,720575940612304179,137332
720575941564152583,720575940621949350,189724
720575941508396161,720575940617173365,97716
720575941662473784,720575940632306380,524977
720575941594006311,720575940615945926,119077
720575941479048387,720575940606663014,159281
720575941595087911,720575940622107628,174318
720575941601177129,720575940630776057,82203
720575941548484413,720575940630674682,30344
720575941644657352,720575940623924221,118511
720575941578345553,720575940618068454,116130
720575941481680323,720575940639433021,126847
720575941659199256,720575940619427163,114525
720575941450786887,720575940643758280,67140
720575941516069625,720575940622324009,819626
720575941455984109,720575940614063853,68436
720575941732715307,720575940638746084,61987
720575941405037680,720575940629110019,156572
720575941471542647,720575940626567701,77868
720575941543318277,720575940624103861,115682
720575941617510101,720575940617718758,74383
720575941690083224,720575940617840897,98855
720575941575200655,720575940632441704,518972
720575941602028022,720575940642105248,73334
720575941594727638,720575940624977930,31750
720575941596189297,720575940630750279,808760
720575941645265016,720575940612076750,27327
720575941498000763,720575940626693776,85039
720575941588652940,720575940635018352,28687
720575941585316998,720575940638962153,251270
720575941638949237,720575940626392348,57464
720575941450071930,720575940639495512,34303
720575941557692531,720575940624099591,819807
720575941430660015,720575940630940217,70263
720575941538496461,720575940612565657,69665
720575941482507261,720575940632258607,132531
720575941452273203,720575940632388675,820056
720575941498441953,720575940628170259,119714
720575941477398321,720575940630621558,187310
720575941425414228,720575940641610804,104931
720575941501757323,720575940637704048,550058
720575941539462130,720575940612821930,532433
720575941651921681,720575940638626532,64025
720575941578899545,720575940631309164,83862
720575941594308721,720575940618190160,813045
720575941630199522,720575940613843251,805145
720575941524885069,720575940620122197,49290
720575941597094300,720575940607469746,65276
720575941548398472,720575940628270056,106155
720575941593880427,720575940628785708,117861
720575941437888300,720575940632162631,108369
720575941462177168,720575940613520498,117413
720575941519961271,720575940643001288,808201
720575941501561739,720575940626902846,62475
720575941587901252,720575940628545864,111554
720575941655243481,720575940618219009,58223
720575941731998763,720575940626638110,113029
720575941601201449,720575940621487213,87145
720575941441625791,720575940616111666,117181
720575941529053572,720575940629638211,192421
720575941437872351,720575940626873530,130840
720575941691334619,720575940628030104,17464
720575941588895799,720575940633306276,140753
720575941534714305,720575940622974025,223628
720575941564199063,720575940643329224,937492
720575941500925931,720575940644825380,176724
720575941479018370,720575940620133243,107152
720575941544576188,720575940621762113,157311
720575941484041469,720575940637753518,90396
720575941574914043,720575940626852584,536263
720575941498202593,720575940630816207,145371
720575941668397811,720575940633139667,542816
720575941467577622,720575940631420077,76616
720575941538896765,720575940620927472,26545
720575941506836540,720575940644244384,52742
720575941555791443,720575940619236933,71571
720575941513751875,720575940628218129,58823
720575941449253557,720575940633998817,121841
720575941668894195,720575940616012556,131170
720575941563511464,720575940647793716,203581
720575941471314699,720575940622907350,29136
720575941512078545,720575940619410737,95669
720575941403053424,720575940635565925,32713
720575941553732691,720575940621443206,103933
720575941429954441,720575940619449588,110041
720575941533506586,720575940622803494,17449
720575941450193018,720575940618081093,98362
720575941498324130,720575940628407025,118193
720575941478916003,720575940630359749,111134
720575941631557792,720575940625447655,110095
720575941577931765,720575940637760309,59752
720575941488518350,720575940640291381,77678
720575941543884293,720575940619679356,803253
720575941645572513,720575940626446869,76447
720575941501783179,720575940631524460,132875
720575941552942490,720575940620427712,63801
720575941610871782,720575940626779523,287830
720575941480296131,720575940615818169,109339
720575941533770115,720575940624403895,138772
720575941703801818,720575940616428884,153859
720575941642697554,720575940627383933,71835
720575941547320712,720575940640858019,817655
720575941592728872,720575940639886424,197281
720575941492620720,720575940627145859,517222
720575941404305520,720575940618448541,74686
720575941592665384,720575940629400987,566146
720575941547373428,720575940603663276,804666
720575941491451312,720575940624479229,125692
720575941517376915,720575940638484452,104757
720575941490650313,720575940626988053,911444
720575941438988818,720575940644739784,543710
720575941479439011,720575940617325195,139596
720575941412849775,720575940620234177,86577
720575941497582715,720575940629786103,105436
720575941438780716,720575940626201512,65606
720575941506773669,720575940625094141,61503
720575941540533197,720575940635089015,70270
720575941484078589,720575940630141484,84716
720575941435827488,720575940626475466,108262
720575941601090345,720575940627655045,100318
720575941485016205,720575940620777095,109264
720575941598693276,720575940617274763,114798
720575941633520315,720575940632975002,904274
720575941591374443,720575940617951889,124943
720575941449178446,720575940627035932,115355
720575941593570597,720575940622201112,100502
720575941617952895,720575940632131740,37744
720575941652030993,720575940633723060,15519
720575941612034524,720575940611266510,74864
720575941625672505,720575940613235442,551020
720575941688209420,720575940621766365,107044
720575941431643273,720575940632433199,174415
720575941537301475,720575940645786222,145634
720575941469293789,720575940625149437,95695
720575941652370905,720575940624449428,147151
720575941584770782,720575940617259387,141635
720575941527125860,720575940620662036,59467
720575941544567740,720575940623260599,43507
720575941463352333,720575940630179579,99569
720575941551716607,720575940616024844,205917
720575941416353052,720575940626497284,127756
720575941477005361,720575940628506097,544273
720575941649885937,720575940624227819,812809
720575941595615013,720575940613010966,51621
720575941499616162,720575940610932322,40516
720575941485292550,720575940630372603,100574
720575941575303432,720575940625570844,513934
720575941540033309,720575940631250744,813568
720575941574840585,720575940605135038,23325
720575941653612761,720575940617631961,223538
720575941589410642,720575940631041956,72315
720575941439308255,720575940631482476,87730
720575941438528991,720575940619891060,50885
720575941436975404,720575940631092823,118388
720575941583333766,720575940627557826,59367
720575941663617148,720575940629130343,527195
720575941426036052,720575940617961245,118956
720575941620658815,720575940628857092,168386
720575941614337811,720575940620630406,171308
720575941453423785,720575940629840655,907995
720575941541384989,720575940636088462,107819
720575941568387886,720575940609232137,205897
720575941527253892,720575940627659151,85608
720575941586647686,720575940642253728,913090
720575941539577549,720575940633387233,33738
720575941440297045,720575940621539312,189024
720575941611572326,720575940639028799,121090
720575941544366780,720575940622876492,79271
720575941450233166,720575940616819483,37059
720575941535258394,720575940626885501,74891
720575941562134061,720575940615965499,54456
720575941526459469,720575940608389724,40107
720575941532239235,720575940632486671,106725
720575941603779318,720575940629803458,102770
720575941469630219,720575940627918611,158839
720575941472167232,720575940622729909,95573
720575941606413677,720575940639471413,140000
720575941553955411,720575940620236820,812312
720575941430089313,720575940645368087,120041
720575941475204394,720575940627090265,54793
720575941540295629,720575940615238075,26221
720575941546669657,720575940644356296,44281
720575941632412652,720575940626982949,535868
720575941538783125,720575940638671706,173321
720575941508537985,720575940605098626,273942
720575941505838652,720575940627437587,552882
720575941611692764,720575940636907376,159047
720575941514817027,720575940615689362,536615
720575941559092462,720575940639397747,834985
720575941626184394,720575940607061449,97812
720575941600498473,720575940624189320,98327
720575941643739512,720575940617815481,139629
720575941450267470,720575940612312418,80211
720575941448580174,720575940620712838,57079
720575941651225617,720575940616746123,88109
720575941574933135,720575940626946173,69762
720575941625472411,720575940626575997,167278
720575941497709691,720575940629055340,71280
720575941504335269,720575940613259493,57958
720575941553143870,720575940632299295,543575
720575941554887140,720575940628254376,64397
720575941465483350,720575940620933485,116852
720575941611436764,720575940625571868,109628
720575941517104275,720575940610044355,15706
720575941590285096,720575940626569112,936710
720575941433516558,720575940623530189,86633
720575941534073578,720575940628190227,163959
720575941538171634,720575940635958639,34430
720575941428274313,720575940625442574,908976
720575941721258298,720575940630994117,537526
720575941535996170,720575940618814277,139749
720575941549899124,720575940630831524,57374
720575941536134170,720575940644054728,200215
720575941685008602,720575940630800658,15303
720575941569936628,720575940639811747,37178
720575941493736368,720575940633396767,513534
720575941701347802,720575940612202419,127834
720575941575188367,720575940638813510,177844
720575941500888459,720575940618843205,54008
720575941439871183,720575940635114394,72666
720575941463470861,720575940619606065,50186
720575941431033848,720575940612301774,73106
720575941591183656,720575940634404322,38599
720575941452315443,720575940627184394,818468
720575941431007073,720575940621071495,817805
720575941654864857,720575940639472984,117244
720575941504028395,720575940609759499,169614
720575941569887858,720575940627486778,115373
720575941514483788,720575940619824433,90823
720575941479664719,720575940609369180,422510463
720575941517115820,720575940622550348,45063
720575941505133591,720575940621970342,135902
720575941555442689,720575940647434372,126756
720575941576080822,720575940620357597,817779
720575941482374339,720575940618082619,39568
720575941639115039,720575940632666649,121881
720575941437616172,720575940612501966,60381
720575941530438328,720575940627409922,30419
720575941615528661,720575940614631197,90885
720575941597475008,720575940613391474,108259
720575941548815393,720575940612969130,63928
720575941633628064,720575940622288666,517216
720575941439325151,720575940625215124,86816
720575941556115172,720575940607772629,929018
720575941436732178,720575940623505421,72682
720575941669225393,720575940631499595,30762
720575941351367984,720575940631593925,112804
720575941590736268,720575940614662517,66261
720575941502586967,720575940647925124,128412
720575941529021316,720575940608987996,99182
720575941552918555,720575940625952589,104853
720575941593068395,720575940637621360,100987
720575941480494978,720575940619742288,810789
720575941526982681,720575940613116778,807030
720575941658509392,720575940631434693,912677
720575941485447174,720575940627214588,88711
720575941584056671,720575940620958814,133390
720575941473754427,720575940627231498,118874
720575941472130315,720575940622790149,909582
720575941519802551,720575940631973207,45781
720575941431767471,720575940632201645,810372
720575941614215443,720575940625094684,65756
720575941514144858,720575940624454743,138302
720575941568426484,720575940631531039,105411
720575941560747891,720575940620707649,148950
720575941528044164,720575940624023480,816295
720575941432053463,720575940625845391,125091
720575941432033377,720575940626690960,815507
720575941514466892,720575940618633885,550926
720575941392390660,720575940622513958,46505
720575941475394865,720575940630582777,82350
720575941574291599,720575940617043542,142943
720575941449338446,720575940609088348,62408
720575941618054357,720575940610813538,533959
720575941572467209,720575940633070732,94992
720575941429379937,720575940630448431,61184
720575941402414371,720575940628929265,145279
720575941652991505,720575940615057420,80256
720575941476848926,720575940620905174,65347
720575941524611403,720575940632518225,534100
720575941442260943,720575940647267716,204457
720575941543388421,720575940622440461,43704
720575941595640689,720575940632532792,92174
720575941576740185,720575940631382851,32377
720575941431783416,720575940624514027,118858
720575941530753509,720575940607674754,131450
720575941454516019,720575940605285292,16619
720575941504040023,720575940608481372,132755
720575941439120591,720575940622968970,816475
720575941533900163,720575940615117418,926416
720575941569247994,720575940630290492,529994
720575941624267402,720575940625054589,161432
720575941590179895,720575940627127866,83523
720575941534446514,720575940613594783,152540
720575941545367732,720575940629606906,118051
720575941450440029,720575940629235244,91359
720575941487055938,720575940623989773,149947
720575941623810442,720575940623959477,93318
720575941609943114,720575940639212632,104082
720575941431147534,720575940622442367,35766
720575941547745140,720575940630118871,107692
720575941563805184,720575940624293961,138383
720575941487028176,720575940629118146,808742
720575941688904155,720575940624869671,101621
720575941578314321,720575940629524780,130657
720575941624372938,720575940624247805,148182
720575941555942913,720575940623246077,529246
720575941401219619,720575940635692919,67164
720575941624874122,720575940622388458,103642
720575941526992642,720575940620672646,15726
720575941594371953,720575940614790879,545056
720575941458358086,720575940633876781,113578
720575941447553973,720575940625645496,544958
720575941434301472,720575940620561493,555766
720575941436817964,720575940636914277,99660
720575941549722941,720575940614734829,21136
720575941588059390,720575940625929671,135347
720575941609932205,720575940635464343,78658
720575941557817380,720575940630131456,137245
720575941465555798,720575940631822649,112326
720575941506713253,720575940646200372,21615
720575941687602671,720575940630774603,122607
720575941610367977,720575940629138492,100174
720575941522765303,720575940635084639,103550
720575941643141989,720575940637472368,112405
720575941687089164,720575940628207272,112479
720575941611408202,720575940620386389,92753
720575941644956065,720575940611535480,104943
720575941454177587,720575940605441312,124021
720575941549570878,720575940604828128,97417
720575941515436122,720575940609782793,78654
720575941630144806,720575940628695114,53036
720575941652746196,720575940633190703,804421
720575941446052372,720575940630723671,116633
720575941658203472,720575940605611209,523428
720575941573964189,720575940621299677,34985
720575941522276599,720575940628805327,907781
720575941502717746,720575940619766430,143243
720575941733086507,720575940613481369,157298
720575941506878789,720575940613756778,65003
720575941613057756,720575940605804990,113932
720575941495409024,720575940620619173,153913
720575941525856589,720575940623848388,809414
720575941564890775,720575940613508970,56497
720575941474080315,720575940616582027,45163
720575941605907309,720575940630306007,132773
720575941564066962,720575940613072382,102745
720575941558515492,720575940614281578,813411
720575941633975739,720575940639175869,530709
720575941516372985,720575940611334354,590181
720575941508626049,720575940608905737,79328
720575941481487811,720575940631225871,113958
720575941571434654,720575940628726278,545664
720575941625162442,720575940617947702,120191
720575941502814258,720575940619724937,156410
720575941455867120,720575940615126447,86807
720575941482966726,720575940632658131,140194
720575941496951936,720575940615957433,147030
720575941526925645,720575940642961805,85598
720575941543653917,720575940634764399,96860
720575941686087407,720575940634004962,40163
720575941440943451,720575940628371671,118316
720575941610957414,720575940619289925,113400
720575941552524827,720575940610707576,81626
720575941611356892,720575940627198485,114496
720575941448846773,720575940655375009,170972
720575941519921006,720575940633117727,128652
720575941484012029,720575940624392679,164454
720575941403708528,720575940618616630,46945
720575941440507477,720575940636318350,73287
720575941494285182,720575940621442224,78585
720575941458780742,720575940644252320,812200
720575941416594204,720575940629554988,267327
720575941604063417,720575940609739203,90245
720575941567831086,720575940609728632,96270
720575941544753001,720575940640169277,116693
720575941514311683,720575940624018675,106733
720575941508406306,720575940630902546,96872
720575941461622724,720575940629261553,117656
720575941519763384,720575940624103742,68198
720575941478106433,720575940627566869,70440
720575941449505629,720575940620981108,95972
720575941546314888,720575940623447530,53047
720575941589952055,720575940624007207,818915
720575941575225487,720575940614257298,96883
720575941490601525,720575940628218378,147447
720575941589359940,720575940615928635,193390
720575941557757476,720575940628338961,111806
720575941549644660,720575940633271447,249693
720575941475353905,720575940617844369,55356
720575941452079017,720575940627207811,541399
720575941640573727,720575940624556436,35069
720575941405095280,720575940630716538,512097
720575941508963618,720575940610623658,535585
720575941471919456,720575940623363533,120167
720575941527150776,720575940621353596,511799
720575941556089060,720575940623176728,66178
720575941512520145,720575940637463622,29793
720575941658961944,720575940633508004,19451
720575941689041048,720575940619382875,49569
720575941559774958,720575940633791571,191542
720575941402677360,720575940620960902,181165
720575941690120344,720575940616807051,102840
720575941633497760,720575940619147141,327374
720575941447358557,720575940659131009,809509
720575941520145331,720575940616395101,909941
720575941601876470,720575940640277080,105932
720575941516095916,720575940626740243,804771
720575941440078287,720575940639343438,143201
720575941632303547,720575940630951484,133201
720575941515251555,720575940633302809,36761
720575941564810752,720575940636143211,29101
720575941513988698,720575940619651894,77279
720575941477028126,720575940630948695,117573
720575941580187985,720575940606744510,179772
720575941688313462,720575940621036123,142735
720575941639192351,720575940630438651,84311
720575941574763677,720575940616178026,90014
720575941427576404,720575940621171828,518342
720575941631252640,720575940627127596,74407
720575941463893078,720575940639994075,79464
720575941526843138,720575940611764066,518160
720575941525962340,720575940611217394,809478
720575941514376524,720575940614277039,96678
720575941527120228,720575940632768420,131838
720575941531085003,720575940642328539,56986
720575941573143561,720575940622908916,135492
720575941623584923,720575940612921325,50815
720575941643700680,720575940633366127,32635
720575941550878270,720575940618258845,211898
720575941600067369,720575940630188535,51044
720575941632143084,720575940624049214,114745
720575941516324867,720575940639146310,542427
720575941508185729,720575940612552946,73629
720575941547041716,720575940638948157,183349
720575941521692083,720575940618194388,123117
720575941556512164,720575940606709425,47926
720575941686371055,720575940632068383,161418
720575941471669623,720575940622321577,170931
720575941439426879,720575940624865584,43891
720575941653247761,720575940631916601,62376
720575941520760759,720575940625942078,107349
720575941536692250,720575940631985093,138655
720575941515615843,720575940618759985,813347
720575941485988930,720575940627993576,50026
720575941626218954,720575940628784661,76004
720575941450271837,720575940623903112,23626
720575941642800210,720575940623168297,33279
720575941630681580,720575940615022289,125611
720575941431780344,720575940654818209,135152
720575941505384252,720575940630309391,123570
720575941649801457,720575940632085034,530017
720575941568455674,720575940613439903,911586
720575941596850880,720575940619060673,112702
720575941516466531,720575940624680906,183617
720575941439515327,720575940629726979,122660
720575941493857150,720575940633842062,89225
720575941474078048,720575940622085146,159250
720575941533976242,720575940626553146,558665
720575941499593890,720575940622974173,187065
720575941516202899,720575940619586580,147985
720575941493378430,720575940617991313,98692
720575941600740905,720575940612012566,171066
720575941481347014,720575940608945091,127528
720575941515243619,720575940620066580,81314
720575941508893278,720575940640371253,35982
720575941461628173,720575940616957585,27519
720575941529444792,720575940632221209,517413
720575941585490054,720575940611848419,93506
720575941512414019,720575940618255936,42761
720575941464996694,720575940645675886,102086
720575941565033984,720575940626866691,911576
720575941471345015,720575940614950707,179836
720575941529364427,720575940624801511,105921
720575941543397405,720575940624429053,548610
720575941555945188,720575940621882308,276272
720575941639448437,720575940608288092,517113
720575941573275899,720575940627930630,824830
720575941501132427,720575940629502172,115885
720575941591715212,720575940620485057,123379
720575941572431517,720575940629948163,549008
720575941400072227,720575940633593764,117845
720575941548140660,720575940638681934,114069
720575941431364088,720575940615876438,26318
720575941474354016,720575940607830217,191520
720575941486410893,720575940610955925,121565
720575941617316991,720575940628526735,814696
720575941658337816,720575940634034457,132240
720575941608861770,720575940637383027,18500
720575941449042254,720575940641943797,84197
720575941434235790,720575940623344086,189891
720575941473679402,720575940634381454,912071
720575941548312353,720575940616279872,806654
720575941472947754,720575940629673004,112642
720575941459542687,720575940654239905,520601
720575941594414375,720575940628794371,90153
720575941663295100,720575940635627415,532184
720575941485312774,720575940632135186,159100
720575941573443144,720575940629653442,532038
720575941571942139,720575940634455403,74760
720575941570772296,720575940634229399,802978
720575941480526671,720575940624644615,97420
720575941531735269,720575940616183483,208398
720575941668570611,720575940623124917,77645
720575941554746625,720575940625242860,87347
720575941485078534,720575940605762406,174273
720575941722762554,720575940624835303,99506
720575941554304539,720575940612471294,16665
720575941462821008,720575940625434499,105989
720575941535089178,720575940632764115,115594
720575941580093265,720575940624921639,45173
720575941460360774,720575940617683412,51462
720575941502445143,720575940620787438,530860
720575941524833380,720575940618032569,164368
720575941572862459,720575940628909553,64148
720575941548145213,720575940610289114,50038
720575941476958494,720575940630206508,127380
720575941454371379,720575940625198315,154527
720575941452291753,720575940613533607,910302
720575941402077987,720575940631113487,73228
720575941632418757,720575940627263765,229702
720575941558949391,720575940626671637,38135
720575941526596610,720575940630214647,127553
720575941530216376,720575940636381797,129009
720575941651491352,720575940635223659,517750
720575941644363858,720575940617026305,160425
720575941497971579,720575940628173587,57320
720575941625957019,720575940635697380,801334
720575941555107329,720575940617276372,115701
720575941439622591,720575940626005581,125995
720575941552932487,720575940636384869,32223
720575941491235559,720575940631380751,176671
720575941475079995,720575940620672705,133423
720575941499216713,720575940639149373,559766
720575941493161342,720575940640241037,183656
720575941403320176,720575940612165859,97755
720575941448990557,720575940629985900,808285
720575941414855060,720575940606764465,207736
720575941660461112,720575940618235988,81304
720575941573098312,720575940626515484,119108
720575941625751916,720575940609497611,121423
720575941569750522,720575940660450689,98639
720575941480449699,720575940618423899,52438
720575941508242305,720575940621794586,90975
720575941506156348,720575940631365583,124405
720575941652984049,720575940639469683,97002
720575941702710746,720575940621347964,101851
720575941438312159,720575940621851626,97202
720575941547432584,720575940620410161,117030
720575941515390211,720575940630766610,131697
720575941580479989,720575940626665859,88886
720575941431379960,720575940621798689,58360
720575941645265784,720575940641396078,819604
720575941459993043,720575940624497644,109780
720575941555436452,720575940621563945,24690
720575941602870262,720575940618324820,815668
720575941458953712,720575940629116716,90331
720575941623320731,720575940616287515,186858
720575941556968612,720575940623018986,180920
720575941584088159,720575940636008031,115920
720575941599306432,720575940628429445,527413
720575941506856357,720575940620156551,198838
720575941585488094,720575940644744864,138899
720575941515614563,720575940627101512,812577
720575941475800628,720575940605816032,91657
720575941448003253,720575940623041609,51298
720575941595069735,720575940626858748,153368
720575941448129117,720575940628008041,130611
720575941564739584,720575940629439994,183048
720575941552294791,720575940608806492,122316
720575941589512772,720575940611806818,125150
720575941430417912,720575940611891685,542578
720575941523137527,720575940627460337,164853
720575941524341323,720575940629731579,549894
720575941498278779,720575940625976909,99707
720575941604788670,720575940629757272,179782
720575941569435124,720575940626085157,46024
720575941432607758,720575940626776707,25025
720575941563530647,720575940626800400,224456
720575941557368484,720575940627861521,73799
720575941545947068,720575940630970053,516727
720575941600952361,720575940622947708,151526
720575941541459485,720575940614737645,31169
720575941438839131,720575940623052728,810276
720575941492845232,720575940614717736,85309
720575941519793880,720575940611429233,16911
720575941663081784,720575940625021959,513778
720575941402321699,720575940611298995,24335
720575941572474526,720575940629512710,129480
720575941439962175,720575940623314252,215614
720575941502483287,720575940615875933,144259
720575941566431286,720575940626270236,811991
720575941470726208,720575940610474610,55939
720575941571817480,720575940605507249,47070
720575941460948435,720575940620223056,86501
720575941477675572,720575940630845435,195028
720575941575190536,720575940628556431,768990148
720575941432253198,720575940634488695,812715
720575941459260144,720575940620092656,905335
720575941551617023,720575940624834791,25609
720575941507794704,720575940621360222,817320
720575941535727843,720575940624215078,529391
720575941498953890,720575940625148174,31117
720575941612790291,720575940633204575,126923
720575941411855508,720575940622944196,813448
720575941458582995,720575940621512291,129790
720575941527104770,720575940613370482,157790
720575941658775064,720575940610151130,50740
720575941471087115,720575940621904767,812099
720575941575948377,720575940621957381,810770
720575941442431914,720575940633570808,911587
720575941534954584,720575940607926229,534120
720575941490243020,720575940626557839,78316
720575941544540521,720575940627662279,106862
720575941519612599,720575940624728503,218561
720575941516460793,720575940637053766,134880
720575941565624674,720575940631930681,129547
720575941410102895,720575940622155290,515555
720575941540132221,720575940623985214,909839
720575941626772844,720575940623840589,15221
720575941500453538,720575940619944315,539947
720575941505102642,720575940633117229,119967
720575941558986355,720575940629278726,81567
720575941569208946,720575940637490544,79313
720575941462333328,720575940619954648,548033
720575941549129588,720575940630127660,822665
720575941433547406,720575940631823658,26352
720575941597390272,720575940626850916,119974
720575941450157434,720575940606631014,117314
720575941569755550,720575940612066735,810216
720575941516835182,720575940607639307,42178
720575941640343071,720575940623829651,110058
720575941554326170,720575940618225067,61495
720575941585370502,720575940620963361,38218
720575941598705564,720575940616543861,62322
720575941730021931,720575940623400189,805329
720575941617210069,720575940634808927,99195
720575941451179386,720575940643542688,80083
720575941489634764,720575940621696750,113625
720575941535094194,720575940628848860,234193
720575941460197446,720575940630296428,12418
720575941487146050,720575940629359607,816048
720575941583990623,720575940609585250,112414
720575941439730523,720575940630927311,68564
720575941490985447,720575940628104135,71391
720575941630805228,720575940612704802,80902
720575941653392345,720575940632430050,141278
720575941650261269,720575940616011882,47437
720575941504832562,720575940621570182,194262
720575941474008106,720575940619199301,68690
720575941439910351,720575940611450978,17883
720575941688208623,720575940638197850,21755
720575941456683757,720575940642508173,114278
720575941476665118,720575940631298152,132645
720575941641699685,720575940616731665,103622
720575941630674592,720575940616729211,810702
720575941536203034,720575940651459062,805975
720575941559414061,720575940639229757,108080
720575941576474806,720575940633773523,805650
720575941533811178,720575940624384183,136047
720575941568825076,720575940640330368,539907
720575941458575007,720575940622920197,66701
720575941437899999,720575940630418683,108726
720575941563406760,720575940625916190,135848
720575941578475601,720575940628402682,147057
720575941411098539,720575940637769542,93933
720575941536264434,720575940627743144,815107
720575941645487224,720575940622354249,111953
720575941661156664,720575940626003248,69919
720575941498559201,720575940624414472,145018
720575941526123778,720575940624665236,13280
720575941631594732,720575940650627193,534022
720575941539497458,720575940616839766,68947
720575941492930686,720575940632883256,42469
720575941566385767,720575940618806429,122724
720575941439009580,720575940632610444,233369
720575941401227811,720575940632824365,143074
720575941593584235,720575940611006418,51953
720575941609864877,720575940627150620,106289
720575941414364564,720575940620043979,56923
720575941490249932,720575940624775170,933242
720575941498070178,720575940628696500,67273
720575941590862955,720575940611034926,808256
720575941574352797,720575940626721874,818733
720575941564913718,720575940631417057,494022
720575941670922919,720575940618696016,43172
720575941453584041,720575940622720726,126377
720575941551847935,720575940623756329,173492
720575941430501079,720575940625943827,35160
720575941655087572,720575940632280680,814058
720575941448128861,720575940621658829,68645
720575941526040486,720575940619784374,91271
720575941391990788,720575940620191777,59176
720575941432341463,720575940611836309,112126
720575941566817530,720575940604811692,133181
720575941650578929,720575940626642344,83540
720575941589352190,720575940637977828,120283
720575941557774628,720575940623166600,93455
720575941430662281,720575940631121152,165973
720575941513292793,720575940614041117,18866
720575941569544306,720575940637189239,288239
720575941409087918,720575940617573718,568372
720575941574704891,720575940612652723,88061
720575941640204063,720575940627354374,522347
720575941652347413,720575940606499872,85226
720575941578381045,720575940612830577,185348
720575941644615112,720575940661210497,49111
720575941534023000,720575940612339123,908952
720575941557326116,720575940607168779,95941
720575941608063597,720575940628371978,107804
720575941443949738,720575940623991333,807667
720575941592170091,720575940639421774,102639
720575941642348626,720575940646468387,116312
720575941686745839,720575940616316884,131803
720575941401056291,720575940615121058,262110
720575941451888297,720575940617782233,123900
720575941471104779,720575940625523214,80553
720575941589928247,720575940616374594,50167
720575941472410688,720575940636467086,184147
720575941594018411,720575940624312555,164586
720575941545262268,720575940637891049,131019
720575941529713848,720575940621535809,70535
720575941390671766,720575940619839056,90534
720575941509863184,720575940636814734,520445
720575941570650526,720575940619341447,87371
720575941505700005,720575940630862799,94599
720575941614865683,720575940636812430,560856
720575941655685332,720575940626180638,50304
720575941504196183,720575940618896709,111379
720575941454748467,720575940639385397,35328
720575941477240426,720575940613924589,58932
720575941609179466,720575940604614060,139730
720575941565653911,720575940626403400,46991
720575941651453717,720575940615253215,74711
720575941629689314,720575940642781236,109105
720575941499457097,720575940633875100,153079
720575941632992160,720575940617838265,105505
720575941486402566,720575940612699670,539898
720575941480112352,720575940624449800,160537
720575941657632592,720575940615052946,162863
720575941554839553,720575940624353277,235253
720575941432280590,720575940613579178,904277
720575941524733796,720575940639223630,38080
720575941585284230,720575940620462686,122801
720575941587045086,720575940611877525,156566
720575941507807813,720575940607191817,164975
720575941548511265,720575940618572270,223861
720575941428649353,720575940636092590,513593
720575941438425299,720575940610716770,812557
720575941631697900,720575940638940469,35891
720575941514056524,720575940624706574,514375
720575941587307588,720575940630364160,104045
720575941577163509,720575940616748827,69650
720575941659051032,720575940619349753,84897
720575941437922367,720575940632658124,123662
720575941440028111,720575940613784738,158951
720575941452484423,720575940639919413,53081
720575941637822581,720575940619912021,908660
720575941590716968,720575940625060277,113294
720575941534525889,720575940621147668,123171
720575941445351444,720575940612773374,50664
720575941590474295,720575940621549086,194479
720575941451808071,720575940615490706,539859
720575941687955468,720575940628639311,152339
720575941651869457,720575940624543495,175621
720575941555362276,720575940614837958,57076
720575941574674575,720575940626033838,173970
720575941612579993,720575940644710048,129014
720575941603504569,720575940622886780,157132
720575941590127912,720575940617214075,811643
720575941536544538,720575940628251100,351504
720575941593161174,720575940627206385,149117
720575941452642473,720575940622164229,75251
720575941651427313,720575940642289805,127391
720575941630626018,720575940631088384,153444
720575941551737662,720575940627419650,73956
720575941622857724,720575940645418548,146339
720575941477237297,720575940620385997,189216879
720575941517420972,720575940618058786,230232
720575941543187717,720575940631961740,62902
720575941410131311,720575940622875425,66124
720575941476365105,720575940637528206,110782
720575941593353323,720575940612280217,121125
720575941661537336,720575940630557511,1062383461
720575941594453361,720575940624119944,125963
720575941393394838,720575940630744940,68817
720575941626058348,720575940626632848,532744
720575941527272729,720575940608527992,61758
720575941594078059,720575940612076238,75037
720575941544751877,720575940621171700,152260
720575941493574832,720575940613659629,519836
720575941612516269,720575940618102843,536958
720575941546261609,720575940634901529,71471
720575941545980265,720575940610839620,170503
720575941587026142,720575940629138587,98380
720575941544272489,720575940622204585,14269
720575941625469595,720575940622204086,36494
720575941565203298,720575940627521597,151364
720575941506248764,720575940632973383,153304
720575941547418504,720575940627568646,539249
720575941353420336,720575940621823341,82887
720575941449267549,720575940642411509,527194
720575941611336169,720575940621093511,143044
720575941495889351,720575940617041269,103872
720575941548970813,720575940621662157,194777
720575941480204512,720575940626462501,179324
720575941537623272,720575940652200950,44820
720575941432205838,720575940624853600,954336
720575941400451619,720575940628403274,97869
720575941486856912,720575940611407843,73002
720575941528474040,720575940613675030,110278
720575941461800717,720575940636677190,912422
720575941594417265,720575940618256724,122923
720575941459978707,720575940605844913,42324
720575941403389552,720575940623637995,842766
720575941604343998,720575940629754936,76010
720575941516262659,720575940612472050,522902
720575941447000757,720575940622390092,821064
720575941407696943,720575940615204146,518880
720575941578214389,720575940626150402,81496
720575941504775730,720575940623501968,42668
720575941474526506,720575940621776767,170165
720575941572273417,720575940605154336,808454
720575941609377866,720575940620557397,156953
720575941519891672,720575940632063801,187964
720575941645541320,720575940624551056,79102
720575941514092753,720575940613317859,211539
720575941529840824,720575940621476800,535774
720575941661556860,720575940623725053,72586
720575941519719022,720575940638926655,198079
720575941637998709,720575940624103209,77566
720575941533335896,720575940628465452,105834
720575941554616474,720575940627144069,12947
720575941477804097,720575940618040347,150265
720575941408963758,720575940625004295,136364
720575941574534031,720575940643104456,25187
720575941554330010,720575940630570199,114825
720575941563185152,720575940644331031,138853
720575941594668246,720575940605426562,103914
720575941474925883,720575940628735473,524680
720575941572384776,720575940625947173,118816
720575941460782020,720575940615054888,41527
720575941556906788,720575940614457384,22160
720575941642522469,720575940630800066,152776
720575941551151615,720575940624008328,118654
720575941486143494,720575940614527725,825637
720575941583812191,720575940633663917,169605
720575941528938116,720575940627299940,221939
720575941584337118,720575940629852059,61512
720575941479690915,720575940620413376,61395
720575941511552210,720575940630076887,35279
720575941611824873,720575940660467841,88326
720575941569171314,720575940624499947,67072
720575941547856776,720575940626782466,122585
720575941514116817,720575940615404694,552498
720575941546881468,720575940640815232,121895
720575941481667526,720575940629956652,127698
720575941431908449,720575940631117007,805950
720575941474093610,720575940637296105,142815
720575941492175591,720575940621554566,554080
720575941480882851,720575940651277814,85839
720575941634100667,720575940622674902,98643
720575941500355490,720575940621107541,37375
720575941611071465,720575940609810013,60925
720575941506514757,720575940630960325,33709
720575941560558062,720575940611451033,95478
720575941489433289,720575940639089085,66357
720575941584537990,720575940606099586,79729
720575941539214485,720575940628669292,56390
720575941482368186,720575940631269903,218896
720575941535622081,720575940634954009,168063
720575941645317793,720575940619696030,86443
720575941593615574,720575940640713048,133798
720575941492106471,720575940637096805,169701
720575941582807647,720575940620326104,182990
720575941451025735,720575940626621898,144150
720575941452175226,720575940624977338,215815
720575941450416206,720575940629794616,89531
720575941585038558,720575940627043736,59045
720575941538684053,720575940632361803,517573
720575941701477594,720575940634820799,33890
720575941513543171,720575940641827317,66344
720575941507620119,720575940623823879,529194
720575941440008671,720575940631998520,548185
720575941658843672,720575940611678181,111451471
720575941583289951,720575940627600271,33100
720575941490852405,720575940613473954,152131
720575941502097202,720575940621451758,65332
720575941440136789,720575940628489990,551312
720575941554199450,720575940609355054,54921
720575941502406283,720575940624100360,140953
720575941431462359,720575940636646392,82540
720575941528034232,720575940637692835,557244
720575941612423341,720575940659983745,200500
720575941570429684,720575940626970969,200882
720575941412819604,720575940632515897,165124
720575941431548942,720575940626316730,114749
720575941352736304,720575940624262729,190725
720575941594884135,720575940629200233,38983
720575941654951897,720575940622558133,817589
720575941566925870,720575940647303300,154320
720575941463716109,720575940615556255,96920
720575941514364995,720575940627150650,147091
720575941573231355,720575940612733809,934031
720575941620409215,720575940614143784,146178
720575941537174165,720575940618383060,58160
720575941463033744,720575940608413193,140175
720575941451942569,720575940613428377,544862
720575941437498591,720575940630121276,822919
720575941659408464,720575940620642799,55369
720575941472906538,720575940626251909,121349
720575941412301423,720575940620135303,44125
720575941438827538,720575940626693507,42073
720575941540256973,720575940618054981,811819
720575941494481351,720575940618076902,146118
720575941469070199,720575940618544469,827968
720575941483087046,720575940625089464,100873
720575941650456085,720575940646090787,123095
720575941533171946,720575940633262176,110022
720575941538923157,720575940610493809,77027
720575941689307355,720575940619550646,104685
720575941448018357,720575940625830032,42112
720575941462091920,720575940612072677,48365
720575941668965619,720575940621827824,560255
720575941499171553,720575940612602163,65940
720575941643617480,720575940646110852,192509
720575941476326721,720575940621501172,113709
720575941439217964,720575940633121692,20107
720575941440993215,720575940623458840,101535
720575941624465034,720575940606989001,550174
720575941595176837,720575940620540893,132978
720575941679184829,720575940614350289,35804
720575941589172222,720575940631965783,45031
720575941591845995,720575940613797357,115033
720575941391034006,720575940620948720,154912
720575941563458055,720575940614250961,543381
720575941516900524,720575940647828356,131704
720575941590546174,720575940627482639,89768
720575941461588947,720575940631341519,542920
720575941576212406,720575940630913105,905753
720575941610347878,720575940616469761,99975
720575941415181340,720575940624924600,224872
720575941513720908,720575940612261218,28443
720575941558884979,720575940624817470,812250
720575941550814463,720575940636648590,90852
720575941688466415,720575940612043925,104321
720575941653868305,720575940610392644,84889
720575941502717122,720575940621364340,107865
720575941563076608,720575940612755314,122027
720575941702421466,720575940614277928,48258
720575941626092490,720575940615537314,146858
720575941569081594,720575940626752770,110060
720575941532587907,720575940633941549,52465
720575941565247030,720575940617182779,136525
720575941404662896,720575940623872492,102147
720575941537321955,720575940632628644,115866
720575941570584990,720575940625683176,23256
720575941491533772,720575940638007640,52472
720575941537536227,720575940631754026,88067
720575941668967857,720575940616100582,161040
720575941440574549,720575940626279882,518000
720575941476896542,720575940633648153,96295
720575941625465482,720575940638758744,89000
720575941610057133,720575940619126950,147036
720575941471503680,720575940636463717,185016
720575941531377867,720575940617755702,81348
720575941575691353,720575940615104150,908080
720575941486808016,720575940622461149,52022
720575941546494313,720575940619361520,45836
720575941561420333,720575940613516402,112830
720575941487455952,720575940623892041,106222
720575941631337196,720575940611453107,139280
720575941499461026,720575940630582007,68149
720575941481825277,720575940646273902,58732
720575941547842877,720575940634278295,48512
720575941537774741,720575940633332947,79587
720575941568033394,720575940621744961,140814
720575941476650270,720575940621092487,129082
720575941460927940,720575940615885766,580622
720575941510509072,720575940617993607,51964
720575941450257998,720575940621204417,114883
720575941484142733,720575940625981080,169810
720575941483671549,720575940615674262,32208
720575941564433298,720575940630146103,580355
720575941596453788,720575940621607093,157683
720575941596635072,720575940626935589,185505
720575941489563337,720575940628742472,125570
720575941594005099,720575940625504589,143075
720575941568360948,720575940631689559,129023
720575941722543674,720575940625311723,61302
720575941606423661,720575940632777811,128524
720575941408360619,720575940634552951,815439
720575941625583771,720575940612586666,534119
720575941428340728,720575940638440051,101558
720575941607850093,720575940606915249,189999
720575941436719378,720575940652191734,126330
720575941460384144,720575940618098845,165712
720575941564759442,720575940616914971,66485
720575941564786066,720575940621830509,97847
720575941669792433,720575940608350321,196430
720575941527526566,720575940627145627,177548
720575941534362200,720575940635324095,95360
720575941625430329,720575940660314241,910958
720575941613694739,720575940619186310,30486
720575941572766622,720575940613385699,524314
720575941459210707,720575940611705810,83240
720575941507720773,720575940621772382,519485
720575941413157012,720575940620235941,113599
720575941584591582,720575940632358957,57164
720575941527126438,720575940621801967,127425
720575941574021046,720575940627562250,813504
720575941495455175,720575940619852397,33174
720575941577247065,720575940631128694,141630
720575941655800088,720575940617874085,811735
720575941475755579,720575940611305621,128986
720575941526647577,720575940618398097,96541
720575941595495975,720575940615239285,40280
720575941515780707,720575940631214380,28865
720575941585494750,720575940629531351,817467
720575941667875315,720575940629140988,19728
720575941508877858,720575940632528036,28058
720575941480164482,720575940623075819,96912
720575941483954106,720575940630354117,152473
720575941461084356,720575940614061864,109768
720575941588673079,720575940641638107,86230
720575941595812485,720575940639902261,228925
720575941507806814,720575940640571088,119489
720575941497663201,720575940626212496,68417
720575941598614172,720575940612879853,213070
720575941528287398,720575940633132236,145681
720575941578668277,720575940612680165,150716
720575941732445739,720575940615003286,129188
720575941503896811,720575940614813858,24304
720575941612030893,720575940646572579,114554
720575941686621452,720575940606681545,132945
720575941575181238,720575940639746979,530179
720575941574385673,720575940630706247,97157
720575941436823340,720575940621601268,168122
720575941466695190,720575940630617681,908745
720575941515652954,720575940617689995,100660
720575941448319764,720575940623812622,27848
720575941427668820,720575940631493739,134616
720575941430386446,720575940637896893,805544
720575941560555891,720575940610033301,36143
720575941505359941,720575940622739529,82692
720575941393974166,720575940638302948,43218
720575941556919588,720575940615773802,146674
720575941547654177,720575940636030575,95539
720575941637477749,720575940631166208,103944
720575941504558661,720575940612312499,910211
720575941471995456,720575940622217033,168059
720575941563015592,720575940631139072,117423
720575941549074209,720575940622979475,65121
720575941645131720,720575940625021683,210714
720575941516205155,720575940632653112,159188
720575941631004908,720575940618626439,818803
720575941471187723,720575940639506083,81139
720575941449984078,720575940631845346,17934
720575941532316645,720575940646614324,52222
720575941438934869,720575940620223281,543154
720575941506418341,720575940611475990,197963
720575941572075678,720575940617880916,133531
720575941471977536,720575940612850837,43330
720575941483108861,720575940622937323,137086
720575941517233580,720575940618327330,58666
720575941548288116,720575940621244398,53161
720575941515138650,720575940645114734,86692
720575941643180408,720575940626094094,87681
720575941611969453,720575940620166279,107847
720575941519754167,720575940623237011,32550
720575941555669843,720575940638548029,184796
720575941626537068,720575940636095851,135466
720575941439729755,720575940615262114,47037
720575941573504143,720575940633174242,96394
720575941625829531,720575940618730325,32517
720575941586749918,720575940630493143,544202
720575941657704216,720575940621142054,934185
720575941556008612,720575940621319077,137562
720575941508077346,720575940633370705,120560
720575941590620414,720575940610118468,549786
720575941723611962,720575940623409613,29550
720575941611671270,720575940647936900,175187
720575941527728806,720575940620991110,552643
720575941529542091,720575940619140406,60068
720575941573702287,720575940634167777,195769
720575941561884205,720575940626272560,530970
720575941519575724,720575940618593766,88662
720575941585004127,720575940624007523,53068
720575941523563511,720575940633049369,203847
720575941609648617,720575940622240355,29971
720575941402975600,720575940640153405,92501
720575941506913559,720575940613867183,184148
720575941650873073,720575940627070820,93207
720575941603903222,720575940620626273,936028
720575941513997521,720575940624985324,55397
720575941668366513,720575940624447722,113779
720575941506373655,720575940643797408,124423
720575941595914791,720575940622190276,78580
720575941562269696,720575940624375113,12877
720575941463160208,720575940626177768,363069
720575941643613128,720575940627733013,58865
720575941476358465,720575940632336952,45583
720575941639563125,720575940632716492,187713
720575941640110111,720575940622997628,97524
720575941430521080,720575940608803081,38650
720575941731338027,720575940617999133,104619
720575941598116544,720575940639569973,91658
720575941572553211,720575940603722412,810602
720575941539583869,720575940620380073,28681
720575941514896131,720575940620633076,526543
720575941495012224,720575940646979107,133075
720575941609377098,720575940615674822,117332
720575941626651756,720575940634186647,30663
720575941496973435,720575940602857696,111174
720575941490140620,720575940625075749,192346
720575941542288413,720575940614130227,184915
720575941352533552,720575940628095818,113183
720575941639391605,720575940645273652,154433
720575941613168915,720575940629999919,815067
720575941509526482,720575940632516781,45199
720575941532325763,720575940638314462,202348
720575941486125008,720575940637688639,111007
720575941439424575,720575940615157307,104734
720575941540559964,720575940606067628,88768
720575941482506493,720575940606363778,159671
720575941594393713,720575940625835070,30246
720575941513978202,720575940615229182,124706
720575941491575246,720575940636877175,529802
720575941495283838,720575940631258875,36523
720575941502266507,720575940614455658,27342
720575941429234680,720575940611546318,112436
720575941459656006,720575940628548943,43296
720575941511594194,720575940627450372,36634
720575941689478808,720575940627479825,57121
720575941482364413,720575940626240514,54219
720575941691102939,720575940643835808,210544
720575941499021897,720575940621582528,145992
720575941633139872,720575940623931918,79686
720575941536323221,720575940616885597,821609
720575941476297524,720575940627331599,103636
720575941560056302,720575940629524483,935508
720575941544968636,720575940620548299,114201
720575941405003120,720575940615931498,99549
720575941569267450,720575940626250814,249282
720575941455671021,720575940619978363,54860
720575941548699965,720575940628691260,86571
720575941509416208,720575940634199778,147388
720575941701290458,720575940629857275,34955
720575941430349193,720575940622382964,124094
720575941609491885,720575940633811005,154646
720575941632425452,720575940618671906,147276
720575941596491633,720575940621449281,81515
720575941554219418,720575940613830440,120137
720575941560415859,720575940630614784,89206
720575941521561523,720575940619421019,205328
720575941542997596,720575940623977864,127567
720575941476288577,720575940626908803,93941
720575941436518674,720575940625160200,106166
720575941601089065,720575940613551400,57156
720575941495024839,720575940639405629,137495
720575941589988748,720575940636288180,523409
720575941429403823,720575940630381178,204563
720575941473479210,720575940612404502,31728
720575941450080071,720575940626082148,912852
720575941518641880,720575940626339100,92096
720575941564308278,720575940618813563,545782
720575941539905149,720575940635645432,180749
720575941632209900,720575940605376800,66249
720575941628331321,720575940621103495,521105
720575941602078137,720575940632963128,42601
720575941509644754,720575940624993543,62972
720575941555599187,720575940608537027,103598
720575941490115529,720575940611135129,132970
720575941644034130,720575940616689202,76008
720575941573025693,720575940627272890,187144
720575941534135274,720575940624854474,147452
720575941578474833,720575940608436235,128712
720575941486161805,720575940626783294,41673
720575941496369863,720575940626373182,74972
720575941625072748,720575940630085758,42361
720575941458306288,720575940622444577,119533
720575941687308556,720575940616278645,144822
720575941407788847,720575940622649861,105468
720575941472065547,720575940630711127,80860
720575941611898214,720575940628825073,513207
720575941428403081,720575940627521432,806680
720575941537725589,720575940624873452,44696
720575941536541450,720575940626940709,542874
720575941537771235,720575940630044409,525111
720575941499503522,720575940626980358,181755
720575941452660137,720575940631080822,220831
720575941497380833,720575940612513517,120540
720575941537119971,720575940611085518,88995
720575941491720167,720575940618694104,71091
720575941472008544,720575940623616611,199022
720575941478141761,720575940617887705,548674505
720575941480671683,720575940636707951,115876
720575941514918905,720575940627861736,120781
720575941598762908,720575940608836873,188480
720575941428310100,720575940622406694,146756
720575941480127651,720575940623139976,61167
720575941555716836,720575940620694721,83639
720575941689063436,720575940621602913,191867
720575941436610578,720575940616530210,33559
720575941506640162,720575940621744508,105288
720575941591661931,720575940624380652,151648
720575941487196738,720575940648980857,822471
720575941430703535,720575940616238386,118181
720575941610407398,720575940628620535,45461
720575941518307855,720575940614707874,135783
720575941437924319,720575940621229702,66955
720575941514675546,720575940619657381,155658
720575941463003280,720575940620682480,56934
720575941450455162,720575940624751508,80906
720575941501875179,720575940609042645,143951
720575941458251078,720575940631501123,106646
720575941643951717,720575940630961915,171284
720575941545572232,720575940616699805,905700
720575941478432480,720575940626820395,63482
720575941613439897,720575940624864263,254317
720575941595873063,720575940632264263,131741
720575941483576506,720575940608996188,184898
720575941556386084,720575940618664533,131864
720575941469578205,720575940637223822,46700
720575941491443431,720575940626121828,221055
720575941608242541,720575940639835736,102518
720575941611333865,720575940626307109,534206
720575941563485842,720575940631391563,166194
720575941515876601,720575940659835265,45142
720575941529340088,720575940606247456,81392
720575941623446012,720575940617238457,135013
720575941730557227,720575940638303421,828859
720575941611864678,720575940611634091,54026
720575941502663563,720575940615073703,552914
720575941509094098,720575940637062975,807361
720575941552433799,720575940631220495,131380
720575941644986785,720575940630998615,139183
720575941559252269,720575940627973105,537021
720575941623034058,720575940629881679,814702
720575941538677397,720575940626682654,167297
720575941463193613,720575940638224730,66190
720575941428467375,720575940633519308,818144
720575941535495617,720575940623713003,26252
720575941571260318,720575940634132634,147970
720575941472101472,720575940639501965,77237
720575941613729756,720575940625168363,514586
720575941629064418,720575940617997917,104918
720575941513367761,720575940643604345,108815
720575941580643449,720575940627903804,807872
720575941497942178,720575940621618209,86870
720575941589554316,720575940618182841,129639
720575941448813134,720575940625012301,910738
720575941458872991,720575940637800245,148614
720575941639353375,720575940618407700,554668
720575941523432439,720575940623288467,105173
720575941450296925,720575940633221447,519270
720575941573843464,720575940626197593,94555
720575941591767180,720575940635092505,536056
720575941525414756,720575940627536771,514985
720575941514753603,720575940623214861,103467
720575941670126257,720575940617649969,172224
720575941534166465,720575940654634913,56821
720575941407031214,720575940631836946,105381
720575941644748449,720575940620256903,131018
720575941477370929,720575940637920368,198832
720575941610823498,720575940641494261,49568
720575941579450961,720575940623945620,61156
720575941645334689,720575940628818791,91469
720575941553001534,720575940642861768,125262
720575941679092925,720575940626371898,514997
720575941490569676,720575940625242129,124737
720575941496226432,720575940629079084,127661
720575941548189473,720575940620111952,79763
720575941400624675,720575940633409107,84623
720575941586432068,720575940617113910,205298
720575941721486138,720575940632113747,148797
720575941580307025,720575940615230114,65127
720575941591098508,720575940627863399,516764
720575941490865461,720575940633280156,34755
720575941517131667,720575940660071297,160062
720575941538092776,720575940640635763,532724
720575941624369404,720575940641542797,521462
720575941542565212,720575940613363114,121538
720575941534882482,720575940612661145,90095
720575941513846348,720575940623059443,43804
720575941604241398,720575940621737712,202317
720575941431904983,720575940646504814,69928
720575941471432715,720575940622533364,96188
720575941527190628,720575940602497726,145246
720575941479120291,720575940621197294,128867
720575941543586409,720575940618907376,817632
720575941669080051,720575940637371992,814267
720575941511870418,720575940628533703,135164
720575941584687238,720575940631278866,83702
720575941552583303,720575940611446425,823540
720575941521940147,720575940627541762,543866
720575941513764675,720575940618731328,124271
720575941444652202,720575940615176927,133005
720575941659011920,720575940611864557,83905
720575941489904181,720575940619132632,117816
720575941469183709,720575940604008160,511819
720575941478832291,720575940619417669,113193
720575941431865592,720575940604247985,811606
720575941584610655,720575940629357074,188720
720575941465434966,720575940609314499,524233
720575941400757795,720575940639053939,107282
720575941555971236,720575940607605828,813983
720575941669468839,720575940619095454,93625
720575941569856506,720575940628789559,518896
720575941542643548,720575940604191200,20930
720575941510172944,720575940617376985,159628
720575941573451592,720575940617795362,57135
720575941580389241,720575940628267602,524098
720575941477537329,720575940626367632,48052
720575941495968896,720575940634498202,144882
720575941515382419,720575940630906130,104376
720575941549594228,720575940627471379,129975
720575941613569756,720575940619380485,41366
720575941654515673,720575940619821259,189541
720575941434493984,720575940637800676,79399
720575941574826747,720575940631880279,101941
720575941408576171,720575940645811310,76394
720575941578867025,720575940631857548,806093
720575941392923798,720575940645686564,160438
720575941657176144,720575940627051052,116753
720575941591815531,720575940637773631,116132
720575941539498645,720575940616991316,68594
720575941353462320,720575940650701945,109643
720575941429389921,720575940643623328,151469
720575941588355383,720575940634452080,112158
720575941640401183,720575940603548640,807689
720575941560967213,720575940641071093,423550
720575941471357047,720575940630933199,58044
720575941529501060,720575940622093918,156650
720575941596050565,720575940632093324,91884
720575941509284306,720575940623178751,230104
720575941563479815,720575940624418110,110259
720575941496597959,720575940632470609,17457
720575941574910646,720575940615785951,79380
720575941553441252,720575940632463663,63704
720575941469377911,720575940627535047,145216
720575941506006807,720575940621449454,532339
720575941547223988,720575940635090533,66376
720575941519477164,720575940609428178,120511
720575941554385306,720575940639887475,121855
720575941431677198,720575940608024754,112283
720575941515474937,720575940628638167,165047904
720575941429343881,720575940623022005,99980
720575941506763589,720575940614582765,32787
720575941576738152,720575940637300708,40766
720575941612489369,720575940609859960,287529
720575941572659464,720575940622158113,78329
720575941470188811,720575940633164940,58366
720575941639361141,720575940632303890,86843
720575941574472118,720575940628856836,105782
720575941503346411,720575940617941905,116341
720575941609224266,720575940622594857,131236
720575941415067540,720575940631806539,129851
720575941471349312,720575940613555618,119058
720575941471776779,720575940627633992,28713
720575941484001789,720575940628282255,131711
720575941566360679,720575940620971696,152526
720575941610019558,720575940627889182,583089
720575941642402898,720575940623252173,132679
720575941485358733,720575940642864781,21196
720575941593425959,720575940629991243,51504
720575941558000399,720575940629079302,37958
720575941579354233,720575940642081952,820418
720575941631198178,720575940609803384,123274
720575941432804567,720575940623652937,178508
720575941552547226,720575940637509958,54187
720575941479728291,720575940619068436,91630
720575941659042328,720575940626719101,904818
720575941539348313,720575940621217728,99367
720575941504294706,720575940618255168,101299
720575941532978405,720575940613218730,525920
720575941504712242,720575940632961567,56175
720575941558638607,720575940603453286,833140
720575941505759045,720575940630938668,91037
720575941651713265,720575940630186571,85896
720575941440594639,720575940617225118,83276
720575941688937880,720575940625493891,174189
720575941554490369,720575940623426765,141684
720575941552088638,720575940627622641,45235
720575941634023099,720575940634085472,139867
720575941547047273,720575940646457635,560580
720575941558649133,720575940620463536,60388
720575941490657230,720575940624331755,231386
720575941603941878,720575940616191572,125988
720575941539009661,720575940612139506,516247
720575941532377522,720575940622915004,806699
720575941489642444,720575940626308752,127149
720575941536122049,720575940629342720,829598
720575941564383751,720575940626396803,124384
720575941563781032,720575940614552627,543166
720575941441939663,720575940604991660,112393
720575941584133727,720575940641655860,86268
720575941437883103,720575940610773602,93751
720575941612646809,720575940627973918,115250
720575941611659949,720575940628397828,142153
720575941553395201,720575940623853309,116994
720575941659267352,720575940629909370,30722
720575941657650512,720575940623300093,249887
720575941487067202,720575940641377525,134074
720575941468756445,720575940633312482,812471
720575941570637726,720575940621686254,106429
720575941491403468,720575940631651659,131418
720575941393625494,720575940613147955,519287
720575941589192702,720575940616242833,197332
720575941427865428,720575940639151935,544135
720575941405864622,720575940629859432,94470
720575941602583542,720575940635245492,43219
720575941505836613,720575940643272845,115066
720575941516885907,720575940637037939,25912
720575941548507016,720575940639141092,33498
720575941514199116,720575940642713229,110833
720575941645147809,720575940630906179,108389
720575941461979917,720575940616203637,38581
720575941519951470,720575940615253415,72960
720575941559957549,720575940612368754,82501
720575941497993801,720575940619636382,143066
720575941462228420,720575940624830443,60996
720575941567747578,720575940629702699,158408
720575941540207389,720575940611669288,143607
720575941462184973,720575940612251055,21627
720575941514580729,720575940616857089,104254
720575941595125031,720575940627224049,547737
720575941563571351,720575940610484036,157494
720575941474955550,720575940605290353,139156
720575941655850708,720575940626290765,151237
720575941491344871,720575940641978075,130375
720575941477774110,720575940622087924,512148
720575941602036409,720575940616978518,63808
720575941506010277,720575940621038677,28242
720575941510185488,720575940614891462,97774
720575941506772037,720575940629921067,93323
720575941656169172,720575940647058211,194716
720575941732141611,720575940623520211,136264
720575941449147258,720575940604808736,813087
720575941484451590,720575940615241010,34912
720575941435663648,720575940621438964,124867
720575941577225438,720575940621230739,22053
720575941475711518,720575940640591861,828939
720575941604794814,720575940613637861,546654
720575941557598500,720575940612091601,122275
720575941504788274,720575940629410048,97180
720575941610492636,720575940624574537,812323
720575941408904110,720575940622913635,96247
720575941442928042,720575940623498876,809475
720575941572575646,720575940644235543,529716
720575941579156981,720575940612030437,94850
720575941404466288,720575940621773551,42251
720575941519579308,720575940612455321,119695
720575941565688839,720575940614827922,200133
720575941535047361,720575940623037965,129700
720575941547627912,720575940629950736,118972
720575941557102628,720575940622907862,201198
720575941496207744,720575940624251061,179653
720575941518900334,720575940616967611,134821
720575941448355860,720575940637844413,569817
720575941540854653,720575940630545433,134934
720575941432548311,720575940619148317,110424
720575941438568767,720575940622199977,534591
720575941604746174,720575940637157488,84679
720575941473229664,720575940654994849,74509
720575941450952519,720575940629076073,208512
720575941479800911,720575940611491538,179617
720575941504039845,720575940628475654,142661
720575941644033106,720575940623081939,107364
720575941460792260,720575940615202867,817746
720575941655208665,720575940632670156,54952
720575941414712604,720575940618458176,120077
720575941351883568,720575940620623725,54729
720575941447026708,720575940622946855,816669
720575941650505749,720575940615474066,123212
720575941536199912,720575940615593243,117472
720575941690931419,720575940611988008,182857
720575941593637927,720575940614551806,52287
720575941596115589,720575940627126538,100731
720575941592183403,720575940638888014,113495
720575941669930151,720575940602401214,117073
720575941538132712,720575940638150000,22420
720575941618045055,720575940614402513,120036
720575941410811307,720575940636620942,61341
720575941502957803,720575940627264002,206102
720575941553068350,720575940614019309,203306
720575941625892716,720575940632914719,81116
720575941532427237,720575940606731977,532869
720575941553543066,720575940628713724,79028
720575941494083712,720575940627109991,810678
720575941437735647,720575940615255618,90785
720575941644796360,720575940632577700,80546
720575941568677422,720575940628825703,552524
720575941472646496,720575940634289771,813178
720575941575958671,720575940612967909,123747
720575941495514823,720575940622711081,114346
720575941552989246,720575940630361594,154617
720575941439058005,720575940642621344,113228
720575941596492480,720575940626878460,817261
720575941521874355,720575940631673931,98934
720575941451083433,720575940624857324,140889
720575941650571505,720575940636547726,127459
720575941429576073,720575940614233263,103516
720575941575217309,720575940613371289,150941
720575941573346230,720575940624049338,811942
720575941622373372,720575940615316703,545989
720575941524365337,720575940613237654,75984
720575941554541028,720575940640039768,94004
720575941564903734,720575940616065254,71254
720575941652324373,720575940660515201,549953
720575941563751575,720575940623048584,98091
720575941524812388,720575940624959120,66615
720575941532384485,720575940623649379,62874
720575941469639645,720575940639742627,36717
720575941547337789,720575940634229871,816196
720575941593957745,720575940615750047,113543
720575941413965969,720575940620070736,343251
720575941439762239,720575940622038622,107392
720575941507590935,720575940636393182,559935
720575941500181154,720575940617981670,162526
720575941537561576,720575940638331625,88101
720575941551800382,720575940632736849,322574
720575941461328083,720575940617919542,190325
720575941409044907,720575940624510699,808163
720575941563400758,720575940637625203,185216
720575941459753412,720575940622004545,40847
720575941556731620,720575940623605907,182512
720575941544168709,720575940639651536,523585
720575941602525118,720575940628987751,94709
720575941459194096,720575940633510611,158074
720575941561009965,720575940617402229,46214
720575941545126505,720575940610823010,819694
720575941560466670,720575940645995555,119097
720575941613195996,720575940628911178,122138
720575941460814803,720575940628555536,224202
720575941656790040,720575940630518777,41308
720575941450116167,720575940620477099,802029
720575941670639271,720575940643633824,807194
720575941663182460,720575940624953784,106557
720575941603926713,720575940646609028,46195
720575941483768461,720575940628647823,817800
720575941476415006,720575940632381536,134386
720575941610212525,720575940617745698,97138
720575941606505069,720575940643520160,126990
720575941612861971,720575940629353319,48183
720575941564761398,720575940632912941,120031
720575941564645730,720575940632817378,122909
720575941593365031,720575940631385551,117962
720575941513236689,720575940626059657,812302
720575941489083189,720575940618600738,84865
720575941526621517,720575940617926198,117660
720575941538188515,720575940623154601,72302
720575941563208087,720575940629510518,171676
720575941439170623,720575940623485142,104414
720575941556014564,720575940622445662,140487
720575941475712571,720575940631036503,40554
720575941595608615,720575940624029704,500047
720575941475911217,720575940634773148,106278
720575941506696252,720575940641206912,130043
720575941452313651,720575940621514166,906481
720575941591554667,720575940646083972,50116
720575941584929887,720575940633164575,545367
720575941497981346,720575940615352482,114568
720575941528072614,720575940617977489,120225
720575941624854666,720575940622908254,98560
720575941611811548,720575940631550735,203614
720575941433936014,720575940627755338,930660
720575941411829652,720575940632236856,40834
720575941412709521,720575940633149900,74279
720575941475469873,720575940630433847,88365
720575941573755912,720575940621363469,555731
720575941491321776,720575940631686186,119193
720575941610881894,720575940628097768,117925
720575941507768866,720575940614617553,28385
720575941519313068,720575940645186868,88108
720575941552301118,720575940617385814,59519
720575941679519933,720575940621607046,44022
720575941658291792,720575940618244898,84120
720575941514159692,720575940616775218,31003
720575941671534503,720575940607307977,152475
720575941459783379,720575940618627669,202183
720575941687658252,720575940632375121,815281
720575941590761100,720575940632441391,126180
720575941662133628,720575940644023240,34650
720575941507500823,720575940632229516,140063
720575941576982376,720575940605742438,60452
720575941533380362,720575940611373262,839102
720575941703671770,720575940622579933,29700
720575941593590055,720575940626436126,133418
720575941668849139,720575940658854273,94413
720575941542196765,720575940630658041,81587
720575941483767482,720575940607484099,166286
720575941545667260,720575940621761818,530310
720575941563773543,720575940605240544,97107
720575941549521953,720575940628983119,83213
720575941687019638,720575940628446888,132025
720575941564314880,720575940631219768,117468
720575941632294075,720575940643532836,194507
720575941540075356,720575940630464824,86049
720575941452986025,720575940612105403,40575
720575941549510461,720575940626387130,47035
720575941459071391,720575940632505683,141106
720575941624836972,720575940636454392,109549
720575941405891246,720575940647447161,830853
720575941506690071,720575940627743833,103883
720575941481247674,720575940621445569,811783
720575941469796363,720575940605238705,134894
720575941569603322,720575940638117248,129122
720575941470076381,720575940611850958,177728
720575941640900965,720575940627042170,908854
720575941491797680,720575940628315232,10819
720575941504881573,720575940636781167,50990
720575941393268996,720575940625205518,517716
720575941436693536,720575940610148306,32413
720575941554333211,720575940623676415,144437
720575941507256343,720575940620794192,19909
720575941644044152,720575940640156494,120149
720575941654054105,720575940622879758,806709
720575941526497357,720575940635534234,222886
720575941411466863,720575940628474901,30833
720575941470187895,720575940632716698,929309
720575941432739342,720575940632855111,116544
720575941431153678,720575940616767605,131275
720575941563750290,720575940627808122,55412
720575941514265347,720575940618066461,109946
720575941414682652,720575940620675019,34075
720575941408364971,720575940631435095,191375
720575941659199000,720575940620784321,101267
720575941643093605,720575940620220075,194600
720575941512670161,720575940620095341,124880
720575941430128521,720575940634830175,800559
720575941537281768,720575940606306737,149511
720575941565469238,720575940623536020,101807
720575941590160126,720575940644170519,178647
720575941629587494,720575940646538116,75617
720575941435639840,720575940623474871,110463
720575941477314097,720575940615738730,148836
720575941593805169,720575940616778838,158111
720575941563791511,720575940639938237,56796
720575941566184494,720575940605981886,572977
720575941476123700,720575940610978094,122174
720575941539590293,720575940636249524,117027
720575941639451935,720575940625839345,809622
720575941436938028,720575940619921822,81060
720575941550993287,720575940623699725,815705
720575941553235774,720575940631288460,59155
720575941452536115,720575940636579817,93644
720575941575151112,720575940636844901,549493
720575941602230774,720575940626148733,62172
720575941548556424,720575940623833284,399751849
720575941505120535,720575940624519876,90457
720575941605415358,720575940618640418,327688
720575941485812290,720575940614716141,58002
720575941572993096,720575940650160249,113425
720575941629476646,720575940633648045,42823
720575941353313072,720575940622102980,76851
720575941438729516,720575940632717772,206573
720575941584453854,720575940624638000,133277
720575941489545676,720575940626423580,125896
720575941463592461,720575940620970375,546924
720575941573775247,720575940649653113,81055
720575941489930185,720575940623229368,71147
720575941534881970,720575940629148163,72536
720575941591827752,720575940626132519,811594
720575941535276466,720575940605984800,57072
720575941430643297,720575940630909431,513502
720575941594766550,720575940619857112,532405
720575941526054244,720575940629760567,32692
720575941471495031,720575940626864688,512056
720575941502680514,720575940619790165,32744
720575941643015288,720575940617805405,82400
720575941655431129,720575940637433445,160820
720575941500995467,720575940617203549,809951
720575941595049430,720575940625273475,124105
720575941624504202,720575940627545858,94405
720575941550489149,720575940617870685,110178
720575941631887035,720575940641898971,131436
720575941392631300,720575940639616573,112597
720575941546357353,720575940630154028,532171
720575941532567013,720575940604931686,550680
720575941554507674,720575940612638437,518583
720575941668308145,720575940630920785,119998
720575941615823769,720575940625919758,158291
720575941578852953,720575940629247992,137679
720575941689198232,720575940612630963,89649
720575941470015552,720575940626269370,214151
720575941600360233,720575940620752469,135854
720575941507870277,720575940623237267,79716
720575941557207076,720575940619856222,107377
720575941595905669,720575940627400250,36885
720575941572975880,720575940631359279,122335
720575941506546210,720575940624612280,129555
720575941486085584,720575940629132844,527620
720575941482666950,720575940626753045,174149
720575941663959420,720575940619512454,90663
720575941426597716,720575940618922265,22238
720575941552871230,720575940610973413,142147
720575941477329460,720575940628825210,236146
720575941572888585,720575940628676343,128420
720575941528659403,720575940625636964,164248
720575941572356872,720575940611933394,73655
720575941459116528,720575940638494042,549404
720575941416879900,720575940628344392,541476
720575941603957750,720575940617356505,99999
720575941463012240,720575940627144317,530440
720575941628601058,720575940603728561,808690
720575941590015372,720575940617264245,79624
720575941491137481,720575940636760494,144552
720575941515934457,720575940625167664,809371
720575941569492212,720575940637086831,70397
720575941429823113,720575940638469722,82426
720575941643788389,720575940606773606,49197
720575941495174526,720575940631703341,133142
720575941526792781,720575940622901854,27696
720575941592051819,720575940622583284,185361
720575941645316040,720575940631262252,807777
720575941516270508,720575940630323303,138610
720575941431721647,720575940621649499,516923
720575941632638112,720575940659975297,126704
720575941659237144,720575940622079913,127278
720575941555664100,720575940630081847,105759
720575941595167525,720575940624107751,815627
720575941504398130,720575940620925643,27760
720575941573921545,720575940622340137,815059
720575941515444739,720575940623004454,64578
720575941436980524,720575940617924299,521414
720575941612610323,720575940614901151,151735
720575941642602360,720575940639165493,147208
720575941723004986,720575940630616111,902784
720575941653707793,720575940647957044,37433
720575941525203556,720575940623337510,155516
720575941459684036,720575940608917461,37211
720575941466091862,720575940631132985,165208
720575941522438391,720575940645302382,546601
720575941352632368,720575940630548055,138382
720575941668577969,720575940620279131,100021
720575941439136719,720575940633513261,69173
720575941537516786,720575940621754367,553738738
720575941632687596,720575940638358643,815396
720575941528312998,720575940626025660,165627
720575941439226335,720575940620627538,99353
720575941544606388,720575940616466388,906708
720575941441263195,720575940622283900,92229
720575941550709054,720575940613001841,130864
720575941506428962,720575940636761518,102376
720575941461992388,720575940630692143,144052
720575941431296137,720575940610207402,522357
720575941430321912,720575940636928090,543891
720575941519423923,720575940615744742,22444
720575941441828047,720575940614203601,145908
720575941559894061,720575940631834927,53463
720575941571659016,720575940618994859,811094
720575941506895685,720575940660007041,38173
720575941453422407,720575940618032162,170526
720575941504692418,720575940626630735,49418
720575941650433521,720575940630507991,152639
720575941488876489,720575940629076585,223181
720575941505210418,720575940628065352,167695
720575941632104389,720575940632292171,548130
720575941651790869,720575940644172910,181349
720575941437257516,720575940616596822,810987
720575941527165094,720575940613622312,580421
720575941431927393,720575940629185084,812370
720575941459329862,720575940634948088,165343
720575941529447371,720575940639235044,116805
720575941492130279,720575940621328508,60777
720575941458475760,720575940623990763,117712
720575941651233265,720575940629591746,76973
720575941554637466,720575940623382163,550497
720575941567880050,720575940626500670,140001
720575941681300413,720575940631676155,78381
720575941605319870,720575940621431534,71707
720575941633442235,720575940607028681,119870
720575941453161267,720575940630550584,60493
720575941563488663,720575940623901927,131246
720575941624302730,720575940614126523,116646
720575941554172499,720575940612546991,112407
720575941563713170,720575940616406813,112874
720575941578539765,720575940623633885,263053
720575941569380084,720575940626158461,90018
720575941548759073,720575940613360613,118777
720575941490208231,720575940607995522,154766
720575941572268795,720575940611502546,22973
720575941573761275,720575940622911768,122982
720575941595013415,720575940645441828,30335
720575941412726673,720575940610895684,151997
720575941550393716,720575940625834109,65545
720575941645847496,720575940618332706,121449
720575941644671176,720575940621248621,99241
720575941609822953,720575940636361839,122775
720575941520075886,720575940631173463,127156
720575941417083932,720575940630674652,529397
720575941496249799,720575940627127044,35141
720575941477792286,720575940638367933,134027
720575941658986008,720575940616835014,135948
720575941428313775,720575940621202701,804455
720575941546374076,720575940636962101,808442
720575941460969412,720575940616406284,54896
720575941619200383,720575940604552894,209417
720575941555654913,720575940634577433,552775
720575941548266100,720575940621082996,88518
720575941644466552,720575940632076648,77330
720575941655308505,720575940633069220,194702
720575941448363445,720575940638733402,62090
720575941518656684,720575940621424148,79473
720575941569018874,720575940628876647,85911
720575941408271790,720575940642275803,56112
720575941652301589,720575940630990287,550743
720575941477740353,720575940624882471,826996
720575941539801725,720575940623026419,111783
720575941518599640,720575940618187782,164771
720575941560529902,720575940637943774,200516
720575941538179816,720575940640753267,808929
720575941550191677,720575940603595366,72752
720575941509557264,720575940605426110,825681
720575941617245909,720575940622319498,816918
720575941610529766,720575940612875560,51962
720575941632846496,720575940616936285,144030
720575941545588404,720575940618288925,121014
720575941497196160,720575940619515608,84107
720575941593860389,720575940639522126,111173
720575941518169772,720575940640739955,89323
720575941613257491,720575940624970987,910740
720575941535439386,720575940615586978,545852
720575941504193842,720575940611665358,65259
720575941486971910,720575940635098522,132160
720575941632881056,720575940639791475,42368
720575941401832739,720575940613737768,33115
720575941589976716,720575940631947538,134122
720575941579356497,720575940632932236,53407
720575941567858164,720575940612565733,114127
720575941515894627,720575940615607975,90141
720575941654206676,720575940617665950,222240
720575941626120505,720575940620174808,147166
720575941528165304,720575940623908649,109800
720575941535387882,720575940616317211,49544
720575941561747368,720575940627376210,107190
720575941519045292,720575940627281922,175617
720575941553728666,720575940614605730,76105
720575941437631967,720575940625454346,146667
720575941610363881,720575940623636979,220085
720575941350334256,720575940621700789,52940
720575941628636130,720575940615996522,138403
720575941732573995,720575940620576773,127362
720575941504115394,720575940630496503,119397
720575941575964264,720575940621101295,53329
720575941478215331,720575940634953079,76660
720575941553164606,720575940613593581,511896
720575941569653362,720575940622209048,106567
720575941530771659,720575940623977059,128728
720575941689263478,720575940628134021,542400
720575941452313415,720575940635674601,27254
720575941550611711,720575940615343938,110376
720575941446042132,720575940626584506,72168
720575941458548976,720575940611176494,162515
720575941406036527,720575940629724367,58298
720575941488174800,720575940637714560,119222
720575941534576666,720575940630669672,101795
720575941609891757,720575940620363691,79832
720575941703513818,720575940616664733,565708
720575941563750568,720575940633700065,132854
720575941658609744,720575940620602960,75535
720575941509519826,720575940620436912,102278
720575941536356106,720575940637780314,97427
720575941614147859,720575940621094485,544467
720575941448623965,720575940623227283,89508
720575941487911376,720575940623461709,98325
720575941431402159,720575940622349406,193693
720575941436502816,720575940615536607,550759
720575941453229639,720575940606390374,184182
720575941533746866,720575940632330600,99851
720575941485823810,720575940628810071,48491
720575941480467363,720575940640496035,79523
720575941483844538,720575940626167908,81799
720575941516906350,720575940638760262,810521
720575941613581331,720575940640097332,68912
720575941689930715,720575940635001440,518627
720575941565156662,720575940641922805,811829
720575941468396509,720575940628470545,111491
720575941610465769,720575940626701886,206934
720575941518600620,720575940626625874,167614
720575941543334149,720575940620413400,265464
720575941602033142,720575940628437269,78934
720575941624206700,720575940622551045,99633
720575941601215529,720575940635877044,542775
720575941643053176,720575940630284791,121856
720575941610464330,720575940635606167,43664
720575941559889390,720575940613218802,475836077
720575941470744439,720575940637487694,158622
720575941655218900,720575940630626298,124951
720575941690038235,720575940615820556,148495
720575941603470265,720575940621896045,151535
720575941444991402,720575940619041334,145334
720575941508860801,720575940630876667,300607
720575941459917011,720575940638713690,43757
720575941438478047,720575940606352817,131628
720575941623347594,720575940624413001,191984
720575941513580497,720575940623847728,25554
720575941478549610,720575940637968454,41680
720575941617988479,720575940621996129,71884
720575941487514320,720575940630521923,133312
720575941535311041,720575940626386224,102726
720575941497795913,720575940619730590,107494
720575941507125015,720575940627741017,84501
720575941571372795,720575940638817725,816235
720575941643222610,720575940623808693,123107
720575941638009717,720575940615710431,101006
720575941594682070,720575940609984881,84153
720575941661721144,720575940618612037,89354
720575941482187450,720575940627190659,111015
720575941631881147,720575940624932282,139950
720575941583350623,720575940620405869,822465
720575941701466586,720575940625775630,42646
720575941353361200,720575940612090074,210341
720575941577761113,720575940629304139,811414
720575941645684424,720575940622153761,548685
720575941566490934,720575940624287891,31001
720575941501790603,720575940619529595,151642
720575941537455843,720575940631880040,113293
720575941460714180,720575940617142645,811696
720575941527337753,720575940623087386,133638
720575941548544372,720575940628524304,54081
720575941595257127,720575940616884795,534155
720575941393329412,720575940606850737,55256
720575941654986452,720575940622464383,140724
720575941691260568,720575940617093938,23702
720575941642686546,720575940632678983,93778
720575941603655353,720575940621056982,103420
720575941633552032,720575940630288700,106342
720575941520327603,720575940629140779,111047
720575941577739609,720575940618839472,809717
720575941482812090,720575940627796012,74537
720575941543133957,720575940617684027,59004
720575941491902128,720575940628365574,146256
720575941568445428,720575940644949960,145806
720575941468004573,720575940623381941,61822
720575941611593574,720575940626614202,22245
720575941528057732,720575940636375408,818130
720575941577336409,720575940613672941,154081
720575941521390583,720575940623952381,140568
720575941414133905,720575940618899323,152925
720575941439374783,720575940619123870,65395
720575941465539414,720575940628739834,39107
720575941659098648,720575940623941354,81830
720575941507110423,720575940626966346,40176
720575941486670914,720575940621382676,523530
720575941530869891,720575940624518328,48535
720575941516303353,720575940613360295,42826
720575941486426765,720575940611118802,139857
720575941662312060,720575940632240465,119584
720575941732304171,720575940620202405,27849
720575941535550145,720575940624969478,117322
720575941543739165,720575940619125317,127258
720575941519626968,720575940620037323,530919
720575941604579262,720575940612341219,127246
720575941625767306,720575940614675454,47341
720575941458888863,720575940624781607,931529
720575941595422422,720575940644625568,562515
720575941453155497,720575940619431047,85487
720575941652987889,720575940610301764,120598
720575941470251275,720575940616030770,121276
720575941663946620,720575940621281389,135678
720575941441193051,720575940622677483,21092
720575941475720734,720575940627708328,87252
720575941596492913,720575940621767088,26505
720575941471800183,720575940616479547,57380
720575941563247506,720575940638804345,819536
720575941483112646,720575940636289599,175249442
720575941608085869,720575940635162010,180066
720575941489698249,720575940625495140,812944
720575941617255893,720575940632252661,52024
720575941613271548,720575940611807795,39806
720575941531584203,720575940629467692,101515
720575941466166038,720575940653723809,127007
720575941437001260,720575940625997258,56176
720575941519715767,720575940623153961,98553
720575941626869049,720575940627670610,105829
720575941671000743,720575940606595430,108998
720575941631815877,720575940606667977,79590
720575941658896152,720575940645858948,99225
720575941433710222,720575940621360349,118812
720575941549552957,720575940648412036,335591
720575941617906559,720575940626924675,556617
720575941489975756,720575940618176315,307655
720575941467321366,720575940619840085,55262
720575941577753937,720575940611701312,109019
720575941480740832,720575940625712103,191013
720575941447468564,720575940622331786,38526
720575941504459058,720575940631906920,132532
720575941592965078,720575940605115360,192310
720575941584091487,720575940607941298,125879
720575941588913918,720575940610915954,141080
720575941569923066,720575940630367274,158076
720575941585056863,720575940633219757,45248
720575941572132680,720575940612236181,88777
720575941632105964,720575940628128774,254654
720575941534208856,720575940635859813,812528
720575941496693120,720575940627327938,48964
720575941564882071,720575940618085569,195470070
720575941559557391,720575940625294572,155419
720575941503592613,720575940612427414,15148
720575941430713263,720575940628048428,130557
720575941593895382,720575940612780723,169237
720575941481591037,720575940620508075,95545
720575941534449586,720575940620736704,59345
720575941537859555,720575940626170149,544485
720575941482715578,720575940628945920,815492
720575941508055646,720575940638386291,113842
720575941585617798,720575940635602783,126848
720575941627193145,720575940621685687,811967
720575941450633821,720575940636981481,56195
720575941475760193,720575940637599578,50959
720575941505980069,720575940653596833,33703
720575941441457855,720575940604957216,102033
720575941534651626,720575940634733722,113136
720575941586847454,720575940632102442,163405
720575941730539307,720575940634632078,824041
720575941536060954,720575940626869403,196851
720575941506658398,720575940625765649,33824
720575941402372131,720575940612993194,100201
720575941409028270,720575940632228051,107534
720575941580232057,720575940620277963,23394
720575941513271619,720575940624355509,165946
720575941690244059,720575940612028017,35033
720575941574988809,720575940648831097,241577
720575941472146218,720575940631109858,898638
720575941593236519,720575940636741221,574957
720575941426327380,720575940626966986,138194
720575941456918765,720575940641137293,87237
720575941515037018,720575940623997539,14875
720575941475347777,720575940640385955,178949
720575941548252449,720575940632395662,188552
720575941575445430,720575940635217144,64345
720575941499408201,720575940614602146,77009
720575941598029248,720575940612713322,815943
720575941439804991,720575940652662518,187867
720575941535364586,720575940636855871,81656
720575941574084239,720575940625751283,128333
720575941644281170,720575940615654715,204770
720575941532084709,720575940621384101,119171
720575941569374066,720575940621247920,44221
720575941579992821,720575940631131129,87195
720575941631503301,720575940623793290,39297
720575941438354005,720575940624769260,514059
720575941493140656,720575940605675744,66947
720575941558561139,720575940643073332,143132
720575941472494432,720575940607820489,98798
720575941548317812,720575940626894180,140385
720575941588993604,720575940615121570,20611
720575941551179838,720575940618033969,98884
720575941573839688,720575940641130368,520497
720575941506003479,720575940628414724,112123
720575941627941926,720575940629070083,74453
720575941612675859,720575940624206060,133119
720575941652409073,720575940632593868,30215
720575941626479724,720575940633839514,184209
720575941481992643,720575940616027714,112873
720575941611059274,720575940617373072,912480
720575941603784889,720575940613523879,106595
720575941552630078,720575940626571978,92966
720575941580037753,720575940621597445,120286
720575941632437228,720575940632890451,533208
720575941489187790,720575940616508319,86374
720575941505881413,720575940636159039,66601
720575941632785349,720575940611482517,250050
720575941547860916,720575940628148712,524683
720575941475074363,720575940624420284,85359
720575941481255075,720575940645089646,145529
720575941471703563,720575940624975760,110897
720575941611416906,720575940630953423,31775
720575941431303160,720575940617289689,45407
720575941542242908,720575940614705319,119618
720575941486642128,720575940637446990,74433
720575941573059230,720575940616698566,145726
720575941654633689,720575940605758822,102329
720575941626127242,720575940614671667,564364
720575941438832428,720575940626104112,112336
720575941434061198,720575940615746489,112651
720575941512907729,720575940634852463,119692
720575941462104845,720575940634984032,101974
720575941458666195,720575940618018817,544152
720575941625759434,720575940608288523,126225
720575941548378740,720575940647822468,52727
720575941525195289,720575940639055157,137247
720575941477666528,720575940619111515,809078
720575941593790065,720575940630251884,88307
720575941643852705,720575940638398942,91582
720575941599023913,720575940645176087,45395
720575941457700511,720575940622255937,101427
720575941540005837,720575940616275778,84814
720575941516557402,720575940635226303,113981
720575941594866471,720575940623876327,133686
720575941402962288,720575940620958228,163855
720575941486754768,720575940635339694,46664
720575941578606169,720575940620804109,75562
720575941539438741,720575940629704187,809110
720575941496981632,720575940623289087,126501
720575941604011193,720575940621319185,145809
720575941411390123,720575940612582514,19358
720575941584354950,720575940622486057,187648
720575941438575327,720575940630293049,534220
720575941613634268,720575940628694532,83758
720575941433440800,720575940624892474,855805
720575941568290606,720575940617650481,91244
720575941451941545,720575940617954049,107371
720575941516572632,720575940621314593,813906
720575941470040843,720575940629334427,114306
720575941691487896,720575940627406906,180956
720575941505887361,720575940619280981,934676
720575941593532523,720575940621369536,537976
720575941400207907,720575940622311081,31607
720575941535149034,720575940631692881,909555
720575941609245417,720575940628644599,94948
720575941500581003,720575940618940244,193087
720575941515724643,720575940629419111,57050
720575941721387322,720575940625414448,65201
720575941452474439,720575940624260646,101707
720575941505834556,720575940627268946,443575
720575941537150691,720575940612544938,146169
720575941460137030,720575940636505445,38652
720575941460391750,720575940622326953,141712
720575941564938082,720575940617041553,143138
720575941549290495,720575940618647768,912164
720575941600611625,720575940610043346,44124
720575941574672891,720575940610345155,538070
720575941504812082,720575940614552588,38444
720575941460463174,720575940627753128,92752
720575941459876548,720575940630436608,134905
720575941519772343,720575940626451774,94156
720575941560103795,720575940614183218,88000
720575941466974038,720575940628490244,88761
720575941524121700,720575940632987859,816769
720575941467319126,720575940652687094,177827
720575941563050386,720575940635869541,167394
720575941549451553,720575940628586071,807687
720575941625566828,720575940631003589,15482
720575941531651787,720575940616982411,25900
720575941561914925,720575940635106912,534289
720575941401454883,720575940621013364,807390
720575941510855696,720575940631915801,200358
720575941553060635,720575940604926082,814419
720575941475742314,720575940623535029,44126
720575941461147332,720575940620859489,67074
720575941506740805,720575940606051244,33476
720575941701001946,720575940620206727,154915
720575941542144604,720575940627176793,94370
720575941580077301,720575940628534696,68045
720575941483896506,720575940615885930,96999
720575941473176362,720575940632639279,106763
720575941507790430,720575940620842260,69340
720575941516593145,720575940627617432,49129
720575941474361130,720575940635292084,64712
720575941557974287,720575940608481860,809955
720575941429326511,720575940615329951,110596
720575941604021750,720575940628942056,68477
720575941505765761,720575940629464875,157161
720575941483114749,720575940625897191,182876
720575941499220041,720575940632103978,514653
720575941517825902,720575940612646883,135217
720575941441804223,720575940628558679,913257
720575941622979836,720575940642703501,544252
720575941437046290,720575940627991292,95029
720575941565594631,720575940629895618,65973
720575941638595701,720575940613909485,169770
720575941644420434,720575940611040046,13081
720575941550363391,720575940635673951,79719
720575941497309921,720575940631833171,35292
720575941527606438,720575940624983625,543242
720575941448316948,720575940625770384,168034
720575941528018342,720575940614441726,54278
720575941554176283,720575940611052145,111397
720575941440582997,720575940617508281,59842
720575941534026584,720575940622905869,814663
720575941515584761,720575940622006554,139725
720575941481339331,720575940619065361,149577
720575941551004415,720575940635618793,148381
720575941585932766,720575940618090141,126151
720575941431184815,720575940610768594,550789
720575941410940843,720575940628337541,229141
720575941484150458,720575940622660573,119805
720575941527053645,720575940627593561,187701
720575941548003389,720575940638040142,78191
720575941502293899,720575940637536910,123319
720575941540787292,720575940621142036,327856
720575941545567412,720575940626787614,125123
720575941567519226,720575940612503146,167848
720575941532993509,720575940650574457,153725
720575941438661164,720575940616424902,42104
720575941499737250,720575940641179789,825714
720575941555558628,720575940608209842,35792
720575941536229013,720575940628038296,811625
720575941491580108,720575940639676019,33130
720575941644629624,720575940611599458,101147
720575941471866891,720575940617820646,524913
720575941453546665,720575940613010033,554551
720575941408387119,720575940658951297,42214
720575941581543801,720575940639062106,546733
720575941548773492,720575940612017075,160613
720575941554533377,720575940640070797,13100
720575941686774767,720575940629639223,41445
720575941619609727,720575940624717565,230664
720575941654039057,720575940628538876,170962
720575941560838701,720575940639812304,130635
720575941548242209,720575940619386203,144255
720575941479819232,720575940625290900,194718
720575941562685447,720575940618709487,138785
720575941468985565,720575940617606616,100561
720575941446318868,720575940628242170,70469
720575941513101049,720575940637919551,69729
720575941539643378,720575940640199027,46553
720575941519701102,720575940624715813,591341
720575941515533667,720575940617641446,36572
720575941591499627,720575940630461804,82178
720575941651544341,720575940630112732,33853
720575941585818078,720575940645498660,69203
720575941458825119,720575940633139503,144138
720575941438972735,720575940627351887,68950
720575941477570609,720575940611083955,512103
720575941533115626,720575940618599115,88510
720575941439042767,720575940617492436,816029
720575941598473920,720575940620718831,154905
720575941581694073,720575940628368207,66688
720575941662681912,720575940627635473,549719
720575941460378768,720575940633795795,318472
720575941456905375,720575940609635886,220066
720575941624873610,720575940625883454,500064
720575941655584724,720575940638457407,111650
720575941515355385,720575940632582760,134572
720575941596211057,720575940624327196,74610
720575941591402792,720575940624895821,154825
720575941609615206,720575940634258131,139602
720575941462620941,720575940645415534,67649
720575941475899678,720575940641870201,149418
720575941625572507,720575940635150443,60442
720575941495318398,720575940620085840,213277
720575941604114166,720575940615215923,908715
720575941488057552,720575940618652736,53374
720575941595133223,720575940609646037,196534
720575941511891665,720575940606298754,806493
720575941458720415,720575940640897443,138078
720575941624186826,720575940647083811,55436
720575941558579727,720575940631347218,58847
720575941540958589,720575940616111410,533022
720575941452416839,720575940620356822,167339
720575941633851835,720575940607417948,38921
720575941553597668,720575940622998115,807342
720575941574631325,720575940624966328,59851
720575941502672267,720575940621183142,85364
720575941553656804,720575940617329221,237614
720575941439828827,720575940633857934,65978
720575941591227944,720575940620531648,49068
720575941507922014,720575940624852508,80342
720575941521608887,720575940610991834,129906
720575941439930203,720575940621102677,55571
720575941553429761,720575940627210373,83737
720575941626477979,720575940621390171,140721
720575941554267219,720575940615401945,909374
720575941454956781,720575940616703794,179481
720575941534698730,720575940635608312,903109
720575941448124692,720575940624280137,815342
720575941555618468,720575940647606660,34093
720575941627913785,720575940629786959,517897
720575941582694751,720575940656083617,125865
720575941503104706,720575940620955149,807736
720575941669650855,720575940618279458,213496
720575941575251087,720575940608670985,161357
720575941481643206,720575940617717819,77227
720575941596513948,720575940635747007,94383
720575941536538851,720575940607204530,28783
720575941352651568,720575940624956680,75564
720575941485435458,720575940621582016,86620
720575941607618925,720575940624349192,53290
720575941593766507,720575940628224645,270825
720575941594117227,720575940619573814,161411
720575941559553039,720575940643380759,151958
720575941658641176,720575940621599604,152648
720575941701720282,720575940622977925,164164
720575941432050273,720575940637999950,138573
720575941633524384,720575940642956685,213825
720575941430893560,720575940621535403,82581
720575941557816996,720575940620604353,542146
720575941535635634,720575940608650537,138602
720575941514555994,720575940645153047,87422
720575941525827586,720575940627253510,27311
720575941486858306,720575940623271306,549405
720575941473842986,720575940638855733,48117
720575941612187878,720575940625300519,217519
720575941618784383,720575940606646962,118375
720575941491894732,720575940620562881,103238
720575941544846341,720575940621636161,186098
720575941475287070,720575940637439972,132370
720575941632599532,720575940611466922,61577
720575941486634448,720575940612644522,105313
720575941529064836,720575940631452367,95269
720575941656068688,720575940628654159,817969
720575941439147052,720575940605824102,158695
720575941511205452,720575940632273233,129147
720575941581624697,720575940627278340,68976
720575941405236080,720575940623559557,535278
720575941429849185,720575940645167492,802612
720575941671700647,720575940624780988,84398
720575941613499155,720575940638532440,85292
720575941575083933,720575940619326587,128927
720575941520603059,720575940627348841,34542
720575941517080748,720575940626381570,150512
720575941458816752,720575940610935410,814827
720575941526479204,720575940605252064,57812
720575941449806414,720575940629602090,50566
720575941598012096,720575940621619035,42841
720575941556404772,720575940625852602,122718
720575941555575332,720575940624817726,808279
720575941567100519,720575940630630225,524296
720575941440457045,720575940624368934,40687
720575941686483951,720575940628719121,97451
720575941407718447,720575940614553234,525279
720575941590758398,720575940620237784,67469
720575941532419306,720575940624125477,905782
720575941632643232,720575940639685437,35593
720575941526502310,720575940637464205,102559
720575941599012905,720575940631324077,86347
720575941534672216,720575940631557228,61844
720575941431650657,720575940621999393,131744
720575941501594967,720575940606480073,100674
720575941654117849,720575940626755330,193940
720575941670923431,720575940629857420,517551
720575941651729649,720575940618158672,260959
720575941624472428,720575940638654271,35097
720575941436899807,720575940645782068,168032
720575941596917952,720575940619644352,121235
720575941486813702,720575940626266980,78957
720575941506225573,720575940628554005,524354
720575941506914594,720575940608067029,141941
720575941552885787,720575940616911302,90441
720575941490065127,720575940631912519,53940
720575941660893308,720575940630673483,804908
720575941498286242,720575940628745209,803937
720575941653126361,720575940631222585,144261
720575941630061350,720575940612216549,272145
720575941721304890,720575940622372476,197913
720575941533288129,720575940614959675,44952
720575941568918266,720575940628600143,128997
720575941479189472,720575940612335539,810577
720575941626112057,720575940612376983,136238
720575941448357908,720575940640825741,51184
720575941561871405,720575940607372674,203414
720575941462243524,720575940629519298,161474
720575941590580791,720575940627904542,65066
720575941431031288,720575940634973591,94930
720575941475505716,720575940630196284,159069
720575941451040122,720575940615890794,136538
720575941663194236,720575940626387458,120516
720575941475044155,720575940630097256,69699
720575941411820399,720575940608806776,90138
720575941556373028,720575940632375379,61735
720575941669881265,720575940639999576,523613
720575941407510702,720575940628422139,910408
720575941407672494,720575940623137048,78340
720575941353095472,720575940631502136,563713
720575941475816222,720575940622531148,169842
720575941449177934,720575940608708617,113297
720575941592087848,720575940626803279,79653
720575941587362628,720575940627687496,29910
720575941510916112,720575940636014175,209415
720575941644477522,720575940629668201,152946
720575941531717507,720575940630175488,49963
720575941630834156,720575940607908226,191289
720575941407385518,720575940629873402,540042
720575941599280169,720575940622675753,88183
720575941515363427,720575940626530704,68245
720575941534890730,720575940636529263,134352
720575941481048227,720575940643790536,25017
720575941590996264,720575940620718452,69981
720575941687030646,720575940609269771,64256
720575941605350078,720575940623435277,87206
720575941538928509,720575940621656956,96526
720575941460745683,720575940616343953,38779
720575941517615470,720575940614771874,86597
720575941645892808,720575940625352120,53033
720575941504201532,720575940611468185,158559
720575941603764921,720575940621551552,811751
720575941624830716,720575940614354619,910224
720575941643658597,720575940627097361,102587
720575941532517354,720575940633721951,134040
720575941564175670,720575940630833724,71119
720575941595961221,720575940631025103,45405
720575941461793549,720575940618545903,818816
720575941477070442,720575940614348967,111132
720575941566061463,720575940624143871,130881
720575941558040868,720575940628390970,186935
720575941496614343,720575940622415856,163234
720575941547334205,720575940629508726,940255
720575941642158418,720575940622193546,44512
720575941483969858,720575940627920071,52402
720575941468620253,720575940605135532,69250
720575941652307441,720575940619980491,85459
720575941456772336,720575940621656602,93479
720575941414166164,720575940624402204,52158
720575941610590953,720575940611117380,27032
720575941578451025,720575940634707607,102403
720575941480610755,720575940647887236,66896
720575941513529667,720575940624588326,136304
720575941528736900,720575940627187849,99805
720575941529444811,720575940629926615,551251
720575941431559777,720575940634455266,35795
720575941624510572,720575940625162754,56483
720575941688400396,720575940608486236,96748
720575941478091427,720575940628518916,220807
720575941592920616,720575940627534339,122600
720575941594120305,720575940619969300,143530
720575941392170134,720575940618635265,95320
720575941534542874,720575940622981325,103219
720575941556314451,720575940637328247,816308
720575941552073278,720575940633922605,44918
720575941469061239,720575940630241071,810529
720575941652414741,720575940609628171,117302
720575941535709618,720575940623325932,134802
720575941566348647,720575940627260426,120280
720575941614787091,720575940624991159,77583
720575941486753286,720575940606130860,72191
720575941554000667,720575940644827428,39844
720575941593467350,720575940613867682,809557
720575941577871953,720575940626748648,135635
720575941596465285,720575940629999831,97634
720575941548246305,720575940624363817,38220
720575941499190946,720575940633802009,51883
720575941603924921,720575940619485424,144340
720575941485379590,720575940630964561,119613
720575941432470798,720575940612251571,149823
720575941609751469,720575940606406530,116259
720575941444862378,720575940613622014,817724
720575941492141543,720575940647814788,160938
720575941533129859,720575940626744195,580578
720575941597972124,720575940638084580,285142
720575941573739848,720575940625683740,196901
720575941611420134,720575940647515524,910712
720575941415825180,720575940612331699,520115
720575941637891701,720575940628973130,106719
720575941585070558,720575940631105567,179041
720575941668616179,720575940629855072,59919
720575941503982167,720575940631408557,131563
720575941610651309,720575940615363122,90159
720575941554762650,720575940627846955,125997
720575941444818858,720575940615521954,553983
720575941599901737,720575940624883388,37646
720575941503679682,720575940620166791,131790
720575941550146559,720575940617036352,539583
720575941528507780,720575940623667383,135177
720575941505978497,720575940612732050,147120
720575941496138951,720575940633889761,150711
720575941489087541,720575940619339712,71123
720575941457399967,720575940618508473,115547
720575941490825420,720575940633282093,130313
720575941533245571,720575940639113405,132136
720575941643620513,720575940631749903,102150
720575941498874697,720575940626634883,84035
720575941535942682,720575940629188140,59524
720575941517477036,720575940650135417,123266
720575941497227849,720575940623255254,149865
720575941514179065,720575940612372650,44179
720575941527588006,720575940625301799,545395
720575941460668100,720575940639034687,33683
720575941668452017,720575940644801902,78629
720575941517358995,720575940630868844,91396
720575941475746609,720575940623747268,120413
720575941548149309,720575940624081131,115743
720575941565688471,720575940622812040,49532
720575941547995197,720575940618937684,50973
720575941627709734,720575940620059425,186822
720575941538708941,720575940650614393,54560
720575941513403345,720575940613332195,135176
720575941551319614,720575940618172187,66035
720575941564051207,720575940637290126,173331
720575941551326235,720575940628669289,815667
720575941573537288,720575940608702475,163514
720575941451421609,720575940624003476,151600
720575941449944954,720575940629820790,28047
720575941596203653,720575940633489581,90730
720575941650264085,720575940653463798,95723
720575941563823784,720575940619668160,180276
720575941602544825,720575940633179543,202218
720575941604023737,720575940606268290,75127
720575941611547113,720575940648652676,54615
720575941563086336,720575940626112526,98427
720575941523615223,720575940613596018,99546
720575941596394432,720575940629966710,87697
720575941591209512,720575940611776610,54749
720575941626649964,720575940632066664,116225
720575941507453313,720575940621522446,805791
720575941482006211,720575940622302727,154666
720575941452685127,720575940624219597,99859
720575941519178924,720575940622612950,180511
720575941440039647,720575940616968059,172482
720575941546993769,720575940623628070,206784
720575941523009867,720575940627667450,803180
720575941679288765,720575940628604164,140488
720575941513471185,720575940627039294,93045
720575941482752451,720575940608856331,194965
720575941562171026,720575940611568686,169508
720575941427404884,720575940633227311,73410
720575941655898580,720575940631921495,137136
720575941655193556,720575940640169947,815080
720575941523626743,720575940621011806,210063
720575941552480391,720575940654887329,37682
720575941477063489,720575940626979855,48010
720575941557718436,720575940630533903,901534
720575941513897804,720575940624127676,128740
720575941563811223,720575940606236448,135357
720575941431073417,720575940613229718,20051
720575941487333328,720575940627667794,95319
720575941612614317,720575940614648482,575345
720575941455248877,720575940628040872,544164
720575941573137736,720575940614471889,155752
720575941650526485,720575940635364764,56225
720575941456885229,720575940625532604,543105
720575941604023286,720575940609264988,142525
720575941688680204,720575940624103399,61978
720575941525433956,720575940630780101,135040
720575941630213100,720575940632022888,517875
720575941623817468,720575940622425114,24632
720575941566756602,720575940642478792,197418
720575941438234335,720575940621823871,108451
720575941409753003,720575940638674035,94732
720575941510404368,720575940642942004,63274
720575941538726781,720575940625305417,107052
720575941492308967,720575940621559905,109374
720575941623605868,720575940622854840,85715
720575941532181682,720575940618698411,138475
720575941461113540,720575940610391219,54731
720575941473016362,720575940613210265,113519
720575941671142567,720575940608029826,110124
720575941491727079,720575940633744632,53484
720575941588886014,720575940619301485,122942
720575941659055896,720575940622838697,530764
720575941588752695,720575940606470577,93923
720575941594271958,720575940625591171,64772
720575941393413014,720575940627121436,32815
720575941527144580,720575940655683489,149033
720575941516766574,720575940607122268,815786
720575941526553346,720575940625568231,586511
720575941460892883,720575940628524487,267198
720575941514145379,720575940625923770,133095
720575941570213364,720575940614212835,106399
720575941469934603,720575940628369680,142431
720575941514468172,720575940635509496,66039
720575941644660088,720575940626084240,549381
720575941415249948,720575940632879699,93475
720575941600047145,720575940618372487,59404
720575941623377354,720575940621873246,810260
720575941457308831,720575940631626707,81016
720575941625333561,720575940626369944,907006
720575941352896816,720575940630275840,524598
720575941687884812,720575940636625400,902357
720575941491153353,720575940621885556,552250
720575941461855428,720575940636220023,953080
720575941441279835,720575940636515429,61696
720575941525765030,720575940625870311,83864
720575941491463856,720575940630221980,138242
720575941575100520,720575940607478402,162862
720575941510148023,720575940637154672,75299
720575941493750704,720575940655996833,146970722
720575941540731677,720575940633416604,32249
720575941451009102,720575940633201745,127885
720575941468567517,720575940618606337,95914
720575941572780809,720575940632187181,801999
720575941575975528,720575940620113799,809605
720575941631581154,720575940605976521,807698
720575941528998788,720575940623805448,905725
720575941497998715,720575940625567434,108482
720575941432285655,720575940628269303,806303
720575941481403555,720575940625242099,188834
720575941643487570,720575940607649922,153157
720575941732640299,720575940630292695,161333
720575941687672332,720575940618204224,82479
720575941573610056,720575940620786566,124724
720575941513625347,720575940609068553,27584
720575941477539124,720575940637132863,43802
720575941453003847,720575940624295426,125399
720575941578121817,720575940611365070,529083
720575941451223630,720575940631078460,75403
720575941574258696,720575940621485552,23083
720575941668622257,720575940613430245,192625
720575941537603570,720575940619653278,60235
720575941538008552,720575940631176463,44201
720575941538969981,720575940621334804,78108
720575941539413490,720575940620301021,125899
720575941662939960,720575940619524254,71650
720575941430163887,720575940615603851,12138
720575941593576999,720575940615798923,152938
720575941496933243,720575940635637428,167128
720575941507210565,720575940625470863,807545
720575941488178640,720575940622738923,185056
720575941543621308,720575940642624200,123404
720575941539393266,720575940631644687,101126
720575941439671125,720575940613654038,111817
720575941471871274,720575940633726575,804675
720575941546646121,720575940640156504,51615
720575941593611047,720575940637401321,148183
720575941526920962,720575940619637185,18316
720575941667403953,720575940620801245,76077
720575941453823145,720575940626572837,107468
720575941549313908,720575940628026505,54816
720575941525669220,720575940607304066,72413
720575941439869151,720575940616891734,116402
720575941633145541,720575940622789631,37903
720575941481455951,720575940622279914,40475
720575941552028955,720575940630225655,202708
720575941393211798,720575940611510234,107034
720575941477512257,720575940627103490,544673
720575941474569521,720575940626598994,514546
720575941532330418,720575940637679758,902735
720575941591213196,720575940629081347,523846
720575941566252590,720575940628077138,113590
720575941540312445,720575940618751515,518417
720575941458432240,720575940629704252,62584
720575941394031254,720575940624507645,22934
720575941448478301,720575940617522037,101395
720575941549811316,720575940632183635,123487
720575941470213085,720575940614843823,536016
720575941473061930,720575940621794288,130190
720575941670067879,720575940619890136,103258
720575941626212460,720575940608344412,61398
720575941691104219,720575940637773742,157310
720575941691440091,720575940614381283,152746
720575941469628893,720575940632662329,53918
720575941486317197,720575940611079010,523868
720575941431332366,720575940625599420,43864
720575941480888143,720575940620709825,80363
720575941569707422,720575940611303666,812981
720575941506701116,720575940632581540,542108
720575941534520664,720575940618069661,99950
720575941514304588,720575940618817949,108082
720575941536918298,720575940627814714,523402
720575941526538061,720575940620628957,914309
720575941496344704,720575940645291118,183237
720575941611688806,720575940616145595,523001
720575941507253317,720575940611811794,138053
720575941536144577,720575940627641841,34412
720575941474512955,720575940632306962,95931
720575941633387680,720575940630151162,32332
720575941452931399,720575940624664468,36718
720575941462186948,720575940611646584,205244
720575941527633830,720575940626916739,209622
720575941414076052,720575940635059551,83891
720575941480152800,720575940605554354,204879
720575941514386499,720575940621766035,62355
720575941544574725,720575940614803286,83914
720575941453915561,720575940624075701,109750
720575941479348866,720575940617137937,125207
720575941654195417,720575940617672139,64437
720575941611320934,720575940624607978,127921
720575941575002121,720575940615896806,30561
720575941608235373,720575940639253813,24558
720575941472619104,720575940623125518,40347
720575941462769808,720575940622156040,153412
720575941634127803,720575940613977315,75854
720575941484570374,720575940605680817,127669
720575941444074922,720575940609555758,828238
720575941490732085,720575940618552761,33024
720575941594213927,720575940630963451,816075
720575941514153827,720575940611069764,208419
720575941445545386,720575940624348341,106306
720575941539723612,720575940638604733,808922
720575941688961804,720575940618493073,97354
720575941461006291,720575940631380951,109394
720575941512885324,720575940628201259,44054
720575941540706652,720575940619413317,24984
720575941626537883,720575940631553810,93738
720575941691581592,720575940628951056,66122
720575941538244840,720575940620947035,144508
720575941537033754,720575940621614017,953560
720575941490858444,720575940613486819,208124
720575941688793819,720575940617519873,109629
720575941689039323,720575940632513351,142377
720575941572079262,720575940623481226,78887
720575941502931906,720575940636731493,42157
720575941433394702,720575940640117968,512478
720575941644797266,720575940623621060,906471
720575941391687062,720575940646114414,109424
720575941438888978,720575940628834921,198023
720575941482751229,720575940637863652,48924
720575941615144345,720575940622727429,107745
720575941517717420,720575940629229318,810976
720575941525451545,720575940614510899,75126
720575941498055035,720575940643751072,29299
720575941539350933,720575940622696447,91087
720575941491274697,720575940625946567,808881
720575941415062932,720575940611219554,520522
720575941469844544,720575940637677680,61846
720575941591777420,720575940647298083,202709
720575941538534093,720575940605811046,76709
720575941473377595,720575940631572305,520390
720575941488834357,720575940638701375,59651
720575941519584947,720575940636134366,160024
720575941631444706,720575940637943630,192875
720575941436357164,720575940615796895,519111
720575941662131068,720575940638833636,109511
720575941408305967,720575940623679671,144654
720575941566398518,720575940610124757,164060
720575941412183919,720575940626446789,110271
720575941723404090,720575940631118610,156301
720575941472244288,720575940631007606,38690
720575941404724848,720575940609241045,34960
720575941452169850,720575940619984705,132062
720575941521460215,720575940617376769,57417
720575941598954908,720575940617789145,103505
720575941600710697,720575940621730567,512797
720575941518855896,720575940624509181,23453
720575941476240961,720575940617186677,105071
720575941575093256,720575940632787278,172116
720575941555551652,720575940620603519,150554
720575941551211838,720575940631975747,70245
720575941546462644,720575940622327728,120030
720575941431051439,720575940613032675,63769
720575941596285041,720575940624105933,145862
720575941476699166,720575940617308277,500021
720575941535666866,720575940625067773,41782
720575941619925119,720575940626365114,111999
720575941589394244,720575940614208914,154791
720575941477238378,720575940633065868,57436
720575941631258821,720575940626830692,180780
720575941614718361,720575940620929365,515855
720575941537007602,720575940623696136,71751
720575941661141048,720575940627471503,520647
720575941490373351,720575940655912865,234884
720575941645560696,720575940633834669,92897
720575941415484700,720575940631764397,815298
720575941548658292,720575940627734415,51013
720575941535989475,720575940642187680,101161
720575941490933705,720575940621296006,136113
720575941490973644,720575940632432402,46920
720575941595793191,720575940616255861,172843
720575941574314761,720575940614233342,95142
720575941545736124,720575940637510121,103031
720575941536454410,720575940625396460,241226
720575941558040100,720575940624227268,69302
720575941529696644,720575940631900247,520551
720575941515743322,720575940617850257,93343
720575941644700498,720575940627776021,129620
720575941515505667,720575940627814410,114891
720575941507911262,720575940628996201,84276
720575941434845728,720575940630992557,806049
720575941457191583,720575940627846404,103966
720575941546914952,720575940623090884,114389
720575941491061991,720575940626250384,91039
720575941453817769,720575940609850307,170176
720575941538115043,720575940628788841,221633
720575941637307253,720575940630409297,115822
720575941544569093,720575940647893636,525914
720575941519927256,720575940644101024,142727
720575941624062875,720575940627621395,540260
720575941599362345,720575940614328978,100581
720575941627572793,720575940617415803,95547
720575941457040112,720575940618519842,108405
720575941476293937,720575940615567682,30632
720575941619966591,720575940629796986,534440
720575941536861210,720575940624837066,560278
720575941435912480,720575940610739576,73604
720575941623069948,720575940639159118,99279
720575941609660393,720575940621695348,17297
720575941643215717,720575940622474100,111442
720575941555991297,720575940613959062,99974
720575941553931162,720575940628457448,526245
720575941527600550,720575940633803877,91653
720575941557241871,720575940611942371,211870
720575941412649620,720575940616824550,110326
720575941569890206,720575940630972216,16804
720575941440845503,720575940622578183,106839
720575941474250026,720575940616990837,30233
720575941632603077,720575940616417653,120776
720575941474179680,720575940632161361,181507
720575941563396608,720575940629951866,151522
720575941537743765,720575940629431034,73096
720575941568722734,720575940637388766,68072
720575941540606044,720575940610238510,121716
720575941652656625,720575940638953843,38291
720575941535335361,720575940637832937,43659
720575941534630666,720575940621449893,48357
720575941496338304,720575940625720778,67410
720575941690811032,720575940605610784,809349
720575941561206952,720575940626974906,157664
720575941689082075,720575940626362776,113769
720575941614040473,720575940625815070,102991
720575941547993633,720575940621170369,195084
720575941585581446,720575940615637983,30438
720575941519826867,720575940639711347,78628
720575941508639105,720575940637749888,18732
720575941610611558,720575940621570731,823683
720575941611611565,720575940619084891,14526
720575941522852087,720575940616039391,222085
720575941576820584,720575940644709792,53825
720575941439701595,720575940623136801,152235
720575941643744200,720575940625986087,97934
720575941535327466,720575940623223283,136465
720575941722890298,720575940638716230,92731
720575941539476885,720575940623581832,550391
720575941643398600,720575940621020737,112285
720575941520779187,720575940610581617,74697
720575941567747316,720575940632190092,111840
720575941411572907,720575940630641465,26882
720575941632844448,720575940624181767,99126
720575941625627338,720575940623060694,104702
720575941438783573,720575940620575281,92921
720575941593627687,720575940626884652,53475
720575941609376586,720575940605424416,72012
720575941681678525,720575940629945282,904307
720575941449615965,720575940625721610,55950
720575941526380569,720575940609430904,94267
720575941518544055,720575940620595393,42685
720575941413288340,720575940622318174,73791
720575941574474678,720575940633675616,140398
720575941483559878,720575940624341395,82685
720575941594719974,720575940608877636,810643
720575941596722844,720575940609475140,97288
720575941566235446,720575940633915327,252813
720575941466406998,720575940625898680,52977
720575941449183566,720575940619929560,76055
720575941610185190,720575940612862387,64427
720575941604327865,720575940636376750,160381
720575941457803504,720575940617245908,805672
720575941490828748,720575940611413858,15062
720575941460834244,720575940629860919,23404
720575941430775800,720575940623575507,138306
720575941534545089,720575940622990597,196764
720575941653584084,720575940635591263,22502
720575941557238948,720575940645426286,120125
720575941655568345,720575940621160175,81366
720575941475732510,720575940645983342,114197
720575941550326644,720575940651505654,96083
720575941441168847,720575940647159428,109137
720575941547841853,720575940635677887,51108
720575941427512404,720575940638040804,543319
720575941439352783,720575940620927764,806360
720575941532927363,720575940610009306,35151
720575941406694062,720575940625892912,105651
720575941533707300,720575940612520341,174103
720575941432821463,720575940623453564,91727
720575941491986919,720575940629209959,223019
720575941542829085,720575940626239740,815671
720575941486039302,720575940631799343,51280
720575941643859026,720575940623454413,219303
720575941526739878,720575940631057223,131670
720575941556062436,720575940613597905,194258
720575941497867745,720575940643191693,92243
720575941475291451,720575940640640627,141951
720575941474364970,720575940619165598,88435
720575941534732042,720575940656153249,68899
720575941631546082,720575940623706308,47789
720575941514774163,720575940640122240,114353
720575941502443095,720575940630615543,33579
720575941537613288,720575940611439066,102055
720575941351629104,720575940635074423,106853
720575941600896809,720575940615013171,242403
720575941453805875,720575940634362999,817468
720575941436378386,720575940628292967,52531
720575941403670128,720575940641259995,35960
720575941561921069,720575940615371114,133525
720575941515598739,720575940623808520,112027
720575941527969446,720575940611579050,104707
720575941405183344,720575940621447406,144775
720575941591846763,720575940617134036,230323
720575941603911926,720575940633646637,35258
720575941723274042,720575940627170715,48863
720575941549865076,720575940632793657,140792
720575941564184727,720575940615062890,84293
720575941655641817,720575940660749185,33522
720575941446126612,720575940630848460,90946
720575941573297821,720575940612931480,141416
720575941689091702,720575940612659674,124650
720575941477521972,720575940623452651,28094
720575941644135624,720575940630223771,46686
720575941448601422,720575940613118887,121628
720575941506367301,720575940617166749,38934
720575941688367222,720575940613119203,115123
720575941625323419,720575940625802627,137805
720575941552923198,720575940617720413,83528
720575941580266065,720575940623505907,801402
720575941476864564,720575940633365473,222790
720575941643884370,720575940613453539,520546
720575941477713002,720575940641233104,186482
720575941533481816,720575940622559882,165868
720575941513996378,720575940624595893,92996
720575941533921155,720575940610424515,181256
720575941590922536,720575940629580414,109705
720575941470141963,720575940611905173,109291
720575941526465190,720575940630381007,136015
720575941429788041,720575940622383692,170240
720575941487783477,720575940632188497,808493
720575941460298180,720575940643737367,99264
720575941484742466,720575940626806033,40102
720575941528511876,720575940634839487,552867
720575941472650026,720575940605699104,85471
720575941575932815,720575940621652902,37094
720575941691237083,720575940616079007,89931
720575941546128489,720575940624784446,107909
720575941479858595,720575940616811584,814523
720575941723254586,720575940627005698,61785
720575941632820923,720575940624628989,549366
720575941560145523,720575940613830559,52091
720575941652869873,720575940625891768,190240
720575941439694939,720575940632211986,139896
720575941488535760,720575940625061918,806404
720575941483247869,720575940616559519,51058
720575941508055074,720575940619075141,69622
720575941580213329,720575940632831628,162626
720575941561365906,720575940619934411,815673
720575941624047562,720575940605637920,195880
720575941496820864,720575940638535296,41623
720575941524887373,720575940624050407,101926
720575941588546437,720575940607907849,818849
720575941462708237,720575940616413509,822742
720575941465896534,720575940625148604,817866
720575941572512251,720575940613877555,149188
720575941401780003,720575940617967188,936408
720575941499198945,720575940639080164,41228
720575941642499922,720575940623207608,38305
720575941625756780,720575940628586604,32068
720575941408873519,720575940613237475,262579
720575941731197227,720575940621436581,206184
720575941527762854,720575940629547419,72651
720575941506259621,720575940618216166,808109
720575941575042461,720575940647368483,569822
720575941597981888,720575940614086609,50283
720575941690688920,720575940633497631,116707
720575941602114294,720575940624684552,122403
720575941458792006,720575940618898230,812800
720575941451271751,720575940617948500,118634
720575941471941131,720575940616624285,928840
720575941489423049,720575940624679605,136775
720575941482063613,720575940616738171,58915
720575941626799754,720575940626707504,525181
720575941604460990,720575940621573905,123579
720575941523351287,720575940626424397,93578
720575941539183253,720575940607264348,122191
720575941491180263,720575940619775355,118097
720575941461059539,720575940613440483,88526
720575941409079723,720575940617499531,519994
720575941594728150,720575940619952469,46437
720575941544597684,720575940604762028,43882
720575941526603266,720575940626466649,37054
720575941563723415,720575940648819321,90308
720575941607868013,720575940620129961,521113
720575941670250929,720575940625518157,542481
720575941447379988,720575940626571578,62415
720575941411452783,720575940620591494,128934
720575941529547448,720575940628350970,246286
720575941504963122,720575940625899281,535076
720575941408073263,720575940631083575,113112
720575941592007720,720575940621961257,519833
720575941526673945,720575940607508169,161243
720575941503912023,720575940626225229,204303
720575941572091387,720575940617288226,47198
720575941633340064,720575940639139280,130144
720575941579759953,720575940618717819,99131
720575941628810790,720575940639689379,580395
720575941525998105,720575940636042607,121433
720575941496510331,720575940630022341,74689
720575941504121394,720575940625363808,224061
720575941501842059,720575940618051717,526535
720575941520443575,720575940613249199,125318610
720575941408091951,720575940606354022,57097
720575941508923170,720575940634732439,90147
720575941481194947,720575940625021769,125412
720575941548664180,720575940636247273,72348
720575941459538246,720575940627910686,146431
720575941536648168,720575940630990533,45906
720575941619731426,720575940640342104,557910
720575941688655116,720575940627575825,25479
720575941508148258,720575940640306061,196242
720575941566231342,720575940618933302,810581
720575941434641550,720575940630916347,19819
720575941524185188,720575940619765101,1053630419
720575941550187263,720575940622780421,119896
720575941411505323,720575940612334178,535201
720575941589503372,720575940621527841,82477
720575941510759440,720575940639531846,145770
720575941554060186,720575940631564562,186574
720575941433727630,720575940612598755,132070
720575941471004791,720575940635706266,59801
720575941629712354,720575940626737384,500034
720575941473226555,720575940639843893,75206
720575941567589876,720575940606747081,47461
720575941565040994,720575940637104997,114722
720575941552529919,720575940630804028,30949
720575941390632342,720575940620087888,813693
720575941451665321,720575940631047895,86932
720575941638551327,720575940620176154,817816
720575941584992990,720575940620872045,75530
720575941415154460,720575940621966827,817453
720575941541127772,720575940625402300,272789
720575941477083444,720575940621002918,88663
720575941631505122,720575940619820385,83958
720575941542128220,720575940612449742,102130
720575941515210339,720575940632293580,94978
720575941439938271,720575940618760512,156761
720575941486856454,720575940637673798,62756
720575941610371046,720575940620650734,165766
720575941599130560,720575940618780706,239492
720575941577111633,720575940636272862,812964
720575941543052380,720575940625258476,119857
720575941513958137,720575940619837387,97726
720575941479726755,720575940632159149,806312
720575941563201687,720575940603600230,907855
720575941486951234,720575940618850624,198563
720575941562086957,720575940621064384,515872
720575941449847901,720575940620133278,514835
720575941506832257,720575940626499594,130596
720575941723160122,720575940623324820,809819
720575941577815889,720575940627643269,132203
720575941533724865,720575940630285532,178802
720575941540934093,720575940626727848,26686
720575941416469532,720575940616384742,150731
720575941450990414,720575940631558393,514654
720575941688297112,720575940642932877,818183
720575941478964586,720575940607897801,144419
720575941476941854,720575940632602927,520868
720575941469048695,720575940633605068,814624
720575941525403492,720575940611328354,544033
720575941430133006,720575940619411327,21174
720575941553777031,720575940621721709,64599
720575941626742841,720575940627150467,92162
720575941543804189,720575940626586908,802727
720575941564964359,720575940622997836,172906
720575941550221373,720575940641785845,231070
720575941574569629,720575940619579697,127581
720575941471317111,720575940618245797,83918
720575941533148901,720575940632209199,184116
720575941625990602,720575940625063659,158426
720575941560382190,720575940632392249,214116
720575941521178291,720575940615676334,19637
720575941595093105,720575940607193986,20173
720575941443276970,720575940613059112,85549
720575941460947411,720575940610538872,151278
720575941470273501,720575940627372681,59992
720575941402359331,720575940624736007,524574
720575941485348870,720575940620140411,107815
720575941552433921,720575940642321056,521631
720575941565600610,720575940626296337,157463
720575941551424283,720575940650056569,523978
720575941533525770,720575940628471868,143371
720575941566444590,720575940635312052,167629
720575941495559291,720575940637344910,808947
720575941401637923,720575940616937302,71355
720575941531212517,720575940624403850,136297
720575941475431217,720575940628942842,522403
720575941484011261,720575940625884541,354647
720575941580206673,720575940619041093,568346
720575941413079188,720575940626123353,129914
720575941479330467,720575940627721738,528131
720575941558567539,720575940637101742,144950
720575941596731036,720575940627341668,152865
720575941407068207,720575940660273537,70351
720575941466623830,720575940626510812,66566
720575941542313245,720575940620653807,63625
720575941492193255,720575940628891910,532739
720575941480632032,720575940613547501,542993
720575941542957404,720575940638792320,282018
720575941626870329,720575940606139820,561150
720575941399615011,720575940649633145,36350
720575941473129514,720575940629062266,812821
720575941553745947,720575940631780419,112124
720575941535107306,720575940626456963,51258
720575941498974025,720575940627357080,115605
720575941469402231,720575940638648553,159408
720575941687508207,720575940631035641,519533
720575941569333236,720575940613895839,58405
720575941430135137,720575940631072527,75311
720575941580235601,720575940618159899,62640
720575941512936145,720575940634117112,808589
720575941485558736,720575940628323215,911195
720575941513379907,720575940627612945,50157
720575941560650408,720575940642962286,1050005026
720575941566946151,720575940632902703,50136
720575941404402800,720575940622948109,139720
720575941481720506,720575940620810406,228571
720575941515186435,720575940633446431,129769
720575941643326034,720575940641387405,60088
720575941475243569,720575940633501326,177485
720575941567767342,720575940636786533,415439
720575941479130498,720575940635237271,99455
720575941574813544,720575940624129205,74731
720575941598112156,720575940633355724,163162
720575941491534000,720575940631479460,164300
720575941574624669,720575940623806868,90373
720575941527674552,720575940616572299,181407
720575941687169804,720575940629067004,142925
720575941498627451,720575940619388581,119363
720575941479909762,720575940623871940,120000
720575941550476861,720575940628295912,149555
720575941564187799,720575940618506155,816245
720575941689026011,720575940606198974,134015
720575941453153331,720575940624271338,221530
720575941691018648,720575940637782086,213235
720575941653143825,720575940635890527,190082
720575941593364261,720575940612902362,48516
720575941471650112,720575940609499000,119204
720575941499308617,720575940624594155,222155
720575941473700411,720575940624109547,104644
720575941602691518,720575940626937602,116083
720575941431901399,720575940627216283,220523
720575941596479132,720575940625718986,176230
720575941652314353,720575940607507157,86967
720575941526197670,720575940629831806,110125
720575941449426781,720575940610737250,107719
720575941507670807,720575940624050175,122662
720575941483271421,720575940609937762,93114
720575941553762695,720575940617390036,99589
720575941523699531,720575940619005889,24970
720575941579797329,720575940639668541,43363
720575941679738045,720575940609170371,93688
720575941642883685,720575940637156197,101923
720575941434998816,720575940611142323,907363
720575941462461197,720575940617180049,72578
720575941530283704,720575940609778018,140028
720575941515677945,720575940628226268,67932
720575941505075762,720575940616536200,181682
720575941588585540,720575940634975900,72929
720575941518361772,720575940606399678,193278
720575941436091680,720575940629332730,165864
720575941574590985,720575940616060266,78699
720575941570007034,720575940619846347,547810
720575941614846165,720575940625112420,907775
720575941429958904,720575940629437483,99591
720575941563706466,720575940622399002,68022
720575941572776349,720575940629107834,70395
720575941589795582,720575940627921939,532520
720575941510850064,720575940618886336,31239
720575941482249158,720575940618165990,96404
720575941577008488,720575940628399559,57284
720575941552347391,720575940624920980,540086
720575941537853160,720575940636985934,500144
720575941486744070,720575940644957640,111171
720575941471939904,720575940628940743,123093
720575941546895240,720575940620121716,229216
720575941481020925,720575940613971485,808296
720575941640344863,720575940627903365,500042
720575941485526925,720575940623752741,803302
720575941531829195,720575940640267608,91709
720575941466131734,720575940619767893,115252
720575941466696470,720575940638513205,812506
720575941624287643,720575940626878210,135444
720575941496341703,720575940628724012,153649
720575941459141958,720575940641419728,145481
720575941547845665,720575940629264378,147300
720575941517867436,720575940636573358,73483
720575941482829766,720575940621702582,127467
720575941688731288,720575940633957710,113187
720575941511345617,720575940617785830,28493
720575941496162633,720575940617672093,816374
720575941535254194,720575940606742027,20926
720575941446131476,720575940612476122,45093
720575941499207649,720575940638594374,62570
720575941643195553,720575940637761213,18230
720575941496523719,720575940625587896,127556
720575941513460689,720575940620809051,97518
720575941459141446,720575940638863194,132794
720575941505021253,720575940636610296,237781
720575941642739282,720575940644174958,131841
720575941631698885,720575940628413712,74700
720575941507119233,720575940628728068,145058
720575941499644489,720575940627398940,546210
720575941688338671,720575940621410742,164643
720575941469539136,720575940630383607,87959
720575941535726090,720575940615383975,87521
720575941537053416,720575940629382700,23642
720575941563282944,720575940623428804,514190
720575941564736407,720575940613696739,90840
720575941481916157,720575940614808273,500070
720575941536149224,720575940636010488,74327
720575941643899474,720575940613076594,104916
720575941625881196,720575940614524979,63618
720575941435309856,720575940615515039,518635
720575941617266047,720575940637084762,909417
720575941548554888,720575940616128927,301257
720575941503889751,720575940604324017,78816
720575941473747296,720575940626854172,91294
720575941599083456,720575940613623848,125119
720575941721310266,720575940606181762,130129
720575941559380269,720575940619157021,83187
720575941437250783,720575940626095106,91135
720575941411160747,720575940637859162,533875
720575941651015701,720575940634181020,148442
720575941502759767,720575940630452388,808184
720575941574229755,720575940627894471,807097
720575941469718848,720575940605098976,589913
720575941556788388,720575940608963164,545047
720575941688691724,720575940619870190,88913
720575941508470288,720575940613894381,94727
720575941436582944,720575940620087643,23992
720575941502380939,720575940628201482,99330
720575941459588934,720575940635116639,543116
720575941541893149,720575940632517028,821050
720575941689054326,720575940624765769,103856
720575941610292070,720575940624745447,101056
720575941568162554,720575940625970364,83885
720575941658536784,720575940623993276,529794
720575941472386624,720575940616365241,185541
720575941671081639,720575940614835362,817608
720575941599781161,720575940621548891,50132
720575941528993227,720575940617720806,57298
720575941565400727,720575940609354450,82065
720575941552985918,720575940607196939,141652
720575941631951035,720575940611869390,116331
720575941437901279,720575940628843367,51939
720575941430354936,720575940631363651,70619
720575941556554468,720575940614629841,192979
720575941391739030,720575940620662619,76972
720575941617908949,720575940638085210,245032
720575941518102638,720575940619790975,807623
720575941523616587,720575940615307922,222458
720575941524842059,720575940630165292,101854
720575941624791148,720575940635240860,139827
720575941565049959,720575940621979745,142172
720575941532851941,720575940614326439,81000
720575941645973960,720575940635557751,811109
720575941586738910,720575940622755572,139745
720575941442117071,720575940636747854,133449
720575941459580063,720575940610677909,135582
720575941498007458,720575940616575761,186788
720575941568006132,720575940612597617,133631
720575941460455494,720575940637761198,520376
720575941575683161,720575940647654521,131602
720575941489050677,720575940611743608,87652
720575941438674367,720575940631539019,816658
720575941407316142,720575940613218531,180712
720575941538840818,720575940619906987,86395
720575941491634352,720575940634830431,97378
720575941437876959,720575940639103952,84898
720575941504231767,720575940631059730,46071
720575941459297520,720575940634170137,49653
720575941626812810,720575940617537681,104006
720575941462007696,720575940644537504,32985
720575941527234306,720575940613825695,49908
720575941688888795,720575940617298363,108952
720575941670878631,720575940637938409,74701
720575941533833450,720575940612962029,33532
720575941572255134,720575940616609537,134866
720575941519108312,720575940624090259,91491
720575941688473718,720575940629576960,137224
720575941497782601,720575940643302797,155386
720575941462092813,720575940624965012,143769
720575941433183246,720575940612193649,61246
720575941513293521,720575940628202089,127231
720575941533406130,720575940636076383,96833
720575941575865689,720575940607989771,49185
720575941733044523,720575940618469789,116349
720575941612284892,720575940638863093,811167
720575941521870071,720575940626716824,106284
720575941456584685,720575940618953630,544724
720575941581776249,720575940620565673,133394
720575941437166354,720575940619003185,96463
720575941410923119,720575940628092285,74723
720575941533831194,720575940622363588,910865
720575941437150943,720575940619985531,62226
720575941629295398,720575940640144974,158285
720575941590196791,720575940613608345,68124
720575941506589500,720575940631630607,226411
720575941611777453,720575940629958444,580663
720575941502561218,720575940611429489,908306
720575941731495979,720575940629895484,94674
720575941392901014,720575940628527095,178860
720575941414052500,720575940617671636,542954
720575941426691668,720575940626935838,908640
720575941585971166,720575940627009086,88383
720575941482157754,720575940623867370,123246
720575941455076403,720575940620710822,107386
720575941468551947,720575940635055455,819411
720575941449439069,720575940633390500,118059
720575941602042809,720575940623964853,101532
720575941612700313,720575940621943187,559926
720575941466726742,720575940609844117,811675
720575941524937730,720575940609597193,81259
720575941573055496,720575940614414539,115954
720575941483668934,720575940632520495,96537
720575941546116284,720575940630422466,45556
720575941589261367,720575940615369322,126770
720575941576958197,720575940620293652,126727
720575941565889383,720575940612722661,806986
720575941487067910,720575940619615770,187437
720575941352068656,720575940633853559,31958
720575941512474577,720575940654890145,71052
720575941526388100,720575940625507870,56205
720575941591008652,720575940625997616,162441
720575941572863241,720575940622926324,99753
720575941575333209,720575940623311203,145145
720575941516216163,720575940640750221,26323
720575941589818167,720575940616532492,108606
720575941733029931,720575940612987029,27058
720575941637500277,720575940632356423,82413
720575941467237654,720575940631754703,72748
720575941587694404,720575940605571040,75318
720575941492254183,720575940605599678,62535
720575941562518784,720575940615964485,24374
720575941481053570,720575940629118726,147984
720575941564923239,720575940633882323,72629
720575941462258832,720575940610652718,163016
720575941489279438,720575940627525246,140144
720575941577605109,720575940604731569,157040
720575941572189947,720575940632984749,211092
720575941688282742,720575940616790161,66113
720575941574196662,720575940631039535,115055
720575941514579193,720575940639962429,75906
720575941656784920,720575940615952434,549711
720575941657141584,720575940620793182,156886
720575941446238996,720575940642512692,78506
720575941425474644,720575940615035432,119919
720575941688519692,720575940624835256,212132
720575941595562885,720575940614780219,910161
720575941601099049,720575940633403053,953030
720575941478993632,720575940630963800,112778
720575941455190579,720575940612912150,206836
720575941586597510,720575940614645260,96314
720575941613757404,720575940613330403,109770
720575941453865385,720575940620045771,67924
720575941573061129,720575940621608481,84786
720575941513930060,720575940641801717,520303
720575941525990937,720575940623358645,59033
720575941642944120,720575940615403670,520765
720575941490248649,720575940609043413,70627
720575941518913752,720575940618347494,70420
720575941657626704,720575940645691700,108868
720575941496512635,720575940645487127,178324
720575941605312190,720575940617816276,201906
720575941595391109,720575940628799985,101277
720575941566765415,720575940625465733,48649
720575941657653528,720575940608784579,817278
720575941554411236,720575940624356755,68758
720575941480089568,720575940627161993,540079
720575941495205063,720575940629345398,911584
720575941480262991,720575940614357731,95076
720575941575356342,720575940630608492,45920
720575941688135064,720575940636706118,801922
720575941609737449,720575940623733272,77819
720575941644431480,720575940622868617,125810
720575941595791729,720575940631961144,199772
720575941654536153,720575940623278630,73122
720575941557205924,720575940625937027,116568
720575941687153526,720575940630881111,327959
720575941498892923,720575940626758343,532413
720575941534859442,720575940635639743,152904
720575941552606106,720575940623135144,31416
720575941392504836,720575940628772763,46147
720575941535401650,720575940625990074,538092
720575941465421142,720575940611392206,158123
720575941588028228,720575940627305100,166767
720575941573045256,720575940626144275,154953
720575941545211272,720575940619804148,812690
720575941460048580,720575940628858954,143015
720575941667858865,720575940627181130,83284
720575941439924543,720575940619276156,159728
720575941659149592,720575940637229198,70446
720575941503644581,720575940622830836,820333
720575941473345595,720575940638354749,96135
720575941520138350,720575940602444512,816241
720575941622599676,720575940630026807,102008
720575941465163094,720575940618239745,114036
720575941644596129,720575940633994391,77118
720575941668368627,720575940621752758,185450
720575941637374069,720575940636533940,182112
720575941600808489,720575940643313293,56935
720575941513694796,720575940616458309,59948
720575941583254918,720575940634718839,29507
720575941625698186,720575940628038789,51002
720575941490108391,720575940625044716,79834
720575941475473473,720575940627848360,136508
720575941429644024,720575940627006345,233451
720575941469411549,720575940652822945,72978
720575941572756381,720575940635925855,145287
720575941570421662,720575940613941362,157325
720575941498887291,720575940615761823,529327
720575941663953020,720575940624954808,114874
720575941644695890,720575940636802702,134766
720575941467459094,720575940632578375,53843
720575941615630745,720575940620989556,242352
720575941598879529,720575940622038132,151608
720575941478101667,720575940639915864,810269
720575941528447435,720575940636990005,809021
720575941604648126,720575940633612236,90512
720575941430092129,720575940618925947,67959
720575941680956605,720575940618997277,107517
720575941497456865,720575940616714497,90896
720575941643473864,720575940623894883,158757
720575941498979657,720575940632828264,810010
720575941533073930,720575940634200160,102771
720575941518896300,720575940646555171,309419
720575941535548760,720575940619240572,531214
720575941482363645,720575940632458577,134399
720575941461599888,720575940623362487,69730
720575941575352585,720575940620771567,545771
720575941681200317,720575940618970606,45656
720575941409005230,720575940635580768,143779
720575941491602126,720575940639146429,591949
720575941436689938,720575940631247164,77528
720575941632537285,720575940625886014,149978
720575941643446117,720575940625773605,814716
720575941644904648,720575940626355081,184274
720575941414630428,720575940640413859,140244
720575941498423202,720575940626140730,215193
720575941670416561,720575940619232704,48050
720575941569801978,720575940621155494,11139
720575941612530278,720575940609648738,122762
720575941493929086,720575940622103974,74203
720575941458079216,720575940631123968,212084
720575941441166527,720575940619771441,89601
720575941527157325,720575940628329222,92594
720575941439744347,720575940607284098,140768
720575941644358776,720575940645589614,119940
720575941514535683,720575940618964052,152666
720575941494721406,720575940607284489,67890
720575941524834562,720575940605241516,147187
720575941514364739,720575940633767393,120383
720575941613762012,720575940626493898,246311
720575941645534328,720575940614861223,149007
720575941463152528,720575940622477993,78717
720575941654661332,720575940634946160,903738
720575941627543097,720575940630452024,141382
720575941535740097,720575940604389054,176579
720575941505019973,720575940620475924,140486
720575941476895774,720575940623756824,103343
720575941504048983,720575940639513533,172580
720575941559934702,720575940640023630,544460
720575941730924587,720575940638559972,82396
720575941438456594,720575940629483095,56251
720575941488209104,720575940607948483,164931
720575941548225853,720575940625504601,100767
720575941586496222,720575940627719579,84804
720575941554614043,720575940620728923,110857
720575941624102140,720575940620720623,204265
720575941464775766,720575940612893090,141642
720575941547827080,720575940635082140,115339
720575941669171377,720575940644038180,134100
720575941703701978,720575940608350987,97301
720575941480690627,720575940628524309,178815
720575941478113089,720575940625941797,63371
720575941535162394,720575940615611148,154833
720575941496612736,720575940622404632,179470
720575941455161395,720575940635699647,518740
720575941552472065,720575940620304321,806955
720575941485012802,720575940626575141,816823
720575941478019690,720575940623891603,156113
720575941527195725,720575940623828884,551526
720575941503727922,720575940634316139,809799
720575941456868077,720575940623320649,104034
720575941545334920,720575940620892877,815438
720575941560561390,720575940638939738,190127
720575941442002779,720575940643615904,103310
720575941536544995,720575940636137591,814687
720575941538793341,720575940606677634,117769
720575941588045566,720575940618680304,43913
720575941595817255,720575940609230684,35880
720575941471560459,720575940629550074,73185
720575941611390538,720575940625178808,120340
720575941659319888,720575940612305843,553871
720575941480080579,720575940627798037,108564
720575941502025611,720575940633640929,98789
720575941542542365,720575940638607326,113530
720575941490617801,720575940644883492,194211
720575941431024087,720575940608912341,102063
720575941459780678,720575940627622673,536538
720575941549933117,720575940618702912,125941
720575941455801581,720575940644597540,805022
720575941537666280,720575940627005739,135352
720575941565370375,720575940613115289,70713
720575941588624517,720575940623594493,19586
720575941645099640,720575940605989297,545338
720575941479112834,720575940615714316,25878
720575941568874746,720575940615602107,101081
720575941655384281,720575940650888569,96468
720575941431331832,720575940624181542,46981
720575941585995910,720575940629148315,90299
720575941436396320,720575940637301678,549216
720575941563774562,720575940640668733,39548
720575941569788274,720575940613507946,77679
720575941655176404,720575940629595753,188773
720575941465891158,720575940611949717,560098
720575941668391411,720575940616511961,60472
720575941611813353,720575940614009827,49160
720575941441456591,720575940639175989,113499
720575941505159484,720575940614465199,122176
720575941529238456,720575940611758034,202666
720575941560143475,720575940629574927,107991
720575941533200259,720575940627257619,81835
720575941531088003,720575940618075733,74224
720575941629906924,720575940625876517,39969
720575941633264059,720575940643647028,75460
720575941540020828,720575940635463086,143659
720575941558339310,720575940631291276,195538
720575941542650972,720575940617401857,67217
720575941430212344,720575940641369808,525127
720575941508794753,720575940609485251,67421
720575941565584279,720575940627280130,133552
720575941657632024,720575940630430495,537925
720575941527554470,720575940637818857,74599
720575941473865531,720575940628660329,102879
720575941579815761,720575940611299793,36635
720575941480770211,720575940625018512,17310
720575941470135616,720575940626995880,259113
720575941531428581,720575940614081909,818643
720575941455301171,720575940605791874,107870
720575941490096334,720575940626443526,817458
720575941561868333,720575940615825558,544240
720575941477263681,720575940629141775,44457
720575941490560974,720575940611440346,116429
720575941595727653,720575940612108437,91025
720575941432754903,720575940640115363,132577
720575941531639427,720575940628597135,129338
720575941505220375,720575940609995618,22437
720575941450910791,720575940633589986,98510
720575941480730336,720575940634668513,518260
720575941434261024,720575940605077193,93304
720575941612068710,720575940636346175,123315
720575941574032649,720575940621370061,33867
720575941555910308,720575940622366704,62966
720575941431561057,720575940627426076,61827
720575941351990832,720575940628137222,161670
720575941618530431,720575940616193898,121028
720575941496494791,720575940623513741,552877
720575941481343174,720575940606934473,46317
720575941514441827,720575940615219367,51073
720575941595167271,720575940610397845,46600
720575941589447166,720575940638300388,104680
720575941626684554,720575940616781652,43564
720575941611654829,720575940630679148,131583
720575941688326552,720575940628120060,23467
720575941539939789,720575940614258578,132565
720575941613604883,720575940628673783,50230
720575941602628537,720575940630168314,27940
720575941644559698,720575940627430269,132224
720575941624865482,720575940635693033,810034
720575941431408777,720575940619107638,33484
720575941559561454,720575940638973784,807693
720575941489053493,720575940630375542,64700
720575941610658634,720575940632776808,174778
720575941546311048,720575940630510842,30665
720575941564180322,720575940634401471,169528
720575941392484612,720575940625092154,817283
720575941456317087,720575940625156745,811664
720575941436433440,720575940615295121,906485
720575941414717468,720575940619867259,58808
720575941667003635,720575940628878791,57080
720575941559350899,720575940603152998,809300
720575941630845164,720575940636955199,135701
720575941590575358,720575940634232427,806297
720575941461086989,720575940625415043,47005
720575941569694202,720575940603844017,144163
720575941492744112,720575940612297957,99159
720575941596379804,720575940623788522,113623
720575941569326586,720575940619094813,165523
720575941474358368,720575940619302790,69514
720575941443263402,720575940622383198,64157
720575941610625766,720575940623621414,198561
720575941691154651,720575940653593505,37922
720575941449643357,720575940610850838,115640
720575941549712417,720575940655090337,515352
720575941526774786,720575940621754177,128551
720575941445218218,720575940632916961,200596
720575941530829955,720575940619472225,79776
720575941624791916,720575940648000644,121167
720575941437998354,720575940621527167,81340
720575941431919063,720575940639072189,36255
720575941553940051,720575940624903866,103726
720575941690266776,720575940638734158,806786
720575941476770353,720575940637482382,98096
720575941630052066,720575940623503945,127116
720575941469262199,720575940609718467,66880
720575941554075271,720575940638005838,202305
720575941633815483,720575940627575569,533164
720575941469228151,720575940626737722,101076
720575941608239981,720575940637591982,530214
720575941612887315,720575940623316749,41931
720575941576677558,720575940621785727,526098
720575941628459321,720575940609770947,580888
720575941638451829,720575940646649220,815033
720575941407923630,720575940627635837,102687
720575941490966581,720575940639322702,183878
720575941553144474,720575940637189488,78051
720575941520504755,720575940613250991,72838
720575941456332525,720575940627598852,130232
720575941562359650,720575940616528543,111682
720575941487144144,720575940616775508,119341
720575941662391352,720575940622320275,936702
720575941636998517,720575940614753703,54030
720575941445214996,720575940626075422,813194
720575941578801753,720575940623433983,105481
720575941597392320,720575940622681950,59383
720575941563890998,720575940626000016,559107
720575941535591400,720575940619336753,148696
720575941440630869,720575940631634937,142781
720575941455366195,720575940624200962,17872
720575941560397327,720575940622042550,129976
720575941480445152,720575940629598449,50655
720575941510667280,720575940634551959,44024
720575941539817933,720575940630107586,98310
720575941594398503,720575940621242996,200599
720575941429206191,720575940613621145,126413
720575941514280268,720575940646310254,57646
720575941587361348,720575940614251679,142092
720575941505693244,720575940617703453,62461
720575941482527162,720575940638743923,909410
720575941511678284,720575940625423618,253522
720575941526111234,720575940640864464,107266
720575941632038075,720575940617111894,63897
720575941515316883,720575940633606052,120993
720575941604585662,720575940629205035,813705
720575941566204470,720575940636420976,101287
720575941538747773,720575940606279782,133221
720575941486482061,720575940611450134,181180
720575941486079750,720575940621769409,34937
720575941416072220,720575940633052836,174285
720575941482505667,720575940628910441,143229
720575941587065054,720575940631731523,550852
720575941598712768,720575940617361206,127084
720575941570662558,720575940653167606,92655
720575941417117980,720575940619459894,226310
720575941455830765,720575940619823536,84083
720575941432391265,720575940627721749,96703
720575941460730579,720575940624677048,162958
720575941587032798,720575940628327367,544651
720575941507571490,720575940635955903,39261
720575941519429292,720575940639897203,104230
720575941578312437,720575940612561561,135713
720575941643231845,720575940632064331,183523
720575941604872382,720575940634906213,76273
720575941506687036,720575940623514293,179215
720575941459280368,720575940619689265,147119
720575941605472877,720575940627145861,183311
720575941550240317,720575940621359273,533928
720575941537395698,720575940629263098,134234
720575941661481784,720575940625473772,180182
720575941507053406,720575940614934459,86308
720575941593293931,720575940626322903,31797
720575941585821574,720575940635876506,111120
720575941488459984,720575940639997006,102959
720575941513814083,720575940627266822,114698
720575941541010301,720575940626547996,101050
720575941680966077,720575940632564307,120678
720575941517126828,720575940619853878,139044
720575941477786177,720575940612270307,522746
720575941556770212,720575940616639417,124358
720575941568236146,720575940627385091,74214
720575941610292457,720575940616171370,75496
720575941497985865,720575940644713376,817157
720575941433466126,720575940626393677,562734
720575941536277530,720575940620915809,83876
720575941625961324,720575940634293172,68462
720575941539173325,720575940637751949,127664
720575941592164566,720575940625460099,46889
720575941503969367,720575940607395593,72628
720575941633245600,720575940620303732,115573815
720575941630236130,720575940616044850,141007
720575941481637562,720575940640559448,62906
720575941586396550,720575940633534132,26503
720575941554333441,720575940621722111,73072
720575941611453258,720575940630749916,54318
720575941447491092,720575940628187079,116593
720575941550665983,720575940626365758,136923
720575941524167755,720575940626376394,822110
720575941566238254,720575940635539607,36323
720575941576920153,720575940613719038,81763
720575941488160464,720575940616103254,169821
720575941613557267,720575940625118903,152589
720575941610375014,720575940625809182,145894
720575941507354753,720575940630424438,64779
720575941657369624,720575940615541654,95824
720575941569309690,720575940631948392,99891
720575941483697149,720575940630186258,814060
720575941515658489,720575940615890026,78317
720575941481412038,720575940633362131,238593
720575941655028948,720575940628454761,80564
720575941500799115,720575940624653547,169812
720575941598004636,720575940613680530,58535
720575941485390854,720575940609524946,26784
720575941612612966,720575940626111502,900035
720575941559980047,720575940621289236,82359
720575941669648295,720575940613733860,124949
720575941475658545,720575940615985164,146578
720575941534305880,720575940634178656,903980
720575941560479759,720575940628044540,97730
720575941513355985,720575940608780227,97432
720575941596902044,720575940628246842,813643
720575941615507925,720575940618514555,25699
720575941483507654,720575940635355755,109054
720575941509412880,720575940630202624,90086
720575941527564825,720575940630444867,90662
720575941441629119,720575940632460079,135251
720575941447802205,720575940613291690,89829
720575941455402291,720575940630109660,140068
720575941668506099,720575940623202045,78277
720575941633027744,720575940612402418,517211
720575941581440095,720575940622442495,106941
720575941428214356,720575940626612410,86820
720575941655181268,720575940636640248,52723
720575941546412680,720575940622490356,162357
720575941675192794,720575940620789487,149227
720575941549856289,720575940645009864,95915
720575941686841100,720575940611333654,72702
720575941519371699,720575940611153870,114960
720575941655280345,720575940628762600,515634
720575941578264821,720575940644726728,88106
720575941526943746,720575940617938752,525171
720575941527283366,720575940613901170,819704
720575941482712506,720575940621708981,808514
720575941457686000,720575940626160740,46304
720575941576516790,720575940632044562,71774
720575941429542871,720575940616918028,810571
720575941612982169,720575940645191112,44502
720575941538543253,720575940633243034,802593
720575941576765800,720575940631710671,331954
720575941534422104,720575940625757328,85800
720575941558974500,720575940630707322,230819
720575941574000137,720575940626418020,39171
720575941444290986,720575940627235258,49286
720575941448012564,720575940630727675,92635
720575941519993527,720575940631866508,811792
720575941516545708,720575940616077983,162460
720575941643625848,720575940631215609,174589
720575941548066337,720575940632493988,85519
720575941429269857,720575940629099343,905999
720575941435369870,720575940630580012,534449
720575941494063232,720575940603596972,805215
720575941438293778,720575940624432309,580909
720575941505607447,720575940615481019,102233
720575941518158958,720575940627746069,53995
720575941572108360,720575940606821506,111214
720575941459673158,720575940629773827,144847
720575941493293488,720575940632157714,120738
720575941671781287,720575940620231956,47484
720575941502048855,720575940630884087,113759
720575941440302421,720575940635744863,227063
720575941579353465,720575940623823596,50662
720575941663349884,720575940627304573,525964
720575941590881064,720575940638536774,541608
720575941564857095,720575940620935444,84062
720575941626639468,720575940612049870,117851
720575941563990016,720575940637453486,90558
720575941624559050,720575940627282307,56128
720575941476660289,720575940613541031,132658
720575941520281523,720575940633003053,133574
720575941504637122,720575940632590818,35850
720575941593624278,720575940636231145,123951
720575941554844417,720575940629365504,139797
720575941437506623,720575940637406180,91770
720575941452516265,720575940615750318,18082
720575941568865524,720575940646736772,18424
720575941534690282,720575940623515160,10413
720575941426295636,720575940633505180,532275
720575941443361962,720575940630237239,38739
720575941572488862,720575940640802675,20199
720575941509666514,720575940633644174,124519
720575941414755729,720575940635954015,67195
720575941612127452,720575940635818175,50080
720575941535591361,720575940627189071,433407
720575941549593149,720575940638252358,140647
720575941431597193,720575940629195717,169487
720575941582726239,720575940621474031,304914
720575941573920584,720575940631957933,15593
720575941431091849,720575940620058236,814657
720575941477893172,720575940640536053,37542
720575941614048153,720575940631663557,78508
720575941527543974,720575940627912444,111772
720575941426854228,720575940620411169,909694
720575941521192887,720575940624288520,212767
720575941403520368,720575940614720296,123023
720575941653542105,720575940628615752,531388
720575941597644992,720575940620952523,36273
720575941456766879,720575940635051871,814979
720575941632012485,720575940612665494,53005
720575941531864451,720575940633345956,105494
720575941494648702,720575940619691574,111628
720575941629642790,720575940630425655,140303
720575941628218150,720575940614639630,116660
720575941548594804,720575940622622889,80067
720575941529568971,720575940625039880,33207
720575941507215639,720575940629631862,87638
720575941542235141,720575940620183462,802185
720575941554837412,720575940611403493,810658
720575941565867874,720575940624123626,84650
720575941476626718,720575940636632895,193932
720575941474921258,720575940642603464,100638
720575941503539516,720575940620193901,806984
720575941563329426,720575940627441490,60220
720575941572518558,720575940624058119,149974
720575941586060510,720575940626925391,837585830
720575941556486884,720575940626745193,167758
720575941579427665,720575940607664585,544517
720575941483556861,720575940633758177,139172
720575941521461943,720575940618012089,115220
720575941503564860,720575940631274794,46871
720575941568422770,720575940624888503,163521
720575941628885986,720575940626909457,100493
720575941594206065,720575940634696161,131584
720575941526487140,720575940626269989,69875
720575941486075789,720575940618673472,132293
720575941473645883,720575940635661048,525912
720575941486711558,720575940628442128,134130
720575941629960162,720575940616653499,42806
720575941632399008,720575940622264444,800865
720575941504200791,720575940630405930,50373
720575941617615061,720575940619672656,541683
720575941412797807,720575940626565182,188294
720575941576684470,720575940639926435,182178
720575941535122714,720575940620320065,138346
720575941563848343,720575940629324026,132213
720575941493657287,720575940621213318,119112
720575941665317363,720575940618003713,89482
720575941528585092,720575940631938616,30717
720575941553476609,720575940607775106,182235
720575941574704392,720575940626350629,43068
720575941532112357,720575940623530195,82095
720575941450244701,720575940617741529,159513
720575941439196991,720575940620388517,527173
720575941533048549,720575940613873361,18777
720575941592781675,720575940624275262,139118
720575941580143953,720575940630341111,539277
720575941612390163,720575940631896936,48820
720575941611701350,720575940627040266,530964
720575941678855357,720575940635000215,154117
720575941476980532,720575940616208965,100823
720575941406724911,720575940621611435,179992
720575941598660288,720575940629709182,50731
720575941448659805,720575940660034945,97559
720575941552130303,720575940627713045,118697
720575941505261874,720575940626719570,43665
720575941489262542,720575940634997134,158296
720575941500295051,720575940620011503,57986
720575941564741271,720575940620946864,810154
720575941533248234,720575940608661106,103982
720575941526587814,720575940630151996,152187
720575941592214824,720575940616530150,126573
720575941644634312,720575940622236671,529491
720575941589660228,720575940638435817,40990
720575941492077799,720575940606111433,81749
720575941499352393,720575940623365045,148989
720575941527511206,720575940630637007,36194
720575941450035125,720575940636760548,133318
720575941470108637,720575940605786144,212605
720575941560535055,720575940612685810,570138
720575941490535600,720575940610170586,19489
720575941463092368,720575940635167607,143089
720575941439213653,720575940629158418,88372
720575941553513755,720575940622478836,94549
720575941578207057,720575940610419395,512101
720575941541699676,720575940631908712,31884
720575941589281591,720575940626555589,111395
720575941451317575,720575940629436030,96460
720575941490639591,720575940620233351,916277
720575941630221862,720575940633236132,47598
720575941626002122,720575940640471504,45852
720575941433345550,720575940611260110,49334
720575941497973627,720575940621579179,92541
720575941643235941,720575940617655157,67713
720575941475425076,720575940654643617,165260
720575941643273377,720575940628150519,86193
720575941534396760,720575940632837201,160983
720575941403091056,720575940611533522,127282
720575941530427595,720575940629913538,30291
720575941556550948,720575940628232467,144072
720575941412800404,720575940622079434,136057
720575941540712028,720575940623945254,125770
720575941658166808,720575940617590929,82330
720575941534594058,720575940620341163,44111
720575941450043573,720575940618970209,34245
720575941629593324,720575940618587622,13946
720575941607550829,720575940631129807,118394
720575941603215094,720575940618721968,22246
720575941558998766,720575940629168188,531972
720575941561010477,720575940630088955,64538
720575941564125026,720575940626696548,537800
720575941438526805,720575940638766013,148195
720575941458780063,720575940623834760,136654
720575941522257227,720575940623280127,64836
720575941445567914,720575940631775033,204793
720575941475767105,720575940619358155,114088
720575941513638097,720575940621485377,953532
720575941661857660,720575940616577653,186839
720575941518801006,720575940630263865,205251
720575941643339109,720575940628442389,98537
720575941632215200,720575940620969844,50908
720575941572762270,720575940612695592,82044
720575941557381284,720575940627588221,526987
720575941504982210,720575940610108484,143877
720575941691505560,720575940626648707,54172
720575941429466839,720575940617105822,810449
720575941439058911,720575940639304563,100043
720575941484520333,720575940606665760,131554
720575941351704624,720575940628604688,128216
720575941516377946,720575940620951499,91902
720575941472609632,720575940631474243,814100
720575941514030801,720575940626116892,110960
720575941460640723,720575940636791438,88992
720575941516476665,720575940645323572,544015
720575941527004493,720575940627950312,106302
720575941565807202,720575940636818062,126631
720575941573520527,720575940643722440,94910
720575941537208050,720575940612365464,122969
720575941529433291,720575940622065432,811005
720575941430901897,720575940619181551,178430
720575941577648721,720575940632393868,570821
720575941545628596,720575940614036452,121234
720575941479695328,720575940628296872,111400
720575941470115037,720575940628241307,215334
720575941567811118,720575940610463427,806548
720575941411883119,720575940629918467,810103
720575941503602667,720575940612965791,38318
720575941505008834,720575940623075071,127074
720575941642567841,720575940633205295,905731
720575941475305521,720575940626397261,89855
720575941626645049,720575940628549754,106267
720575941595526695,720575940619105190,67686
720575941515445571,720575940613077201,520759
720575941560239219,720575940644058528,83124
720575941618471807,720575940618268061,117666
720575941543031581,720575940636267236,810705
720575941482041539,720575940623475850,56971
720575941687342454,720575940631370932,122655
720575941513764172,720575940605676576,515545
720575941433887630,720575940629481516,14237
720575941537799656,720575940610207957,35642
720575941579753337,720575940629737731,565154
720575941685997295,720575940632578468,131301
720575941488218165,720575940629199402,812827
720575941546863028,720575940613760927,71015
720575941566009751,720575940605906022,541568
720575941731702059,720575940613664874,160233
720575941450346318,720575940629406363,194619
720575941613805465,720575940615858026,61223
720575941582313337,720575940629146107,814945
720575941414289809,720575940631573034,115040
720575941430323849,720575940618599150,39602
720575941633684667,720575940625331699,203464
720575941565492743,720575940611946645,129296
720575941593909462,720575940631529901,60131
720575941351388464,720575940615108754,111527
720575941568437362,720575940632856401,170128
720575941552046107,720575940627006104,234548
720575941574054152,720575940603557920,75847
720575941526860290,720575940626767688,48833
720575941462411277,720575940626242678,34145
720575941614880019,720575940628918001,199854
720575941470399243,720575940619096349,226094
720575941509033488,720575940630320087,104027
720575941514720099,720575940631761977,817974
720575941691080667,720575940618426717,134257
720575941624328300,720575940626968862,73167
720575941500229771,720575940611748216,135733
720575941594443633,720575940642451189,104247
720575941613501916,720575940623206093,58293
720575941679526333,720575940621226605,72532
720575941437642815,720575940628359178,131773
720575941631637740,720575940635003071,63967
720575941516272387,720575940627827204,35725
720575941390285462,720575940625039370,834952
720575941414913681,720575940637492702,210076
720575941451546537,720575940636357231,37112
720575941625057930,720575940640304462,162760
720575941543018844,720575940629224747,13688
720575941448243220,720575940630311798,547116
720575941507209506,720575940616102918,122294
720575941493322928,720575940631693026,1052066280
720575941505623100,720575940634862431,500002
720575941474337834,720575940638409700,100479
720575941655422676,720575940628482054,549546
720575941480457952,720575940623222542,57309
720575941527884198,720575940627535503,905079
720575941462712976,720575940620035800,40325
720575941515462243,720575940614398570,209829
720575941521367219,720575940629878479,73389
720575941576017241,720575940616858501,807798
720575941614081555,720575940630154812,118143
720575941461302724,720575940619812717,112993
720575941686846070,720575940624112381,91147
720575941539304434,720575940632676435,18563
720575941600464937,720575940620007589,181296
720575941471135863,720575940637348208,281933
720575941452965033,720575940620722000,926460
720575941554765732,720575940618155600,814223
720575941655876632,720575940612780530,76776
720575941654337492,720575940629457786,49770
720575941534954418,720575940622526076,521344
720575941671143847,720575940633946045,171579
720575941459762758,720575940635460270,147053
720575941457000006,720575940628335611,810652
720575941440679765,720575940616595165,110699
720575941402414115,720575940631131756,128963
720575941609970250,720575940645044515,65888
720575941633920443,720575940631912040,62740
720575941568028274,720575940631890479,142081
720575941453798825,720575940616595980,118693190
720575941460582982,720575940618888020,114920257
720575941524888141,720575940631219500,37182
720575941428217428,720575940627271037,87705
720575941461793747,720575940619859249,177002
720575941515647075,720575940612895962,109836
720575941625739402,720575940632433572,49247
720575941511945170,720575940632760377,518798
720575941504613170,720575940634402785,92405
720575941460831428,720575940627233960,148800
720575941599234496,720575940635454315,546187
720575941702831066,720575940652505078,52011
720575941658459728,720575940634302419,39511
720575941535440666,720575940610160357,819299
720575941510587152,720575940619403201,826162
720575941542872924,720575940627141066,39566
720575941499211233,720575940626508346,520395
720575941532440554,720575940629267531,810277
720575941526153316,720575940624204426,151527
720575941490352329,720575940636461710,72111
720575941442517199,720575940626052752,161099
720575941533203210,720575940615465322,810806
720575941430759049,720575940629973698,92781
720575941501282187,720575940639381363,60890
720575941592083819,720575940630715129,113774
720575941501769867,720575940638764772,84267
720575941526953894,720575940632656941,71954
720575941486434310,720575940599704006,109687
720575941482414019,720575940624294794,72884
720575941432389079,720575940646132078,518668
720575941624489468,720575940633237412,537668
720575941553008794,720575940625744259,121933
720575941623931132,720575940609077852,126242
720575941490552807,720575940615794335,89881
720575941632884384,720575940612061107,517038
720575941524801794,720575940611146104,72966
720575941393953686,720575940632351007,164034
720575941480264387,720575940613005078,33562
720575941572825851,720575940607598859,809719
720575941430794121,720575940625998925,107089
720575941467819030,720575940639468789,62443
720575941616109269,720575940630004047,128223
720575941527055693,720575940624863207,79823
720575941666750707,720575940620587569,165683
720575941474767419,720575940605514249,47109
720575941473602875,720575940618842166,542659
720575941613109523,720575940621130356,88553
720575941553875283,720575940625629844,193042
720575941506622754,720575940623407812,108383
720575941596182405,720575940628017482,104160
720575941633010875,720575940621346836,265578
720575941426265684,720575940612602773,107889
720575941546029500,720575940621681321,225141
720575941703519450,720575940645393774,26616
720575941550355774,720575940607872386,547014
720575941610065385,720575940620381062,82427
720575941653424084,720575940629566334,190300
720575941542079580,720575940606919602,211937357
720575941512873804,720575940640342656,811609
720575941575337993,720575940612916121,137214
720575941532702642,720575940616892061,161351
720575941571624264,720575940611556757,118502
720575941411630507,720575940625086478,111238
720575941514194641,720575940629036443,128715
720575941478481120,720575940613440146,147078
720575941408809390,720575940635283808,191247
720575941563900823,720575940606727042,156624
720575941413724049,720575940633705901,98137
720575941517850990,720575940612035697,134466
720575941650496021,720575940631641851,56120
720575941531257573,720575940622874385,111463
720575941412473199,720575940627606801,38267
720575941560893479,720575940612734570,911683
720575941608678218,720575940616235810,70902
720575941575018761,720575940607649993,515732
720575941491479271,720575940606711241,117024
720575941482419395,720575940626761060,112496
720575941545510068,720575940618196549,73690
720575941567871220,720575940639646323,19409
720575941557485988,720575940622844810,49620
720575941487016912,720575940626670491,530012
720575941652962321,720575940619542107,80565
720575941572367112,720575940631694136,122904
720575941581864057,720575940630238720,135797
720575941582190201,720575940624203923,188881
720575941430701449,720575940643296968,107999
720575941603325625,720575940635133852,164087
720575941591090174,720575940628426500,28639
720575941427990356,720575940606332350,138698
720575941599132864,720575940627926794,552913
720575941462469008,720575940628034876,807366
720575941576854617,720575940631124598,84520
720575941584631518,720575940619221441,87468
720575941572701449,720575940612147635,87949
720575941515385859,720575940628347774,126561
720575941468428663,720575940610614757,131964
720575941658658584,720575940620476843,173862
720575941490807728,720575940643157102,809599
720575941458841759,720575940606098464,41690
720575941464811350,720575940607025794,128926
720575941559758062,720575940659139201,173525
720575941408667566,720575940603751857,49162
720575941450658653,720575940611294050,58785
720575941466990614,720575940629763065,53220
720575941546583145,720575940635905764,153139
720575941580516217,720575940627972090,34342
720575941408841007,720575940644946211,61382
720575941624626940,720575940618961179,66175
720575941613919964,720575940638604777,82627
720575941643714936,720575940626778217,106495
720575941517126316,720575940638156853,149902
720575941569051898,720575940617404161,531387
720575941562635176,720575940621651658,83973
720575941537147797,720575940624321865,92431
720575941561375789,720575940637834301,910744
720575941564875527,720575940629857579,27831
720575941523752779,720575940622873844,86591
720575941568453108,720575940639159886,131328
720575941587060958,720575940623570943,98292
720575941564548754,720575940631569256,135105
720575941475850043,720575940628467786,75396
720575941511228370,720575940627777018,184114
720575941536008714,720575940631347193,91991
720575941564297623,720575940616850188,36192
720575941610330342,720575940638374051,90249
720575941430103288,720575940624487975,809101
720575941545094249,720575940633024869,92865
720575941479311695,720575940631833175,201393
720575941544217349,720575940639511504,87519
720575941430762121,720575940617551499,58462
720575941723533370,720575940610829870,140430
720575941542465309,720575940625604098,112940
720575941505929089,720575940630714476,124672
720575941472840288,720575940616766182,42420
720575941610949350,720575940626645434,809013
720575941568595826,720575940620981274,302649
720575941456665581,720575940618143010,205085
720575941626360889,720575940620689345,118233
720575941538847381,720575940627042588,110301
720575941668935667,720575940616784582,57693
720575941543634437,720575940619091201,813717
720575941637754485,720575940606549426,34261
720575941533376600,720575940633305058,94229
720575941391230212,720575940613593571,191015
720575941481775101,720575940626858472,102588
720575941459118239,720575940620045317,197993
720575941611279337,720575940624899367,106434
720575941509998546,720575940621378725,99461
720575941553881089,720575940612479850,43886
720575941490288949,720575940631788363,128947
720575941572539400,720575940639076797,23348
720575941556028836,720575940605278636,93154
720575941607298413,720575940614384757,19906
720575941471731979,720575940639837555,176252
720575941533168771,720575940606073534,165351
720575941643505784,720575940613137389,141751
720575941630099426,720575940611990994,816783
720575941553082247,720575940620963425,85628
720575941535323058,720575940611554034,929311
720575941452462505,720575940623064909,808743
720575941548894241,720575940631366351,59960
720575941489358793,720575940631448261,109530
720575941526606948,720575940615624716,77617
720575941536644328,720575940618657403,119837
720575941472312640,720575940640620376,80441
720575941513905923,720575940628938472,142840
720575941626265964,720575940617704219,82980
720575941536950760,720575940628726071,173479
720575941628053542,720575940615918146,190103
720575941536420835,720575940627731801,73098
720575941497168609,720575940624334532,151450
720575941535769114,720575940640515416,814764
720575941580232569,720575940639926992,46701
720575941402257699,720575940609242837,67376
720575941431432111,720575940644178888,63444
720575941461382852,720575940621949249,97580
720575941495262590,720575940615098683,115005
720575941390400260,720575940615646109,227000
720575941584981855,720575940616921483,24218
720575941584789982,720575940630689388,813754
720575941580196689,720575940619424647,183259
720575941504697367,720575940629087682,137784
720575941547874696,720575940626862654,146401
720575941643224677,720575940618863153,188129
720575941555365377,720575940625417360,549391
720575941485989954,720575940633537700,125560
720575941506364706,720575940627782025,518750
720575941478231146,720575940630849367,108624
720575941457640351,720575940609281326,167022
720575941536445633,720575940617020210,213888
720575941565361927,720575940615967894,158419
720575941655059417,720575940621267060,65935
720575941411723435,720575940606036396,172064
720575941574675304,720575940619831710,29411
720575941554382619,720575940628028797,550526
720575941513931596,720575940640856664,529865
720575941458820767,720575940610903416,38453
720575941444558250,720575940607104898,57194
720575941611963309,720575940611886289,40337
720575941477250154,720575940638392390,96522
720575941547372212,720575940629323369,42911
720575941431803384,720575940631917928,129939
720575941689180790,720575940627798184,92822
720575941457977840,720575940622551334,351152
720575941537215464,720575940623973133,147726
720575941482229699,720575940632544191,913067
720575941576594102,720575940640736163,186276
720575941477340212,720575940630374219,914259
720575941516222099,720575940628600124,57649
720575941633274811,720575940628859408,99077
720575941517104300,720575940616396703,39417
720575941477014302,720575940625053829,61639
720575941536947944,720575940630696645,922381
720575941610875466,720575940621312884,176127
720575941613509529,720575940627710360,93494
720575941508469377,720575940623865597,173202
720575941471841291,720575940624975799,108266
720575941478888810,720575940624596202,539378
720575941668853425,720575940630522193,807479
720575941442005455,720575940622017100,94660
720575941573060360,720575940636117359,126240
720575941626339436,720575940629013292,28038
720575941511851730,720575940618072891,513676
720575941640451359,720575940645933700,1051195433
720575941559672046,720575940636246008,33172
720575941584692446,720575940620589136,121083
720575941563173632,720575940622220551,81737
720575941565219431,720575940614212674,35382
720575941490391756,720575940613981330,904536
720575941496305225,720575940612654334,69901
720575941474630442,720575940632360017,805702
720575941539061746,720575940613229521,544342
720575941494709447,720575940624112531,73567
720575941556057683,720575940622307987,162576
720575941639570207,720575940626063653,529008
720575941574854665,720575940606083529,78592
720575941562846376,720575940630344748,107596
720575941536930546,720575940623217869,543169
720575941496603335,720575940622378454,546340
720575941588703230,720575940644842094,200278
720575941451579770,720575940621249140,176871
720575941638006133,720575940609330033,56386
720575941546297276,720575940661323905,82267
720575941614646425,720575940637683086,37297
720575941432116494,720575940619079152,810048
720575941413081492,720575940614963240,137380
720575941514436940,720575940616772182,51412
720575941732139307,720575940630934097,818502
720575941564403254,720575940643100813,136422
720575941604346358,720575940626889244,137917
720575941595327446,720575940605418668,546254
720575941504434085,720575940631659475,81973
720575941353092400,720575940621850077,39403
720575941515770361,720575940617244091,546410
720575941523708151,720575940607086514,24196
720575941526972953,720575940650669945,193485
720575941632968608,720575940624854319,37929
720575941555402835,720575940629955778,164082
720575941535518808,720575940637527182,107503
720575941579693301,720575940623987982,802989
720575941643076728,720575940625529232,68032
720575941430208393,720575940636931959,813195
720575941481076354,720575940627775113,73773
720575941455361261,720575940623323721,60798
720575941513895756,720575940622165974,135434
720575941476701290,720575940625118956,70133
720575941644568440,720575940616544380,103013
720575941586473350,720575940627482378,16293
720575941514806019,720575940612957802,816542
720575941576317878,720575940632371040,98017
720575941524020299,720575940625850980,87838
720575941553424211,720575940646927668,30957
720575941657284944,720575940638159582,130112
720575941595532145,720575940628780304,113539
720575941687201519,720575940626312714,140442
720575941670311130,720575940631960773,87553
720575941670005425,720575940609218258,76309
720575941599970089,720575940646071940,115306
720575941661661308,720575940638053348,27552
720575941435785760,720575940617337089,354532
720575941531372005,720575940623560328,133202
720575941588595255,720575940644179656,91253
720575941453001641,720575940623057688,143608
720575941483909954,720575940611217650,816378
720575941475428382,720575940630889784,41784
720575941624419436,720575940642185691,82755
720575941466327382,720575940639353984,547466
720575941573511433,720575940617945915,305390
720575941429786505,720575940624758023,85164
720575941643421816,720575940623211656,525547
720575941595952241,720575940627488252,821061
720575941476335668,720575940617409349,109253
720575941627691577,720575940608276233,57402
720575941440425919,720575940632129567,904945
720575941518775724,720575940636571310,819448
720575941544546996,720575940631024837,519897
720575941506456229,720575940644763684,102593
720575941504402597,720575940608394249,57606
720575941612632595,720575940620165285,194135
720575941462998541,720575940611663826,124687
720575941643253624,720575940622944937,110061
720575941527884454,720575940609813624,69323
720575941658644048,720575940614811298,181881
720575941518142168,720575940635666409,176645
720575941458542662,720575940620445536,77312
720575941615633109,720575940614862226,50151
720575941513937987,720575940634866799,113415
720575941534901786,720575940630699223,165026
720575941468556253,720575940631877443,83365
720575941670537393,720575940623202748,98646
720575941657626192,720575940625780026,98467
720575941527359654,720575940655807393,50875
720575941688446582,720575940624923379,572081
720575941612358950,720575940615756774,568032
720575941414451092,720575940634280418,144377
720575941566482990,720575940633439827,148283
720575941505249349,720575940616349853,151007
720575941507753762,720575940624296230,121040
720575941613352979,720575940622374896,806313
720575941689248886,720575940632028264,172840
720575941671024039,720575940638147930,48142
720575941508299810,720575940631573039,814405
720575941537453795,720575940620751750,18842
720575941438513682,720575940620843802,138343
720575941491010101,720575940645181128,129120
720575941650835185,720575940606612098,104582
720575941638736671,720575940630128027,89020
720575941606418029,720575940619394112,174126
720575941507096670,720575940624669621,271957
720575941552632218,720575940606234033,86217
720575941393335190,720575940626465636,93032
720575941685711116,720575940624574356,815652
720575941614059929,720575940645619492,228686
720575941564625815,720575940625949212,169186
720575941495856839,720575940627086681,128699
720575941545281928,720575940634525303,37163
720575941507724417,720575940613764364,109550
720575941504866866,720575940607438466,110308
720575941408254126,720575940611027012,139339
720575941491576039,720575940615345164,29577
720575941553927578,720575940620521777,88291
720575941475177009,720575940629294410,115728
720575941493341360,720575940613448677,97437
720575941555365796,720575940617413777,110393
720575941448202589,720575940627682665,91409
720575941472046688,720575940613004207,124773
720575941721596474,720575940627108636,123270
720575941668350707,720575940602790610,224710
720575941574092027,720575940618062129,22212
720575941732971819,720575940650307449,24863
720575941524945922,720575940621887112,68142
720575941499153058,720575940633579360,31942
720575941520139703,720575940606388000,137400
720575941539183090,720575940625343640,78984
720575941556571044,720575940623705783,36663
720575941628472633,720575940623045351,15882
720575941448559285,720575940631880779,157866
720575941450565469,720575940613301362,217094
720575941449684917,720575940625397690,38388
720575941438449708,720575940611074606,817366
720575941489685813,720575940616189509,75045
720575941491129294,720575940605411104,815041
720575941464058893,720575940619639973,104869
720575941580128593,720575940623485834,162138
720575941484204541,720575940631629399,198112
720575941486558416,720575940622206725,134338
720575941565773975,720575940631504591,21990
720575941502935275,720575940633223052,19247
720575941614883091,720575940628330058,389263
720575941520548019,720575940621181066,559265
720575941645116872,720575940610771524,548400
720575941554818468,720575940623260308,813421
720575941547688993,720575940647036804,123597
720575941486320706,720575940622046241,900844
720575941462355088,720575940628692329,156714
720575941454304307,720575940609243349,207037
720575941516041475,720575940624059283,152398
720575941391252886,720575940638480703,168355
720575941584793695,720575940622628566,84806
720575941461278419,720575940630673152,195286
720575941589425988,720575940642026203,521513
720575941438709567,720575940608372693,134052
720575941451872890,720575940606552864,111390
720575941506298684,720575940631443304,182918
720575941535237810,720575940630738775,78298
720575941450066298,720575940623492476,105490
720575941550803774,720575940617288251,133530
720575941449724597,720575940628329990,545269
720575941457434096,720575940619682925,126453
720575941480686755,720575940654083233,68503
720575941668012465,720575940627579934,115084
720575941478447072,720575940613065386,97048
720575941503483442,720575940637767792,62459
720575941515546435,720575940618294050,550603
720575941558354221,720575940630354170,75904
720575941589260087,720575940635675031,89470
720575941595730821,720575940621274845,811073
720575941440679871,720575940638485326,43845
720575941574820712,720575940639138281,132125
720575941519531436,720575940624904887,519465
720575941506956567,720575940622374928,547828
720575941414785564,720575940639509667,46799
720575941526205540,720575940609655108,119226
720575941681466301,720575940621201424,527100
720575941459165766,720575940614148271,92988
720575941612611292,720575940625963786,87338
720575941669158065,720575940626704228,67211
720575941454037555,720575940606205897,813317
720575941633203141,720575940655230113,245814
720575941588934398,720575940622895885,48435
720575941610283850,720575940619842695,149938
720575941409002414,720575940630939439,154548
720575941411745451,720575940613548178,135984
720575941556357348,720575940614406952,91180
720575941545205253,720575940620373469,809737
720575941459330719,720575940633230929,134525
720575941459792851,720575940616697483,90258
720575941576140889,720575940615257300,819427
720575941603461110,720575940618339284,89678
720575941658091544,720575940613287036,224548
720575941507677022,720575940610864533,568747
720575941688531574,720575940637882590,82952
720575941352941360,720575940636734382,808886
720575941566358582,720575940627552680,169734
720575941556002387,720575940628790142,23696
720575941572202312,720575940617171985,87495
720575941491695280,720575940627135113,117151
720575941687449327,720575940634276506,26633
720575941577771857,720575940624414205,168966
720575941450256206,720575940632370024,577843
720575941553518593,720575940609382921,143663
720575941598977472,720575940629975799,141673
720575941561430952,720575940615117735,546648
720575941483347142,720575940615105967,530032
720575941669417383,720575940640038333,223711
720575941480239267,720575940633994195,81333
720575941435988768,720575940611549282,97709
720575941577641561,720575940616508555,106770
720575941414825105,720575940621229633,108695
720575941661271164,720575940613065139,157994
720575941687987439,720575940638686271,85106
720575941467842013,720575940619899560,114947
720575941498937161,720575940608186498,86094
720575941631361250,720575940644825636,204161
720575941526906212,720575940618182612,194970
720575941559104813,720575940623956156,819463
720575941633492165,720575940624848423,64693
720575941482941693,720575940645182487,327598
720575941495415678,720575940637846598,521342
720575941406606127,720575940622585584,109563
720575941499101513,720575940630050668,818028
720575941662239032,720575940609434210,118319
720575941441779919,720575940628735899,100946
720575941596235121,720575940630725371,48126
720575941606239714,720575940622020613,515514
720575941566507310,720575940619327646,85322
720575941490452277,720575940636638180,515208
720575941479175075,720575940633834451,85052
720575941644052562,720575940610355882,822689
720575941516119811,720575940616109254,516784
720575941471908160,720575940625632516,810956
720575941586229126,720575940634716823,152531
720575941581473145,720575940629904939,177361
720575941409073838,720575940633811795,216130
720575941439054047,720575940639844925,93774
720575941613099027,720575940620666704,117526
720575941526081446,720575940642163957,123679
720575941496474953,720575940633150767,813780
720575941701829082,720575940620349094,94414
720575941477470238,720575940624710378,100040
720575941486252354,720575940633241647,28820
720575941552782169,720575940633696666,145071
720575941644973768,720575940621853862,142166
720575941554433819,720575940613460034,44270
720575941463126029,720575940645608046,127761
720575941469643275,720575940632788295,133298
720575941688332015,720575940629018155,105096
720575941457745311,720575940630118594,48369
720575941463417357,720575940636827310,77995
720575941516547577,720575940627398745,83439
720575941558889198,720575940626423493,108516
720575941461366724,720575940618985541,77601
720575941494958279,720575940623295437,93235
720575941656870936,720575940607937922,126143
720575941535125994,720575940639904475,1050251718
720575941523715147,720575940617911360,172324
720575941688633100,720575940634221212,84729
720575941581747577,720575940631270556,102646
720575941559394931,720575940615719252,20473
720575941612568985,720575940628686342,1109005654
720575941536418586,720575940628431003,198715
720575941470210525,720575940620657287,537857
720575941572006728,720575940641139085,112315
720575941554590747,720575940628810570,128292
720575941533229443,720575940632519052,527657
720575941538616957,720575940610646897,181043
720575941554866916,720575940624675512,131365
720575941461355475,720575940629917050,174425
720575941536391617,720575940614278063,545796
720575941498506569,720575940626789392,909731
720575941534481386,720575940619763847,196923
720575941600963881,720575940616799035,55296
720575941511180304,720575940624453197,201720
720575941639932959,720575940652858870,111664
720575941536906266,720575940629375306,183833
720575941542576413,720575940616696133,514854
720575941460453060,720575940616819729,135497
720575941657917008,720575940619473089,112000
720575941519801710,720575940647966004,69183
720575941526301954,720575940624905963,64314
720575941575268534,720575940621606890,48637
720575941614688153,720575940652916470,182866
720575941537806066,720575940613605273,166421
720575941593577512,720575940631824325,121211
720575941514303052,720575940615379573,116712
720575941558470382,720575940620681552,116168
720575941534672472,720575940629869584,132094
720575941579137625,720575940615889823,544113
720575941561606034,720575940621373278,132017
720575941438004268,720575940646895907,534357
720575941627442489,720575940626349712,122376
720575941491154151,720575940619196574,111807
720575941476631089,720575940631773226,128751
720575941550117949,720575940625301860,810501
720575941691471768,720575940633522463,124159
720575941482310653,720575940647651892,79230
720575941519723443,720575940622298637,235374
720575941559166223,720575940618550699,569803
720575941519401944,720575940637689688,60516
720575941690721688,720575940626319235,825184
720575941575723958,720575940632009908,35273
720575941691440280,720575940635313271,60721
720575941431018232,720575940625489445,114249
720575941611574090,720575940618463718,514372
720575941633436064,720575940621077126,126128
720575941526986340,720575940637412841,214985
720575941594756997,720575940626907517,151508
720575941531876811,720575940632669741,547920
720575941611503533,720575940617045365,551057
720575941540384381,720575940641251829,70869
720575941531768523,720575940624768062,69162
720575941654826708,720575940626516026,511758
720575941436636946,720575940619924390,62150
720575941555249665,720575940615942924,808999
720575941578827089,720575940634361998,137843
720575941528646788,720575940611160622,21598
720575941490334005,720575940631608172,516491
720575941516798611,720575940611080410,45745
720575941537453042,720575940611422840,154676
720575941568615982,720575940623248605,516578
720575941479087210,720575940627927751,809813
720575941472210752,720575940622840285,172579
720575941590479159,720575940609202953,189199
720575941579779961,720575940618095173,819810
720575941659219024,720575940610326723,129064
720575941467445469,720575940617165661,532126
720575941540079196,720575940622213953,33342
720575941573981839,720575940621013517,816943
720575941429729495,720575940609329347,26250
720575941604071609,720575940615869762,222125
720575941564273408,720575940629016364,148340
720575941478975082,720575940630355218,120072
720575941490591948,720575940634495855,64318
720575941495707847,720575940646305827,102694
720575941506003735,720575940631260476,840028
720575941520890039,720575940623827555,82462
720575941536198376,720575940629874732,104051
720575941632453563,720575940630100839,148099
720575941532410243,720575940626270266,810271
720575941439071295,720575940603498869,77721
720575941468253206,720575940631100460,80121
720575941573704008,720575940640445659,526904
720575941687760908,720575940622329212,43120
720575941482333635,720575940621259800,120914
720575941513457475,720575940620570027,130485
720575941430468745,720575940636378231,97846
720575941475888193,720575940625074505,125158
720575941625962395,720575940626561448,814145
720575941640422943,720575940632879149,808683
720575941611734246,720575940611392986,24938
720575941548578952,720575940624104888,75981
720575941526159526,720575940627327337,39582
720575941554497819,720575940638507354,580920
720575941483527622,720575940626622595,33206
720575941580130169,720575940630685241,82929
720575941516464889,720575940628074365,126059
720575941541297500,720575940615257767,35872
720575941574042255,720575940623322918,69137
720575941405855150,720575940618290523,817230
720575941555780865,720575940619243480,57869
720575941451281479,720575940628953559,90110
720575941493969534,720575940636722862,47583
720575941548623677,720575940603761836,161683
720575941631511532,720575940626942077,76278
720575941502817730,720575940626690853,77981
720575941502927959,720575940629367352,912925
720575941596573596,720575940609503189,57928
720575941587391300,720575940627211944,84917
720575941508740190,720575940621542911,52805
720575941408250415,720575940632757305,83964
720575941429473528,720575940627543582,248365
720575941595805084,720575940610501730,812789
720575941475214139,720575940603784620,191401
720575941476734513,720575940640738419,133346
720575941479519968,720575940622675348,41039
720575941439093292,720575940622903651,43059
720575941627892006,720575940612597930,127910
720575941481415107,720575940609233163,144879
720575941516394233,720575940614646191,68571
720575941452800327,720575940637055797,14790
720575941410595755,720575940627874191,68065
720575941644284536,720575940619636395,500059
720575941518442156,720575940632940442,909449
720575941593759269,720575940622110558,42998
720575941625482634,720575940622123527,105328
720575941480787907,720575940615504501,31161
720575941591386508,720575940613280721,173248
720575941559382829,720575940618571238,99062
720575941493093040,720575940644576804,96292
720575941658200088,720575940631144109,24315
720575941439770709,720575940617130068,80544
720575941540759069,720575940611794894,118373
720575941438946834,720575940644088992,539542
720575941518738348,720575940622151804,844236462
720575941548816929,720575940629247555,136394
720575941628455737,720575940626378824,530902
720575941481850307,720575940609656689,815551
720575941651251441,720575940618698397,37396
720575941691609496,720575940623580604,96077
720575941553748225,720575940626693465,117555
720575941508988432,720575940627293470,32221
720575941559188013,720575940615042001,85078
720575941559008883,720575940622919352,76825
720575941439980255,720575940610436932,215745
720575941565404567,720575940616141874,106815
720575941482285821,720575940626327140,141125
720575941574899599,720575940615953350,144349
720575941428550537,720575940618906688,807711
720575941553285438,720575940621429757,49368
720575941615676313,720575940622386579,258547
720575941411275435,720575940621069222,136225
720575941474496571,720575940627549829,172704
720575941613945564,720575940626139834,168807
720575941412378769,720575940613721837,533702
720575941512989772,720575940628267653,543298
720575941584122246,720575940618735173,96911
720575941642876024,720575940635095191,45370
720575941521482423,720575940626603594,32939
720575941574963208,720575940627278723,126095
720575941611534812,720575940621385752,70462
720575941482884093,720575940614829730,83920
720575941466758998,720575940631116908,171692
720575941519766894,720575940630779383,405975
720575941652299761,720575940628211258,94959
720575941562105133,720575940623548883,86904
720575941527120642,720575940643195159,123494
720575941467095574,720575940626039129,33177
720575941402891376,720575940611485560,97233
720575941456484845,720575940612719274,130501
720575941530719179,720575940619274991,129263
720575941639894389,720575940623475592,136911
720575941505959749,720575940616884619,129870
720575941681153469,720575940622883827,43717
720575941585874822,720575940629447171,161008
720575941523259895,720575940629185835,581105
720575941476034078,720575940616194443,909750
720575941439417791,720575940622250273,519052
720575941560819757,720575940632791071,144797
720575941407663534,720575940631484357,73647
720575941543325469,720575940652806646,11267
720575941487043334,720575940627708446,518060
720575941514810458,720575940615604127,122197
720575941536970778,720575940628506954,103457
720575941560312947,720575940628742991,139556
720575941535769066,720575940628523541,104344
720575941666268403,720575940636900197,180326
720575941626386489,720575940615302311,64547
720575941481021181,720575940614805983,805025
720575941448739509,720575940612654449,535517
720575941413645972,720575940617990301,817669
720575941352939312,720575940647182627,186127
720575941640779551,720575940621741971,67282
720575941598918848,720575940611467417,56106
720575941540935037,720575940622143770,183998
720575941543531293,720575940631745999,157581
720575941552580762,720575940631579500,130651
720575941639078517,720575940616396917,65176
720575941438205202,720575940614700207,523904
720575941624094204,720575940626601218,168192
720575941408461998,720575940624806183,47082
720575941392097686,720575940631408914,96255
720575941601092537,720575940630790723,804768
720575941393886614,720575940629554987,187169
720575941470365149,720575940621145332,54457
720575941483620550,720575940627262089,116759
720575941502169835,720575940606552450,907462
720575941546977468,720575940635541143,90106
720575941565321314,720575940612796786,60763
720575941531959781,720575940633401764,115334
720575941492897712,720575940639897459,550727
720575941601176873,720575940629513935,87673
720575941650449941,720575940620249471,813908
720575941449885511,720575940612238342,148929
720575941540716925,720575940622550601,526030
720575941515300419,720575940638937688,157652
720575941539743580,720575940615951814,62879
720575941658145816,720575940629758251,126834
720575941524829028,720575940653226998,109330
720575941479665999,720575940623154407,155397
720575941431877902,720575940617250489,70988
720575941513121356,720575940616079060,122082
720575941643944097,720575940622409716,132989
720575941625900746,720575940610656046,131201
720575941666405875,720575940634781631,88716
720575941631420320,720575940645147939,171675
720575941400475683,720575940624439015,96307
720575941688940044,720575940634198112,140518
720575941558414884,720575940611729358,580257
720575941644133025,720575940616068539,93704
720575941538487501,720575940629717353,132543
720575941574117021,720575940616336245,37821
720575941669741233,720575940621149350,116208
720575941594336113,720575940623688455,29783
720575941546955956,720575940637810910,575388
720575941544677637,720575940625083061,56294
720575941453178163,720575940646136686,133556
720575941435845518,720575940619792589,105557
720575941480046531,720575940629799877,54263
720575941583601286,720575940622853375,96931
720575941471744523,720575940627976936,94764
720575941541586717,720575940612822056,108413
720575941643903314,720575940626347602,171068
720575941639413109,720575940624289564,112473
720575941576955481,720575940631442479,46436
720575941551692350,720575940619430571,809325
720575941605150398,720575940632714799,515079
720575941439121243,720575940622104584,813131
720575941590367031,720575940646408302,516150
720575941479325058,720575940631269963,171467
720575941546198152,720575940623047693,145217
720575941473533792,720575940621950847,537642
720575941510894290,720575940618027993,171900
720575941733281579,720575940635731957,807557
720575941479961312,720575940648329337,805651
720575941500318603,720575940622106409,120089
720575941575437711,720575940623115213,79964
720575941434112910,720575940659625601,114161
720575941490859214,720575940611050052,120373
720575941438007871,720575940608173916,65403
720575941524260708,720575940628693745,147320
720575941548432008,720575940624739051,119256
720575941479009130,720575940615122834,85954
720575941688278390,720575940628159119,81191
720575941537667826,720575940648939897,136545
720575941494992583,720575940636769655,817729
720575941474277216,720575940622483060,71073
720575941565141090,720575940621579691,36673
720575941639035765,720575940631161815,216340
720575941481401251,720575940615135663,105663
720575941502549079,720575940622356950,152057
720575941476739633,720575940618242909,205968
720575941543408901,720575940637127053,90715
720575941659292752,720575940629370442,74936
720575941593097329,720575940620919578,817834
720575941493680560,720575940646648452,43565
720575941668398323,720575940629012012,35969
720575941605022398,720575940621798465,137956
720575941430986889,720575940630392514,95622
720575941461960644,720575940625021733,36473
720575941572963230,720575940629683047,95023
720575941508869410,720575940645049636,90837
720575941412028049,720575940630605047,67387
720575941470168797,720575940614853794,80641
720575941514021699,720575940612283342,131337
720575941439199807,720575940625408748,77129
720575941611464294,720575940615437727,120895
720575941503693035,720575940628608003,55260
720575941604441846,720575940632606009,101018
720575941591493260,720575940610951800,545245
720575941548842868,720575940633367121,144384
720575941555493121,720575940633135455,151976
720575941563871122,720575940640755408,155399
720575941438095122,720575940627799317,84020
720575941656120400,720575940628564042,94886
720575941631427488,720575940634195819,103333
720575941462310032,720575940638626118,153985
720575941412511633,720575940632923192,71415
720575941685944047,720575940632737347,190289
720575941585643142,720575940636487902,79409
720575941483517638,720575940605842780,541789
720575941457467120,720575940618005990,147321
720575941565438983,720575940627250436,32387
720575941602086246,720575940621591792,59192
720575941517456856,720575940643170445,146580
720575941352778032,720575940625491092,122497
720575941478758112,720575940621548276,112167
720575941630147820,720575940622803850,166321
720575941460885188,720575940611684787,382609
720575941566168878,720575940627046787,82502
720575941554634779,720575940637730990,159640
720575941476032542,720575940615558367,908763
720575941667615219,720575940612615149,26115
720575941562206503,720575940626507834,814044
720575941459914707,720575940619487764,134345
720575941569810164,720575940620210512,543602
720575941625866553,720575940616408223,530582
720575941439747925,720575940637278126,107221
720575941427560532,720575940612196522,191373
720575941534291137,720575940624160038,554623
720575941527681668,720575940623661261,934291
720575941529160376,720575940620994287,66517
720575941441795775,720575940606406246,124905
720575941464072973,720575940631449874,53318
720575941476481345,720575940604404425,36648
720575941448423188,720575940623197163,174640
720575941516207532,720575940615778790,1050151215
720575941701887194,720575940634467064,165531
720575941586175710,720575940627043614,127442
720575941670227633,720575940612655733,164490
720575941530731723,720575940615126703,106441
720575941686053615,720575940614778023,219913
720575941448239380,720575940631876153,119866
720575941508668370,720575940628675945,936031
720575941479785411,720575940624714940,148608
720575941565877858,720575940619360576,64498
720575941544718772,720575940631100690,815018
720575941580514805,720575940622638038,112840
720575941480327107,720575940643871854,139348
720575941514375756,720575940624981431,113005
720575941535173464,720575940638808448,158917
720575941479302223,720575940634055379,547699
720575941564319030,720575940620319309,53111
720575941527273316,720575940612567449,905314
720575941431911928,720575940629312759,813616
720575941454747373,720575940640134589,106652
720575941449220174,720575940620237702,120549
720575941575072925,720575940627473304,247117
720575941476746036,720575940616951586,106347
720575941514160483,720575940620923606,809209
720575941541292380,720575940615692230,83462
720575941569756154,720575940612241626,281357
720575941563316231,720575940625117159,25958
720575941455175475,720575940629592731,47267
720575941600316969,720575940627853199,123601
720575941661738364,720575940638128350,114072
720575941460358214,720575940627621380,136036
720575941540271485,720575940622276744,807737
720575941486424973,720575940629764601,114954
720575941499396169,720575940633094937,208590
720575941504723250,720575940621295604,119906
720575941655107540,720575940624769168,81703
720575941591868044,720575940629163280,85543
720575941429540233,720575940629931267,98039
720575941437764396,720575940621624491,908944
720575941404619888,720575940615880607,815264
720575941551082099,720575940630016250,816863
720575941432213719,720575940614661749,22306
720575941504870053,720575940616174292,170007
720575941498442658,720575940626746554,500065
720575941522992119,720575940641949941,162831
720575941468102934,720575940636932494,169890
720575941505314583,720575940625438700,135638
720575941579898449,720575940627051108,27740
720575941565742134,720575940624920757,50688
720575941581561209,720575940628887025,97030
720575941593984363,720575940613372586,56200
720575941474355242,720575940604054188,902519
720575941458451184,720575940614304012,48975
720575941440033621,720575940616373151,195836
720575941469056320,720575940641632653,100200
720575941550932991,720575940611603418,811129
720575941401466147,720575940618937179,64476
720575941614291987,720575940623312828,524469
720575941564039168,720575940632009007,61148
720575941630415842,720575940610683342,59887
720575941441951183,720575940619465131,33921
720575941436407340,720575940612249698,113824
720575941556541988,720575940618358299,112954
720575941441878719,720575940630918308,909129
720575941434568480,720575940614122646,173847
720575941546926004,720575940632370852,206116
720575941500269986,720575940611187609,55506
720575941644888696,720575940608305161,37719
720575941554586139,720575940616886203,115977
720575941612190054,720575940617498507,42599
720575941668688627,720575940623353821,559914
720575941565586695,720575940628538679,167793
720575941497060514,720575940620221972,91384
720575941460185158,720575940620699519,123908
720575941511837260,720575940620696024,88989
720575941512893260,720575940644759319,529041
720575941459751108,720575940617712273,107459
720575941453058867,720575940614403218,115628
720575941428428681,720575940622179497,113655
720575941458892740,720575940624019893,814878
720575941498092194,720575940620862123,128701
720575941453552553,720575940617351099,73937
720575941590639358,720575940618177241,203634
720575941553849223,720575940633064100,534839
720575941550373694,720575940616495361,60393
720575941566814510,720575940635265436,239832
720575941602198457,720575940620704239,99730
720575941573281801,720575940637450864,150461
720575941509876752,720575940626568906,198315
720575941660629560,720575940617002311,109472
720575941502900786,720575940614621661,96861
720575941480673103,720575940628103762,118148
720575941513995596,720575940619639872,277430
720575941452743475,720575940626017960,383627
720575941499542601,720575940611165138,200346
720575941467706902,720575940620130683,90374
720575941431699297,720575940615708266,59830
720575941486191312,720575940622006950,105332
720575941538037736,720575940618221853,120272
720575941455700973,720575940624324248,809827
720575941440260543,720575940618174032,23081
720575941651817745,720575940629583998,73592
720575941499591497,720575940631076096,153363
720575941503643813,720575940623855397,813823
720575941460025158,720575940629364583,71074
720575941542024028,720575940629964856,164466
720575941549115508,720575940603715296,804290
720575941639579765,720575940635474016,62484
720575941432741079,720575940618235461,160915
720575941516257283,720575940625931312,521181
720575941439993311,720575940631545541,517107
720575941475449403,720575940631834159,78365
720575941564228199,720575940630950215,100060
720575941473764667,720575940604968108,117498
720575941525564516,720575940628426257,85740
720575941437641439,720575940620254891,127573
720575941688192268,720575940627447677,214954
720575941534807384,720575940612000218,121202
720575941533907331,720575940628616964,211749
720575941521570231,720575940617317819,521183
720575941576327784,720575940639752893,151638
720575941536332225,720575940605749472,232672
720575941526693476,720575940633939095,810146
720575941539522453,720575940608915925,44296
720575941531079141,720575940621264816,109506
720575941490576329,720575940627132668,49819
720575941614706963,720575940631244239,47956
720575941513950028,720575940615606489,147221
720575941642229112,720575940644811316,816375
720575941518793070,720575940611232370,61279
720575941490964937,720575940607211785,131505
720575941612687635,720575940625861251,27863
720575941483557574,720575940655087777,51530
720575941540114301,720575940639680573,97160
720575941510530064,720575940638460735,97084
720575941546513332,720575940628612112,51489
720575941568421108,720575940609068227,148055
720575941433728142,720575940614858858,159868
720575941479449568,720575940648668292,43261
720575941511001810,720575940628382026,133897
720575941409157291,720575940618890910,146717
720575941574347702,720575940626835545,92779
720575941653938905,720575940611235794,105498
720575941495083134,720575940638489407,514217
720575941559334415,720575940618378982,86175
720575941484247549,720575940622348293,95480
720575941560832627,720575940608565001,189471
720575941456180127,720575940627100362,936695
720575941524475979,720575940618607168,96105
720575941631585989,720575940632265442,81612
720575941663251068,720575940645258020,46637
720575941689089944,720575940639860643,24926
720575941551097479,720575940628019784,527141
720575941434739086,720575940616133789,107057
720575941553786010,720575940622339549,47694
720575941449247822,720575940620882270,77492
720575941553539355,720575940622055777,88322
720575941589504836,720575940613150962,77550
720575941650284565,720575940607869276,34884
720575941645595041,720575940624082238,545935
720575941595025366,720575940658642305,52052
720575941539637653,720575940606753638,552456
720575941650373653,720575940629427303,38975
720575941506144094,720575940621172941,158217
720575941561508653,720575940624483592,146293
720575941559402797,720575940616470417,191593
720575941449554525,720575940620226580,64604
720575941535512152,720575940620186328,133795
720575941516328026,720575940605846118,28763
720575941644745810,720575940635047068,904682
720575941503659243,720575940621233925,203801
720575941530606309,720575940616936633,99655
720575941392332548,720575940623550941,63849
720575941487057104,720575940610754162,116718
720575941545525128,720575940618165019,51827
720575941545135465,720575940637473358,131449
720575941463285517,720575940610982520,524868
720575941486431117,720575940634782174,57817
720575941543113477,720575940629929039,82690
720575941489524428,720575940631356580,175232
720575941625723244,720575940620551105,27995
720575941513421379,720575940625313428,86088
720575941573810077,720575940635330484,44954
720575941595170341,720575940620928647,814470
720575941584909022,720575940623603178,39197
720575941660829052,720575940610259406,140334446
720575941523156043,720575940614046395,812162
720575941608264045,720575940644721175,156217
720575941565628514,720575940625722919,207581
720575941459195603,720575940634103777,102877
720575941400872227,720575940626313786,908714
720575941690349019,720575940629947459,524500
720575941587689284,720575940637810997,104533
720575941593495335,720575940613087962,86873
720575941547808436,720575940615743371,530719
720575941524021860,720575940618879910,819379
720575941516403802,720575940621727728,65340
720575941527494566,720575940610725218,111789
720575941477456948,720575940635101364,164589
720575941633378208,720575940640142901,190735
720575941485450562,720575940631469098,912223
720575941723824954,720575940626449154,531244
720575941624736108,720575940634325404,74450
720575941496470139,720575940643806880,152348
720575941486586509,720575940637223221,76413
720575941466046486,720575940610483268,126370
720575941440348863,720575940609553419,554095
720575941611413993,720575940629138631,20079
720575941406958510,720575940630258806,124373
720575941640546079,720575940609973624,165254
720575941537086184,720575940641081472,45426
720575941526023012,720575940616606779,190320
720575941471715447,720575940603404834,131297
720575941534621194,720575940631659607,113985
720575941600519977,720575940630654226,805754
720575941564922112,720575940620649409,246650
720575941552396935,720575940605413385,124635
720575941535202787,720575940615377567,909776
720575941473128800,720575940628460548,184989
720575941604343030,720575940638974015,120113
720575941432496225,720575940639796608,46291
720575941524677963,720575940611250126,212968
720575941574380648,720575940631450925,942839
720575941434635808,720575940621891750,134393
720575941546042217,720575940628843779,166373
720575941489433801,720575940630745847,81164
720575941489347278,720575940614462887,77412
720575941470408971,720575940626972420,583808
720575941650059285,720575940638288436,111926
720575941494633086,720575940623791373,124964
720575941557241892,720575940630258572,820386
720575941548536180,720575940619842901,571601
720575941455119667,720575940640564824,945500
720575941639803765,720575940622998920,143757
720575941657175632,720575940624322244,124338
720575941540594813,720575940629973753,52267
720575941681626301,720575940625823376,127297
720575941527239012,720575940614295848,99449
720575941488006197,720575940626927370,23969
720575941469552651,720575940624034743,23706
720575941669158577,720575940620822593,81601
720575941498683209,720575940625617388,424458
720575941661589628,720575940654955937,37394
720575941440457935,720575940605747633,110465
720575941503841515,720575940628516081,48319
720575941408079790,720575940616324767,152255
720575941483669446,720575940605632433,96683
720575941551343219,720575940620136545,811077
720575941539567765,720575940624907924,209167
720575941613954969,720575940608375644,37574
720575941653929172,720575940621021099,160032
720575941452410951,720575940628675628,525514
720575941515432003,720575940637431664,28752
720575941625081243,720575940630625617,809976
720575941569772914,720575940617337413,117356
720575941651806961,720575940631773388,51030
720575941480206671,720575940644763552,153494
720575941732968491,720575940629414479,142670
720575941670881191,720575940613115877,116762
720575941458196038,720575940629129692,88597
720575941534320362,720575940633050524,491190
720575941730786859,720575940624362227,62567
720575941632305083,720575940621531584,88749
720575941543178525,720575940620383768,17184
720575941657824080,720575940630213367,107273
720575941721594170,720575940622057599,123810
720575941463062416,720575940624607495,80379
720575941429684728,720575940626150448,74304
720575941590801960,720575940619289071,34921
720575941591614504,720575940608177586,53501
720575941662117244,720575940622733277,507689
720575941440875711,720575940617996957,187431
720575941574909800,720575940630868165,85988
720575941461441235,720575940613824914,25026
720575941632799392,720575940621471157,104605
720575941461759501,720575940632163655,91749
720575941503031895,720575940607008689,520022
720575941467002902,720575940631758562,115658
720575941507354693,720575940621013640,53076
720575941534776810,720575940617252497,40186
720575941690504088,720575940636153848,527164
720575941565030919,720575940620668865,546182
720575941659208528,720575940616529083,536393
720575941438763564,720575940615405378,144553
720575941496446919,720575940632213063,237843
720575941412460143,720575940630548791,274702
720575941570644126,720575940622739388,68284
720575941593647656,720575940644983588,19942
720575941613061852,720575940627702012,117974
720575941630495980,720575940625483133,811775
720575941600310313,720575940623743731,71107
720575941572972808,720575940638948515,72878
720575941498267465,720575940626016549,800888
720575941448563549,720575940605804646,129133
720575941442501583,720575940617479202,517352
720575941438721599,720575940626736906,66586
720575941681599677,720575940643790240,244487
720575941477934954,720575940626517129,92410
720575941516054188,720575940625739056,904095
720575941556889636,720575940622396284,99196
720575941547482941,720575940608859694,178567
720575941453175603,720575940624885429,138919
720575941519718360,720575940626818762,214987
720575941491457484,720575940623678488,523729
720575941442461391,720575940610704430,206944
720575941517291692,720575940612110485,539920
720575941508278562,720575940610088618,29066
720575941638329205,720575940615513410,518480
720575941545941692,720575940620840839,57073
720575941730703659,720575940632240399,122356
720575941585417094,720575940619654193,20659
720575941473461600,720575940629316651,53105
720575941431287649,720575940628644218,42028
720575941522455371,720575940611971170,131051
720575941479760207,720575940613807466,108385
720575941545482428,720575940637453382,809322
720575941518128750,720575940611613394,47236
720575941514090316,720575940605897900,152769
720575941526998093,720575940620652271,121545
720575941495377278,720575940644015008,187170
720575941517524952,720575940623066003,59572
720575941632501740,720575940625949198,533951
720575941573446472,720575940628139367,115396
720575941556903460,720575940619766033,119893
720575941626105243,720575940610136900,953790
720575941460319302,720575940627500360,88079
720575941444626602,720575940623808394,126376
720575941553209627,720575940625334601,99136
720575941551256575,720575940646143267,133882
720575941536491530,720575940611926186,73630
720575941524924493,720575940643696676,198026
720575941619039359,720575940605937074,810175
720575941458975472,720575940617874555,89801
720575941633966267,720575940644080032,193428
720575941625546395,720575940620793792,68767
720575941627949350,720575940626248837,111907
720575941441315775,720575940615585954,537141
720575941592079656,720575940620573275,210033
720575941524595787,720575940609377884,19483
720575941448405012,720575940631389011,98602
720575941490880309,720575940624147464,49845
720575941466613078,720575940640744024,14829
720575941541591900,720575940608908100,805233
720575941461186244,720575940629874937,530346
720575941449069390,720575940607529417,193528
720575941626300315,720575940615944598,60169
720575941472050218,720575940639290045,805629
720575941491472048,720575940622282762,132586
720575941532268163,720575940609147587,88175
720575941353443120,720575940615441382,568902
720575941459646278,720575940616380347,130672
720575941541802844,720575940642361485,135158
720575941507103070,720575940622093428,98541
720575941513601859,720575940633583571,546501
720575941559532559,720575940623356652,45263
720575941579009657,720575940645187784,821159
720575941456267882,720575940640614363,936580
720575941593612907,720575940605557438,523630
720575941558926372,720575940639060925,125631
720575941464139021,720575940613714026,178706
720575941513884506,720575940617559125,195664
720575941505868055,720575940622082184,104256
720575941595426087,720575940645020526,98649
720575941493407664,720575940626297621,93603
720575941555577601,720575940608474123,546208
720575941463804941,720575940628576017,53615
720575941555779155,720575940633502945,144114
720575941490086857,720575940632303943,135792
720575941476105265,720575940617962699,905243
720575941613059091,720575940631464811,113303
720575941537068003,720575940637408357,71933
720575941431715832,720575940617597881,71431
720575941650025713,720575940616618053,57003
720575941579009369,720575940606284734,124279
720575941532980099,720575940617893076,130606
720575941551228159,720575940637737088,36532
720575941415251740,720575940637404078,530319
720575941514046355,720575940619003969,42320
720575941498100386,720575940617977574,159138
720575941617600725,720575940622084336,115606
720575941643283026,720575940621472294,59694
720575941567716346,720575940622436641,66924
720575941553573915,720575940606019774,80268
720575941490319054,720575940605995721,150625
720575941502323435,720575940617999700,177010
720575941637800309,720575940619325899,814305
720575941458046534,720575940614473000,48114
720575941592212587,720575940618884289,86449
720575941496379520,720575940621710826,156760
720575941583008607,720575940627662985,24765
720575941652757745,720575940628415473,24852
720575941466974550,720575940628324507,549362
720575941539139989,720575940653277174,120086
720575941615355033,720575940635220110,221042
720575941625078892,720575940628844187,88428
720575941504635557,720575940625945290,80100
720575941603945718,720575940612313586,155412
720575941431854094,720575940629595179,211815
720575941533119242,720575940629004158,814258
720575941604916158,720575940630057594,96596
720575941578964305,720575940622346921,525575
720575941458687135,720575940637046640,109545
720575941498723234,720575940628581379,53050
720575941496527047,720575940617241211,88839
720575941508555905,720575940618388615,152767
720575941575136520,720575940643512884,29026
720575941548077172,720575940620593345,124250
720575941553090970,720575940626418819,100301
720575941412894356,720575940609295299,182359
720575941546265992,720575940618377024,150467
720575941611394524,720575940621292208,111361
720575941540706685,720575940621598390,534137
720575941521620919,720575940613331427,533859
720575941408677679,720575940633867927,27164
720575941390604438,720575940617604165,148507
720575941690767512,720575940623686792,86398
720575941461735635,720575940626358288,11574
720575941457168109,720575940625870992,557346
720575941586147462,720575940650976502,173044
720575941595171542,720575940615841346,546678
720575941544912316,720575940611805845,192087
720575941478986464,720575940629562609,20541
720575941687851759,720575940633855789,24465
720575941573133213,720575940644961902,140074
720575941552921662,720575940632403779,133399
720575941486195853,720575940625903079,86197
720575941457048813,720575940620874069,116982
720575941496372167,720575940636956527,135125
720575941568018676,720575940632663608,68800
720575941550651454,720575940617125947,114417
720575941451975495,720575940614281214,92967
720575941460200256,720575940614634207,535513
720575941525481753,720575940632838712,107299
720575941579496785,720575940618614430,110567
720575941536372161,720575940632055850,114906
720575941497305057,720575940628679887,180761
720575941534817880,720575940624039370,135339
720575941632040635,720575940634900671,81553
720575941516615417,720575940644787400,69678
720575941475476795,720575940635737200,26255
720575941534413802,720575940636902757,62116
720575941659223832,720575940637921392,441075
720575941545143688,720575940638625350,49191
720575941430378415,720575940609184604,117905
720575941567764782,720575940632894690,107839
720575941592219688,720575940626973700,109634
720575941556617444,720575940635761855,163701
720575941652326677,720575940617603899,518447
720575941517711832,720575940627460849,145879
720575941593933349,720575940620873607,219941
720575941583759711,720575940618882171,112321
720575941632253088,720575940617476386,234475
720575941638423413,720575940609792206,144939
720575941526865830,720575940624690249,104444
720575941644660600,720575940633011876,146581
720575941592147307,720575940638575549,112453
720575941631542469,720575940610668920,813500
720575941535837416,720575940612663705,35149
720575941569800692,720575940621248166,140338
720575941479500195,720575940629214825,76140
720575941645282465,720575940620324555,84415
720575941439843135,720575940626653724,107360
720575941573381704,720575940629560527,15529
720575941477064042,720575940627272122,46499
720575941594580182,720575940622563524,81218
720575941662051128,720575940613492114,189949
720575941450895687,720575940614790818,103607
720575941505980951,720575940618402489,534559
720575941457687711,720575940646266244,99796
720575941428991224,720575940630570577,159297
720575941433911182,720575940624655285,556902
720575941579821945,720575940627272634,120282
720575941663072892,720575940622126597,117699
720575941686974070,720575940616300729,46006
720575941535397146,720575940616101947,67566
720575941414323604,720575940622495604,31523
720575941439793237,720575940635022703,137570
720575941431053326,720575940620689624,55468
720575941629272034,720575940637094256,124014
720575941595226757,720575940624710122,49945
720575941645079240,720575940611480930,81775
720575941504886844,720575940627384709,214639
720575941513945347,720575940639210037,111898
720575941626410860,720575940617324061,123070
720575941572080968,720575940613757736,89976
720575941584291974,720575940613254166,42098
720575941589382398,720575940610591096,92006
720575941595977767,720575940610522051,211483
720575941598723520,720575940616821734,129799
720575941668666023,720575940646594356,817752
720575941684706543,720575940615052584,161534
720575941490373863,720575940610797010,134249
720575941591923051,720575940627115038,154667
720575941517580460,720575940621765296,114330
720575941498827170,720575940634158175,817475
720575941426847316,720575940624508341,103606
720575941402153507,720575940611500146,158516
720575941596772544,720575940636748766,193213
720575941624531082,720575940648108164,77179
720575941515207779,720575940621661197,100258
720575941569639794,720575940625906088,26479
720575941507944226,720575940633292461,158244
720575941552311102,720575940626508176,51467
720575941429113775,720575940620595883,94603
720575941563358774,720575940628790856,113924
720575941515626489,720575940616797301,123864
720575941630844652,720575940627055204,121648
720575941666269939,720575940639595648,40101
720575941551536383,720575940612396437,120183
720575941518669996,720575940627048634,181193
720575941632795323,720575940628922856,102772245
720575941503715927,720575940621948554,813011
720575941689065996,720575940634345372,159698
720575941645855432,720575940616802246,514169
720575941537324264,720575940632514616,173694
720575941492167911,720575940628224586,193840
720575941514404428,720575940623560435,45345
720575941721156922,720575940625907044,80183
720575941409876847,720575940615865233,814759
720575941542026844,720575940625690768,172595
720575941486918466,720575940630492972,65473
720575941450967374,720575940610692910,549518
720575941451392378,720575940631263685,183122
720575941560037747,720575940660989569,87896
720575941537821411,720575940613073960,43749
720575941503131371,720575940615307154,808939
720575941526464845,720575940635178341,194682
720575941540890493,720575940628665768,56947
720575941557215652,720575940616650546,107310
720575941506716732,720575940627095738,530473
720575941624905098,720575940621760422,95554
720575941517519064,720575940636074863,88010
720575941590889323,720575940611509989,813188
720575941662968700,720575940641289435,59339
720575941643948961,720575940628919239,154706
720575941591937164,720575940609288494,71935
720575941575231592,720575940615377302,516679
720575941480786630,720575940614208664,41822
720575941552475135,720575940617486809,102576
720575941667250609,720575940616332381,810031
720575941580430457,720575940621926605,14025
720575941514732179,720575940631168983,77301
720575941408586923,720575940621068996,811081
720575941703704794,720575940611924885,210079
720575941576255080,720575940614549394,34491
720575941669260711,720575940624992258,815463
720575941528260774,720575940624169769,138617
720575941572888734,720575940612015283,143240
720575941594617637,720575940635730527,119600
720575941669512113,720575940640766004,92091
720575941474098491,720575940632736835,43677
720575941512935779,720575940630754252,80094
720575941482309827,720575940636184687,91958
720575941447921742,720575940625471896,109524
720575941575697295,720575940631967183,152423
720575941476769386,720575940612641137,66288
720575941639102837,720575940608884693,811396
720575941537911282,720575940629698151,116764
720575941645594785,720575940645066775,198307
720575941544812293,720575940629168719,550006
720575941514202979,720575940607082114,162832
720575941657316120,720575940618036258,164996
720575941461742020,720575940623438460,21663
720575941460443536,720575940612091315,146998
720575941479865539,720575940612371569,814430
720575941546854505,720575940632280594,427383
720575941612443494,720575940640995725,182787
720575941582215033,720575940660971649,109561
720575941553740371,720575940621508649,122962
720575941505101362,720575940621100052,118020
720575941564237970,720575940625003152,43179
720575941534696682,720575940628374545,174388
720575941490643916,720575940615631321,25990
720575941408492335,720575940622245492,817898
720575941517780952,720575940622437885,126828
720575941594075350,720575940613829807,42935
720575941482735299,720575940625574221,94486
720575941461046739,720575940624994708,127456
720575941508121378,720575940646220340,121551
720575941436452396,720575940631220284,102501
720575941633391045,720575940614454183,518671
720575941628099129,720575940618525204,571384
720575941551124286,720575940609740381,105290
720575941590039180,720575940632590440,98895
720575941407996846,720575940636271706,178839
720575941479615395,720575940632465945,97305
720575941535162344,720575940616109825,133918
720575941481643599,720575940621089984,214558
720575941588048196,720575940624055614,32855
720575941632311227,720575940610366122,1050636983
720575941438977810,720575940608419676,84414
720575941610094057,720575940621126365,807762
720575941544470021,720575940627285635,101734
720575941688122742,720575940615052241,115945
720575941411536299,720575940609568011,80369
720575941525943629,720575940624361230,804774
720575941433927200,720575940641417869,946767
720575941591176744,720575940610195139,102781
720575941670794407,720575940618097821,50223
720575941477466177,720575940612593301,78852
720575941563014407,720575940627490065,804371
720575941516931756,720575940621125542,203290
720575941452477562,720575940618054401,169274
720575941611674854,720575940632883757,79010
720575941436484128,720575940631336953,152923
720575941538946197,720575940634406044,542321
720575941478954858,720575940625888954,167516
720575941652065553,720575940625910354,78222
720575941514315587,720575940616887308,573483
720575941537055971,720575940628043389,46893
720575941470785547,720575940624327351,552600
720575941474557214,720575940629244871,58706
720575941553374465,720575940639194752,79393
720575941403052912,720575940641492443,36212
720575941596279153,720575940609458115,52840
720575941566380846,720575940606417609,70938
720575941505987713,720575940623160202,812751
720575941597340316,720575940621276585,55906
720575941502050443,720575940618388614,35104
720575941678970301,720575940634588953,545904
720575941504612924,720575940606763710,77166
720575941554454682,720575940629928463,118757
720575941624578203,720575940624456848,117530
720575941483923642,720575940630648124,188104
720575941557362852,720575940628684292,575747
720575941519524524,720575940640321853,86561
720575941544547845,720575940626721608,54869
720575941655930580,720575940639556934,176784
720575941569111154,720575940623394253,62265
720575941467817750,720575940610183025,130639
720575941490812105,720575940618937654,131854
720575941493961904,720575940619254448,92927
720575941481837507,720575940612360419,73598
720575941657305880,720575940631379663,161289
720575941486147725,720575940611982598,156644
720575941498041979,720575940613017827,514690
720575941508492673,720575940637153648,910608
720575941554453275,720575940614574998,50435
720575941431905784,720575940641305333,819171
720575941570440436,720575940634614753,129265
720575941610609581,720575940638081855,818446
720575941526344376,720575940643965600,551166
720575941631197922,720575940625868519,533060
720575941505145650,720575940629038908,28141
720575941553696257,720575940616743436,99585
720575941552476807,720575940625879890,131894
720575941689504920,720575940604923616,123394
720575941513933777,720575940624921127,552593
720575941562824850,720575940640993525,128647
720575941657279768,720575940640721141,131470
720575941571690910,720575940624081348,64303
720575941564322194,720575940611215970,78524
720575941585726598,720575940611022946,534603
720575941452057257,720575940639182680,238697
720575941580350545,720575940626631196,147847
720575941530805733,720575940632100394,67413
720575941527905924,720575940625895923,526255
720575941576171190,720575940606482524,40714
720575941584161887,720575940631192876,152922
720575941572840591,720575940635409815,238959
720575941688650614,720575940607754441,815544
720575941526894617,720575940638015600,433423
720575941687853019,720575940623119454,819412
720575941561993261,720575940627616277,129837
720575941460851155,720575940625859684,28170
720575941634136507,720575940611765873,533329
720575941573891849,720575940633378411,112191
720575941669802929,720575940631694069,1056014752
720575941554812836,720575940617802699,814821
720575941685010159,720575940646973828,807657
720575941471563127,720575940621284523,112658
720575941430359255,720575940626630288,94567
720575941507063586,720575940630800762,52928
720575941591250728,720575940638981951,161450
720575941459317919,720575940613540767,107653
720575941480606371,720575940632857647,15675
720575941414084497,720575940623653267,56324
720575941580010361,720575940623485910,81819
720575941652066801,720575940626180358,130835
720575941573793019,720575940621725168,152383
720575941671673767,720575940623875978,123069
720575941593378411,720575940633537235,83577
720575941662959928,720575940629582441,155342
720575941517604206,720575940624217319,177390
720575941669963687,720575940643520564,82948
720575941439404511,720575940635229803,368673
720575941520858295,720575940632003907,109725
720575941625856667,720575940626595074,90841
720575941687228172,720575940626375501,56746
720575941637532789,720575940629047793,91212
720575941597182144,720575940629921730,106775
720575941631945196,720575940623557373,130735
720575941457166317,720575940615922591,120444
720575941429110008,720575940638049855,37898
720575941580130129,720575940646669347,18429
720575941659072592,720575940621386017,519124
720575941567971698,720575940621616111,111263
720575941594559015,720575940622376709,548919
720575941467866077,720575940612414869,36460
720575941510565136,720575940625181982,58995
720575941477836596,720575940614123439,102398
720575941428980472,720575940631321708,555140
720575941595695985,720575940639547462,518598
720575941469324919,720575940633727917,105845
720575941458146800,720575940625940152,34156
720575941581742457,720575940621796390,132955
720575941507356962,720575940631295703,59703
720575941458900164,720575940629651047,548920
720575941408129454,720575940628355914,52281
720575941552659354,720575940619764873,89475
720575941576907368,720575940626684956,125118
720575941455918829,720575940616017676,814056
720575941429531823,720575940634652023,132818
720575941626094956,720575940632786124,67433
720575941552479806,720575940631502035,122142
720575941505791045,720575940632632365,92141
720575941475380785,720575940614260734,42940
720575941486546384,720575940615111062,91609
720575941482322106,720575940611064418,147620
720575941506750373,720575940614695599,132227
720575941574242742,720575940635528440,91858
720575941489752265,720575940643431022,810401
720575941530692555,720575940621298949,114753
720575941431300856,720575940606626481,75195
720575941411560363,720575940624985831,535220
720575941462525072,720575940626215568,150456
720575941411789935,720575940620807437,75378
720575941540683868,720575940625171175,123223
720575941553128731,720575940642559885,154115
720575941492760240,720575940609951701,80074
720575941521320951,720575940632894174,72951
720575941549446973,720575940617671508,550474
720575941576813160,720575940634619759,816102
720575941581815417,720575940631393384,909551
720575941512802124,720575940632810652,128110
720575941514193498,720575940613338341,118984
720575941602200566,720575940632789305,122259
720575941564041735,720575940627967866,155857
720575941548499080,720575940632572999,95567
720575941603518454,720575940627671177,107833
720575941563282274,720575940626287408,74757
720575941400029219,720575940624168959,47110
720575941551871806,720575940640873891,138629
720575941406978095,720575940625608329,82904
720575941474453034,720575940613366243,147265
720575941593606102,720575940627675481,82393
720575941508539938,720575940625795453,178407
720575941459765318,720575940623255443,550436
720575941608067693,720575940618146875,207550
720575941577762129,720575940632617043,59406
720575941479795279,720575940645799022,100107
720575941446039316,720575940626242704,115341
720575941472082528,720575940633429452,61629
720575941535884810,720575940622929697,543273
720575941351393840,720575940618191013,548910
720575941490056142,720575940622985181,132029
720575941537853077,720575940623045645,108788
720575941560768045,720575940629220175,86576
720575941654331353,720575940625846503,144176
720575941426217556,720575940621260020,65437
720575941611944806,720575940629121798,138340
720575941439748699,720575940611607086,217396
720575941643373688,720575940628038138,39912
720575941473879648,720575940636252302,35762
720575941502163947,720575940635120735,813020
720575941540291420,720575940646694708,163693
720575941433512206,720575940649816185,65617
720575941544564412,720575940609832387,152377
720575941475865140,720575940626994506,86298
720575941433060622,720575940628569674,906089
720575941394007958,720575940621948954,131729
720575941466246486,720575940620918875,94596
720575941453322035,720575940625435687,149211
720575941490717237,720575940630952901,553131
720575941437462335,720575940646367598,84643
720575941450334542,720575940629839619,82280
720575941627472697,720575940618843037,38644
720575941641887845,720575940624167176,76011
720575941470460535,720575940619788156,536452
720575941480827299,720575940625472345,209150
720575941543930044,720575940626689679,88533
720575941437299730,720575940622411021,139208
720575941523607627,720575940617654341,128710
720575941508315170,720575940626506128,71341
720575941594870567,720575940614496431,154618
720575941539345557,720575940622637575,83002
720575941612191917,720575940628951422,45076
720575941509927122,720575940615570662,138445
720575941497015458,720575940619872751,806884
720575941653990361,720575940614308002,136101
720575941517853144,720575940623174825,51291
720575941491694796,720575940623593571,75178
720575941508141090,720575940609690377,44697
720575941586548614,720575940611419438,263069
720575941660779832,720575940626012453,78460
720575941535123800,720575940619840647,912259
720575941670369959,720575940621072481,122279
720575941689913051,720575940633809783,31906
720575941527550374,720575940621778671,89136
720575941560408621,720575940610747315,818424
720575941439205676,720575940609906389,524482
720575941564284050,720575940633765284,118372
720575941525944834,720575940628739454,55302
720575941655986644,720575940616472626,90929
720575941450951751,720575940644585160,175115
720575941495158910,720575940629805327,19566
720575941553731841,720575940621308096,114457
720575941436868114,720575940619724109,121317
720575941574333341,720575940624033476,50153
720575941613674393,720575940626327177,162279
720575941568066094,720575940609019093,76998
720575941570819400,720575940628587202,183820
720575941496420992,720575940606230304,120550
720575941561680296,720575940612989849,45431
720575941723829562,720575940605581158,529120
720575941488756711,720575940627177790,809341
720575941488924873,720575940635865195,213288
720575941480439682,720575940605665982,516004
720575941592802599,720575940635223152,124472
720575941619822719,720575940629099003,32892
720575941723390266,720575940621761293,908152
720575941631655148,720575940617634772,104021
720575941492446078,720575940619740550,815836
720575941394105494,720575940617018183,37534
720575941483174342,720575940615463903,537723
720575941600082473,720575940638482421,65793
720575941513173969,720575940619488347,120270
720575941431037966,720575940614741058,153935
720575941408971055,720575940610753522,135590
720575941551319358,720575940623520041,106949
720575941425786452,720575940616834165,94463
720575941732288811,720575940622691720,114697
720575941546742617,720575940617341883,106531
720575941573444534,720575940631269843,815928
720575941730906155,720575940606626946,80894
720575941511635665,720575940651442422,179456
720575941602836409,720575940621162416,816052
720575941732791851,720575940644327022,55762
720575941581710713,720575940638721955,93216
720575941438093586,720575940622116095,65662
720575941411056239,720575940616006946,123305
720575941536542474,720575940640264576,98517
720575941499596962,720575940611399214,44562
720575941491585998,720575940609056469,130099
720575941631014882,720575940625404197,812016
720575941526620162,720575940623525060,97633
720575941566933607,720575940622242292,20391
720575941482197443,720575940643259336,174168
720575941527089318,720575940623328332,168190
720575941560366451,720575940616946886,89479
720575941687524079,720575940625027401,115322
720575941449995445,720575940621773406,55493
720575941666371315,720575940629083215,126340
720575941448485045,720575940620496913,817835
720575941639150197,720575940627161886,226503
720575941627433017,720575940631937460,120719
720575941498287522,720575940629369642,811875
720575941505494306,720575940627953963,906492
720575941626154604,720575940622328328,914355
720575941595832732,720575940602864300,575760
720575941663915644,720575940624936171,541545
720575941662005304,720575940618576453,87251
720575941562986408,720575940614789442,150363
720575941602407158,720575940616323101,807968
720575941539667186,720575940639838141,189297
720575941528098744,720575940632529962,148953
720575941656039892,720575940641108621,67412
720575941551122238,720575940653065974,175853
720575941515674947,720575940638441269,25464
720575941595616039,720575940604319078,543682
720575941525520973,720575940627982353,121835
720575941448199700,720575940622878925,93830
720575941441411519,720575940631898285,152432
720575941520011630,720575940619302454,74011
720575941459104838,720575940607920732,903749
720575941497371721,720575940627490826,46626
720575941535108786,720575940613492531,103186
720575941413138324,720575940638725773,38559
720575941598907945,720575940637102455,155014
720575941513197009,720575940627910160,58487
720575941472849467,720575940624653299,80735
720575941595399281,720575940641181136,112925
720575941578537461,720575940613268915,110348
720575941435244064,720575940631455084,130472
720575941624917898,720575940632438428,113736
720575941515678611,720575940626196732,119833
720575941546943156,720575940621707430,121172
720575941538128626,720575940618870881,14210
720575941690412952,720575940616182715,105801
720575941490876592,720575940630265952,814776
720575941584028511,720575940646433059,58909
720575941617094869,720575940612488089,126373
720575941688753371,720575940627572099,223747
720575941544441861,720575940619296960,110408
720575941441550287,720575940624846059,90707
720575941518405230,720575940645946903,64420
720575941529522616,720575940617350617,118951
720575941505888350,720575940619294964,805991
720575941469763595,720575940626010652,70631
720575941566830951,720575940629150261,119853
720575941534639594,720575940630756734,66211
720575941539437810,720575940644588324,94467
720575941559277171,720575940624038182,543825
720575941626404251,720575940611058552,552304
720575941632857285,720575940632874029,125839
720575941498363298,720575940616989627,128303
720575941564995079,720575940636798094,519992
720575941473085994,720575940626441561,142521
720575941546262152,720575940628574658,75521
720575941553930497,720575940622137665,541570
720575941569708914,720575940611182554,70464
720575941504064855,720575940629300583,67936
720575941484314877,720575940631927865,90993
720575941524882946,720575940622823706,146576
720575941463088909,720575940632481593,51022
720575941507009886,720575940610639729,132864
720575941559075599,720575940611616302,811083
720575941459216624,720575940620414912,67194
720575941578213465,720575940632682067,26612
720575941599194048,720575940631087431,71735
720575941414876308,720575940622078213,531796
720575941593433046,720575940621033477,137815
720575941534725569,720575940645616420,99927
720575941552900947,720575940614837222,193259
720575941625641836,720575940625658755,73504
720575941536197642,720575940623213299,41936
720575941584344671,720575940612438490,150163
720575941490648373,720575940622061803,550362
720575941471206775,720575940614241430,185582
720575941679486141,720575940611903954,521483
720575941551915911,720575940627062543,100911
720575941448453981,720575940627397223,77663
720575941689045467,720575940644887831,70889
720575941611874025,720575940630255813,42430
720575941461265860,720575940622420189,39432
720575941493998464,720575940631498925,814474
720575941607995757,720575940612088282,118047
720575941553806163,720575940624966844,68971
720575941558615667,720575940620804724,124613
720575941452953159,720575940634353619,91753
720575941555782116,720575940618071837,65917
720575941452679593,720575940628836908,92741
720575941552032391,720575940631668551,107509
720575941545370804,720575940642463373,130555
720575941485841670,720575940623246204,172822
720575941544088169,720575940618404510,546536
720575941625591754,720575940620103509,23390
720575941552493959,720575940623438828,54486
720575941414451604,720575940624707827,533717
720575941615784345,720575940624213501,535671
720575941654112273,720575940612865194,92922
720575941625221740,720575940641141237,956174
720575941512567505,720575940620968361,147289
720575941565570402,720575940631225303,125420
720575941492027623,720575940643473056,226452
720575941533248856,720575940607040178,151612
720575941477515038,720575940612498638,533184
720575941642500946,720575940625629642,86207
720575941594200433,720575940614743505,113883
720575941595068197,720575940621294000,50384
720575941539188685,720575940637625456,88646
720575941401964579,720575940612717461,92304
720575941567762990,720575940618956198,84836
720575941506820412,720575940628653568,92129
720575941580065013,720575940634593249,531491
720575941688723163,720575940612940506,158239
720575941393789334,720575940630112824,195389
720575941407936815,720575940616725689,35995
720575941496376955,720575940617654365,106456
720575941484663558,720575940630329411,804201
720575941522649079,720575940628641129,91342
720575941512195793,720575940626975107,139658
720575941642938213,720575940627877016,103179
720575941524879691,720575940635584948,131572
720575941533924739,720575940612637845,34608
720575941593828645,720575940622749353,542928
720575941400124707,720575940613052330,73284
720575941558991475,720575940625587484,49101
720575941534427073,720575940632905663,133510
720575941466453334,720575940632093800,122559
720575941472630075,720575940644751908,166368
720575941464808022,720575940618052948,540088
720575941594292775,720575940629544442,812454
720575941485445698,720575940618558769,54012
720575941624730011,720575940621913897,23217
720575941403706992,720575940617211806,112139
720575941563716754,720575940620892655,58797
720575941688126326,720575940613999263,801583
720575941657323856,720575940630980859,131532
720575941684766703,720575940623026764,108293
720575941447780277,720575940623312874,217313
720575941441963727,720575940627249764,261653
720575941567857966,720575940628107397,136248
720575941542922588,720575940616155871,149786
720575941581501561,720575940640905635,87820
720575941639489653,720575940630949647,134003
720575941526716493,720575940625817587,205128
720575941491534796,720575940621838826,167931
720575941574842038,720575940636867440,210822
720575941691572120,720575940631149074,137336
720575941535620618,720575940635957855,49312
720575941551480831,720575940621765846,816249
720575941534815242,720575940618558804,160807
720575941454775277,720575940626732163,125396
720575941548831549,720575940618394453,163102
720575941564576663,720575940637002462,44665
720575941470811255,720575940631804985,95781
720575941604217785,720575940627222282,84298
720575941481679811,720575940630230376,226473
720575941519433139,720575940613884847,88483
720575941491070409,720575940629661306,54382
720575941462158788,720575940623183996,549196
720575941520394163,720575940608313301,84536
720575941449764174,720575940625415452,48776
720575941551816703,720575940638053744,102564
720575941668743923,720575940622698879,142364
720575941534519128,720575940622243610,83458
720575941561468205,720575940624738085,73140
720575941610188205,720575940637784383,127725
720575941550989118,720575940636069215,72303
720575941605317566,720575940616584972,133537
720575941518416238,720575940621845119,909871
720575941477958209,720575940638648809,102562
720575941529876683,720575940620460749,107108
720575941611665837,720575940618774848,98175
720575941585488862,720575940616014081,912300
720575941480163296,720575940631317967,159354
720575941569210874,720575940616954181,131715
720575941409309099,720575940623374861,130528
720575941462585232,720575940621894253,547571
720575941499341474,720575940631212575,514165
720575941499447970,720575940623467251,90600
720575941503994455,720575940629448747,150940
720575941504006635,720575940604179372,62828
720575941584618206,720575940643735752,120168
720575941658856784,720575940615043670,112377
720575941459686214,720575940623457988,44575
720575941469792477,720575940610321114,36559
720575941595196805,720575940638006244,91541
720575941447313428,720575940630486142,77691
720575941612947987,720575940625685381,144534
720575941434247200,720575940619992374,144634
720575941579629137,720575940623050522,94833
720575941527297869,720575940619616566,181983
720575941585537158,720575940616324386,125272
720575941581663865,720575940627118979,26338
720575941667123121,720575940612307921,233170
720575941465712662,720575940618978358,173680
720575941540563837,720575940635779959,48228
720575941484224509,720575940631476311,102527
720575941594630870,720575940605073376,564480
720575941575278479,720575940639583285,543286
720575941623126474,720575940623620425,43003
720575941579043665,720575940618307985,533652
720575941536587786,720575940647418147,58876
720575941628845350,720575940630301836,819973
720575941534175681,720575940621021632,91671
720575941403560048,720575940623469034,70107
720575941653667545,720575940634195934,88178
720575941573647867,720575940630834503,131570
720575941516573433,720575940623726691,127853
720575941533022808,720575940616677830,118725
720575941469342941,720575940631906360,96903
720575941633433285,720575940617475473,536499
720575941655725268,720575940605976492,31692
720575941393995414,720575940624778731,15629
720575941623261130,720575940610938902,808792
720575941614215699,720575940639031130,150286
720575941445100458,720575940648653700,173527
720575941579212625,720575940624460791,132259
720575941655263449,720575940612957363,21457
720575941474563936,720575940638002142,808664
720575941447786677,720575940620985697,130047
720575941519692467,720575940610692142,131878
720575941643355474,720575940634308959,167050
720575941575005960,720575940635422560,139256
720575941460458896,720575940618758278,79612
720575941608214893,720575940646200686,98023
720575941612456365,720575940631059287,187711
720575941567739380,720575940618790966,90790
720575941533098725,720575940612295374,119689
720575941572953246,720575940636018936,64226
720575941553101907,720575940611351267,909829
720575941445281556,720575940607336626,513065
720575941651370261,720575940624135687,36294
720575941579056249,720575940621508479,122806
720575941561825960,720575940636801135,134356
720575941457697183,720575940612401839,121680
720575941638100853,720575940613178866,33272
720575941433039374,720575940633067807,810724
720575941626898726,720575940625012938,804921
720575941592485995,720575940625411109,531538
720575941436391200,720575940616181137,21611
720575941537528050,720575940618688133,816397
720575941500118411,720575940633963181,92827
720575941496131783,720575940629671235,527209
720575941572627720,720575940632342603,149556
720575941477289265,720575940620652016,51118
720575941539104242,720575940647714425,130825
720575941468180502,720575940632384420,118554
720575941447140021,720575940627239336,905060
720575941516061027,720575940639636643,561724
720575941471423095,720575940610041557,539980
720575941497145417,720575940626778311,42537
720575941526543693,720575940613489893,579974
720575941579131001,720575940620002068,59081
720575941544558268,720575940633464033,86341
720575941547352381,720575940631412832,905532
720575941543611421,720575940629146191,158176
720575941558724334,720575940619748372,122919
720575941594564721,720575940620626159,94246
720575941461967629,720575940626654864,156576
720575941442121051,720575940621374049,31160
720575941495164800,720575940617077317,106150
720575941611201354,720575940622432181,69443
720575941439927131,720575940607680779,121683
720575941443553706,720575940610623186,102795
720575941481383587,720575940628638204,44232
720575941450433973,720575940605839718,197174
720575941587436087,720575940624625816,814172
720575941610454502,720575940629820026,99671
720575941595816231,720575940615123818,526156
720575941633395653,720575940629166635,219180
720575941631386272,720575940630344695,54571
720575941460820164,720575940621789311,515563
720575941550725887,720575940623365860,808346
720575941407758895,720575940621728865,91679
720575941435198350,720575940611353806,519816
720575941477310001,720575940629794603,514057
720575941529491384,720575940615230523,115149
720575941651425557,720575940617691793,23398
720575941631037344,720575940612576227,33612
720575941571781448,720575940620346840,58238
720575941611202634,720575940629944594,132662
720575941721313850,720575940614473890,49721
720575941614634905,720575940613066262,142553
720575941470870647,720575940606047874,28121
720575941564760162,720575940630853663,190160
720575941564250002,720575940625864964,547586
720575941433718670,720575940626829868,39015
720575941447846164,720575940620888897,815196
720575941633440453,720575940627968911,551280
720575941441772239,720575940632122252,30210
720575941477331777,720575940617275665,109417
720575941453335111,720575940624099608,536285
720575941489920487,720575940619581204,43402
720575941392967318,720575940625830525,31962
720575941491476430,720575940633558483,191616
720575941467575318,720575940612485489,905881
720575941655952340,720575940628977349,909786
720575941502721586,720575940611042227,142707
720575941689263835,720575940617439121,124468
720575941553628039,720575940612339810,161200
720575941594442097,720575940613515798,58324
720575941545917116,720575940614944209,181581
720575941452256839,720575940615559804,91466
720575941612967955,720575940608175061,191171
720575941589488439,720575940631608647,23542
720575941652616689,720575940621413158,64133
720575941535641370,720575940635990896,45957
720575941654095633,720575940627276675,144296
720575941554859748,720575940623280937,338286
720575941610962762,720575940623214474,60987
720575941575509096,720575940627778348,905182
720575941612263597,720575940630487594,803541
720575941466418518,720575940631101999,37800
720575941502435307,720575940615206823,165730
720575941613332444,720575940626277382,100619
720575941554173779,720575940625094548,110854
720575941689946776,720575940634263706,514532
720575941538117352,720575940606776706,551340
720575941505834821,720575940639105614,116270
720575941603028665,720575940619741632,817836
720575941580001657,720575940619769008,40963
720575941567767410,720575940607057794,165783
720575941563400455,720575940637786483,125183
720575941599106857,720575940618867357,103459
720575941502527319,720575940653619190,142754
720575941432289633,720575940621217627,108364
720575941486552070,720575940611872114,838362
720575941490829621,720575940626518302,545571
720575941624652652,720575940620243335,142359
720575941589982348,720575940622719237,124496
720575941439214124,720575940624193980,512285
720575941657585488,720575940645625892,62655
720575941551700735,720575940619659344,116828
720575941568712442,720575940631158815,118950
720575941569685618,720575940615394572,96170
720575941559695375,720575940621072832,192599
720575941399911203,720575940617339835,82299
720575941408562223,720575940612968178,160361
720575941414309268,720575940623319566,116717
720575941546821737,720575940609544917,533548
720575941598766121,720575940631124729,235593
720575941534970394,720575940610635986,101965
720575941439962431,720575940628256649,165560
720575941457174765,720575940611775254,512807
720575941596927109,720575940622045439,113180
720575941645230536,720575940632692378,815228
720575941450005831,720575940615056790,118442
720575941520887987,720575940622798216,90268
720575941552511386,720575940607860169,76107
720575941517339096,720575940644426184,103671
720575941459002015,720575940621899016,816470
720575941425917268,720575940620090957,76133
720575941503902187,720575940634204572,21274
720575941450522234,720575940623573292,108707
720575941610567498,720575940630119900,566234
720575941568606196,720575940631401698,812516
720575941591210536,720575940624567271,62511
720575941491574222,720575940607249419,15119
720575941537126549,720575940622382320,134332
720575941481597519,720575940639399157,161570
720575941568542196,720575940633060563,106111
720575941413627796,720575940640020944,163811
720575941690891160,720575940614831035,816282
720575941564810496,720575940645659683,99743
720575941545456052,720575940626490908,169330
720575941598670236,720575940623912205,159474
720575941562021778,720575940628690423,59516
720575941602012857,720575940616147573,90097
720575941436786220,720575940618717275,147665
720575941445653012,720575940626580879,145125
720575941507865157,720575940620879124,59064
720575941732589611,720575940630933266,60156
720575941430313865,720575940642372512,115974
720575941669234855,720575940655595425,150336
720575941583758726,720575940643465838,24254
720575941554055322,720575940626185104,220730
720575941561308818,720575940614093009,810416
720575941667196593,720575940638254569,800878
720575941476470081,720575940627032719,194580
720575941478080992,720575940623356118,821270
720575941598406300,720575940620121941,104178
720575941506899806,720575940610070596,545048
720575941456137375,720575940635891546,815120
720575941455526762,720575940613284527,913294
720575941481938118,720575940606583072,89884
720575941631008748,720575940605591730,179749
720575941651363349,720575940621679937,174028
720575941542351621,720575940642666440,811160
720575941474265659,720575940629878981,57111
720575941623446154,720575940625304094,66322
720575941592508523,720575940622069347,905798
720575941436339244,720575940645652788,557249
720575941588752382,720575940615488935,516148
720575941516721324,720575940619353536,51582
720575941562831616,720575940631246122,163266
720575941485360848,720575940625817256,269054
720575941548938017,720575940605720497,17196
720575941563942802,720575940613264537,57207
720575941595794727,720575940616417090,518946
720575941690020827,720575940643053620,37302
720575941442123727,720575940614896571,223381
720575941575525558,720575940605931906,820141
720575941564526848,720575940628522257,55311
720575941625593034,720575940624346564,79704
720575941590209591,720575940629539943,118361
720575941627263270,720575940624089929,146924
720575941446178324,720575940630503639,118606
720575941474928955,720575940614971550,112291
720575941589625143,720575940619897680,308871
720575941479928450,720575940626365958,87311
720575941447808334,720575940613470378,77809
720575941477437492,720575940631321704,57386
720575941542017116,720575940635749112,28138
720575941430435721,720575940626930813,114830
720575941478128193,720575940622613324,173260
720575941514777235,720575940630149207,98018
720575941487977936,720575940618986048,28647
720575941459611076,720575940623535318,175433
720575941630371269,720575940632759912,547317
720575941537550056,720575940637395278,70386
720575941503574210,720575940620260980,915047
720575941655370196,720575940637225328,93251
720575941409903531,720575940623257224,51014
720575941582762079,720575940623902029,29963
720575941414252180,720575940627318794,120793
720575941550278911,720575940615708566,129733
720575941450014798,720575940617273233,49235
720575941627758393,720575940616662284,539689
720575941606054509,720575940630871260,178814
720575941429673720,720575940614559894,60574
720575941601054761,720575940621686406,546043
720575941569361140,720575940629259095,357238889
720575941579807221,720575940619841407,828907
720575941595697541,720575940626791964,580414
720575941549671997,720575940632263528,54023
720575941519274419,720575940608831701,125333
720575941548802164,720575940627488455,817890
720575941461398980,720575940617717282,165833
720575941679715005,720575940629340012,134374
720575941568440058,720575940633668269,520192
720575941667645683,720575940633300962,542846
720575941640856351,720575940616539531,90423
720575941614867097,720575940617801265,142067
720575941513851651,720575940619396933,137236
720575941534258008,720575940636066155,130077
720575941476112193,720575940626777496,86821
720575941599284160,720575940632479289,147876
720575941408028719,720575940627951256,126741
720575941512563921,720575940620225542,92374
720575941547239229,720575940630006267,45572
720575941411790251,720575940623325654,140915
720575941659104336,720575940627146439,172430
720575941618503039,720575940623913933,45439
720575941409418923,720575940626467417,74817
720575941504234149,720575940626862692,79601
720575941580011641,720575940621849861,30658
720575941505912645,720575940626752920,80933
720575941599739433,720575940625556738,149866
720575941527209144,720575940625973135,811990
720575941542779421,720575940627618191,806549
720575941500203170,720575940611396266,91937
720575941566273895,720575940622224816,30944
720575941478568160,720575940629082883,54348
720575941553220670,720575940632616991,199181
720575941572850334,720575940613065907,488516
720575941480222799,720575940614540300,197209
720575941478474602,720575940630272108,112879
720575941567872302,720575940626616578,88705
720575941574726651,720575940613888483,539398
720575941572941967,720575940647961652,228085
720575941510951378,720575940628554999,20915
720575941491304654,720575940609768345,97340
720575941544958652,720575940644957732,138413
720575941414700948,720575940620926996,145007
720575941563364754,720575940640292571,96711
720575941492044007,720575940624404115,179884
720575941469145611,720575940629639674,97091
720575941408577583,720575940621580715,34535
720575941469266397,720575940651060214,102411
720575941505918012,720575940622744327,109835
720575941505052439,720575940635893867,93185
720575941535614913,720575940617989094,144590
720575941586869982,720575940606744766,94762
720575941568119154,720575940627811132,245479
720575941584920159,720575940624008803,212171
720575941352670768,720575940610585366,58727
720575941645261768,720575940621431247,813544
720575941444075178,720575940652234998,113949
720575941471034999,720575940630389886,926939
720575941550930175,720575940626252925,817749
720575941472062475,720575940625356109,25499
720575941545388037,720575940637297892,188071
720575941574919163,720575940648672644,19372
720575941562852520,720575940628428796,129410
720575941633589701,720575940631935116,42197
720575941577660241,720575940618622191,944625
720575941568078586,720575940635164768,110853
720575941526707878,720575940623337471,104014
720575941476286529,720575940628371962,108348
720575941618470271,720575940626840932,48643
720575941431158153,720575940628002792,77838
720575941609322058,720575940624377096,34609
720575941632089019,720575940613253811,34806
720575941578831193,720575940634735255,116219
720575941555942739,720575940632179364,71120
720575941431546616,720575940632727577,94052
720575941481247651,720575940629493351,31822
720575941655178201,720575940633706080,808933
720575941679089391,720575940629568331,908661
720575941645559160,720575940620643419,524783
720575941497285504,720575940617062486,100266
720575941639665183,720575940643782048,902341
720575941550410495,720575940639796643,143661
720575941658263320,720575940616628921,25404
720575941662461496,720575940629331663,129866
720575941573755535,720575940626664956,515605
720575941568706810,720575940629789007,189699
720575941498753761,720575940610288174,533998
720575941548376180,720575940618700322,113165
720575941516552814,720575940633813940,902293
720575941471562615,720575940639771453,518672
720575941494910334,720575940640259150,189733
720575941547008617,720575940629162551,81437
720575941610307245,720575940617067276,182470
720575941465489238,720575940628312681,193595
720575941651410705,720575940614695611,513887
720575941507663745,720575940628889347,160012
720575941560970920,720575940632662867,80898
720575941640046367,720575940613927208,102314
720575941485464898,720575940621590237,811976
720575941547761185,720575940632452909,164482
720575941573026462,720575940639205951,40705
720575941497818593,720575940636813936,119876
720575941549367613,720575940610381380,101855
720575941487346384,720575940619899668,43147
720575941594463015,720575940621801310,81419
720575941456850157,720575940625727560,156792
720575941431407575,720575940629856505,33278
720575941471017483,720575940612998362,99055
720575941390336260,720575940626630673,813706
720575941578206545,720575940630107035,530628
720575941539547517,720575940608517385,148680
720575941410769835,720575940621350070,126158
720575941526425369,720575940613338738,173066
720575941449816240,720575940623146378,71389
720575941578270545,720575940634009183,134181
720575941591566376,720575940622521323,101054
720575941437674540,720575940617123028,58016
720575941492158951,720575940620773200,145645
720575941433538958,720575940626257764,67669
720575941437668319,720575940622621701,514453
720575941529763972,720575940611948238,819696
720575941475557681,720575940629783082,814276
720575941688908763,720575940616212934,104570
720575941701824986,720575940639690659,97101
720575941460342086,720575940630368256,121936
720575941477715562,720575940624647299,167039
720575941551713415,720575940608433091,910737
720575941528485835,720575940621771402,810097
720575941590957608,720575940623253640,91018
720575941633896891,720575940635807087,78811
720575941610870118,720575940627511960,122436
720575941469015005,720575940628479964,74316
720575941490286030,720575940635860890,67219
720575941584843910,720575940632615711,175741
720575941450777934,720575940653919137,107540
720575941599490345,720575940620584497,70894
720575941686871535,720575940635291247,158470
720575941436240672,720575940621780464,123017
720575941486454790,720575940619232448,58402
720575941534286090,720575940632889645,145967
720575941511734994,720575940607049673,143432
720575941461586643,720575940621397953,20947
720575941670330289,720575940640438094,158095
720575941449761973,720575940615505714,131007
720575941592780840,720575940624020173,86886
720575941558449523,720575940613463318,102623
720575941506706817,720575940630676183,146517
720575941439433663,720575940615682246,61339
720575941551644222,720575940629390700,45279
720575941632670149,720575940619183158,110275
720575941620584575,720575940633646253,123232
720575941516816275,720575940615344849,523688
720575941526171981,720575940623315455,82608
720575941588123902,720575940610451123,816263
720575941581362271,720575940639230180,810927
720575941702537178,720575940620534710,439101
720575941408758955,720575940634941614,99636
720575941568507642,720575940616631001,826083
720575941432417239,720575940619355185,148529
720575941687115247,720575940622886663,815872
720575941393400726,720575940623311496,546824
720575941602776054,720575940622524148,107893
720575941722109754,720575940617642101,99524
720575941630006984,720575940630040567,19972
720575941642864485,720575940629725302,56330
720575941457116653,720575940630213632,542084
720575941485828749,720575940623061735,255646
720575941533062885,720575940618444571,199276
720575941656678424,720575940616029218,48933
720575941552230655,720575940638665818,109188
720575941588800567,720575940606412771,97724
720575941581220985,720575940622781865,82963
720575941587324740,720575940620989862,59247
720575941504314418,720575940622688380,174025
720575941475671099,720575940618449553,140420
720575941565602567,720575940616836294,150209
720575941526740836,720575940637994173,815186
720575941473432618,720575940624643336,80786
720575941652878833,720575940620567723,19922
720575941485821702,720575940637095514,61641
720575941477520180,720575940629175292,31434
720575941546345065,720575940628880912,109969
720575941632996512,720575940632788025,818499
720575941565086103,720575940633186771,150109
720575941611264842,720575940608498955,112947
720575941532900586,720575940628127208,550187
720575941408480683,720575940625612474,1050015101
720575941540212429,720575940630281687,37152
720575941480997250,720575940623018339,128290
720575941555309825,720575940615348330,98249
720575941525349197,720575940627201380,129403
720575941488514101,720575940643322509,138003
720575941554220571,720575940620201176,46228
720575941505968549,720575940621153702,267744
720575941460815571,720575940624754919,51031
720575941594671062,720575940625578895,170978
720575941558985999,720575940609123083,929955
720575941568018938,720575940615354811,553237
720575941584327902,720575940612658858,532856
720575941534612568,720575940613136613,101530
720575941430514903,720575940647406115,206146
720575941643352737,720575940627759753,116311
720575941565866338,720575940626257930,533496
720575941721835066,720575940646051460,84127
720575941507543425,720575940613338349,811918
720575941616922581,720575940630425119,131434
720575941732788011,720575940626917903,152764
720575941613893084,720575940604728800,141510
720575941400022819,720575940640567760,39328
720575941592982486,720575940609779524,58423
720575941449426766,720575940622193953,81360
720575941459035039,720575940628767217,520455
720575941471190647,720575940624455050,511892
720575941517196460,720575940629956624,221635
720575941539999693,720575940606260158,183387
720575941643949413,720575940625306812,67613
720575941603152830,720575940629474686,127017
720575941535233002,720575940628060986,519031
720575941611037414,720575940610929379,44041
720575941495729019,720575940610501315,935389
720575941543459101,720575940609411779,529557
720575941651340821,720575940635345271,16723
720575941430052489,720575940639826640,177642
720575941481732026,720575940627635972,96168
720575941506557500,720575940608471049,12260
720575941620518527,720575940631921751,167117
720575941519529388,720575940639213621,137448
720575941523782475,720575940640694912,30301
720575941613135068,720575940633415137,77733
720575941610693293,720575940611302293,39715
720575941431132041,720575940626441772,98520
720575941460884435,720575940642924941,191456
720575941476609642,720575940626951549,111919
720575941563141800,720575940628058897,205783
720575941492271335,720575940625914405,532622
720575941543656989,720575940608285788,186448
720575941587317572,720575940622459169,107802
720575941471759223,720575940629248771,140003
720575941569799412,720575940639585112,512783
720575941409059502,720575940629860858,115685
720575941502333015,720575940633396900,111960
720575941558395630,720575940623379965,79816
720575941426123092,720575940617109597,20270
720575941593478696,720575940640179328,96319
720575941438955611,720575940625347657,815336
720575941575099401,720575940632815199,137938
720575941542265093,720575940631914856,805591
720575941402944368,720575940634993177,229481
720575941670655399,720575940630715410,151370
720575941587726404,720575940631520056,122480
720575941494436295,720575940614233767,139359
720575941545286792,720575940623897096,161542
720575941515396451,720575940626164286,50581
720575941629493986,720575940627867208,146136
720575941578339409,720575940636849519,526453
720575941449108302,720575940609128201,96917
720575941614800147,720575940621593468,46585
720575941632854432,720575940625181112,154718
720575941509288658,720575940611083413,129286
720575941524355353,720575940626071566,810061
720575941518058200,720575940619812773,105583
720575941514187354,720575940632319762,211933
720575941448938677,720575940613732271,42182
720575941641682277,720575940615862459,60886
720575941501794443,720575940623142157,108954
720575941550712894,720575940619353649,177060
720575941599366336,720575940621407659,53605
720575941631321314,720575940625892284,226103
720575941653846545,720575940628030863,128788
720575941413109140,720575940604218028,133575
720575941568127858,720575940624580390,181476
720575941536195560,720575940627024698,144909
720575941533782360,720575940633206753,90648
720575941534738113,720575940619338053,84025
720575941481328326,720575940614310195,236135
720575941598023068,720575940623788012,37562
720575941408854575,720575940628321512,928855
720575941460417680,720575940627331856,105987
720575941467871965,720575940629388785,139575
720575941440052959,720575940619861963,143450
720575941519719278,720575940618639189,134174
720575941482752765,720575940637416026,811237
720575941534628874,720575940634806297,118785
720575941592736552,720575940655140257,111231
720575941440256859,720575940617657205,95155
720575941583655263,720575940619776495,54606
720575941430450825,720575940617005383,125848
720575941550391668,720575940627875388,806589
720575941551840027,720575940629299018,24484
720575941575036573,720575940635606629,570976
720575941408888623,720575940606779484,93354
720575941494518471,720575940636197300,199937
720575941565575134,720575940614640424,123723
720575941631457989,720575940604364222,805545
720575941573079112,720575940633278156,54083
720575941658622288,720575940627431940,63477
720575941653428241,720575940621806689,182678
720575941515386115,720575940628777463,78453
720575941557268004,720575940621791664,26796
720575941449217358,720575940625191100,82409
720575941506643772,720575940626668304,105345
720575941686876022,720575940617789524,42533
720575941413099156,720575940627330366,149780
720575941526580902,720575940627811825,63863
720575941481530307,720575940630663034,164847
720575941516477530,720575940608340828,137619
720575941433920142,720575940625557125,83488
720575941574420489,720575940618819974,116020
720575941517279123,720575940639062342,75241
720575941410866347,720575940604786912,102170
720575941461746131,720575940628475398,27462
720575941569529332,720575940623838186,573635
720575941474372960,720575940616606139,563731
720575941463608589,720575940617865190,88587
720575941490103783,720575940616480342,118583
720575941416297244,720575940626792025,305187
720575941506947678,720575940618311398,109859
720575941560546675,720575940621279659,109269
720575941482592707,720575940627519109,65158
720575941590948648,720575940633288032,63067
720575941469883712,720575940617382740,76468
720575941486673730,720575940635312794,543969
720575941559254254,720575940620881005,135615
720575941644979656,720575940626263298,54984
720575941452504135,720575940631709900,120390
720575941507132510,720575940646039575,152679
720575941481435389,720575940610214769,74016
720575941521665715,720575940640110670,82159
720575941628462630,720575940623002099,39190
720575941539570674,720575940632123020,535947
720575941658119192,720575940613252778,184935
720575941484031997,720575940621263792,67847
720575941527438873,720575940617469067,532088
720575941446836947,720575940611805589,818087
720575941610377702,720575940638093534,128424
720575941414217364,720575940624076936,65828
720575941559611118,720575940629996539,25789
720575941412196207,720575940630432323,30980
720575941416354844,720575940625364557,72819
720575941461668240,720575940636135799,76811
720575941525708388,720575940621138414,83697
720575941468093405,720575940615454206,101753
720575941574286991,720575940642642996,76223
720575941413972628,720575940621953797,157163
720575941498625403,720575940614719574,817374
720575941466726230,720575940620116001,818593
720575941435654944,720575940606013886,79127
720575941625422026,720575940616085884,181760
720575941566488886,720575940628599401,541395
720575941582296697,720575940636536756,809816
720575941565417223,720575940634121055,38876
720575941539618802,720575940612633770,118300
720575941641907045,720575940621813357,131113
720575941414594708,720575940624649964,67815
720575941555372289,720575940631572536,58200
720575941451176014,720575940608933212,88939
720575941490844878,720575940631037148,551070
720575941568035322,720575940640503181,76659
720575941543534597,720575940633490003,71708
720575941413938972,720575940628747537,543835
720575941590982398,720575940617632133,154390
720575941488512462,720575940630710124,124914
720575941555989156,720575940638088026,130166
720575941469896669,720575940633734366,139162
720575941518066904,720575940646307574,60609
720575941575953256,720575940606756785,69815
720575941584949214,720575940626393858,53275
720575941643829861,720575940629515024,95595
720575941506844183,720575940613239282,147737
720575941469827549,720575940623268902,511979
720575941476303210,720575940631095097,55590
720575941652416789,720575940614029743,117161
720575941598179264,720575940619535563,56315
720575941430847919,720575940615480610,121408
720575941517030035,720575940619299397,537635
720575941687076470,720575940634649826,80406
720575941660807548,720575940621761057,815534
720575941565552135,720575940624177845,542026
720575941617942229,720575940626396816,119004
720575941351427888,720575940619966032,109296
720575941689077878,720575940615326098,114422
720575941627955238,720575940629947383,150121
720575941631324357,720575940626068836,94429
720575941534361688,720575940638135359,134605
720575941433315872,720575940626580794,808673
720575941701320154,720575940604668094,135343
720575941563232775,720575940632522538,106363
720575941463097613,720575940631106364,29687
720575941442116443,720575940629581946,189219
720575941533922435,720575940620780014,189800
720575941510713810,720575940617643810,102232
720575941572113736,720575940611986602,116587
720575941469527261,720575940632626223,82152
720575941626610284,720575940624885255,75759
720575941546240617,720575940629029904,544335
720575941587877956,720575940622178940,110461
720575941471126795,720575940623078985,162643
720575941566465838,720575940620439488,109590
720575941537319154,720575940639831155,129586
720575941643633746,720575940634222687,548528
720575941612038364,720575940620994656,105038
720575941450186874,720575940627739755,122539
720575941628946982,720575940645859863,515695
720575941685909743,720575940633050334,67802
720575941527073538,720575940628873987,108762
720575941614682899,720575940630054503,179318
720575941439205420,720575940629939447,137104
720575941454975539,720575940622886426,811433
720575941480931011,720575940611875570,810284
720575941572264008,720575940614902183,124752
720575941436821983,720575940622613974,116308
720575941723071034,720575940629907984,119076
720575941540687229,720575940634480736,134938
720575941554801380,720575940625655754,141775
720575941566480950,720575940633422675,147028
720575941611192650,720575940625041084,105382
720575941431703215,720575940629125635,111568
720575941513928794,720575940620936583,68145
720575941485840390,720575940614784710,807041
720575941454483763,720575940635880383,120491
720575941511868882,720575940644038600,551708
720575941610059497,720575940621303024,28853
720575941563203335,720575940623657677,200946
720575941671135655,720575940617042873,119245
720575941477268586,720575940609700547,99538
720575941518451116,720575940628034307,154023
720575941512513233,720575940630795513,108909
720575941486904461,720575940635292570,548756
720575941505082181,720575940621602743,155400
720575941456263274,720575940632079277,816459
720575941572465566,720575940620926740,812168
720575941553029274,720575940638411497,230008
720575941431172311,720575940618185296,102548
720575941610767178,720575940628930151,71337
720575941688948120,720575940625641203,70334
720575941432876302,720575940637382000,553752
720575941518448088,720575940637665626,825237
720575941460362566,720575940632021290,137672
720575941564889654,720575940619283269,144202
720575941533808106,720575940622955561,132000
720575941554686362,720575940609054020,62143
720575941507491934,720575940631884883,517481
720575941534283786,720575940639396174,133778
720575941600709417,720575940625606916,196930
720575941625482442,720575940624846375,105272
720575941459257043,720575940608404747,122268
720575941481924803,720575940630447691,173379
720575941501663467,720575940612381925,79470
720575941452061353,720575940624672868,48209
720575941516259930,720575940628400650,70574
720575941553977735,720575940630703607,64211
720575941502638642,720575940629139718,150946
720575941525116493,720575940617953537,84039
720575941523364683,720575940619909430,81241
720575941579992953,720575940615051158,62610
720575941572891657,720575940646844451,206597
720575941597059996,720575940644768292,59477
720575941477677108,720575940620798086,549782
720575941572998153,720575940615737503,117240
720575941554207315,720575940634827671,34338
720575941535149539,720575940611778713,808818
720575941461382413,720575940630678009,65216
720575941538161128,720575940605651558,536438
720575941500710283,720575940625642061,197058
720575941531147467,720575940606657214,529621
720575941413070737,720575940627871253,83160
720575941466929238,720575940620702234,262035
720575941482278074,720575940618154897,157799
720575941452267386,720575940628807409,144491
720575941514394956,720575940621748212,514264
720575941669951409,720575940621070797,43992
720575941514674010,720575940619146048,541503
720575941624252924,720575940618142513,52533
720575941432530785,720575940631944775,78220
720575941535033432,720575940610395438,36439
720575941563373458,720575940612747158,122892
720575941529350347,720575940615644319,80839
720575941624651516,720575940621202112,551320
720575941478061987,720575940629106438,807065
720575941723867450,720575940638344026,99924
720575941435681934,720575940625206549,131597
720575941503486699,720575940609226702,912353
720575941641771346,720575940640696539,171009
720575941595829916,720575940621421733,46629
720575941625800650,720575940626456586,206886
720575941527216772,720575940604908716,146195
720575941573069896,720575940622041633,122438
720575941512608588,720575940627563014,67783
720575941576514742,720575940621618342,587934
720575941528419000,720575940632611399,96964
720575941581559417,720575940618583453,165110
720575941669973415,720575940627780229,116409
720575941669938087,720575940630625918,102180
720575941558982003,720575940624945907,116109
720575941633280160,720575940623155224,74804
720575941535972106,720575940628202383,187448
720575941645401249,720575940625662352,120615
720575941645708920,720575940626728323,809254
720575941601983990,720575940633697983,142570
720575941536062435,720575940639375182,58460
720575941559971087,720575940622533334,820209
720575941527198285,720575940613484697,141683
720575941476810858,720575940615467938,23708
720575941679569853,720575940635237487,817588
720575941431453321,720575940619173440,157142
720575941562998184,720575940615638246,538966
720575941516903022,720575940635841143,810465
720575941530695627,720575940633724767,74417
720575941580268409,720575940629292785,98845
720575941572955656,720575940628661391,162563
720575941458109766,720575940614426065,139236
720575941581280377,720575940650469753,153950
720575941607476077,720575940631544313,173612
720575941467045974,720575940644444064,17828
720575941721125178,720575940626336381,137949
720575941485190352,720575940613778925,819608
720575941534806872,720575940640867747,183239
720575941454672691,720575940618796701,531391
720575941525923238,720575940616673851,542158
720575941595815463,720575940612845590,27479
720575941592868133,720575940622099893,66750
720575941522820683,720575940629109212,108349
720575941491592398,720575940631978543,24807
720575941628399142,720575940647803524,88828
720575941554030363,720575940623579371,29895
720575941642139493,720575940618182178,90168
720575941475487262,720575940639400819,121309
720575941539699837,720575940621426559,143024
720575941661023288,720575940622771592,58511
720575941568154994,720575940625700964,563482
720575941459979590,720575940623498378,58230
720575941505236284,720575940630166267,135046
720575941547444257,720575940626118448,136696
720575941453473075,720575940654525601,449558
720575941608151405,720575940629105001,74958
720575941723443770,720575940635159476,48456
720575941431296248,720575940632652319,69865
720575941486277382,720575940619734987,95364
720575941440993471,720575940633806765,107149
720575941613512089,720575940620429183,103581
720575941407283118,720575940636678884,77291
720575941527140964,720575940623552723,111875
720575941588832766,720575940640896128,123222
720575941535812033,720575940609663812,124518
720575941657679128,720575940641704077,909688
720575941655289556,720575940604712113,69396
720575941449852794,720575940632936985,586607
720575941573315983,720575940610510275,144907
720575941515160931,720575940604809184,146115
720575941511138124,720575940611401709,816700
720575941701850842,720575940629687143,179266
720575941605954413,720575940619166029,142363
720575941440005599,720575940626844815,157421
720575941551602311,720575940635095141,56132
720575941506063932,720575940641816539,78436
720575941516259171,720575940616978482,134741
720575941557155855,720575940632241036,812624
720575941591836011,720575940633532898,55380
720575941641018911,720575940623711979,514228
720575941659252560,720575940612896485,38445
720575941469041629,720575940632613549,37346
720575941626471562,720575940636971497,119802
720575941513999057,720575940625702124,47989
720575941625112940,720575940633350175,519275
720575941432403041,720575940634436508,99540
720575941572811592,720575940615173799,118803
720575941611920045,720575940608127666,807408
720575941542584837,720575940621564042,516133
720575941513388387,720575940627919121,406046
720575941513913164,720575940627446415,55930
720575941483358717,720575940616786433,34361
720575941448427540,720575940637662298,111679
720575941577267289,720575940643482784,110722
720575941563749800,720575940605607596,97081
720575941625438875,720575940630788370,29116
720575941498987938,720575940622111058,123291
720575941571698184,720575940615790310,811250
720575941453110441,720575940618009318,517598
720575941548268577,720575940632131403,111723
720575941525209766,720575940623695252,829156
720575941552688702,720575940620026351,77085
720575941432512983,720575940611982322,28068
720575941431026351,720575940630461302,80492
720575941544238597,720575940644431776,169455
720575941543534085,720575940644929828,137502
720575941731385643,720575940621488922,143159
720575941466435670,720575940611972977,143585
720575941458531743,720575940625035668,128122
720575941593897579,720575940621932897,101047
720575941592448808,720575940639400307,151537
720575941627040057,720575940604576689,110701
720575941472479584,720575940639814051,507558
720575941545045765,720575940623246995,155572
720575941574926088,720575940617061819,73202
720575941507657488,720575940647909252,115324
720575941613208851,720575940631162386,104191
720575941595426437,720575940614060829,812192
720575941595079126,720575940620292116,137011
720575941442109903,720575940646445422,120172
720575941486705872,720575940608368306,109258
720575941448296212,720575940637409198,38019
720575941491131598,720575940633852046,125043
720575941526278681,720575940627237651,145560
720575941530226616,720575940622150128,121785
720575941483605245,720575940614422439,164977
720575941429296303,720575940620519616,86938
720575941613065180,720575940631160111,86085
720575941551035527,720575940615436893,1050390112
720575941549856033,720575940626815128,550752
720575941488679989,720575940635590324,143028
720575941539619164,720575940619704656,70740
720575941554455067,720575940610183619,117358
720575941499107041,720575940629175093,168708
720575941579905913,720575940620550004,70368
720575941405201008,720575940626163837,58608
720575941415352348,720575940622305825,103796
720575941490805966,720575940625346633,82425
720575941524153675,720575940635806638,82770
720575941690675352,720575940605047753,157530
720575941534717377,720575940622320874,95020
720575941482879942,720575940650055801,525027
720575941527150850,720575940632443960,22824
720575941518658264,720575940616331679,84449
720575941573038843,720575940614682274,804491
720575941687006988,720575940640847568,136746
720575941493526704,720575940631777221,536883
720575941485746242,720575940627187477,140476
720575941681630397,720575940631307382,84968
720575941560252531,720575940604709152,88103
720575941591768939,720575940620779246,151476
720575941665097203,720575940604659424,110969
720575941509262546,720575940627773416,91388
720575941627299641,720575940616836564,38863
720575941624913546,720575940618277456,31037
720575941563851415,720575940631929647,134110
720575941501946859,720575940631271564,121185
720575941558407539,720575940627912884,188427
720575941589522316,720575940617845277,217360
720575941587968823,720575940617156445,815036
720575941510945234,720575940644052128,86737
720575941400265763,720575940622075928,811624
720575941516031834,720575940622673703,161865
720575941731747627,720575940617873566,111571
720575941535579585,720575940622060040,79664
720575941640301599,720575940639751502,529443
720575941506893441,720575940617641702,163343
720575941480309923,720575940627456811,33390
720575941494549120,720575940610493508,69231
720575941722888250,720575940630075979,100514
720575941550524532,720575940620956331,119356
720575941632582331,720575940625700124,1051680335
720575941553490177,720575940618566557,145842
720575941483677114,720575940635231839,27604
720575941449194574,720575940605756844,95049
720575941612246445,720575940626902602,157838
720575941564884119,720575940627911895,24010
720575941497254784,720575940611121557,530386
720575941669531569,720575940628357126,807109
720575941506682903,720575940630677807,118808
720575941431493473,720575940627232830,106769
720575941470892555,720575940607013297,43774
720575941479021792,720575940625090997,539978
720575941453274695,720575940615370646,519115
720575941426647380,720575940611525070,544433
720575941663052856,720575940622449541,112128
720575941471077751,720575940622832398,84971
720575941430708321,720575940633810062,124568
720575941461266116,720575940628345109,23298
720575941471240000,720575940631018031,818772
720575941519456684,720575940625186283,165793
720575941631828923,720575940619367872,127350
720575941502410635,720575940653292790,56979
720575941608517194,720575940614012134,174342
720575941425603668,720575940623535340,546440
720575941500231842,720575940636488805,94259
720575941572855198,720575940620526897,147336
720575941568591662,720575940632578607,149909
720575941626115641,720575940612855475,71656
720575941417075996,720575940623208918,207371
720575941558696819,720575940626047506,103206
720575941413402769,720575940605622118,233211
720575941440870607,720575940653233569,819236
720575941411040427,720575940626857220,41664
720575941459420486,720575940629671440,76763
720575941653002713,720575940614710737,124463
720575941540370893,720575940636605530,170366
720575941574760861,720575940610729796,192361
720575941552846215,720575940627288506,575914
720575941415286044,720575940637078591,558344
720575941508762066,720575940633888608,581219
720575941558126863,720575940618202013,135475
720575941626145081,720575940619410501,117101
720575941471076107,720575940646415907,161888
720575941595614321,720575940625003582,92220
720575941516467705,720575940629874492,259716
720575941643493733,720575940646073454,135340
720575941539548565,720575940622337712,94946
720575941495316864,720575940629814071,35408
720575941661771132,720575940630782671,240901
720575941575135119,720575940636665407,87891
720575941611553866,720575940606515814,109170
720575941564753767,720575940620348144,110187
720575941448685390,720575940628470268,90467
720575941503566898,720575940633426168,47108
720575941575557263,720575940640660029,140362
720575941514744154,720575940634465762,79558
720575941662944312,720575940640047925,512369
720575941534038165,720575940639169597,815044
720575941451926394,720575940624308203,808620
720575941476922161,720575940638106446,188311
720575941500919179,720575940635798975,101970
720575941560177523,720575940635135327,280250
720575941662619192,720575940621111728,184931
720575941594897622,720575940627176424,903482
720575941700618970,720575940612079853,815097
720575941522333259,720575940621711365,132487
720575941618246783,720575940624837048,57905
720575941437251858,720575940630830458,556894
720575941643997128,720575940629899011,148997
720575941475738673,720575940619595391,83456
720575941564777874,720575940617909341,54194
720575941481330115,720575940638200297,29694
720575941502647895,720575940629664847,233788
720575941450172794,720575940610492867,158482
720575941438904155,720575940623117406,28946
720575941535749569,720575940617688267,133953
720575941644502392,720575940619083349,18665
720575941632284908,720575940631236311,89306
720575941438943061,720575940626096138,56560
720575941535115096,720575940615667094,548597
720575941516690323,720575940645505844,44889
720575941353147440,720575940619025232,142470
720575941580322897,720575940628131057,130863
720575941494538622,720575940618570053,128759
720575941642645112,720575940613994671,117095
720575941512021458,720575940622789409,25277
720575941535524696,720575940614176296,75532
720575941534560746,720575940627541265,43027
720575941474431274,720575940632465465,159072
720575941495006663,720575940609068809,581058
720575941530253752,720575940619561014,117546
720575941498025122,720575940634953663,59376
720575941617820373,720575940636645624,818944
720575941478028097,720575940618980662,23951
720575941454106419,720575940620612657,98550
720575941549998369,720575940618427712,98490
720575941624812187,720575940627398855,810085
720575941545509737,720575940635846847,82888
720575941407986735,720575940630827001,238950
720575941592846376,720575940614482227,157002
720575941508880257,720575940635101631,558684
720575941604227006,720575940618212379,532265
720575941480969379,720575940637380062,178303
720575941488778805,720575940616087323,544257
720575941613480601,720575940625772431,247098
720575941669547185,720575940624246922,131555
720575941496964219,720575940627404298,36084
720575941585098206,720575940635865189,65915
720575941560006159,720575940655101857,533614
720575941561831336,720575940632723807,75179
720575941545246088,720575940615787554,1050607195
720575941625587308,720575940630817068,127001
720575941652621073,720575940637893190,818488
720575941518881964,720575940615360657,814733
720575941547749556,720575940623005453,18067
720575941625170796,720575940634675169,61198
720575941458869151,720575940636771758,101958
720575941631538619,720575940628516867,201024
720575941455725037,720575940647031940,134325
720575941532507267,720575940606450955,96320
720575941599306176,720575940624012692,36351
720575941565710743,720575940604471473,76725
720575941458954054,720575940629625466,69649
720575941626896778,720575940617217510,189167
720575941645710792,720575940640379277,549025
720575941564755047,720575940621561328,111737
720575941511593938,720575940620729792,68152
720575941503654379,720575940623104973,541621
720575941548598920,720575940638860496,66230
720575941536454922,720575940638317683,226306
720575941620456319,720575940625499409,526099
720575941445399722,720575940626686481,114908
720575941559548654,720575940627007869,37697
720575941549773117,720575940645333870,45596
720575941508773505,720575940630308352,122185
720575941504010434,720575940626336328,58276
720575941498910587,720575940631475052,35264
720575941433073166,720575940628360812,45097
720575941441742783,720575940631217751,123542
720575941511474130,720575940613064488,143368
720575941521997747,720575940631721559,117072
720575941638679327,720575940623010345,107812
720575941568296494,720575940623553936,41420
720575941631188450,720575940617492180,61860
720575941498765129,720575940624132871,906498
720575941471569931,720575940621533481,24365
720575941514062412,720575940627547153,86024
720575941494729415,720575940627534613,93460
720575941469395319,720575940625523896,182454
720575941627789113,720575940618878209,157404
720575941512465617,720575940632422504,117265
720575941536314005,720575940632137770,908870
720575941516702355,720575940623309035,35135
720575941518047916,720575940645345134,515043
720575941491897292,720575940627788968,49119
720575941688173295,720575940618989421,134438
720575941502668738,720575940633729069,817554
720575941507571223,720575940627222409,146897
720575941480332930,720575940619601690,93054
720575941568236914,720575940613392877,132028
720575941462029252,720575940625832478,117978
720575941502832946,720575940624245543,20904
720575941401571107,720575940620964011,127351
720575941587093470,720575940633172194,532246
720575941626525339,720575940610322638,138990
720575941481935811,720575940620967679,940297
720575941547615521,720575940621699873,81123
720575941459294960,720575940640159651,549987
720575941540711037,720575940620309876,116251
720575941564699190,720575940628655632,114084
720575941670508465,720575940622056692,151299
720575941632113056,720575940628056316,813922
720575941408082350,720575940628023296,119659
720575941495485566,720575940616883851,65077
720575941590072375,720575940614640031,911985
720575941575192680,720575940622298793,114415
720575941603239102,720575940624374601,135932
720575941653928916,720575940623532056,80424
720575941565833826,720575940619163051,85685
720575941529445252,720575940627463665,130255
720575941534617610,720575940647515780,116046
720575941702378970,720575940623911354,61907
720575941516093945,720575940609033993,108625
720575941567010930,720575940630164028,116594
720575941483937789,720575940623314505,36481
720575941643175013,720575940613579682,513485
720575941593548840,720575940624634602,182569
720575941435410062,720575940625059765,15524
720575941564872850,720575940621094022,102706
720575941455764717,720575940610083682,823027
720575941403052400,720575940626785840,62008
720575941527236708,720575940638763846,109573
720575941487135494,720575940628293575,518215
720575941589586572,720575940631824455,96727
720575941591618411,720575940618009817,171111
720575941413718932,720575940633782135,200512
720575941450269021,720575940609870798,335986
720575941479513679,720575940615857982,128990
720575941666300403,720575940614169086,29730
720575941581769593,720575940625339372,94638
720575941596497009,720575940638818749,531007
720575941609737958,720575940605552818,36705
720575941576493657,720575940625857923,908827
720575941509480464,720575940620494708,809714
720575941438576914,720575940616355852,192562
720575941540607693,720575940647954564,49768
720575941624735996,720575940660333185,117084
720575941583133279,720575940629512208,110384
720575941411455599,720575940609390805,136235
720575941547294836,720575940630820396,108466
720575941614036121,720575940629914115,98349
720575941557270052,720575940625101841,804575
720575941585121414,720575940605565886,85377
720575941506197026,720575940632836435,86025
720575941686360303,720575940619201950,548999
720575941548986913,720575940633368275,66925
720575941524799490,720575940627119178,125122
720575941447043604,720575940619985985,815157
720575941599661097,720575940617694182,167064
720575941496090567,720575940647964281,108399
720575941493772976,720575940623226259,531493
720575941546205108,720575940631796909,807231
720575941603897529,720575940625763973,24525
720575941530305720,720575940622653278,179340
720575941580249077,720575940650866553,164932
720575941663788412,720575940631423941,545991
720575941463579149,720575940611287928,16679
720575941598291904,720575940631983185,1050088257
720575941499580489,720575940614201640,125575
720575941450867527,720575940630306151,104782
720575941572018504,720575940620704608,135956
720575941501891819,720575940629890364,102606
720575941688163190,720575940625504318,149125
720575941438974687,720575940636650382,103855
720575941568532014,720575940620023261,81518
720575941513308236,720575940634364311,157933
720575941574476027,720575940647951412,953842
720575941489507637,720575940633292769,821306
720575941444489642,720575940625263802,42250
720575941598227868,720575940632249555,123383
720575941439366747,720575940630479631,180020
720575941563914903,720575940612463054,34616
720575941450125149,720575940626800156,38130
720575941550781439,720575940625124941,202807
720575941644347297,720575940634074047,101259
720575941414529169,720575940615422786,46385
720575941651342577,720575940607859804,107763
720575941516519059,720575940619588918,35971
720575941630089964,720575940625829714,132469
720575941610381642,720575940660578689,163826
720575941411626923,720575940629010506,118107
720575941572928264,720575940650422006,116376
720575941650073109,720575940604024934,134001
720575941523756619,720575940624960776,99456
720575941531916005,720575940635851828,44905
720575941537180914,720575940632823912,153389
720575941490753998,720575940603956838,802525
720575941555867393,720575940623318908,149917
720575941545144508,720575940626673180,114466
720575941615766169,720575940621418817,202586
720575941516222457,720575940615816605,159838
720575941506357854,720575940621809276,810931
720575941554494235,720575940618771870,107713
720575941542663709,720575940626229690,516411
720575941572886429,720575940616676981,217270
720575941401579555,720575940629190615,189323
720575941540097741,720575940628598095,21101
720575941574544904,720575940621576897,809898
720575941573688975,720575940622089181,548345
720575941603835638,720575940623260713,121969
720575941438621484,720575940612316847,71752
720575941490563276,720575940636707391,584085
720575941643596626,720575940614741334,69922
720575941507699013,720575940618656518,550112
720575941496230272,720575940627843594,123451
720575941498448353,720575940611660152,126811
720575941483217661,720575940618853547,43847
720575941548580468,720575940622739725,100856
720575941475297054,720575940637429605,143084
720575941517205907,720575940620494318,150675
720575941401218339,720575940612656101,57155
720575941687823343,720575940618057095,99620
720575941480640736,720575940635671470,124308
720575941611725414,720575940606418110,49677
720575941629798626,720575940614929361,196810
720575941519823576,720575940618962260,541609
720575941680564669,720575940605156384,168823
720575941625874284,720575940629796507,41987
720575941529024440,720575940630673786,819179
720575941554861210,720575940623515623,515238
720575941630293030,720575940608274524,513777
720575941494979271,720575940612922646,125503
720575941480122091,720575940624297278,226164
720575941639751541,720575940625054460,547384
720575941589727884,720575940636895343,147189
720575941554813338,720575940621831406,543863
720575941412803988,720575940623163817,157909
720575941502254827,720575940631982167,67725
720575941593678119,720575940635187557,32598
720575941574478600,720575940619296379,591301
720575941658065488,720575940644974644,23795
720575941589251369,720575940621871797,809049
720575941435903008,720575940613141210,552611
720575941392861444,720575940627935996,581235
720575941601284086,720575940620992109,811303
720575941539539325,720575940628161947,115184
720575941700293082,720575940619984950,34224
720575941643492453,720575940610797102,108350
720575941506478908,720575940632969676,105204
720575941393063172,720575940616367577,543501
720575941604014070,720575940628090156,80477
720575941666319859,720575940613711894,901806
720575941475532081,720575940626791555,167742
720575941433385230,720575940629809231,103709
720575941666130675,720575940636395866,102964
720575941496474240,720575940630465500,159524
720575941573106441,720575940639932275,126760
720575941498967675,720575940627291273,185087
720575941494418631,720575940624109704,101608
720575941532600805,720575940616444347,123288
720575941475757598,720575940616975740,76058
720575941488361269,720575940623229927,114364
720575941409049262,720575940615427650,98204
720575941653354001,720575940625572892,550515
720575941535139672,720575940626274314,817322
720575941593736997,720575940631404239,76865
720575941491522480,720575940621385387,219120
720575941391252630,720575940631974739,217546
720575941436812818,720575940635648760,154892
720575941474189627,720575940653018785,1053915969
720575941652167153,720575940632640559,138603
720575941652261397,720575940628771605,105152
720575941536733210,720575940630950351,121768
720575941502845634,720575940617345753,75057
720575941408628910,720575940618417067,519536
720575941439815999,720575940619395777,58398
720575941442083675,720575940610895826,97513
720575941413590417,720575940620817286,531129
720575941610960870,720575940629450366,813172
720575941556269220,720575940631824332,807084
720575941448189021,720575940637244479,52822
720575941560492077,720575940620654452,130334
720575941642527570,720575940622593476,13448
720575941441985371,720575940644843118,547514
720575941468841995,720575940626336784,807470
720575941534415850,720575940630180439,533088
720575941610858570,720575940619120411,35285
720575941729958699,720575940647716148,801992
720575941638680437,720575940621069040,814890
720575941409063595,720575940614626355,119485
720575941564726935,720575940619686849,820827
720575941555511524,720575940610586597,64506
720575941644948088,720575940660404609,412593
720575941431731960,720575940627066194,87682
720575941458356294,720575940636574436,814628
720575941574241462,720575940627709775,129260
720575941538113000,720575940660426113,530117
720575941533090021,720575940627057539,131717
720575941584530142,720575940623017596,116086
720575941678532541,720575940632440220,811468
720575941690537947,720575940623856664,125127
720575941615645141,720575940637573342,115566
720575941490978761,720575940627945896,176836
720575941519805912,720575940606039985,513869
720575941452332666,720575940618268445,226903
720575941573115913,720575940611815630,28746
720575941469952887,720575940639726720,31436
720575941438336723,720575940617037510,818773
720575941651234033,720575940621353392,117387
720575941533355498,720575940623325624,127701
720575941663811196,720575940631286343,117221
720575941400127011,720575940631339535,34837
720575941573777309,720575940638478680,813236
720575941514778979,720575940646521476,69237
720575941518535347,720575940638384512,816523
720575941499533129,720575940629874704,155623
720575941519946675,720575940635065369,90192
720575941568474356,720575940613201834,133352
720575941495525758,720575940635539045,94967
720575941610517990,720575940612645234,56949
720575941586357726,720575940625076750,162111
720575941546123113,720575940628714089,174456
720575941495931591,720575940620561761,529344
720575941430243977,720575940627944964,163501
720575941484511298,720575940655109793,105634
720575941558617103,720575940626946456,73566
720575941489549001,720575940620643823,118166
720575941573579529,720575940611363426,82456
720575941584885470,720575940636489583,70000
720575941547844232,720575940631422828,100519
720575941575910799,720575940605385696,35961
720575941448188253,720575940617779781,157200
720575941547175860,720575940613736941,910314
720575941514502746,720575940614686918,37031
720575941480417504,720575940626639432,129595
720575941591741068,720575940634298975,50178
720575941530691813,720575940632638253,120175
720575941570434036,720575940613450262,124256
720575941625183370,720575940619511206,98104
720575941482835642,720575940624994568,132650
720575941625548443,720575940633181410,67716
720575941549983805,720575940616775366,36154
720575941732143147,720575940612772209,517298
720575941516005379,720575940609324245,137804
720575941475179050,720575940640407715,535486
720575941587520068,720575940632379071,813319
720575941559443182,720575940620011034,27249
720575941573018014,720575940615553430,552101
720575941462167952,720575940620544096,146964
720575941649649649,720575940622834397,815774
720575941626374026,720575940630702789,13433
720575941514697363,720575940621798945,119398
720575941614641427,720575940645534516,52449
720575941594594673,720575940618356253,102448
720575941644035922,720575940630474344,95638
720575941607418733,720575940617817556,513523
720575941585341830,720575940615903894,41256
720575941573617736,720575940637002724,18681
720575941536204826,720575940629193546,820361
720575941435114272,720575940621357844,99044
720575941476550506,720575940609023499,190164
720575941688216844,720575940638597941,154492
720575941603354297,720575940613845874,105750
720575941602182585,720575940619460811,136056
720575941534257418,720575940638442328,56220
720575941609416934,720575940620458461,77796
720575941559361807,720575940625408133,416161552
720575941644652882,720575940632909359,516104
720575941658524240,720575940627998280,92061
720575941533887210,720575940647851828,84868
720575941462402317,720575940624159783,75307
720575941575439798,720575940623817776,75998
720575941516297363,720575940621887841,67355
720575941546907497,720575940630635595,69034
720575941470401291,720575940627412099,817909
720575941609602221,720575940636521646,99482
720575941579863417,720575940627613973,147121
720575941587064542,720575940622880332,99780
720575941458208070,720575940627633412,115259
720575941574738171,720575940641636571,524108
720575941505101125,720575940631106664,24544
720575941670572465,720575940618301204,149920
720575941516797075,720575940617781332,804389
720575941632391148,720575940610710318,33253
720575941554269953,720575940622917927,804997
720575941430952801,720575940614625534,813799
720575941670819751,720575940621313705,113264
720575941509530322,720575940605927042,167877
720575941439243231,720575940633284689,37811
720575941534255626,720575940627115858,143908
720575941487942352,720575940628021815,813817
720575941549232189,720575940635761144,148474
720575941520401591,720575940612455537,547173
720575941547970696,720575940613977325,99339
720575941533638787,720575940614281147,169003
720575941534549336,720575940625719866,69406
720575941593426725,720575940634676069,64504
720575941507482402,720575940626226946,65428
720575941467886813,720575940620550240,124869
720575941550910014,720575940620921734,207162
720575941639038325,720575940628523580,55280
720575941430391544,720575940627293201,911838
720575941515479555,720575940617844881,156156
720575941505120050,720575940637996451,110398
720575941555632804,720575940631487047,201295
720575941510548690,720575940634310763,516461
720575941463544077,720575940632223457,807478
720575941655579604,720575940614014614,35527
720575941478940896,720575940640304718,126406
720575941576528488,720575940621500326,73387
720575941629813542,720575940627310602,86878
720575941534738008,720575940609826168,820196
720575941613743513,720575940646496547,86019
720575941530100920,720575940633439851,515676
720575941433632782,720575940633095239,570699
720575941558033956,720575940620693999,32711
720575941490524469,720575940626693884,802049
720575941518246327,720575940629011516,802412
720575941721055290,720575940660196993,183450
720575941550146303,720575940625449971,59871
720575941480956034,720575940618026142,49920
720575941518702252,720575940614737575,81549
720575941351665712,720575940619631064,57860
720575941564517174,720575940635706778,131375
720575941611658729,720575940626463107,118796
720575941438494549,720575940625418426,82202
720575941661620860,720575940622737288,84151
720575941405334384,720575940607706563,811595
720575941470275703,720575940639031680,819289
720575941592535592,720575940627265892,121982
720575941595130757,720575940627146984,34637
720575941518176110,720575940621464747,51711
720575941505949825,720575940616628802,808302
720575941485841414,720575940630116601,62365
720575941538705557,720575940622498940,90054
720575941556326180,720575940628814083,40433
720575941430007215,720575940612307314,45855
720575941521292535,720575940621445723,99947
720575941653904852,720575940624028003,52217
720575941625784684,720575940618233627,157956
720575941537152917,720575940606319648,35809
720575941488831689,720575940612603926,128046
720575941701441498,720575940627520258,129214
720575941505416773,720575940633236691,54216
720575941534741530,720575940621367472,151738
720575941515885411,720575940625842471,110896
720575941518136174,720575940623004184,137737
720575941506187429,720575940637107342,518681
720575941353213744,720575940636878254,51646
720575941462143684,720575940630140519,74350
720575941480388738,720575940634132636,80843
720575941690520539,720575940616633686,545069
720575941663489404,720575940627218882,909732
720575941572093000,720575940624206847,215854
720575941634309081,720575940623306198,91153
720575941513858124,720575940618894246,108808
720575941612459484,720575940618443193,12631
720575941569897630,720575940638285184,87007
720575941431404280,720575940629040119,23927
720575941458237680,720575940625484432,144741
720575941491913136,720575940639522163,149601
720575941459061663,720575940623858615,99997
720575941528547000,720575940623271389,79961
720575941733130027,720575940628165575,64085
720575941535136739,720575940628910235,905083
720575941687971291,720575940636559534,906268
720575941542816029,720575940636159600,64967
720575941542660700,720575940630734895,527016
720575941687230988,720575940624114968,244506
720575941546949481,720575940622839585,117122
720575941546719265,720575940616295541,812281
720575941688574070,720575940623086369,108632
720575941507258497,720575940638086461,115296
720575941610792294,720575940627313283,139027
720575941441035355,720575940625486996,58544
720575941642942290,720575940632317255,97711
720575941426486100,720575940626382473,100265
720575941564966039,720575940625282236,130021
720575941462330893,720575940647317113,205453
720575941612559891,720575940625806026,86917
720575941524834379,720575940625754384,549810
720575941552367770,720575940640164029,132197
720575941534060632,720575940619156565,70501
720575941548519713,720575940633553820,809396
720575941416465180,720575940614760298,51782
720575941444408234,720575940629023750,93670
720575941509006721,720575940633791714,84767
720575941638872607,720575940617866385,60398
720575941633233339,720575940622608423,161422
720575941525223757,720575940633213767,102146
720575941508015906,720575940628402929,47014
720575941471007863,720575940629028807,71847
720575941405779630,720575940614936543,90624
720575941504792485,720575940621470051,109813
720575941483290109,720575940623425543,516651
720575941591510156,720575940612765330,43191
720575941610374061,720575940637850970,60915
720575941506292503,720575940613966914,817691
720575941576356968,720575940615594641,13052
720575941506217020,720575940645913198,803768
720575941553949594,720575940620970177,64754
720575941521028855,720575940626494722,815990
720575941429905033,720575940626883736,184744
720575941730865451,720575940633975065,95668
720575941476994097,720575940636748095,814973
720575941461745363,720575940618340701,519823
720575941467257174,720575940620210054,154935
720575941469150685,720575940623443933,27627
720575941580080629,720575940630755269,47980
720575941643469413,720575940630371641,814934
720575941576706998,720575940633735725,518420
720575941411293039,720575940632976159,99221
720575941437929439,720575940618642998,109259
720575941611607260,720575940618555321,136229
720575941689490584,720575940621611132,104030
720575941441897307,720575940622003316,141131
720575941535448090,720575940619067259,101754
720575941623984892,720575940640075739,121344
720575941540906525,720575940638273758,133577
720575941563617960,720575940636100532,131869
720575941475379259,720575940635701143,56879
720575941494774654,720575940625690092,551306
720575941482040771,720575940626876930,36672
720575941645510817,720575940641171920,13383
720575941478708960,720575940632081316,130933
720575941537846165,720575940614914867,130312
720575941525745229,720575940634355960,65722
720575941470818679,720575940620759534,77473
720575941577529177,720575940623840202,813695
720575941541365277,720575940626941785,522770
720575941530961125,720575940609182556,139372
720575941722706746,720575940626703080,92447
720575941469847872,720575940627445842,534514
720575941483975098,720575940620922817,112700
720575941496142921,720575940637851069,806627
720575941553835009,720575940631108805,99512
720575941595012229,720575940621343670,23714
720575941549911613,720575940630465055,817003
720575941438961682,720575940606749385,216071
720575941689274331,720575940627067919,93551
720575941593882987,720575940623649416,67874
720575941534621874,720575940621978109,14259
720575941567494650,720575940631904719,221858
720575941479970528,720575940623735482,817646
720575941491066057,720575940619029277,158926
720575941549742196,720575940622275248,142350
720575941453427881,720575940623838461,93199
720575941597645248,720575940643209582,43185
720575941447874485,720575940625740042,104683
720575941496879177,720575940614650380,140252
720575941611638189,720575940652562081,38231
720575941569186042,720575940619578422,197307
720575941515798019,720575940612579989,407846
720575941468179421,720575940622383017,81561
720575941559124851,720575940612886898,118487
720575941538713493,720575940618715476,84896
720575941575359670,720575940621541514,72855
720575941393173910,720575940613904355,123036
720575941598813596,720575940631250450,142698
720575941551434394,720575940646735668,812078
720575941476790833,720575940625978044,154377
720575941574872719,720575940632960045,129089
720575941413755284,720575940624514599,57645
720575941504765890,720575940621674990,202139
720575941515239235,720575940612812434,85057
720575941565212514,720575940628471811,202357
720575941525308185,720575940606730598,28673
720575941573838664,720575940620817099,201993
720575941575226038,720575940615735711,827600769
720575941615600537,720575940627378178,549341
720575941497237120,720575940646124932,514645
720575941432479447,720575940617027014,60288
720575941561898240,720575940623976892,877244
720575941527658406,720575940634856555,152650
720575941553701147,720575940620866992,150972
720575941611429478,720575940607776725,818164
720575941480561487,720575940618324037,75092
720575941659091992,720575940633230161,127280
720575941628151353,720575940619901376,20268
720575941603197886,720575940627393538,201559
720575941632504812,720575940619978968,150070
720575941578541557,720575940626765955,38515
720575941493879728,720575940637649380,146809
720575941654175505,720575940632574433,45387
720575941578285813,720575940620764257,104741
720575941521267191,720575940635320986,101945
720575941596986268,720575940629448491,102062
720575941432370190,720575940614165201,539565
720575941482482371,720575940621406429,550712
720575941459759812,720575940618320212,66334
720575941477545521,720575940604807392,180145
720575941477513834,720575940631180973,158286
720575941702679002,720575940604640945,908934
720575941732872747,720575940620644437,63727
720575941689283035,720575940620922748,130882
720575941627053350,720575940633449427,134101
720575941451220905,720575940612238798,171878
720575941437671698,720575940630622604,25145
720575941554733313,720575940626941928,89775
720575941467202390,720575940637015694,27739
720575941514811459,720575940640404021,133978
720575941533848963,720575940638247989,74781
720575941436546336,720575940625366089,208798
720575941545329157,720575940628916712,142575
720575941562975656,720575940616072861,525858
720575941666950131,720575940640625792,167225
720575941590752652,720575940613161386,123907
720575941584940895,720575940626940197,551510
720575941652427029,720575940607370251,205889
720575941482256323,720575940619831206,139710
720575941552006535,720575940625571465,118304
720575941631713184,720575940642620379,112613
720575941502322923,720575940617811929,121563
720575941400967715,720575940610686938,168653
720575941488540469,720575940633184813,119821
720575941480957091,720575940644086295,512694
720575941471180151,720575940624449881,815609
720575941624200812,720575940614766131,201426
720575941460983952,720575940628863036,803680
720575941491637223,720575940624798352,85370
720575941409401259,720575940627589288,137900
720575941561346984,720575940638805850,77902
720575941506364732,720575940635390821,82378
720575941542483804,720575940628978450,909418
720575941439772383,720575940622955912,36889
720575941555510611,720575940636671886,821837
720575941399983395,720575940621023493,138294
720575941476079665,720575940630506344,45288
720575941689877211,720575940631292204,35929
720575941625364891,720575940622109478,565198
720575941551374654,720575940635294560,118176
720575941533802266,720575940636684378,911851
720575941428845961,720575940630617386,107863
720575941502877746,720575940611274981,40868
720575941527419814,720575940611364194,66680
720575941529188280,720575940611268266,903838
720575941633088197,720575940645361175,98604
720575941502406231,720575940606182246,89807
720575941661238328,720575940622260485,29834
720575941485981069,720575940626346938,76098
720575941462313668,720575940630675756,120098
720575941543328029,720575940623425097,86073
720575941625324443,720575940634703511,808350
720575941546620092,720575940622150583,76579
720575941469560439,720575940624609275,35862
720575941432719374,720575940613271961,78106
720575941457321887,720575940623488234,126879
720575941553529242,720575940629121866,912485
720575941653104089,720575940634458010,71158
720575941629951526,720575940640433104,62139
720575941434299168,720575940634025901,51431
720575941478647520,720575940620866470,172633
720575941556685604,720575940606161586,53818
720575941633485216,720575940617544315,543364
720575941414224788,720575940633762980,178965
720575941578186585,720575940641575988,109140
720575941513558339,720575940636553390,292203
720575941604070390,720575940614869387,87382
720575941437181202,720575940655608481,277862
720575941407451695,720575940608672092,824928
720575941564813666,720575940620381575,31045
720575941451270825,720575940634244207,161462
720575941608360522,720575940650268150,44272
720575941584963679,720575940607078066,204141
720575941535285226,720575940614920958,520459
720575941662587192,720575940638379136,101865
720575941523363403,720575940621087879,59484
720575941517263726,720575940613157299,175920
720575941411066735,720575940638218462,85384
720575941431220439,720575940640276955,809393
720575941572850590,720575940638311027,214903
720575941433663630,720575940628730128,144484
720575941560463149,720575940630001464,48120
720575941483503290,720575940629202114,26205
720575941574990344,720575940611762329,120518
720575941570010362,720575940628650261,538100
720575941483215046,720575940620201069,114370
720575941524191332,720575940613239794,125426
720575941552984833,720575940640878544,82110
720575941498356603,720575940605012140,201344
720575941611153837,720575940640140733,531712
720575941629878822,720575940643405768,521734
720575941687596527,720575940612641649,88935
720575941411951983,720575940631166012,29802
720575941610644969,720575940633714605,114946
720575941651291665,720575940623682045,68965
720575941546037692,720575940638329151,107932
720575941622639100,720575940623960063,144603
720575941476878366,720575940644608036,92339
720575941624652396,720575940621814593,113790
720575941430712457,720575940631335951,62582
720575941573083208,720575940625829386,19741
720575941496297415,720575940613690530,68109
720575941535657706,720575940636884343,23104
720575941624429564,720575940630612987,187600
720575941572430587,720575940630591358,135667
720575941476477802,720575940616973883,529356
720575941514239555,720575940625132029,912316
720575941654109396,720575940626237584,79361
720575941589118974,720575940621496609,82089
720575941504525477,720575940627958149,64034
720575941619042943,720575940607683017,817442
720575941459237791,720575940627849463,169933
720575941452352122,720575940622473599,141378
720575941411549099,720575940609720073,553604
720575941600411945,720575940626444034,71926
720575941524849995,720575940604386594,206778
720575941467421718,720575940603373916,143654
720575941610338406,720575940611701978,84569
720575941594780199,720575940627096578,126772
720575941432837591,720575940616933718,132621
720575941427351892,720575940609252873,92678
720575941667819251,720575940610956550,87748
720575941655558361,720575940644976407,137840
720575941562460002,720575940621566973,803851
720575941470907511,720575940627695882,110675
720575941504578498,720575940628690453,64293
720575941449141173,720575940632903906,32352
720575941532658405,720575940637783971,152259
720575941533804522,720575940627910419,134233
720575941603984057,720575940622306736,70324
720575941595229733,720575940613143002,127008
720575941438327871,720575940623979593,144230
720575941551952127,720575940622433799,808593
720575941546773180,720575940618325917,527515
720575941486021894,720575940623594132,167898
720575941593533477,720575940608052316,124781
720575941475358506,720575940624674485,125764
720575941513686595,720575940615682194,97733
720575941390264580,720575940620263088,814707
720575941498795938,720575940619914581,810234
720575941503241010,720575940630643244,34493
720575941474506270,720575940616293716,812849
720575941537174499,720575940606569406,37968
720575941561829165,720575940633996258,105853
720575941477442078,720575940608983928,49196
720575941544342021,720575940614283426,123126
720575941592376022,720575940626052540,17037
720575941581823097,720575940620530091,188577
720575941559054607,720575940613657650,117869
720575941485014278,720575940632591897,107890
720575941545510836,720575940622953485,59267
720575941441307599,720575940639900880,136368
720575941611406154,720575940624696839,114344
720575941733096491,720575940629116678,210174
720575941457077407,720575940617921364,94799
720575941542498333,720575940610167665,47006
720575941506559070,720575940621839121,189261
720575941642903928,720575940626688893,152601
720575941495462014,720575940626577154,94950
720575941474210912,720575940636485733,89154
720575941467201366,720575940629236209,167659
720575941517783212,720575940630406604,529629
720575941687064694,720575940621149729,30609
720575941653740049,720575940649203577,210655
720575941440884821,720575940647629956,126842
720575941499629986,720575940626820636,141783
720575941434999072,720575940627256423,22602
720575941510996752,720575940633838361,113426
720575941603290358,720575940623743892,806919
720575941520867767,720575940630086188,30038
720575941593582038,720575940625674428,160257
720575941614023699,720575940627768219,81184
720575941416172060,720575940623602666,79178
720575941584831327,720575940630975279,91951
720575941568398324,720575940625113015,813691
720575941508694818,720575940629044891,73927
720575941611365414,720575940618014164,104489
720575941687916015,720575940628382875,20891
720575941667998963,720575940630366684,42124
720575941631479200,720575940613877299,120954
720575941497816226,720575940624226086,514242
720575941597041600,720575940622112609,97965
720575941526246681,720575940627750154,551572
720575941470921847,720575940621783924,553513
720575941610798310,720575940640102528,104296
720575941657077840,720575940624169001,139836
720575941574393014,720575940620083579,147205
720575941612099686,720575940632674508,116931
720575941475128635,720575940620720775,199524
720575941625747308,720575940618383956,114113
720575941477643073,720575940640493683,523905
720575941658660944,720575940637509488,513290
720575941481113597,720575940612683670,933190
720575941535312833,720575940632058179,123201
720575941479520898,720575940630037073,101916
720575941431434415,720575940650412665,75291
720575941567975726,720575940619501958,138894
720575941444455338,720575940613744894,98866
720575941639749493,720575940632588439,113698
720575941557201828,720575940637258894,179307
720575941535412402,720575940619994709,71577
720575941580106741,720575940625772688,48879
720575941618024917,720575940642439899,183554
720575941547812488,720575940628122186,101655
720575941414184081,720575940605876140,98772
720575941669838513,720575940619587520,536860
720575941441501531,720575940631460951,159343
720575941575800665,720575940619478036,817298
720575941433425934,720575940625015531,550270
720575941440869979,720575940623369668,39655
720575941541999708,720575940633826458,549591
720575941598807081,720575940625258932,119794
720575941506873669,720575940612166835,86911
720575941460507974,720575940617058421,540062
720575941526303654,720575940626674182,120770012
720575941566260071,720575940645122948,104416
720575941408273070,720575940635916383,158311
720575941567856884,720575940635736943,90259
720575941565520942,720575940627693845,55591
720575941612680924,720575940624311787,531062
720575941549443645,720575940605442732,41965
720575941555738113,720575940628513512,81260
720575941645277384,720575940630786346,807803
720575941432121697,720575940625860794,219126
720575941513846275,720575940614688766,177038
720575941631819500,720575940635808875,130648
720575941529644216,720575940630704633,46758
720575941599318720,720575940632138051,524981
720575941618516607,720575940630378812,34888
720575941624578300,720575940635688628,67202
720575941438521362,720575940627017112,543062
720575941490358985,720575940621262512,53611
720575941585570950,720575940631134116,85410
720575941450656122,720575940606278688,178538
720575941534396170,720575940630803578,65985
720575941506711681,720575940627124873,120354
720575941404166512,720575940636923199,524333
720575941430591585,720575940634013779,51563
720575941450969513,720575940620900193,146439
720575941525768358,720575940630042746,48494
720575941477445169,720575940628886265,550748
720575941593647653,720575940621533936,91874
720575941564123026,720575940626881625,810655
720575941441887423,720575940614846929,108867
720575941507142750,720575940637521037,79864
720575941430435503,720575940632960031,542891
720575941626248859,720575940630531897,482321392
720575941601827257,720575940630210348,122973
720575941514281562,720575940633453485,96511
720575941624696940,720575940625465487,108948
720575941450096053,720575940635000601,580894
720575941518705624,720575940622214920,209503
720575941534378506,720575940650193785,115032
720575941393300740,720575940655290273,112148
720575941511283154,720575940627390227,520225
720575941438547167,720575940630174268,824886
720575941414828692,720575940618960555,215507
720575941506595095,720575940619768661,127157
720575941604809918,720575940631451766,77435
720575941434730784,720575940632793647,273650
720575941527729284,720575940624859367,47813
720575941659209808,720575940623659192,109863
720575941510620432,720575940644651556,89549
720575941435472928,720575940631097206,61546
720575941564839778,720575940612349363,110020
720575941567123444,720575940634616687,810201
720575941594998823,720575940624172220,109114
720575941555479297,720575940626394767,99014
720575941552375194,720575940614276002,124774
720575941515867907,720575940636604814,99646
720575941688045430,720575940634840683,809050
720575941538548210,720575940634714519,131810
720575941532614117,720575940619058945,138863
720575941506263461,720575940613054322,79453
