BANC,FAFB,MCNS
720575941505756229,720575940628467985,159628
720575941414668828,720575940621632646,75396
720575941479492175,720575940637001444,56098
720575941524832843,720575940628088189,545432
720575941559867181,720575940624918334,515136
720575941510443792,720575940631021056,63445
720575941425946964,720575940619282590,20707
720575941538553842,720575940628222345,69371
720575941526527821,720575940618434449,97766
720575941485543565,720575940606309297,221556
720575941564846695,720575940629772075,85912
720575941526411876,720575940640271933,109924
720575941455000557,720575940652841462,45750
720575941562886656,720575940652355574,53238
720575941513152209,720575940635816858,911585
720575941662085688,720575940625130248,88601
720575941519841902,720575940628392266,133051
720575941610324454,720575940627841730,90471
720575941540192637,720575940630550784,125483
720575941454366259,720575940630260791,111596
720575941508381218,720575940612807958,805963
720575941543620028,720575940615016098,66764
720575941514927251,720575940631994386,60668
720575941652983313,720575940615841548,13086
720575941457051376,720575940622501449,98256
720575941457760927,720575940638159582,145762
720575941631427488,720575940629290092,120089
720575941439744347,720575940619409542,95053
720575941453157545,720575940626498566,152068
720575941597126044,720575940628055272,524739
720575941442004687,720575940627321118,47025
720575941490905545,720575940611154786,118361
720575941594336113,720575940623369257,113334
720575941732248619,720575940605413577,59437
720575941569736606,720575940615691999,71903
720575941525060708,720575940626167994,63315
720575941431276207,720575940638504270,51776
720575941551417855,720575940613903218,19827
720575941666416115,720575940624338215,125069
720575941556026195,720575940620175153,535092
720575941730840875,720575940637908131,122282
720575941563600530,720575940605364448,97844
720575941633504197,720575940628717062,575600
720575941630376162,720575940625547145,140006
720575941519393203,720575940626400304,83773
720575941450529870,720575940627029373,195440
720575941564495872,720575940619577582,809813
720575941482190790,720575940621822134,48366
720575941602827961,720575940624247805,530137
720575941598184604,720575940614611153,84836
720575941508879233,720575940621218324,107655
720575941432741079,720575940618188337,24412
720575941549471092,720575940605627494,45607
720575941597558428,720575940605000928,128859
720575941409063595,720575940621122086,71638
720575941460012358,720575940618153985,101316
720575941575313928,720575940644851912,30469
720575941652471025,720575940614997555,199937
720575941468001501,720575940619728037,47267
720575941450946894,720575940626598994,65442
720575941539643378,720575940616679654,93287
720575941505384471,720575940626042416,805986
720575941568809210,720575940617010321,40020
720575941543512764,720575940638958426,76322
720575941440028095,720575940628389379,60191
720575941545262268,720575940624846823,90219
720575941644451448,720575940618340253,162576
720575941513401667,720575940637442270,190502
720575941690855899,720575940629737731,534450
720575941563511464,720575940643918536,539617
720575941607857517,720575940620551259,77405
720575941517291692,720575940629682895,517122
720575941723564858,720575940615628967,49733
720575941602938870,720575940619271384,815506
720575941643711826,720575940629465849,92385
720575941449263541,720575940625413268,230316
720575941562521698,720575940639015770,25869
720575941592417576,720575940622187702,42584
720575941454983731,720575940615371370,518242
720575941483745277,720575940640089984,513157
720575941570782366,720575940641821659,36801
720575941645652897,720575940626572802,60351
720575941565866647,720575940623385599,101305
720575941588632204,720575940614705319,94876
720575941400071459,720575940624507829,59148
720575941544845756,720575940620200413,138421
720575941460238276,720575940614826536,150575
720575941496147655,720575940624416585,98698
720575941631503301,720575940624440260,93473
720575941477305886,720575940639495238,104128
720575941703821274,720575940629491611,171500
720575941493378942,720575940621270443,63930
720575941456885229,720575940605868930,127874
720575941536517313,720575940612344490,211912
720575941523380043,720575940628090952,14915
720575941618506623,720575940638170429,42144
720575941513236689,720575940624532459,176619
720575941517453272,720575940613054887,532936
720575941650625297,720575940630416766,40733
720575941431628536,720575940628414376,101062
720575941453001641,720575940637114743,68947
720575941411448491,720575940630733330,513755
720575941558679844,720575940629001201,51417
720575941402030115,720575940622070192,38627
720575941574391453,720575940620743515,185194
720575941593510358,720575940610788069,69629
720575941498971977,720575940627286153,50486
720575941486302726,720575940639911256,74804
720575941613741721,720575940620037312,83714
720575941596195697,720575940629925647,100925
720575941616125909,720575940633315921,156356
720575941634112187,720575940629873790,137309
720575941650748913,720575940617642613,149683
720575941459984339,720575940616415062,136364
720575941536614170,720575940632430929,95738
720575941548578952,720575940626623357,75841
720575941565673111,720575940631568927,516681
720575941439982047,720575940628131778,919061
720575941461914512,720575940623453695,123701
720575941625556635,720575940631969295,70877
720575941681165757,720575940612664818,30898
720575941482208954,720575940619970683,530582
720575941450694010,720575940611667173,75416
720575941600766249,720575940617501755,51916
720575941486873808,720575940628561155,542261
720575941481488207,720575940627100874,357596
720575941485185542,720575940639559741,62019
720575941539280789,720575940623053715,148599
720575941519832243,720575940632894690,34759
720575941467778326,720575940620833118,75451
720575941723542842,720575940624821228,527611
720575941503973570,720575940627110735,514409
720575941624442570,720575940624941064,164079
720575941559878189,720575940630511953,105202
720575941520708787,720575940632352298,165094
720575941600811817,720575940628537862,210455
720575941611811548,720575940623562172,147790
720575941489034185,720575940633876909,513312
720575941498758050,720575940617910587,70230
720575941521413047,720575940608042114,195276
720575941703656154,720575940628330651,77074
720575941546705340,720575940621164148,106250
720575941454686771,720575940610914680,547113
720575941508313810,720575940622246494,125442
720575941579959929,720575940631521275,111294
720575941485957442,720575940620140923,119302
720575941688063727,720575940630678009,518508
720575941521220787,720575940617786073,514159
720575941497310025,720575940618994859,38147
720575941416420124,720575940629838123,811235
720575941638911093,720575940626275027,137537
720575941409173166,720575940629933762,36399
720575941463294477,720575940617917926,77518
720575941519384247,720575940638698880,180445
720575941469983453,720575940628842236,802810
720575941670881191,720575940639950837,142547
720575941575042461,720575940609711811,33310
720575941530254776,720575940616667509,133785
720575941536092899,720575940617883137,117105
720575941703189466,720575940614722611,150549
720575941611306470,720575940618854981,55473
720575941535681002,720575940630716538,86955
720575941477409130,720575940626786490,34775
720575941523366903,720575940607092572,134760
720575941517047662,720575940603441632,11196
720575941438696748,720575940640541091,42959
720575941650448149,720575940636726926,96567
720575941475266602,720575940623433804,119260
720575941514245625,720575940608276233,86297
720575941557275684,720575940618618350,92321
720575941612847891,720575940628035331,78892
720575941431680905,720575940628350802,37928
720575941529824952,720575940605143724,68699
720575941526605826,720575940629492071,154856
720575941732504107,720575940641609869,96882
720575941480483202,720575940630586642,525062
720575941481169862,720575940607341234,156185
720575941536041192,720575940629980866,41405
720575941432134103,720575940605287358,810081
720575941527005977,720575940628610811,114648
720575941515076931,720575940608627723,111838
720575941615754709,720575940630379884,327269
720575941480920003,720575940628865028,43099
720575941607548013,720575940624105098,84011
720575941474736682,720575940620327412,46094
720575941560493038,720575940622017446,113751
720575941466799382,720575940620003776,121909
720575941555510611,720575940609966148,114512
720575941514064275,720575940632364569,128604
720575941449741237,720575940634414561,125845
720575941644690376,720575940635920751,70796
720575941534257418,720575940627134010,88268
720575941636776565,720575940630884203,49982
720575941444304042,720575940633548510,88166
720575941560341007,720575940650178169,817078
720575941607167853,720575940621331777,93127
720575941529197259,720575940629040202,52907
720575941439980255,720575940626724414,530361
720575941499236681,720575940624334276,25902
720575941486866829,720575940631214843,53520
720575941688655116,720575940611121557,512660
720575941649909489,720575940610467538,12969
720575941441776987,720575940606171057,226436
720575941662904376,720575940620262527,820338
720575941538146531,720575940619221569,537105
720575941511345617,720575940613363119,110517
720575941507112727,720575940628034044,41087
720575941438207039,720575940648109956,67648
720575941453082793,720575940629145679,901620
720575941426439252,720575940630058827,143254
720575941644629624,720575940622603189,554311
720575941550910014,720575940622395263,131700
720575941495049086,720575940638067534,139462
720575941516214275,720575940646427012,59146
720575941426977876,720575940630135963,803856
720575941515823875,720575940630862636,20876
720575941483787405,720575940607673730,802308
720575941503003842,720575940630352379,61704
720575941519536051,720575940622285823,28927
720575941494078848,720575940620459201,190091
720575941540921037,720575940626431434,100797
720575941574419613,720575940627835691,90112
720575941544540521,720575940629524483,67703
720575941489388236,720575940628640555,26312
720575941653842900,720575940628256103,112150
720575941404995696,720575940623644298,812098
720575941480733123,720575940612455338,19690
720575941401776931,720575940632453162,547814
720575941427404884,720575940621659245,806997
720575941526169700,720575940621083270,144444
720575941518573996,720575940617413691,23932
720575941688674200,720575940622471540,907360
720575941559802895,720575940612047858,63672
720575941500091554,720575940626724400,805180
720575941507121733,720575940623618698,49021
720575941506443298,720575940621564042,129296
720575941604203449,720575940630895191,96236
720575941546351465,720575940623045133,205845
720575941608900585,720575940630697334,64979
720575941497276288,720575940621605871,134696
720575941449449294,720575940633574052,31699
720575941540212429,720575940607018370,94413
720575941462437264,720575940626054076,811119
720575941545507764,720575940609036757,59562
720575941594825255,720575940636099947,158221
720575941566405430,720575940645180183,517287
720575941570012786,720575940623458262,61191
720575941495490247,720575940614527594,101957
720575941447770702,720575940623446604,550273
720575941573007112,720575940629831806,538027
720575941592767595,720575940620035413,91012
720575941477915956,720575940622360723,113180
720575941508315170,720575940619437893,120037
720575941521665715,720575940624774473,87854
720575941611453514,720575940620068555,911201
720575941651491857,720575940640430424,44327
720575941573629768,720575940618803525,130512
720575941631689632,720575940616396511,65465
720575941455171891,720575940609123267,115745
720575941506232599,720575940661197697,41715
720575941463945229,720575940613664874,35331
720575941554726810,720575940648476036,77175
720575941478613155,720575940632687770,11484
720575941552240007,720575940624378499,129301
720575941537858787,720575940612386257,127658
720575941578369625,720575940627659133,20189
720575941477747508,720575940617034713,69279
720575941559335027,720575940626364177,549559
720575941558603300,720575940627142552,61953
720575941628560697,720575940619846347,99424
720575941565279335,720575940604960992,515096
720575941623285450,720575940627877192,805670
720575941628417081,720575940623693667,513413
720575941593196651,720575940621332244,107247
720575941469378525,720575940636216568,113483
720575941543656989,720575940621569728,137163
720575941653913300,720575940625548728,166644
720575941538875378,720575940645317412,110448
720575941533116645,720575940630159095,69785
720575941526953474,720575940604643872,32417
720575941669493937,720575940623338474,82171
720575941477392926,720575940629895806,904077
720575941393133206,720575940624446341,814061
720575941642659272,720575940638638406,152126
720575941486960781,720575940628226185,931483
720575941573170697,720575940605984800,97434
720575941667858609,720575940615950348,242309
720575941535122714,720575940616908033,85506
720575941661688120,720575940635243182,132650
720575941655305940,720575940617294166,550566
720575941537647848,720575940630457082,808549
720575941430916088,720575940624436106,115965
720575941516372985,720575940612267738,546141
720575941573617736,720575940625640122,61925
720575941490409013,720575940626733032,20769
720575941455940336,720575940611917426,118542
720575941607836013,720575940637666734,220770
720575941519178606,720575940627937835,537356
720575941537080808,720575940622636876,41667
720575941475633438,720575940610449587,62580
720575941478829162,720575940610555716,28483
720575941552562567,720575940612687346,29762
720575941474784049,720575940618590021,53169
720575941565418135,720575940628484907,36107
720575941663200892,720575940617283217,148605
720575941572094536,720575940627699023,81116
720575941659336784,720575940610612197,519914
720575941686796812,720575940631131129,78835
720575941722622778,720575940622638276,40689
720575941435787052,720575940635124335,64023
720575941465788246,720575940622825204,130781
720575941611581770,720575940630966779,14255
720575941653747985,720575940636024183,78344
720575941605949805,720575940631575493,181649
720575941548944417,720575940615802324,142982
720575941413289620,720575940625772431,37462
720575941595549733,720575940637785822,556043
720575941589382398,720575940615716753,99584
720575941487114050,720575940618477806,112227
720575941584527838,720575940626813072,516031
720575941505181378,720575940615201675,87565
720575941553005630,720575940632880173,48758
720575941614803865,720575940640004541,105572
720575941661416060,720575940623769783,74383
720575941487828533,720575940610583961,31160
720575941515072147,720575940616130246,550260
720575941515309715,720575940626492188,122084
720575941689705435,720575940656081825,122727
720575941526580324,720575940616441410,81963
720575941414386972,720575940613229521,82875
720575941491005385,720575940638823357,58070
720575941553817572,720575940639263616,56395
720575941574181263,720575940625263802,61648
720575941650241557,720575940617272699,135406
720575941596601221,720575940614324130,192572
720575941589713548,720575940644090568,19368
720575941670132647,720575940612393000,69660
720575941580582777,720575940647564932,56993
720575941574335592,720575940633454305,106146
720575941472289888,720575940645147848,153554
720575941526693220,720575940618535097,138018
720575941534746602,720575940611863666,127011
720575941448458933,720575940629670723,127014
720575941643911250,720575940632692378,818263
720575941450256206,720575940619640955,51574
720575941612207533,720575940627214504,70695
720575941657285456,720575940630850617,165768
720575941441454271,720575940622735069,816206
720575941414605201,720575940622244417,29891
720575941543660220,720575940611332722,804851
720575941445003434,720575940609970642,140831
720575941480511200,720575940635288165,45399
720575941440276415,720575940634739886,130437
720575941590136360,720575940627636296,151642
720575941542867804,720575940639716467,111090
720575941503414871,720575940621152097,82518
720575941582014329,720575940624409673,108605
720575941604160702,720575940621719832,811489
720575941431092911,720575940618281501,111448
720575941408343855,720575940633579711,95261
720575941533797251,720575940627244200,122301
720575941591580556,720575940614066915,19505
720575941625295259,720575940617712214,100988
720575941550525757,720575940617219869,69748
720575941497362401,720575940628317266,26515
720575941430695416,720575940622230337,28940
720575941441894351,720575940613522413,315605779
720575941576984168,720575940625767305,536282
720575941603843513,720575940618079233,21296
720575941723359546,720575940622063536,810094
720575941440256719,720575940622463308,813111
720575941534788634,720575940611642830,64796
720575941462402317,720575940659773313,45249
720575941547629960,720575940610895826,48640
720575941615511193,720575940627848360,131108
720575941581977977,720575940643696288,191520
720575941553728371,720575940622489302,586082
720575941436681791,720575940625002633,536321
720575941652314353,720575940618664533,134198
720575941689066508,720575940628357063,100324
720575941476878366,720575940605686793,174663
720575941623827964,720575940643047460,163370
720575941457366768,720575940619306069,29977
720575941392242180,720575940630111628,201060
720575941596416881,720575940606149152,68455
720575941521180151,720575940639884451,93686
720575941623688188,720575940625486571,47463
720575941508651810,720575940624007523,43360
720575941482835642,720575940627759674,66085
720575941570315166,720575940625596647,100631
720575941555625956,720575940621050038,30585
720575941583759711,720575940616395961,133273
720575941411378799,720575940625416084,807961
720575941567485742,720575940632791352,550720
720575941477301057,720575940613524973,37532
720575941514024291,720575940613646545,70936
720575941430413527,720575940628184914,82271
720575941435127840,720575940641208192,53808
720575941505934245,720575940638001380,526469
720575941569813498,720575940625589069,549688
720575941431475337,720575940622133569,815363
720575941555872769,720575940621150374,177710
720575941597053596,720575940624370750,512543
720575941603760118,720575940623823596,166382
720575941564066048,720575940632799789,75405
720575941515252483,720575940628405756,809046
720575941554673306,720575940610319428,940946
720575941570738334,720575940625339977,46722
720575941490872012,720575940607075202,80699
720575941415009052,720575940631059287,41311
720575941546297276,720575940607869874,809746
720575941617795029,720575940618044116,21230
720575941535771058,720575940623344776,36527
720575941589278348,720575940607607170,13963
720575941453283241,720575940620475630,913323
720575941480725071,720575940619206772,132167
720575941578747481,720575940628746490,559106
720575941568261234,720575940627521679,184234
720575941503247851,720575940630364727,580935
720575941514014211,720575940622470349,59998
720575941645192056,720575940643777844,96701
720575941441069147,720575940632700364,60429
720575941462355088,720575940634111992,48566
720575941469796928,720575940628940670,100644
720575941509059600,720575940620721835,50850
720575941644687560,720575940626686440,802423
720575941413943188,720575940629640783,95579
720575941519145582,720575940630437826,54357
720575941723316282,720575940631512517,58212
720575941574687670,720575940627228090,82915
720575941730906155,720575940616594037,57462
720575941589488439,720575940618337236,165365
720575941430007433,720575940619729648,189539
720575941542408989,720575940627069699,30977
720575941555994020,720575940650722681,73108
720575941701488090,720575940632833592,65380
720575941569960050,720575940624221181,87311
720575941556084051,720575940622280447,181320
720575941504272434,720575940634642658,52345
720575941544328453,720575940625668901,71667
720575941561788072,720575940636384398,74662
720575941603597241,720575940616301083,32159
720575941563063464,720575940622017100,177861
720575941505198642,720575940618756005,46003
720575941477223217,720575940624443832,25071
720575941543150085,720575940633490830,64203
720575941489892071,720575940626800400,550877
720575941589197879,720575940630598522,128424
720575941603879926,720575940628088457,164368
720575941608242541,720575940630538102,159726
720575941507796258,720575940627792233,137130
720575941525340697,720575940615953862,65146
720575941438716972,720575940632544191,548138
720575941534467009,720575940620080798,517102
720575941502303319,720575940618570053,50030
720575941450275918,720575940635465396,71035
720575941486723590,720575940608163849,514043
720575941453593139,720575940616578165,19926
720575941497798818,720575940613867235,53862
720575941545595572,720575940636487342,116314
720575941702522330,720575940632676377,58927
720575941519098478,720575940631721721,72825
720575941687791734,720575940618470557,87350
720575941533925098,720575940622994982,174637
720575941461072851,720575940623272717,512060
720575941548036385,720575940630919931,72979
720575941498113915,720575940616695014,80340
720575941650253845,720575940620792486,132714
720575941592848168,720575940623442314,80042
720575941662357048,720575940627016069,13515
720575941539529950,720575940620609006,85371
720575941521226999,720575940627501445,109048
720575941657200720,720575940626161930,802426
720575941488554037,720575940621233925,548353
720575941568180014,720575940629382700,44115
720575941665541363,720575940629773527,57655
720575941572127646,720575940621140463,48927
720575941653776601,720575940636671886,806514
720575941450658653,720575940622880989,141898
720575941543386397,720575940622726804,75730
720575941610838886,720575940624910007,581132
720575941452181370,720575940621437249,520087
720575941480105195,720575940621878021,815507
720575941553338266,720575940626319902,512221
720575941625995884,720575940614935859,139348
720575941631246306,720575940612581034,95637
720575941597444544,720575940640916387,137380
720575941416193564,720575940639837373,71398
720575941554503707,720575940628372613,98435
720575941443677354,720575940629074170,129217
720575941598584768,720575940625969456,802239
720575941624536458,720575940623806459,103144
720575941445087146,720575940629740994,59958
720575941476286529,720575940635310743,56043
720575941626777994,720575940623257224,515287
720575941579999097,720575940629426475,93766
720575941562704018,720575940615414934,580256
720575941466875990,720575940621185926,54513
720575941624676860,720575940622736895,149352
720575941617157845,720575940635584352,812499
720575941412265105,720575940628369680,35464
720575941542937436,720575940629940431,84913
720575941462793104,720575940630713645,517724
720575941488436176,720575940624882108,126687
720575941447707214,720575940612849637,518349
720575941437706975,720575940631877944,56142
720575941528906699,720575940632497167,21420
720575941626286474,720575940621633396,81199
720575941595310887,720575940630629758,521004
720575941508577314,720575940612182312,218896
720575941552039167,720575940617603899,551331
720575941553504769,720575940626519385,525159
720575941402964848,720575940614102434,904173
720575941472196928,720575940637983856,68813
720575941453012807,720575940635904942,22880
720575941645096056,720575940638114374,99409
720575941525911206,720575940634355682,67846
720575941638719263,720575940618127505,76755
720575941572225019,720575940621883501,17897
720575941461884356,720575940629144572,52186
720575941452943943,720575940645498660,132863
720575941534630666,720575940626634439,199974
720575941651234289,720575940616833211,100886
720575941514868985,720575940625952345,30854
720575941408041263,720575940652560374,805054
720575941461664452,720575940626220837,534112
720575941465808470,720575940616437021,72586
720575941495321984,720575940611104691,59568
720575941472103947,720575940626365758,39125
720575941537950435,720575940618161099,167737
720575941538616981,720575940626788625,49789
720575941508990674,720575940614317875,101345
720575941392250006,720575940611756441,67695
720575941586739422,720575940627792265,801895
720575941497338491,720575940616849035,815063
720575941459157151,720575940620219307,908668
720575941559761646,720575940646719011,537165
720575941441520063,720575940621923572,100508
720575941626708281,720575940633242705,802446
720575941527050852,720575940632688780,536335
720575941469370635,720575940630023286,50760
720575941491355367,720575940641389275,53226
720575941539311602,720575940632370852,518083
720575941483226810,720575940619981550,580330
720575941401218339,720575940639055844,78399
720575941568474414,720575940629485765,816522
720575941469187191,720575940620406699,565671
720575941592731688,720575940620979638,37002
720575941536366618,720575940637811056,536483
720575941574281142,720575940628759239,85849
720575941689715931,720575940625979696,52122
720575941505987713,720575940626968066,519290
720575941496047433,720575940616795509,51716
720575941448628302,720575940612491250,96225
720575941628284473,720575940632400715,529657
720575941432816855,720575940633139148,525905
720575941554968065,720575940622090416,72501
720575941611301037,720575940622977925,131053
720575941435237920,720575940618245789,1050615112
720575941563344391,720575940627019876,49558
720575941544260357,720575940624446652,184443
720575941611874268,720575940627983354,86345
720575941523361783,720575940611086546,62795
720575941483704762,720575940624193980,70222
720575941630746594,720575940623371400,544103
720575941521724919,720575940619139653,93793
720575941453036103,720575940639241023,905503
720575941578526553,720575940633487059,135460
720575941567150962,720575940617213652,22055
720575941554310884,720575940615733919,69197
720575941483785725,720575940626482521,108496
720575941434914190,720575940640850317,542285
720575941440553045,720575940623255369,159459
720575941659011920,720575940630020880,19518
720575941451401287,720575940624000263,535328
720575941438884114,720575940629537871,61965
720575941538762701,720575940628257777,809980
720575941550399604,720575940612588211,115297
720575941534049802,720575940621830669,139986
720575941458468336,720575940610975044,86585
720575941498779771,720575940617750050,547571
720575941662930812,720575940625762708,86461
720575941498296482,720575940632979364,89765
720575941393133462,720575940632813599,42636
720575941497641185,720575940609944526,908337
720575941556210148,720575940612232341,31329
720575941639563125,720575940638041653,97029
720575941593385253,720575940620528461,117463
720575941614478489,720575940629425920,209297
720575941688421103,720575940638332223,165344
720575941569086202,720575940610887288,95604
720575941612364774,720575940636593765,816183
720575941592541223,720575940626027813,534153
720575941474531387,720575940635077112,13819
720575941503193916,720575940611964366,813174
720575941548745332,720575940650928505,58701
720575941428378031,720575940631524972,512718
720575941507500823,720575940618097947,20061
720575941594193265,720575940648557689,32935
720575941574253832,720575940618858837,77144
720575941431533961,720575940607017906,800916
720575941565858151,720575940607054210,185541
720575941643882952,720575940628744448,54211
720575941412790164,720575940621702497,64471
720575941438013663,720575940634901355,547426
720575941469404939,720575940606414025,36798
720575941691303832,720575940623356652,559219
720575941657276952,720575940609329102,84158
720575941482607046,720575940632809272,50734
720575941611819740,720575940628881145,39828
720575941532640741,720575940619494527,807788
720575941502880562,720575940610554722,482958
720575941568174330,720575940633439059,82839
720575941393268996,720575940628592296,93848
720575941464178957,720575940629787291,129693
720575941591219710,720575940617656693,68087
720575941610794982,720575940629821740,575909
720575941462603664,720575940644311968,28743
720575941639538293,720575940649004921,801340
720575941491235559,720575940631380751,176671
720575941524373579,720575940630836807,34142
720575941610338793,720575940644472100,908679
720575941602773238,720575940630920785,106289
720575941548003389,720575940614923423,138323
720575941474358368,720575940635591831,533439
720575941602230774,720575940624072967,110816
720575941589447166,720575940631869738,161333
720575941691293147,720575940612627314,97002
720575941565552791,720575940604863916,58843
720575941431221129,720575940638944931,62845
720575941575665846,720575940614600755,61112
720575941430950497,720575940617101324,32203
720575941689411480,720575940622210538,138926
720575941469429213,720575940630065563,58273
720575941547588232,720575940607867570,92279
720575941560144911,720575940630423490,91930
720575941527634564,720575940624327818,913886
720575941516351587,720575940631427577,217026
720575941575239432,720575940622015809,76563
720575941456135664,720575940613036525,85802
720575941596723589,720575940620027096,807118
720575941409085614,720575940626816649,148364
720575941460202048,720575940621414565,89887
720575941471377015,720575940617416148,68337
720575941481316794,720575940623233259,523816
720575941632876448,720575940631303675,74658
720575941562342802,720575940637176895,41358
720575941659356240,720575940631732431,194647
720575941594334321,720575940636841023,47910
720575941547808948,720575940616982834,61209
720575941583759494,720575940604959712,929401
720575941473988138,720575940632381613,149852
720575941476176689,720575940642921632,28655
720575941531468005,720575940606101094,150803
720575941595184423,720575940632185130,197814
720575941537246947,720575940632414539,524002
720575941534578698,720575940619256222,35011
720575941425056084,720575940623130956,113161
720575941625756780,720575940635530848,106407
720575941527085314,720575940624590517,195579
720575941496772992,720575940622560244,168585
720575941624823404,720575940616166685,52836
720575941402248739,720575940620682049,156190
720575941552426375,720575940624110776,207733
720575941590528510,720575940627196260,186546
720575941567831854,720575940630400194,148056
720575941451625641,720575940633280608,120858
720575941538278627,720575940628133379,802366
720575941552463258,720575940622960764,50801
720575941453300393,720575940641566965,62129
720575941610371046,720575940624770540,38681
720575941451001466,720575940628125010,559335
720575941504622757,720575940636450935,59483
720575941549840702,720575940603174572,531170
720575941449461341,720575940624739051,69056
720575941534536218,720575940610235086,170833
720575941681355965,720575940635166106,222361
720575941625165706,720575940625893834,120691
720575941548836468,720575940620497261,72788
720575941462692496,720575940614774959,27767
720575941574260731,720575940642446372,66633
720575941686672246,720575940608984277,122882
720575941686017775,720575940635529140,63867
720575941611693020,720575940624939928,21557
720575941630237734,720575940632969517,63188
720575941412936337,720575940610316664,63711
720575941613474323,720575940633166487,16610
720575941520956595,720575940633177570,161176
720575941475347771,720575940640508019,99267
720575941611709715,720575940630874873,93521
720575941565515927,720575940623264906,81877
720575941479505743,720575940639204029,176610
720575941430840791,720575940636099435,134687
720575941625803402,720575940623959787,78286
720575941484182970,720575940624502857,549996
720575941721719098,720575940627131737,44659
720575941391758742,720575940622526981,515554
720575941574729480,720575940622122083,61235
720575941457058797,720575940618538117,135367
720575941574704392,720575940630227303,227890
720575941593212456,720575940623860116,113738
720575941701850842,720575940614834875,122309
720575941415868956,720575940636688558,51608
720575941524007426,720575940625346023,813862
720575941603682750,720575940628459536,34962
720575941579555153,720575940635617391,65356
720575941454884589,720575940619686849,87895
720575941592685864,720575940632690024,131257
720575941516207107,720575940647293219,161227
720575941503617259,720575940634381454,81502
720575941569804914,720575940621262356,63242
720575941467404765,720575940638973510,812607
720575941624323978,720575940619514246,111697
720575941511918034,720575940613106838,518216
720575941500500642,720575940626750748,74215
720575941430354936,720575940639558197,150381
720575941688189708,720575940632390723,72758
720575941644343890,720575940618036710,813798
720575941563810055,720575940609233163,85860
720575941483377661,720575940620335707,195492
720575941502943211,720575940621500342,78783
720575941545078533,720575940603686624,518073
720575941565767687,720575940637405358,199975
720575941514945859,720575940622232042,516728
720575941661888056,720575940625030151,58526
720575941514689859,720575940614124463,118864
720575941565347426,720575940632626223,37822
720575941481588221,720575940629337674,69829
720575941506570661,720575940620821333,543174
720575941453584947,720575940625846503,188374
720575941559254317,720575940624598763,112885
720575941552147518,720575940637350470,50731
720575941601086505,720575940622432244,41469
720575941439915327,720575940631212252,192503
720575941591014398,720575940612259290,102025
720575941543018844,720575940622727429,150736
720575941476810858,720575940619791469,25977
720575941503230551,720575940652258550,16590
720575941615417241,720575940622372223,146756
720575941595604519,720575940631296732,121551
720575941564578048,720575940629433755,112430
720575941505744444,720575940608278364,63435
720575941533843905,720575940611299793,127917
720575941662627128,720575940626204312,74056
720575941605214654,720575940627826075,26986
720575941486381709,720575940633938145,22806
720575941451872890,720575940637747526,132849
720575941535540312,720575940628430920,113409
720575941485038733,720575940620987568,91809
720575941487286992,720575940614995862,54008
720575941524687972,720575940646005539,81683
720575941553606298,720575940635155351,42917
720575941431643745,720575940618214966,51153
720575941504144066,720575940627517954,48562
720575941413459345,720575940627272325,124669
720575941644556232,720575940618997844,68370
720575941668583667,720575940613845485,147562
720575941476305729,720575940628558679,513318
720575941587385143,720575940610044355,516912
720575941509804816,720575940605834174,44583
720575941651479061,720575940609378140,804038
720575941594417777,720575940626597960,23611
720575941607318125,720575940629020357,47714
720575941555447204,720575940624425253,11160
720575941632345019,720575940628985423,98829
720575941476128820,720575940631412778,50857
720575941483746490,720575940622401462,50046
720575941652258325,720575940626037948,162581
720575941515202883,720575940632076089,76529
720575941633371552,720575940623531790,16579
720575941632333472,720575940626789669,518847
720575941552011162,720575940627480842,74555
720575941474287200,720575940632071505,47506
720575941582807647,720575940629918467,131004
720575941585187206,720575940625481749,584085
720575941489753397,720575940614900127,72402
720575941579692153,720575940606301874,569998
720575941430092129,720575940614334114,103469
720575941595710247,720575940624930148,83681
720575941539152626,720575940622629098,16464
720575941504356658,720575940616837593,142690
720575941524477442,720575940631792524,18334
720575941525145421,720575940613165223,72607
720575941594183275,720575940619953718,162302
720575941480526560,720575940620093104,535247
720575941612299484,720575940622017601,54702
720575941690543512,720575940627518269,26209
720575941469428445,720575940618865974,84086
720575941632014060,720575940640825688,389263
720575941471467639,720575940624142333,526388
720575941624830716,720575940626673490,88824
720575941350444592,720575940636325495,93932
720575941554350931,720575940630255660,139153
720575941490028492,720575940620862993,111852
720575941535581928,720575940628614799,552350
720575941603144894,720575940621790555,101925
720575941412310417,720575940637322871,806182
720575941489290805,720575940611533522,122076
720575941667719857,720575940629859115,63731
720575941612821267,720575940616505717,152901
720575941412004756,720575940632011091,516529
720575941610787658,720575940613818690,32004
720575941595694449,720575940621536609,107143
720575941469729547,720575940614289361,35499
720575941613762012,720575940615761803,141801
720575941521207543,720575940630873660,515563
720575941568712050,720575940618252445,120840
720575941447805774,720575940610798546,53883
720575941392971670,720575940622448368,36686
720575941565023591,720575940613006358,564072
720575941519872984,720575940631061199,822614
720575941653990161,720575940622972259,96149
720575941630841324,720575940625365541,542507
720575941505361221,720575940647820676,59286
720575941533398659,720575940627171496,87027
720575941498212833,720575940639488078,530737
720575941459279315,720575940629809936,342868
720575941549504061,720575940618139221,39211
720575941470101879,720575940627231763,102568
720575941496512635,720575940629430375,51259
720575941489391561,720575940632879673,57660
720575941602691518,720575940629438763,16830
720575941444257962,720575940621716207,147287
720575941598148032,720575940632500281,60788
720575941408938670,720575940635535022,24941
720575941644095058,720575940615506242,104589
720575941509245650,720575940627243962,54194
720575941504029675,720575940616047733,101204
720575941486558416,720575940630439106,512497
720575941462244752,720575940617370427,80703
720575941564857344,720575940629785982,158377
720575941546801288,720575940622655210,140510
720575941542951772,720575940627535110,813853
720575941550242815,720575940620655713,102448
720575941604236222,720575940631090944,123827
720575941432470798,720575940622220551,54794
720575941479998176,720575940645505646,82841
720575941552279431,720575940638202345,34124
720575941480235171,720575940616166075,123034
720575941600429865,720575940605109984,149267
720575941457087903,720575940613592217,142418
720575941537068003,720575940622021364,113956
720575941414381460,720575940611849934,60125
720575941668877299,720575940615483798,14921
720575941552020103,720575940638875199,13798
720575941658156112,720575940629156175,812818
720575941429764745,720575940622350580,79882
720575941530935243,720575940624011784,142454
720575941669376177,720575940626856336,209194
720575941568378612,720575940608683017,30497
720575941584428934,720575940624949687,530764
720575941565435958,720575940633793197,817358
720575941435065998,720575940627781019,60440
720575941516423315,720575940632463919,538095
720575941585579486,720575940614507695,906500
720575941467258454,720575940638214116,531967
720575941536139201,720575940610646641,539909
720575941477882676,720575940605907884,519992
720575941436980524,720575940623723814,551709
720575941408999215,720575940618921473,121579
720575941455700973,720575940624092680,21196
720575941537644181,720575940616018326,70857
720575941477332510,720575940635951551,68624
720575941436507168,720575940630724460,561447
720575941592758891,720575940627798184,15993
720575941568802292,720575940631455852,106898
720575941625916106,720575940637028238,126944
720575941409028270,720575940617301435,23373
720575941490659785,720575940623690008,63829
720575941553066631,720575940628136809,103127
720575941669225393,720575940626056581,123225
720575941429241592,720575940605816422,61992
720575941486583046,720575940628634536,62088
720575941656678424,720575940627733525,107748
720575941427554644,720575940620779800,10317
720575941433416718,720575940620295777,153776
720575941526660098,720575940630244060,181278
720575941573362845,720575940610241656,67207
720575941550172733,720575940627594005,810100
720575941402428451,720575940620116821,101769
720575941574915741,720575940612659826,550894
720575941410594671,720575940632901407,105396
720575941478088769,720575940633864275,529305
720575941510158608,720575940629089067,580793
720575941489657292,720575940628994063,158657
720575941463800589,720575940630204866,813508
720575941525957286,720575940627679304,161611
720575941562860968,720575940620958228,530509
720575941448764750,720575940621464747,138313
720575941491182567,720575940635171263,108400
720575941632153580,720575940624118453,904765
720575941543491845,720575940611812558,92037
720575941566503478,720575940639021757,810602
720575941486648205,720575940613387542,801479
720575941610296650,720575940619219269,806936
720575941495946624,720575940631376983,53496
720575941516762515,720575940606551682,62240
720575941570618014,720575940623935743,78809
720575941663263100,720575940623175571,42622
720575941467321366,720575940631460951,92989
720575941430753633,720575940621363109,107706
720575941407069870,720575940622177712,109936
720575941458363632,720575940624161975,182236
720575941429599625,720575940630495685,190540
720575941451369799,720575940613335975,38737
720575941468138717,720575940624146952,818423
720575941552906046,720575940620379301,800884
720575941488510261,720575940626862128,86080
720575941625616842,720575940647354659,134213
720575941565348103,720575940623089166,11559
720575941439720789,720575940620415793,132017
720575941544897980,720575940610522853,94794
720575941513667331,720575940616584863,171027
720575941593584167,720575940618154385,116658
720575941626112155,720575940631968872,907676
720575941518633176,720575940628719259,531315
720575941632342715,720575940627544658,61767
720575941580498553,720575940629803458,82863
720575941586622686,720575940623047901,131567
720575941527330436,720575940608671324,123405
720575941460286404,720575940619143590,76470
720575941506971742,720575940626257764,134002
720575941566719335,720575940607847042,904108
720575941572431880,720575940618859421,585319
720575941593781867,720575940618698411,804774
720575941554269211,720575940613604581,44669
720575941501798027,720575940631159599,149584
720575941572965384,720575940625824899,50177
720575941561406765,720575940624489452,147822
720575941566176857,720575940619333701,92431
720575941653191153,720575940612217342,52706
720575941411460267,720575940635460270,516883
720575941521293815,720575940626223166,117465
720575941440030687,720575940615338642,562463
720575941584118111,720575940620725720,48208
720575941560470031,720575940626806545,227998
720575941450058677,720575940618876830,120649
720575941438875692,720575940628265159,810714
720575941488956981,720575940624846375,37368
720575941504975298,720575940613115877,19603
720575941499216713,720575940627669885,516477
720575941612866835,720575940635146863,95799
720575941575791705,720575940607045641,562881
720575941658890008,720575940626201904,120714
720575941543031581,720575940613226961,32758
720575941475341610,720575940643296909,139061
720575941534648408,720575940620510811,181326
720575941576474806,720575940609153372,89309
720575941441496923,720575940622440308,10815
720575941540569885,720575940622624588,132495
720575941616203221,720575940615898566,64078
720575941611932774,720575940633184813,93959
720575941565006087,720575940637768670,206802
720575941453472425,720575940645949294,145608
720575941584121183,720575940608745685,32165
720575941508787073,720575940631450451,183599
720575941495041920,720575940622619371,143523
720575941481801469,720575940610397486,45990
720575941449056846,720575940616664337,175231
720575941519592620,720575940622830856,95975
720575941526967042,720575940624549100,19408
720575941543655785,720575940623291945,51956
720575941481398214,720575940623509700,20690
720575941445151914,720575940610232274,69655
720575941542350172,720575940627539864,46180
720575941595143717,720575940646237550,37347
720575941431252750,720575940638419363,136820
720575941558215183,720575940640531032,31702
720575941644094625,720575940619381312,114683
720575941525510658,720575940627281545,543366
720575941564849415,720575940620450694,87598
720575941439070271,720575940641548533,73240
720575941494903422,720575940622223169,130611
720575941609737958,720575940608828171,10730
720575941463152528,720575940624701939,142880
720575941430910456,720575940627175445,138257
720575941652139025,720575940617953349,148207
720575941443251626,720575940635962559,49358
720575941515645587,720575940612715175,86452
720575941521865139,720575940615579042,72571
720575941480037506,720575940632994872,127369
720575941643115365,720575940613283734,808776
720575941492175591,720575940624989112,162603
720575941540088013,720575940607924098,530827
720575941490309582,720575940621072832,100845
720575941504899266,720575940613219946,26551
720575941416469532,720575940627258493,62314
720575941588355383,720575940608360203,524357
720575941504116715,720575940611459938,79174
720575941461100228,720575940618839472,106093
720575941494729598,720575940604897248,154532
720575941482051770,720575940627149138,127856
720575941489406005,720575940613024808,904052
720575941517087148,720575940613431215,33041
720575941568975986,720575940634498785,99328
720575941514244601,720575940621625953,87513
720575941468977984,720575940633644183,42776
720575941425793364,720575940632085900,56864
720575941651773205,720575940614556363,129802
720575941569304434,720575940646653475,814647
720575941476384577,720575940616963229,101417
720575941534618906,720575940626595074,520919
720575941569368690,720575940638198342,58168
720575941502566194,720575940627780629,10413
720575941458846278,720575940621337792,102850
720575941526602829,720575940617823355,35422
720575941559964175,720575940620366795,127966
720575941590417662,720575940614072076,43625
720575941487043334,720575940605411244,158926
720575941588068420,720575940609903602,14791
720575941508183586,720575940622732493,816941
720575941592204840,720575940630293049,171851
720575941502821355,720575940611044910,126953
720575941515257235,720575940630002488,91980
720575941534841322,720575940606944130,166246
720575941414665876,720575940636206558,820501
720575941478393935,720575940634495855,137541
720575941574847592,720575940623208376,104590
720575941569778290,720575940614737558,48249
720575941478892418,720575940625367102,59461
720575941575968399,720575940637001071,58907
720575941559348751,720575940607512533,28031
720575941631760032,720575940625355364,89499
720575941523428343,720575940627397662,128062
720575941467240022,720575940628876111,104458
720575941586253702,720575940625950245,96507
720575941691036824,720575940625864487,542278
720575941508416897,720575940627174994,146738
720575941508309121,720575940628196908,184834
720575941603783158,720575940610539384,74674
720575941613897881,720575940624033476,94913
720575941436313888,720575940624743421,800860
720575941540033309,720575940621261428,50280
720575941633153989,720575940630149829,34627
720575941527905924,720575940621704942,36959
720575941505662021,720575940625341704,51740
720575941606216301,720575940619321965,98230
720575941501644683,720575940617698705,24923
720575941463983117,720575940623089899,37690
720575941625053339,720575940613331763,85867
720575941703053530,720575940638602054,24225
720575941416354844,720575940611682533,70013
720575941430512265,720575940615792757,156593
720575941625641836,720575940608967004,520113
720575941412176239,720575940635747167,12297
720575941615736985,720575940620451974,520550
720575941613207571,720575940628073216,187519
720575941476713322,720575940638200895,90657
720575941435570208,720575940639764669,78258
720575941410007407,720575940632392877,813444
720575941575060745,720575940638260452,118694
720575941517304979,720575940626906567,74200
720575941438858069,720575940627471759,90967
720575941476450154,720575940636559479,904794
720575941426705492,720575940643797408,193616
720575941523859787,720575940621651951,206861
720575941515972698,720575940618208985,934955
720575941577961041,720575940621781595,143243
720575941506766359,720575940627062543,125384
720575941563164416,720575940632738385,152547
720575941592736552,720575940616797627,65400
720575941463634957,720575940638604777,535517
720575941571181128,720575940628081660,813953
720575941544664937,720575940623836440,108801
720575941535490994,720575940617184001,50692
720575941511104784,720575940629701737,56755
720575941533899352,720575940645022260,107837
720575941524877593,720575940630834223,16821
720575941474080315,720575940622995443,189672
720575941605197502,720575940621325594,67158
720575941435354254,720575940634966463,98471
720575941652743153,720575940622793230,815768
720575941499317321,720575940637749888,547865
720575941518450542,720575940631383251,535982
720575941561394066,720575940637571125,60880
720575941550606591,720575940631730759,543991
720575941537771250,720575940627575573,70643
720575941689383832,720575940608573707,178053
720575941650258709,720575940633552028,72941
720575941504356951,720575940628982939,46152
720575941580017273,720575940628346186,64777
720575941474311264,720575940620033627,46615
720575941399984419,720575940639476864,73489
720575941481203279,720575940620649409,549591
720575941505481788,720575940622213316,217073
720575941441172671,720575940625821332,555710
720575941524465483,720575940632956371,37934
720575941502616882,720575940624418110,77163
720575941441773915,720575940628161735,124312
720575941631459308,720575940627962142,59155
720575941431418799,720575940637954886,542322
720575941639894389,720575940643191693,75638
720575941529520568,720575940640955088,560293
720575941567944698,720575940645451300,64891
720575941538026189,720575940647946804,81902
720575941533013733,720575940620152405,37428
720575941506486437,720575940631281483,132284
720575941595211303,720575940606624102,52884
720575941650505749,720575940639258431,148419
720575941539593621,720575940614393205,100099
720575941574242461,720575940635600632,59426
720575941610207974,720575940630610488,53989
720575941535457473,720575940628534696,22199
720575941556565412,720575940615139247,38731
720575941553728666,720575940631766103,808819
720575941612545811,720575940622106534,57894
720575941430850808,720575940631441256,137823
720575941533984705,720575940622690829,78905
720575941495617991,720575940612078102,186822
720575941572642206,720575940620495451,806701
720575941594363094,720575940626762183,80177
720575941554452196,720575940619620278,524243
720575941644711073,720575940609940629,89650
720575941523553527,720575940626237898,174949
720575941631440032,720575940623905031,131234
720575941403226224,720575940631301079,78827
720575941458079216,720575940617731377,110094
720575941577424473,720575940613794114,149976
720575941513451852,720575940627473560,63463
720575941584693382,720575940615134870,239115
720575941472082528,720575940632069944,537722
720575941454773299,720575940605385696,93246
720575941622771196,720575940636348011,119235
720575941568007982,720575940629210076,80862
720575941516593145,720575940621007440,111133
720575941489651660,720575940624917847,67554
720575941560261903,720575940630734895,512386
720575941495495547,720575940622753057,111357
720575941409294507,720575940630442044,198974
720575941611961820,720575940614602671,51165
720575941565576967,720575940622807477,44243
720575941721197370,720575940632566355,529135
720575941471033207,720575940636536439,66785
720575941458430022,720575940605913516,64871
720575941497827041,720575940629165365,940556
720575941566477614,720575940628720889,76326
720575941624068251,720575940629431399,129289
720575941461076493,720575940625992781,536608
720575941462333072,720575940626005136,146260
720575941535197722,720575940629870458,98744
720575941631819500,720575940621025633,154585
720575941408674990,720575940608208651,908685
720575941467638550,720575940623298696,206520
720575941542643548,720575940641560628,117630
720575941481083043,720575940632093068,191250
720575941446466580,720575940616189841,14495
720575941411643563,720575940606774281,78641
720575941452291753,720575940626109966,69671
720575941546116284,720575940623977059,117042
720575941575163913,720575940635863288,116334
720575941500077474,720575940605888870,93898
720575941540552653,720575940631123983,127704
720575941456921325,720575940626644111,21515
720575941560558062,720575940625766631,137339
720575941490796238,720575940614061608,49875
720575941480260035,720575940622717734,136703
720575941535082467,720575940612576730,19704
720575941604260598,720575940614993164,49548
720575941602875577,720575940634551522,806516
720575941390623382,720575940646580788,816371
720575941671610791,720575940608555356,528966
720575941531070923,720575940620904557,127608
720575941530746315,720575940617402229,55773
720575941440794559,720575940620934023,111700
720575941571427323,720575940636950373,64623
720575941475431217,720575940619863120,541880
720575941470273245,720575940633539103,28131
720575941565278518,720575940625063098,15204
720575941530124216,720575940622867436,123339
720575941524923236,720575940614678237,49754
720575941391568132,720575940644013604,64021
720575941532893571,720575940623767223,60322
720575941495390848,720575940648560004,99569
720575941560559987,720575940612775934,72289
720575941482027974,720575940627855390,56635
720575941482322106,720575940630015488,125273
720575941644058706,720575940628466281,25045
720575941477588788,720575940634285560,72285
720575941626203850,720575940620498303,543992
720575941547275144,720575940621576897,529473
720575941508834082,720575940626019405,70019
720575941592202198,720575940629764099,516405
720575941475646523,720575940623464780,163833
720575941552435847,720575940620253745,62645
720575941559960179,720575940618239161,954136
720575941519178924,720575940634127385,70667
720575941452682567,720575940632649567,85250
720575941487434448,720575940624701454,86278
720575941645158856,720575940618310237,276371
720575941691356635,720575940629729018,192128
720575941430567855,720575940628633928,162609
720575941448289812,720575940609245123,516342
720575941609624138,720575940630046582,804696
720575941477437492,720575940609224201,517715
720575941668577969,720575940616579841,67678
720575941656289360,720575940618944084,536373
720575941403619440,720575940632225361,153904
720575941559131251,720575940627549829,935800
720575941566009751,720575940626000016,63758
720575941487143753,720575940631219671,524941
720575941472970592,720575940626638863,128764
720575941628292153,720575940624967612,12632
720575941610692781,720575940624735565,97913
720575941691574424,720575940620682991,72982
720575941486154893,720575940605598176,50485
720575941631094981,720575940633368275,119435
720575941610209453,720575940624335034,100355
720575941609479910,720575940630269689,128538
720575941562930344,720575940625657530,29308
720575941555782820,720575940612958357,93514
720575941493467312,720575940613637782,41477
720575941535331082,720575940607519154,533757
720575941521760947,720575940622118143,71920
720575941689414040,720575940619114107,107727
720575941535094194,720575940628246504,38891
720575941477025332,720575940641671888,96440
720575941555382611,720575940631559466,111279
720575941702751706,720575940621422774,146910
720575941519530924,720575940626173232,533451
720575941482441146,720575940628596585,57773
720575941523455819,720575940621263553,92954
720575941477901377,720575940612742314,901587
720575941494597758,720575940619081552,19846
720575941486347014,720575940621921345,122024
720575941626090122,720575940622577546,523611
720575941489371849,720575940628133608,516922
720575941430323081,720575940607307275,60828
720575941534587570,720575940624381468,88580
720575941490664652,720575940642092763,107264
720575941471865440,720575940639814051,116448
720575941501957259,720575940621027860,519523
720575941659307288,720575940640942989,69788
720575941476762474,720575940609261916,120762
720575941589117508,720575940624530446,19437
720575941568802094,720575940630518777,103205
720575941557111076,720575940629267450,56080
720575941562515207,720575940605252798,141668
720575941689580507,720575940627869461,49016
720575941447760490,720575940619932654,77117
720575941446181652,720575940614301905,150743
720575941447891381,720575940615837234,81164
720575941489423049,720575940624276405,77637
720575941437991999,720575940630708985,129077
720575941417164828,720575940634221025,84266
720575941611893677,720575940612194611,23784
720575941391580164,720575940627462043,100005
720575941553987719,720575940635666367,919277
720575941585348742,720575940618782797,100366
720575941661848376,720575940632757459,817091
720575941555754468,720575940635353445,49896
720575941593562837,720575940619169752,81562
720575941668125105,720575940627682577,101668
720575941602022390,720575940623443241,153044
720575941574440456,720575940625054901,514438
720575941508506974,720575940631289135,800818
720575941445127082,720575940615900358,122318
720575941448642397,720575940630546171,74832
720575941436791519,720575940619048533,107565
720575941580077301,720575940616418354,548023
720575941505867799,720575940644443415,552427
720575941663008824,720575940625155260,564194
720575941652774100,720575940623076265,34923
720575941486776642,720575940609810013,114601
720575941475586334,720575940630081244,50983
720575941626307274,720575940613061082,144480
720575941447809885,720575940626403715,26295
720575941519689092,720575940620603233,11817
720575941549445236,720575940618468130,193420
720575941503298108,720575940613601261,516202
720575941612799251,720575940628173138,518425
720575941509357072,720575940616499798,76674
720575941476377908,720575940618944414,55485
720575941542241541,720575940626539592,97370
720575941661583484,720575940631730402,28337
720575941667236273,720575940629888000,71555
720575941618013653,720575940637292400,107850
720575941444905386,720575940630887737,533161
720575941446529300,720575940628575765,177973
720575941594930053,720575940630679670,105416
720575941569755550,720575940621244429,160585
720575941575135753,720575940619434432,74447
720575941638380661,720575940627194267,256828
720575941424935508,720575940608975883,207122
720575941574478075,720575940615444903,25500
720575941413600401,720575940624783091,149101
720575941572006728,720575940603935334,103586
720575941723679802,720575940631420077,42596
720575941573963624,720575940620361131,91082
720575941624847498,720575940610535492,500011
720575941539919997,720575940622651689,806178
720575941568022266,720575940620733376,123288
720575941681382845,720575940607461077,513529
720575941687322486,720575940606916619,31087
720575941435874066,720575940636124011,94969
720575941579762421,720575940620971201,45706
720575941410829935,720575940637595790,105680
720575941610223974,720575940611530702,70765
720575941723066682,720575940630479068,152499
720575941536615178,720575940604738737,125686
720575941350424112,720575940625158899,14609
720575941506452133,720575940615079786,70318
720575941569219954,720575940636964975,524410
720575941639032607,720575940640422990,119362
720575941594881750,720575940626765754,18881
720575941489316661,720575940624477968,57793
720575941526697316,720575940628581575,141266
720575941451286650,720575940623100515,804927
720575941658265112,720575940621100272,104516
720575941450084174,720575940612238798,127667
720575941506065061,720575940630647546,51227
720575941554294299,720575940623011549,71747
720575941477195114,720575940627770344,98110
720575941629689314,720575940638146014,37910
720575941545097477,720575940635469978,808224
720575941497636937,720575940630186571,126095
720575941480686755,720575940605852006,144226
720575941491473356,720575940631816332,179749
720575941535035619,720575940615322434,566234
720575941544458245,720575940611370616,13250
720575941448675509,720575940630769090,17891
720575941503372226,720575940619654053,541861
720575941610830569,720575940640168099,25108
720575941537703400,720575940620633560,513688
720575941686925430,720575940622396433,155534
720575941531335397,720575940621475163,59241
720575941508130433,720575940604498022,179124
720575941730332715,720575940625013996,89683
720575941436935980,720575940623061735,127895
720575941437956831,720575940605028320,152776
720575941555820627,720575940614138664,111009
720575941482520518,720575940616572955,33017
720575941569478394,720575940620896459,120555
720575941535385834,720575940623255053,33481
720575941538355349,720575940626248450,130973
720575941436122924,720575940625094325,12158
720575941555866276,720575940617977017,545981
720575941522891851,720575940624837066,207809
720575941592349480,720575940630640128,40319
720575941643528056,720575940630469881,60836
720575941531218661,720575940615064616,49153
720575941508631586,720575940627251026,61770
720575941430276705,720575940621146221,51750
720575941545341189,720575940611992469,54645
720575941414784540,720575940638125365,571980
720575941593988971,720575940605930929,513260
720575941502420311,720575940637960164,135851
720575941430556887,720575940625731512,569984
720575941629235238,720575940638348863,104326
720575941657824536,720575940626843420,39770
720575941516638611,720575940630893143,115713
720575941432825815,720575940624872456,141664
720575941448001461,720575940618958040,88515
720575941610682470,720575940623069208,40400
720575941659194904,720575940636249524,35042
720575941451772282,720575940616149435,61070
720575941529427915,720575940615738271,94187
720575941595205413,720575940612040910,543810
720575941526774786,720575940620171910,568435
720575941652915924,720575940632294219,544975
720575941451240826,720575940628724296,17943
720575941571989576,720575940630679801,117861
720575941449965434,720575940613540527,133910
720575941612444435,720575940631327739,64949
720575941436448044,720575940624575076,63714
720575941586202078,720575940640681680,66218
720575941626059628,720575940628600808,514235
720575941540846541,720575940646484334,516488
720575941519946675,720575940625285875,96315
720575941691593624,720575940607986050,32103
720575941481765373,720575940621410006,61826
720575941614706195,720575940629409009,917518
720575941597750172,720575940617492278,121576
720575941503330498,720575940610373752,110563
720575941455419955,720575940638244073,82387
720575941659288600,720575940646559540,46553
720575941641465682,720575940622858701,526878
720575941576455016,720575940630511164,564624
720575941517814188,720575940619375995,116209
720575941625369401,720575940604941234,154674
720575941622541564,720575940634583959,107768
720575941478972835,720575940620141317,55120
720575941569162996,720575940632299335,140068
720575941507062807,720575940630993605,805540
720575941477618462,720575940617795451,550797
720575941542761052,720575940640264253,89101
720575941565517666,720575940619787678,13757
720575941432255959,720575940624270517,849981
720575941567815668,720575940614570705,67217
720575941525349197,720575940645010798,143786
720575941436567084,720575940615502130,190296
720575941574042767,720575940627069242,110558
720575941565563958,720575940617274836,50673
720575941430703535,720575940617730745,153069
720575941526013796,720575940614192303,57356
720575941449986682,720575940609716675,94031
720575941576985845,720575940637543598,123188
720575941541139804,720575940608814531,91635
720575941531592907,720575940628601621,524629
720575941459601734,720575940609366574,32225
720575941429327535,720575940645932596,61041
720575941560477711,720575940640351822,16050
720575941485038402,720575940613274803,76099
720575941486681666,720575940623964652,14173
720575941538888597,720575940628998223,109977
720575941471626560,720575940619680561,94635
720575941459651231,720575940625025533,551873
720575941446873876,720575940618710720,147343
720575941486573965,720575940626400077,13219
720575941544410373,720575940634458519,151871
720575941687302156,720575940653680545,70967
720575941458704368,720575940617632123,151843
720575941577911889,720575940624871944,512949
720575941626333595,720575940618356560,807882
720575941624741228,720575940615078250,580898
720575941448411061,720575940618308130,154821
720575941588634436,720575940652505078,113791
720575941536062435,720575940626372610,155235
720575941486280454,720575940627633863,39009
720575941547263924,720575940618112795,84392
720575941631444706,720575940625385316,90846
720575941597164480,720575940611295510,55655
720575941503527228,720575940620532206,172103
720575941592251688,720575940631293036,518089
720575941459104838,720575940630472156,806899
720575941461588947,720575940615008150,116268
720575941630013932,720575940633001528,516802
720575941690212059,720575940635082091,103343
720575941569159162,720575940629893367,524315
720575941456024304,720575940627388056,77587
720575941649267733,720575940610621816,535073
720575941433059342,720575940619808134,34197
720575941556043347,720575940625676621,65197
720575941687288303,720575940616363549,540059
720575941556532772,720575940632790732,535597
720575941618673023,720575940639715747,58717
720575941449041845,720575940619435077,86421
720575941453104553,720575940637511781,527380
720575941662943032,720575940630819923,91732
720575941561025325,720575940632587577,97652
720575941580090489,720575940618953270,101752
720575941645315528,720575940604899040,65769
720575941613730524,720575940626630641,21565
720575941526170701,720575940624391146,43330
720575941494487166,720575940613064690,102791
720575941459944262,720575940640672675,930621
720575941526946306,720575940623410019,539515
720575941477338420,720575940631464162,43856
720575941483608518,720575940621695348,81068
720575941491047113,720575940608076739,806265
720575941481513667,720575940622041724,909099
720575941611468205,720575940617534676,562650
720575941607263853,720575940631983185,33147
720575941732783659,720575940622901033,88347
720575941447485204,720575940631194167,82918
720575941410714027,720575940630060119,184426
720575941510184658,720575940612603926,90151
720575941522722807,720575940632616908,34257
720575941526182914,720575940636074158,100006
720575941440287167,720575940622704972,50004
720575941439727311,720575940628451706,159297
720575941513835779,720575940608346242,925639
720575941640164895,720575940624850362,106340
720575941581724281,720575940623880388,815771
720575941533201637,720575940626364734,535089
720575941529533112,720575940626429072,810683
720575941591211304,720575940623736575,97130
720575941572790088,720575940641178613,806418
720575941502369675,720575940617591099,531895
720575941593567083,720575940612131503,559780
720575941545205253,720575940613425459,87883
720575941616469461,720575940621905847,84281
720575941412814996,720575940645191447,252391
720575941507967813,720575940642120155,77141
720575941483556605,720575940618657281,23574
720575941393995414,720575940630509354,74281
720575941494781054,720575940627867288,539769
720575941506843230,720575940629097219,97501
720575941460909267,720575940639242805,551748
720575941544338181,720575940625379854,29650
720575941594132849,720575940630176503,11469
720575941451515561,720575940604125920,29260
720575941477860417,720575940635231607,61540
720575941352176432,720575940627776594,98644
720575941486644365,720575940645252643,533896
720575941639724661,720575940612104290,86037
720575941688180598,720575940629952311,72767
720575941449876346,720575940629928058,64823
720575941669081587,720575940616400057,135766
720575941662366520,720575940630137655,55211
720575941482054909,720575940636447966,67637
720575941467702038,720575940639632948,45195
720575941441293659,720575940619069758,132501
720575941475708721,720575940638608216,73577
720575941577529177,720575940622578526,55960
720575941413773201,720575940621653414,18579
720575941657248024,720575940615413410,26414
720575941523472631,720575940622667107,43260
720575941555911140,720575940622680456,75530
720575941542330117,720575940623321638,172175
720575941503607100,720575940627189622,125854
720575941642931813,720575940628230632,45644
720575941477323073,720575940639383349,539331
720575941494699646,720575940628409470,162112
720575941524607307,720575940618044701,135106
720575941504028395,720575940623477956,179111
720575941580603381,720575940640039768,133694
720575941537515235,720575940620869825,134695
720575941503816939,720575940638124376,543493
720575941570011386,720575940623822579,190226
720575941535198040,720575940626903548,813451
720575941448356021,720575940621356626,38469
720575941631211963,720575940603720294,55319
720575941408990382,720575940627880069,50447
720575941657968464,720575940630055159,116483
720575941611434854,720575940625604866,814608
720575941617623765,720575940622870666,161971
720575941414750356,720575940606199218,38071
720575941429578488,720575940626617543,512991
720575941515165283,720575940625343690,99987
720575941390858244,720575940633515406,523009
720575941503066603,720575940633611418,46810
720575941554677249,720575940637593316,35772
720575941551993735,720575940617373248,79048
720575941513087564,720575940623379933,519830
720575941491523534,720575940629832208,127853
720575941545123433,720575940611975594,32161
720575941590077438,720575940615922956,814966
720575941531236581,720575940631789260,120495
720575941429324641,720575940609761803,534226
720575941490948553,720575940606157088,57748
720575941554249243,720575940632034627,543202
720575941540526428,720575940616996294,816396
720575941477599540,720575940613082282,34562
720575941515959299,720575940617373755,209507
720575941447752629,720575940635364764,807918
720575941515030883,720575940632728879,60735
720575941392063126,720575940600084489,138442
720575941590551336,720575940624268692,108415
720575941414220948,720575940609096971,118794
720575941536821475,720575940611746258,536499
720575941533714724,720575940621290605,541521
720575941547246260,720575940614990511,68641
720575941552038279,720575940630751788,125291
720575941485496838,720575940630318695,68224
720575941640545823,720575940631359668,518293
720575941625685130,720575940621251777,88993
720575941632524997,720575940627079257,43512
720575941504144322,720575940647522180,59220
720575941722980410,720575940632246603,71560
720575941633297595,720575940630971136,133555
720575941733149227,720575940624978173,515920
720575941575563919,720575940627447171,810048
720575941513630554,720575940632871737,80291
720575941514014554,720575940632053519,88020
720575941658744600,720575940638919002,29033
720575941491376078,720575940629176572,92132
720575941552937243,720575940619238753,95856
720575941489526985,720575940639409627,185008
720575941498829691,720575940604896684,47844
720575941721509434,720575940630430508,102140
720575941669613233,720575940626094346,906179
720575941435230094,720575940616001330,75442
720575941595593767,720575940628172520,817237
720575941452192307,720575940647647108,151576
720575941688039798,720575940630872428,177642
720575941489746151,720575940609347337,78781
720575941626466442,720575940617452427,160976
720575941497213056,720575940625132327,211580
720575941452663623,720575940627442451,112935
720575941431296137,720575940631739922,803146
720575941439705407,720575940631798851,543460
720575941555800915,720575940628135440,130131
720575941513993306,720575940642266869,523400
720575941475398686,720575940628779268,812792
720575941442406607,720575940640075739,133722
720575941610830253,720575940623097046,50720
720575941513643587,720575940631980857,113714
720575941439218732,720575940633885997,156655
720575941504327077,720575940632152524,103974
720575941620660095,720575940609243349,96472
720575941557878287,720575940611550766,807124
720575941581903225,720575940615698315,100923
720575941481628614,720575940606363778,16955
720575941703180762,720575940627374598,69652
720575941450008245,720575940625256009,65707
720575941595885701,720575940633779923,106812
720575941498456699,720575940623118029,63936
720575941481790915,720575940624406160,256317
720575941643566968,720575940631993415,70562
720575941476425265,720575940604711392,47281
720575941527864248,720575940626065162,79909
720575941535539178,720575940626576130,97489
720575941438619410,720575940612108642,214453
720575941623040764,720575940638880319,173628
720575941504458044,720575940620827840,58605
720575941626078619,720575940635554296,88249
720575941538189027,720575940614084015,514835
720575941413107089,720575940630791798,143202
720575941453073223,720575940621496436,63947
720575941627889465,720575940618274489,106372
720575941464924694,720575940647078691,54403
720575941459963332,720575940614794927,29610
720575941492014055,720575940632999578,51784
720575941642739282,720575940642465499,59412
720575941598368412,720575940626859029,449558
720575941643174757,720575940629935042,27263
720575941659245392,720575940620576033,94057
720575941529340088,720575940636609647,39763
720575941567871732,720575940629583515,41584
720575941462163908,720575940652306934,19011
720575941631597794,720575940626625546,112208
720575941476481345,720575940619579185,524390
720575941502573803,720575940636659886,806589
720575941519559896,720575940605073324,184946
720575941613252627,720575940639054158,80951
720575941626350730,720575940628315241,58886
720575941507272005,720575940629079302,98147
720575941574654203,720575940623311630,520765
720575941441141439,720575940630678902,65441
720575941443134378,720575940625407690,98516
720575941508301778,720575940623952934,518006
720575941532280042,720575940624834352,575249
720575941474172202,720575940629426046,71695
720575941487067910,720575940619615770,187437
720575941525890329,720575940638910296,178284
720575941454769901,720575940613980591,20166
720575941532628611,720575940621348591,908306
720575941581310841,720575940615628486,108454
720575941478812034,720575940627100312,135739
720575941471913056,720575940631162309,24498
720575941611866797,720575940616370700,128933
720575941573235209,720575940620705883,60513
720575941414409361,720575940626719365,94403
720575941638007925,720575940632534476,315655
720575941498718177,720575940628099995,162091
720575941487455952,720575940627268248,153424
720575941567026478,720575940629882128,42320
720575941638678559,720575940626369086,93206
720575941498807675,720575940638954611,89303
720575941678583229,720575940653705889,34149
720575941447859278,720575940627702547,35536
720575941393492374,720575940625007949,42347
720575941563119970,720575940607579314,75224
720575941497189248,720575940597856265,98345
720575941504256306,720575940616194772,119551
720575941537826280,720575940632080268,580756
720575941506458462,720575940630458486,42359
720575941550026301,720575940613682087,245032
720575941490768585,720575940622633686,909186
720575941478584143,720575940629612226,524873
720575941514215377,720575940619460688,532135
720575941545977788,720575940611355512,511823
720575941551389979,720575940619320188,81783
720575941631268578,720575940639096383,807013
720575941559943406,720575940644609440,45969
720575941475161130,720575940625899597,547345
720575941595996828,720575940620765793,139892
720575941626608492,720575940623019290,127932
720575941593093334,720575940607990229,924566
720575941519215027,720575940615853851,149823
720575941657775640,720575940635153527,559217
720575941491503847,720575940619569829,41161
720575941594612775,720575940629906987,93956
720575941651642645,720575940632975699,130448
720575941512143436,720575940624231206,89188
720575941431732728,720575940622362845,151968
720575941470051851,720575940608675851,131369
720575941568348206,720575940628639311,144901
720575941561467282,720575940630104314,63650
720575941539416781,720575940618730781,139500
720575941671350951,720575940602964140,22676
720575941732656171,720575940633328831,27809
720575941670086823,720575940612543254,82948
720575941490775216,720575940614390755,61092
720575941482021059,720575940632800396,62126
720575941623888636,720575940629036331,74256
720575941562009490,720575940618751515,73239
720575941534304266,720575940636110943,149396
720575941474169184,720575940631394245,810899
720575941506231365,720575940612935317,532826
720575941597994688,720575940627282557,104746
720575941478735523,720575940619498801,19145
720575941526678093,720575940626680337,44908
720575941633492933,720575940640476531,77185
720575941563032488,720575940634102553,169707
720575941591606568,720575940618339284,121067
720575941579911249,720575940634303642,527647
720575941393953686,720575940634105754,30004
720575941570760350,720575940620212103,99709
720575941471946304,720575940642565851,39628
720575941526943746,720575940620489094,111344
720575941460839123,720575940619575872,236542
720575941594962725,720575940620550004,52138
720575941513102595,720575940643394208,79199
720575941525138457,720575940618646744,49474
720575941612281190,720575940623985958,803263
720575941564395008,720575940622760682,23555
720575941454124781,720575940631489398,813037
720575941511175952,720575940619554725,805836
720575941549403903,720575940624114884,808007
720575941626085066,720575940623139617,94828
720575941510811920,720575940611672785,42083
720575941435553422,720575940628558671,194976
720575941563348370,720575940612962029,21268
720575941528020356,720575940635661048,811722
720575941405833263,720575940633780194,45064
720575941609538150,720575940621117935,544494
720575941526994690,720575940617132118,102026
720575941592495656,720575940630260796,48649
720575941474830644,720575940622388265,535532
720575941572674206,720575940627631125,131786
720575941651916565,720575940644317719,101684
720575941394073494,720575940612596461,113866
720575941583859846,720575940613099560,124270
720575941534641586,720575940639901603,1071635070
720575941556014675,720575940639886901,26124
720575941493765552,720575940629873278,168618
720575941535722762,720575940632092367,81569
720575941578338897,720575940640581235,134660
720575941643471048,720575940635989428,56378
720575941542317148,720575940605971330,64080
720575941414682652,720575940639332736,57097
720575941576947033,720575940615262358,172128
720575941667733681,720575940618595894,67462
720575941602153206,720575940616296607,157420
720575941586523782,720575940625133770,530988
720575941484112902,720575940617011579,48819
720575941511775820,720575940613222629,534022
720575941555720420,720575940627543171,63468
720575941508308258,720575940631315503,807213
720575941425643092,720575940620722267,26464
720575941533085106,720575940622806604,558612
720575941702827994,720575940636293518,16729
720575941654515673,720575940630054735,99780
720575941566041646,720575940613107734,160169
720575941451008846,720575940632604371,77567
720575941628413222,720575940611969906,92007
720575941688126326,720575940615055989,16981
720575941536167434,720575940632296588,806299
720575941405724719,720575940615210427,53707
720575941561868333,720575940627635473,59593
720575941722706746,720575940626903311,80241
720575941425675348,720575940631855687,180368
720575941644783521,720575940620967700,84152
720575941525215769,720575940619363700,65879
720575941452187514,720575940621394614,76454
720575941525386340,720575940618723397,24255
720575941497660539,720575940642198491,35433
720575941475772731,720575940630672938,84138
720575941450776135,720575940639070527,129883
720575941565027079,720575940616183995,906363
720575941594332711,720575940623320396,80366
720575941414742676,720575940646961460,40664
720575941670122161,720575940623239437,58250
720575941498075465,720575940646932100,43799
720575941477096554,720575940620620820,69453
720575941526321666,720575940616942731,520558
720575941604740030,720575940622219388,70183
720575941548574324,720575940622947110,79925
720575941624291948,720575940620284807,149893
720575941439597887,720575940623954058,515054
720575941431299598,720575940646413108,64685
720575941463010192,720575940620557248,108554
720575941679007677,720575940633222495,45457
720575941652681177,720575940618622804,90301
720575941499308617,720575940647020932,13933
720575941582046073,720575940624164284,114422
720575941479540559,720575940639337936,56604
720575941492979632,720575940633588900,66984
720575941612736019,720575940621262100,79505
720575941453063495,720575940628248326,43866
720575941393950358,720575940620812353,108131
720575941453364137,720575940612791277,521769
720575941598526620,720575940625054726,57420
720575941514076250,720575940642071712,113735
720575941629281250,720575940631916205,84684
720575941617667285,720575940608302857,803132
720575941547957565,720575940630797113,74751
720575941651322133,720575940625570844,190447
720575941415164188,720575940631408159,46109
720575941502957803,720575940616488002,93630
720575941643308961,720575940605545602,33812
720575941642992229,720575940617215961,541566
720575941590483255,720575940620625573,104569
720575941539715164,720575940631411164,512006
720575941537733096,720575940631917131,201618
720575941598659996,720575940619068843,33855
720575941569000442,720575940629746732,99225
720575941470250251,720575940635164852,132620
720575941498472059,720575940631814248,61434
720575941498221700,720575940617077056,533024
720575941435871020,720575940627303951,135667
720575941442461391,720575940610704430,206944
720575941561169965,720575940614198568,167742
720575941574691081,720575940629730064,38072
720575941515446777,720575940608390446,45254
720575941554854810,720575940621637033,29950
720575941587721540,720575940633340627,146603
720575941596554885,720575940633887955,95272
720575941576622952,720575940618439478,35088
720575941611590889,720575940640259150,99119
720575941520504755,720575940624290954,549089
720575941482232317,720575940629031067,548906
720575941481339043,720575940620947904,41932
720575941554863873,720575940618398923,546474
720575941543308829,720575940616832598,93907
720575941546967145,720575940631340997,181708
720575941546553633,720575940625472345,35892
720575941428975608,720575940622732361,933394
720575941569456122,720575940639987931,46583
720575941535624626,720575940617932116,534237
720575941460270918,720575940620359339,515200
720575941595368150,720575940622934998,75791
720575941476847153,720575940629272791,142639
720575941563453096,720575940610903250,128775
720575941527158694,720575940636351863,68986
720575941447800142,720575940631146348,52018
720575941478905763,720575940625700685,87283
720575941482637251,720575940617140411,133473
720575941391178756,720575940605124482,79334
720575941611418442,720575940613327825,47832
720575941441936731,720575940619249019,40429
720575941525841666,720575940630466295,809886
720575941652599793,720575940628214887,83696
720575941637399669,720575940628120849,197028
720575941544721844,720575940635161695,21999
720575941691260568,720575940616958097,117072
720575941555309825,720575940631865228,95694
720575941507009886,720575940632230713,512297
720575941548288116,720575940614751574,97950
720575941548281972,720575940636124084,128219
720575941594580593,720575940605465278,34687
720575941535965923,720575940636481716,135062
720575941464631894,720575940624106701,188636
720575941580128593,720575940646086691,60052
720575941450277454,720575940634605282,813009
720575941584240262,720575940630767097,51093
720575941667015923,720575940622279629,43907
720575941510812432,720575940611780761,73198
720575941471781952,720575940634003885,131096
720575941486566285,720575940632986338,935661
720575941560928045,720575940634127770,74797
720575941483169466,720575940658674049,815447
720575941547749153,720575940627010685,60594
720575941589363966,720575940631705807,531493
720575941516856280,720575940615412586,98981
720575941616157909,720575940627783293,87518
720575941551255667,720575940610020035,144457
720575941454747629,720575940644885870,37755
720575941531431883,720575940631618346,512141
720575941435607840,720575940630539902,80803
720575941591735080,720575940627663100,28772
720575941578344529,720575940606083529,61407
720575941549181757,720575940621778158,183450
720575941504366359,720575940631236111,80301
720575941686191855,720575940632140586,157631
720575941514146297,720575940630815575,113898
720575941584118367,720575940606656288,142751
720575941449525429,720575940609868242,158339
720575941504075243,720575940621696500,90861
720575941514999043,720575940641223120,25899
720575941558638863,720575940628420008,49748
720575941502389739,720575940628192901,27612
720575941470291319,720575940627418122,195933
720575941614805011,720575940635706872,130147
720575941487088902,720575940619285317,198766
720575941498722785,720575940620139143,152656
720575941703442138,720575940617798434,72580
720575941546163124,720575940632786247,28237
720575941651598577,720575940611467417,814910
720575941611232941,720575940623228430,138382
720575941469771275,720575940643127319,74164
720575941489144039,720575940606615473,21781
720575941506386236,720575940626769304,160329
720575941575210761,720575940631413967,54172
720575941518969516,720575940634113505,26700
720575941687660556,720575940613359266,815494
720575941547730209,720575940613710061,85454
720575941471878720,720575940625520446,42408
720575941572418206,720575940626257930,38216
720575941595697447,720575940623881450,53171
720575941469086429,720575940622829812,556667
720575941434054688,720575940634779799,84988
720575941596422277,720575940629672642,106227
720575941643758792,720575940638029168,826689
720575941557278223,720575940641673936,155084
720575941505230501,720575940624898110,28565
720575941468568843,720575940621694657,151927
720575941513894732,720575940631313465,808958
720575941431860065,720575940627416552,50569
720575941477198129,720575940620731380,902782
720575941688236044,720575940618215773,67290
720575941631498732,720575940625236884,117916
720575941565957735,720575940611509485,88297
720575941530540957,720575940625091819,551091
720575941446957493,720575940611503509,526767
720575941583135839,720575940636105055,542171
720575941481079887,720575940634054355,221011
720575941667949043,720575940632511201,209370
720575941589428990,720575940646624291,140166
720575941393693334,720575940626372733,526368
720575941535196648,720575940624007694,102674
720575941458884592,720575940613684911,539120
720575941624810634,720575940622432038,33738
720575941493751934,720575940621404948,55329
720575941573389896,720575940612134422,531502
720575941688156534,720575940605659872,62848
720575941644392786,720575940642577371,24844
720575941517115027,720575940604459697,512821
720575941628461026,720575940628588616,73569
720575941560956019,720575940625310029,27329
720575941614432019,720575940641507317,812494
720575941591856747,720575940607202178,111624
720575941515035651,720575940629820794,70474
720575941350890544,720575940623485910,118833
720575941408758446,720575940613772194,34549
720575941581666655,720575940628840198,517434
720575941433362446,720575940613626009,45994
720575941480861891,720575940636767856,113697
720575941481383587,720575940613839218,36187
720575941701859802,720575940623847693,813276
720575941511811282,720575940627293796,70016
720575941582786911,720575940639037006,59272
720575941572489886,720575940629618170,79381
720575941408175022,720575940618091009,69663
720575941594541526,720575940614177548,93107
720575941413096593,720575940637915113,580109
720575941438332204,720575940605924994,52810
720575941502050443,720575940630140220,823408
720575941537485032,720575940622112801,21259
720575941642134117,720575940603461478,99744
720575941526586370,720575940628751559,84666
720575941611336169,720575940626649786,108174
720575941586070662,720575940625838606,160452
720575941459402399,720575940604404425,119257
720575941483701245,720575940614861378,118753
720575941574997405,720575940626843536,36994
720575941351776560,720575940646051716,83050
720575941542397276,720575940639944155,25522
720575941480167363,720575940608822281,130184
720575941642867064,720575940616501919,133719
720575941518412471,720575940611853006,53247
720575941527178628,720575940628531599,801185
720575941431305865,720575940618139220,60501
720575941523370231,720575940627431576,814890
720575941515684698,720575940620047553,92163
720575941512779084,720575940611550122,530279
720575941551681279,720575940612744085,48052
720575941512462412,720575940636561332,41412
720575941408966830,720575940633693803,521027
720575941477159729,720575940638760307,101304
720575941633422277,720575940632596072,68873
720575941517255534,720575940624114923,158606
720575941432419425,720575940637095514,38562
720575941596242289,720575940632689433,115093
720575941547749556,720575940645182664,143172
720575941439115308,720575940613461043,521405
720575941551990919,720575940630635258,76149
720575941662243964,720575940630884924,40870
720575941404592496,720575940618230745,58906
720575941469145611,720575940612250774,66014
720575941471191671,720575940617707736,192424
720575941524966169,720575940610299587,136278
720575941558894351,720575940638245342,900884
720575941439261759,720575940625487256,101702
720575941563669511,720575940644723748,26065
720575941391433732,720575940629960015,553812
720575941568411950,720575940638709326,170209
720575941553557914,720575940645222423,125157
720575941532208357,720575940607284610,41738
720575941502337111,720575940620629697,98194
720575941583307654,720575940629071107,46373
720575941511013708,720575940628018691,75578
720575941462090765,720575940618902811,114969
720575941565003062,720575940624261193,147802
720575941432771982,720575940624764907,806205
720575941671981223,720575940613433622,60949
720575941536372161,720575940627826965,189584
720575941468966208,720575940640225112,28377
720575941514725011,720575940621471157,74427
720575941640401183,720575940631369652,120773
720575941501800642,720575940632779567,68515
720575941534113770,720575940634041756,519748
720575941547315124,720575940629535217,80087
720575941566263854,720575940605952433,88716
720575941414619025,720575940632729764,148749
720575941532386904,720575940625539984,58783
720575941451456169,720575940611985331,83559
720575941688644315,720575940621201761,817745
720575941406958510,720575940611591907,135189
720575941508005445,720575940620804267,545998
720575941561429805,720575940633269695,156554
720575941515924058,720575940622683724,111120
720575941493547975,720575940622637552,53145
720575941532427698,720575940621940556,550519
720575941544226821,720575940640430755,45596
720575941592149718,720575940619864429,124634
720575941534945258,720575940618641531,108169
720575941564406784,720575940616295451,146560
720575941612070876,720575940626139024,14153
720575941480522976,720575940626615829,80916
720575941653104089,720575940634717153,133972
720575941668065969,720575940659650945,50665
720575941477836084,720575940629544235,20309
720575941596474993,720575940630387663,52530
720575941515840505,720575940638104036,31522
720575941490245324,720575940612934117,47255
720575941622566908,720575940631453101,541838
720575941532798181,720575940624674055,113094
720575941588533572,720575940631913234,571449
720575941511024656,720575940623351434,53884
720575941428365999,720575940647111476,91400
720575941564383751,720575940621644228,41801
720575941490552807,720575940622119861,84327
720575941475072315,720575940620570453,79065
720575941489507534,720575940631867690,177676
720575941479890083,720575940631018191,806817
720575941458057030,720575940632232418,73177
720575941580028025,720575940621091776,48082
720575941561514408,720575940626942508,120148
720575941549826621,720575940627177605,546007
720575941438863660,720575940639734973,810111
720575941490616526,720575940632490255,44468
720575941506832257,720575940661214849,514626
720575941615180953,720575940634687924,49253
720575941619390079,720575940609291214,23479
720575941690827995,720575940623992071,54556
720575941491825895,720575940622863850,65047
720575941499327561,720575940612197101,92800
720575941454222387,720575940625353736,535641
720575941668415153,720575940626769241,24379
720575941607449965,720575940630804791,158720
720575941393227414,720575940606706366,102998
720575941598958784,720575940621449221,13676
720575941555946980,720575940631381975,79429
720575941570246644,720575940632309519,77165
720575941639069471,720575940635210158,46400
720575941517386924,720575940616497214,20230
720575941485988930,720575940627315845,60711
720575941416058396,720575940634941614,140386
720575941430124247,720575940621056982,39309
720575941588339511,720575940619123483,90122
720575941574656520,720575940615733866,104153
720575941475085633,720575940618504395,49427
720575941537912291,720575940631098053,98840
720575941486642128,720575940629474615,47704
720575941492284286,720575940625987059,96813
720575941536176360,720575940631086636,94594
720575941456891632,720575940627058703,80114
720575941498768713,720575940613111013,80639
720575941480370050,720575940621705599,22437
720575941663063420,720575940626026936,43066
720575941562849704,720575940612780723,72032
720575941609509706,720575940624666245,24670
720575941622979836,720575940631929175,144849
720575941408111151,720575940629475945,159738
720575941511160018,720575940643302797,100910
720575941516377443,720575940626494722,62741
720575941555905793,720575940629791288,87082
720575941510581008,720575940633963930,29277
720575941569076980,720575940623333770,802838
720575941681143485,720575940635671032,140476
720575941469140599,720575940622679590,155030
720575941453354409,720575940617884134,31884
720575941545962601,720575940632501034,42488
720575941444652202,720575940616097653,21187
720575941498940539,720575940614452672,519976
720575941623850122,720575940614646191,83666
720575941689743835,720575940620504229,527369
720575941542263069,720575940623781127,16401
720575941411390123,720575940614543477,940360
720575941506459170,720575940621365417,65330
720575941572891293,720575940633176351,110535
720575941577311065,720575940629010947,66373
720575941521343927,720575940626479562,26550
720575941443126954,720575940626330969,760708201
720575941431214606,720575940624894247,81793
720575941688603611,720575940633915603,150982
720575941569534458,720575940622139007,50999
720575941656332112,720575940630490705,535761
720575941459679888,720575940620412070,71053
720575941589116414,720575940617875869,114739
720575941610371561,720575940619864596,134070
720575941452322867,720575940627206202,114402
720575941477700660,720575940613714026,819057
720575941650177813,720575940623767188,76384
720575941614042009,720575940628730372,103089
720575941614313235,720575940631979818,177155
720575941486685958,720575940614845708,94947
720575941562972055,720575940635498394,95371
720575941431077039,720575940618052381,123539
720575941628432185,720575940628060166,202049
720575941644532385,720575940624539993,85165
720575941622377468,720575940625081272,81880
720575941461548688,720575940627257619,19315
720575941622864892,720575940634661601,50278
720575941568453108,720575940620976048,526103
720575941477242929,720575940613617002,169384
720575941623277211,720575940612783218,78089
720575941480911439,720575940624353544,151825
720575941469420663,720575940631263023,29400
720575941555536932,720575940622737812,908650
720575941578848345,720575940622068574,30985
720575941412539540,720575940624481988,23182
720575941534970394,720575940615335314,46660
720575941565748999,720575940628573352,812228
720575941504704933,720575940628363014,134747
720575941448275381,720575940626156419,100413
720575941668799219,720575940631067719,43586
720575941415900444,720575940626551994,816018
720575941514264154,720575940621566555,30693
720575941624384906,720575940614721534,116259
720575941509104769,720575940626906058,76784
720575941474703665,720575940620362918,71042
720575941586223326,720575940642529933,29844
720575941639933727,720575940632213677,69557
720575941411245227,720575940614311464,143329
720575941479851683,720575940631747395,36259
720575941445411498,720575940623047438,182000
720575941433415200,720575940622398461,89672
720575941527136678,720575940616546205,56295
720575941686090614,720575940621105985,813724
720575941475800641,720575940627694824,91596
720575941479716771,720575940621213037,139532
720575941645647521,720575940611960037,116659
720575941523236171,720575940633280156,512937
720575941524771661,720575940627594329,74559
720575941558531699,720575940641338075,68718
720575941602381046,720575940628180234,74699
720575941470499904,720575940643694103,109245
720575941525348429,720575940629511874,111606
720575941497611131,720575940626217244,42127
720575941624162459,720575940632902447,34108
720575941566069046,720575940619120453,94291
720575941501429643,720575940619636871,80146
720575941506372773,720575940622104745,557031
720575941455918829,720575940605985708,120364
720575941598584617,720575940630113406,519474
720575941498919547,720575940618942877,60886
720575941491065008,720575940626891466,143185
720575941557603492,720575940622728692,810511
720575941565228439,720575940605996745,98441
720575941497235579,720575940622809121,149187
720575941558254707,720575940622907930,125917
720575941543039580,720575940626382473,42951
720575941416673308,720575940610060356,29576
720575941493687422,720575940617020870,34867
720575941478527311,720575940622733821,531922
720575941437333804,720575940611844787,134350
720575941462769808,720575940620074778,543696
720575941515266451,720575940615480610,98963
720575941438454335,720575940611520718,80323
720575941471006987,720575940618756928,517918
720575941610601546,720575940624592934,80329
720575941476334132,720575940631087353,148593
720575941566179382,720575940626961694,53278
720575941515436803,720575940618490203,512814
720575941599335872,720575940626416442,32609
720575941548867389,720575940611424882,809700
720575941722166586,720575940622281352,53003
720575941475045418,720575940624126463,46598
720575941550289725,720575940631242447,144981
720575941643762337,720575940621665732,114207
720575941686858735,720575940614685243,550727
720575941580171089,720575940613675030,565723
720575941441957979,720575940624122409,109133
720575941498143713,720575940619579697,807411
720575941584591582,720575940618551120,70109
720575941533679898,720575940644265376,13421
720575941427474004,720575940626270339,50452
720575941496480128,720575940630296428,183676
720575941688003823,720575940621353307,82463
720575941479171407,720575940618680000,57287
720575941408441262,720575940639202467,17574
720575941523859275,720575940623620586,77376
720575941504692018,720575940617927641,31786
720575941414466449,720575940623143050,913088
720575941504117483,720575940627293370,28840
720575941497114441,720575940644564772,69014
720575941652283665,720575940622166664,548969
720575941576327784,720575940633115439,60177
720575941611659949,720575940626319235,119393
720575941477140532,720575940640110670,130675
720575941610213478,720575940629136071,107446
720575941534935530,720575940618059604,26792
720575941534711272,720575940637129840,62149
720575941475298858,720575940620989609,515199
720575941477882754,720575940621026640,41899
720575941689169560,720575940609441237,130793
720575941431036553,720575940621241008,517579
720575941594122353,720575940623814803,86930
720575941629489890,720575940624077336,94607
720575941408093487,720575940627271823,96913
720575941435406222,720575940629734231,524016
720575941553220670,720575940618147520,59376
720575941475462430,720575940643722184,64694
720575941679380925,720575940630285056,17661
720575941476755265,720575940618573888,548015
720575941559310125,720575940627948817,27842
720575941532908931,720575940627013157,91137
720575941425741396,720575940622670886,51005
720575941545941940,720575940639142589,51497
720575941438749714,720575940607250866,531302
720575941655664596,720575940630237687,514885
720575941691004056,720575940622247292,526198
720575941436433440,720575940615260839,906159
720575941563730066,720575940628368915,90328
720575941562477202,720575940622456700,107471
720575941610056166,720575940637873222,40875
720575941540248957,720575940620987653,57365
720575941526388324,720575940631834927,86987
720575941654915796,720575940626090279,123211
720575941480073667,720575940620703936,25728
720575941429693432,720575940604661472,810830
720575941486783238,720575940641442805,52960
720575941507316865,720575940636536951,532304
720575941441509583,720575940615991820,52568
720575941723920698,720575940608690443,60064
720575941629904678,720575940612387557,79962
720575941534549848,720575940610198997,165833
720575941640222239,720575940622060551,82760
720575941414482833,720575940616009522,808884
720575941574875131,720575940626717739,165774
720575941613129948,720575940614265827,59966
720575941574989469,720575940621779661,13623
720575941542782300,720575940632223884,83359
720575941474935105,720575940634208025,100997
720575941690245851,720575940614270673,133278
720575941508862242,720575940622711372,936652
720575941406833070,720575940639997006,104379
720575941538276757,720575940616692274,92404
720575941488363728,720575940610056654,58792
720575941564153234,720575940635075263,525730
720575941564917767,720575940608857355,153617321
720575941658900304,720575940611682290,1050335829
720575941504629554,720575940660238465,273705
720575941586335044,720575940629172585,144411
720575941574534031,720575940637978590,115774
720575941468286429,720575940625844979,63176
720575941411072427,720575940636528247,63032
720575941429212152,720575940621938437,91898
720575941569669278,720575940623696647,49692
720575941402948464,720575940636732334,110693
720575941559981427,720575940615050346,36215
720575941579526737,720575940620608817,70560
720575941590038071,720575940626946173,34802
720575941610637542,720575940610001109,168619
720575941513549891,720575940618922309,82788
720575941411386027,720575940615184031,77868
720575941655218132,720575940623491988,535525
720575941438908757,720575940611532145,580346
720575941560720243,720575940628560583,64918
720575941496406601,720575940621356052,189384
720575941609405869,720575940642162573,815706
720575941518566067,720575940616085334,51619
720575941437290796,720575940606127537,518471
720575941481990083,720575940606001585,88476
720575941703138778,720575940628011602,130103
720575941505421602,720575940612057267,810373
720575941557455140,720575940647607604,62320
720575941634218683,720575940621714345,141502
720575941477520670,720575940623025413,28185
720575941575131023,720575940613558501,155424
720575941569581562,720575940624486800,905282
720575941438311135,720575940644226084,159761
720575941524829954,720575940623982435,184293
720575941471700491,720575940620909550,56956
720575941506626108,720575940613261283,107579
720575941484162301,720575940613144830,61866
720575941578314321,720575940636729486,103541
720575941449282170,720575940611928162,521271
720575941499439329,720575940627015549,40804
720575941541583133,720575940620658054,94113
720575941436819756,720575940629344450,145669
720575941507096670,720575940630021758,59399
720575941702584538,720575940631292204,187022
720575941595098070,720575940610473667,201020
720575941552356863,720575940626690704,117132
720575941583601286,720575940614712557,108590
720575941472674400,720575940605157856,10233
720575941563251090,720575940637948288,12545
720575941639797365,720575940607543730,539794
720575941624439707,720575940632153667,89469
720575941639665183,720575940631472963,200278
720575941479223264,720575940621296639,14406
720575941569943796,720575940623588109,108562
720575941667035057,720575940628231467,112281
720575941679854013,720575940638932029,542188
720575941592159958,720575940624760584,98875
720575941622634748,720575940630305756,83027
720575941431263919,720575940625473772,74541
720575941481262415,720575940623920083,37379
720575941573589903,720575940643972631,45618
720575941561197736,720575940623456915,45197
720575941630008870,720575940633614253,524018
720575941534726376,720575940604139180,55603
720575941557757476,720575940627832068,93757
720575941514802243,720575940638483428,80973
720575941431625097,720575940637809118,50078
720575941481679811,720575940624169653,98957
720575941450449501,720575940621181293,40997
720575941633535675,720575940630918930,15801
720575941578965849,720575940610732590,520294
720575941452452423,720575940623200138,176761
720575941508728670,720575940631256023,123351
720575941558425070,720575940622713814,535418
720575941652065553,720575940621952392,129639
720575941609992621,720575940622840797,145758
720575941654839769,720575940621317381,17652
720575941525943718,720575940638183652,100054
720575941451865769,720575940630275522,101454
720575941586104710,720575940653028257,578194
720575941448813134,720575940603489824,804212
720575941353129264,720575940613752360,11084
720575941597871808,720575940624918972,42310
720575941592477733,720575940607201458,69770
720575941514747139,720575940634284639,138899
720575941536246721,720575940633892179,27740
720575941507064901,720575940624321865,101291
720575941639035765,720575940609801227,64568
720575941440752575,720575940635618793,86484
720575941507845982,720575940626372282,50104
720575941595674407,720575940621959862,118404
720575941642665592,720575940628672232,68426
720575941431549176,720575940632958163,83093
720575941449139381,720575940618591764,68774
720575941614934937,720575940621619627,19478
720575941658938704,720575940631968343,46309
720575941483424710,720575940644014628,179450
720575941537324181,720575940621870576,150144
720575941593688616,720575940653381878,32963
720575941455968749,720575940624031231,811395
720575941505973271,720575940629925207,71673
720575941534649281,720575940624344516,105409
720575941631922117,720575940620362049,25686
720575941597667264,720575940621667568,116137
720575941564558743,720575940623437821,37038
720575941575216015,720575940623442190,48844
720575941577771857,720575940613492143,139075
720575941566309174,720575940635562864,519080
720575941632790725,720575940615507010,817015
720575941466080022,720575940629991243,80246
720575941607880557,720575940621168449,513840
720575941598049180,720575940637890526,548626
720575941536282906,720575940642858036,53717
720575941436895199,720575940632306605,160221
720575941579502673,720575940629790506,1012495957
720575941514604291,720575940625950485,50264
720575941575753910,720575940626133551,58670
720575941567240948,720575940625895824,69284
720575941543221533,720575940624450035,11908
720575941542460445,720575940630508652,13662
720575941504498501,720575940632434986,160723
720575941522987511,720575940629763663,22057
720575941438462431,720575940634525153,91744
720575941504622245,720575940606948041,129179
720575941500276875,720575940637303415,542394
720575941534584920,720575940611916242,86115
720575941560067955,720575940625435943,20167
720575941625747914,720575940627149723,84698
720575941643728328,720575940626131237,219656
720575941643904594,720575940628632143,108840
720575941579458129,720575940608831701,123293
720575941450362037,720575940610419651,804739
720575941473710907,720575940615446782,125048
720575941453386823,720575940618671906,551051
720575941481942211,720575940629026576,341776
720575941566235446,720575940621526810,74457
720575941598460828,720575940630447691,18375
720575941458375494,720575940627847701,37418
720575941519790775,720575940629045659,70611
720575941532134787,720575940621649396,51881
720575941580623225,720575940619144989,542611
720575941564682135,720575940631311391,517028
720575941566156342,720575940624937656,78038
720575941555774035,720575940639526901,121684
720575941539317081,720575940627646280,72993
720575941630213100,720575940614267242,520935
720575941552479806,720575940625527531,531966
720575941623015788,720575940621771446,815965
720575941617037013,720575940608431043,48971
720575941625352650,720575940624713708,35523
720575941448214548,720575940605387232,547630
720575941514447875,720575940639270982,157317
720575941486922562,720575940618919069,90528
720575941513899619,720575940630041615,115426
720575941479963522,720575940615631666,179974
720575941528421798,720575940617312827,92438
720575941580959865,720575940627328873,803089
720575941519095000,720575940631011415,806710
720575941508854288,720575940642268104,167225
720575941448262749,720575940604836012,105844
720575941536819738,720575940624724970,536259
720575941439620415,720575940619388224,910717
720575941605211326,720575940621674990,89873
720575941473747296,720575940621192368,568892
720575941520105326,720575940638312164,174747
720575941547742088,720575940647663748,59500
720575941566306614,720575940620911017,111038
720575941547619508,720575940614384757,138007
720575941625519468,720575940614004143,54544
720575941436692543,720575940629005182,121309
720575941598747036,720575940630074011,28896
720575941511184400,720575940655398817,532468
720575941584076678,720575940623557356,31389
720575941558914852,720575940644072608,114055
720575941661574012,720575940618270498,199174
720575941586719966,720575940630454263,143783
720575941654084052,720575940614125822,61677
720575941688178671,720575940631064387,524655
720575941630320108,720575940623081939,174729
720575941434394766,720575940639727861,811698
720575941476973105,720575940624802568,152941
720575941456996845,720575940606765758,47431
720575941612389222,720575940645617262,140486
720575941539967613,720575940628725242,45931
720575941533802627,720575940618146875,57135
720575941532995521,720575940633188121,533525
720575941611621097,720575940611158994,176577
720575941578407413,720575940620085115,47646
720575941540241101,720575940621111734,122009
720575941505512471,720575940615721845,86890
720575941721286202,720575940624855226,68013
720575941476104753,720575940614311474,16216
720575941643043448,720575940627941704,40413
720575941450405301,720575940655112865,113702
720575941584459998,720575940629545883,79971
720575941403864432,720575940653035937,58508
720575941595339889,720575940625602236,59872
720575941565384855,720575940633395999,134023
720575941574669725,720575940625655276,121095
720575941578388725,720575940633618989,58297
720575941435861536,720575940621586112,34089
720575941477539889,720575940632408889,204366
720575941505294908,720575940627162344,24352
720575941625629898,720575940632420114,43088
720575941669923239,720575940639864016,51743
720575941522559479,720575940624678292,525223
720575941644859553,720575940628078312,82959
720575941519235500,720575940636706958,531350
720575941455226931,720575940626046083,129169
720575941427813204,720575940626612784,808049
720575941529885624,720575940603390380,131475
720575941405255792,720575940642619867,811189
720575941538099939,720575940633373176,105561
720575941545423284,720575940612584883,64463
720575941550527999,720575940635762842,64989
720575941451681351,720575940628729617,143826
720575941632143084,720575940627198485,79352
720575941458208927,720575940618587622,91558
720575941548102772,720575940631958091,99644
720575941543635205,720575940623749843,22164
720575941569500154,720575940628802832,520866
720575941562531496,720575940617079483,151527
720575941438621484,720575940625496590,12203
720575941393646742,720575940632059192,64441
720575941533556146,720575940613505450,109962
720575941579841781,720575940654677921,804338
720575941603502521,720575940621544175,518500
720575941441114575,720575940614534142,94892
720575941645892808,720575940631914783,842766
720575941482436035,720575940621524673,517810
720575941527145805,720575940634473697,117410
720575941688347887,720575940620060954,47423
720575941651907089,720575940627489874,134601
720575941476288308,720575940620490968,230888
720575941519571895,720575940639974901,127152
720575941472259168,720575940606584864,63927
720575941469817053,720575940608132994,238251
720575941457973407,720575940622858205,39022
720575941556296019,720575940630650998,108531
720575941552095515,720575940622202077,60861
720575941410852975,720575940628232451,43046
720575941572635805,720575940626893976,63573
720575941652512785,720575940623243485,92010
720575941496137671,720575940624166123,71529
720575941572601416,720575940629146107,202203
720575941502520971,720575940613100566,60061
720575941611261101,720575940629013547,111727
720575941475215153,720575940625016807,225141
720575941565381942,720575940641263067,23440
720575941506777765,720575940630275403,75241
720575941539231986,720575940625142269,136180
720575941594453361,720575940609836868,54121
720575941408827695,720575940627499285,152605
720575941603413694,720575940632060264,82100
720575941633244357,720575940613007530,20453
720575941608156269,720575940616478150,34194
720575941662110776,720575940632895825,118444
720575941631239328,720575940631273676,94533
720575941644994760,720575940635239342,164971
720575941615530649,720575940621274211,38847
720575941545128453,720575940620791888,84512
720575941492897712,720575940622642893,125078
720575941481519695,720575940623371923,805876
720575941506640001,720575940629275180,912548
720575941408201646,720575940617432025,137378
720575941513556035,720575940638341860,190294
720575941558640655,720575940637287743,75119
720575941571690760,720575940613646819,559892
720575941457435039,720575940628615752,59368
720575941515610691,720575940633165980,114549
720575941612061613,720575940628775952,131380
720575941623668874,720575940639872829,122146
720575941472957226,720575940627830842,78585
720575941508753954,720575940619137915,107804
720575941473288288,720575940620600929,58932
720575941601034025,720575940633438125,114011
720575941440872655,720575940631824426,124009
720575941653540825,720575940640967413,92834
720575941562652050,720575940639004649,51410
720575941527158884,720575940630159616,148224
720575941723490362,720575940634792858,73058
720575941521047223,720575940635122783,134573
720575941655860504,720575940631001903,82496
720575941510208016,720575940626245676,22707
720575941546937012,720575940628631612,121571
720575941553187207,720575940630196705,75009
720575941438782508,720575940630863360,805117
720575941572853755,720575940625266616,58192
720575941476301377,720575940627996156,158179
720575941610273766,720575940629633015,115153
720575941482496765,720575940644342688,113430
720575941643294802,720575940627001637,41782
720575941505702213,720575940642081243,123052
720575941564741174,720575940627521669,542459
720575941462089997,720575940609343683,83886
720575941565310215,720575940614132074,120765
720575941447340564,720575940638814848,54800
720575941617900501,720575940639056198,537640
720575941529971128,720575940627243539,91781
720575941585711326,720575940629607921,63869
720575941536163850,720575940621543506,33468
720575941493754238,720575940610008132,137780
720575941589397758,720575940626315194,107433
720575941514021699,720575940622484852,93010
720575941573025693,720575940624837048,102322
720575941659254040,720575940623622605,110471
720575941602854841,720575940624079565,817316
720575941508877858,720575940639392115,58839
720575941432156513,720575940640382171,70311
720575941641074207,720575940627058718,800279
720575941559562767,720575940614391038,75526
720575941496480711,720575940623862797,124135
720575941566666855,720575940624446186,109729
720575941574926440,720575940655807393,75852
720575941624062875,720575940609023499,905663
720575941428982264,720575940614643631,74939
720575941427379540,720575940625480250,89025
720575941488958158,720575940611817957,158877
720575941688165900,720575940636304751,24484
720575941731270187,720575940609663812,70233
720575941540671005,720575940628874039,586861
720575941630467554,720575940634627191,84934
720575941555212545,720575940629427303,174769
720575941526691609,720575940631861775,531283
720575941537951976,720575940623351116,205441
720575941554277092,720575940627247930,529438
720575941508628830,720575940621828351,46700
720575941655615188,720575940625762179,64756
720575941535931658,720575940634531064,62053
720575941691218072,720575940624961267,813264
720575941624178172,720575940626821513,53851
720575941410742895,720575940639008838,45945
720575941392233622,720575940634632348,569275
720575941479336066,720575940627020008,67803
720575941468262934,720575940620720088,23982
720575941464278029,720575940632669800,39362
720575941539304434,720575940628961644,50848
720575941595190567,720575940626024122,93914
720575941504033771,720575940624175367,104165
720575941669904561,720575940638210394,230390
720575941638910495,720575940632717359,31606
720575941487663669,720575940607868873,516469
720575941613133532,720575940623334732,139760
720575941537498088,720575940633448915,801332
720575941568446066,720575940629213801,111952
720575941579043665,720575940652554657,514252
720575941523378763,720575940621608363,808952
720575941457151725,720575940635977396,216769
720575941452081833,720575940639681907,125669
720575941408279214,720575940618987387,62243
720575941508421505,720575940616295749,42355
720575941669548209,720575940626405448,46975
720575941437796140,720575940618599707,131670
720575941555458387,720575940623727763,804068
720575941486870736,720575940622666890,235846
720575941685775116,720575940618423526,200934
720575941463945485,720575940632571583,50339
720575941523515895,720575940606110897,57989
720575941573189021,720575940631246122,71758
720575941572008008,720575940621837192,119755
720575941577873397,720575940632033593,555343
720575941587706436,720575940623597863,75595
720575941534563354,720575940644077984,79181
720575941504120555,720575940629782787,18550
720575941432146273,720575940623208269,55818
720575941403201904,720575940642701256,132407
720575941442474447,720575940625939277,172690
720575941486971910,720575940647185204,539744
720575941584911838,720575940617134494,108848
720575941460298707,720575940635542895,122460
720575941630108130,720575940629799362,63754
720575941612435814,720575940611762329,533143
720575941462719376,720575940609891029,817305
720575941538709453,720575940623133976,65153
720575941438821420,720575940622946855,47077
720575941479106690,720575940630214647,123555
720575941598861609,720575940614556335,53445
720575941391996310,720575940623610090,171788
720575941514116684,720575940630285532,549097
720575941508977424,720575940639232575,59594
720575941579050833,720575940637728858,39430
720575941429543561,720575940620732525,108861
720575941534397106,720575940628073554,534590
720575941604987838,720575940619757515,808193
720575941510276562,720575940632430879,63154
720575941481060794,720575940639625635,33754
720575941458917702,720575940632511503,43905
720575941536248306,720575940616700172,123920
720575941503486699,720575940610990821,806035
720575941627354169,720575940636448375,812425
720575941441442907,720575940631393487,20752
720575941476584753,720575940625673316,812616
720575941632785824,720575940622273462,86929
720575941531288267,720575940634259993,517823
720575941459900230,720575940630234880,130810
720575941546706793,720575940627798654,94909
720575941431166679,720575940640855384,805526
720575941551120446,720575940626623690,108824
720575941730865451,720575940632490148,513777
720575941560079342,720575940630957765,92433
720575941506018071,720575940623192158,90871
720575941613784284,720575940632895535,545478
720575941594565671,720575940621785349,806444
720575941515863642,720575940620662866,557004
720575941536142346,720575940622369396,111384
720575941691361176,720575940660764289,22027
720575941487118342,720575940631404997,163162
720575941595661605,720575940625837118,28647
720575941523698679,720575940614890858,39677
720575941546343604,720575940634490594,934637
720575941688387190,720575940631057679,192232
720575941535740097,720575940630990155,33714
720575941484504973,720575940627990633,42298
720575941504447682,720575940629528570,132513
720575941610694573,720575940608178306,70226
720575941504782530,720575940627564135,128946
720575941659163928,720575940612788337,130867
720575941651771921,720575940626345772,94203
720575941595152677,720575940629566334,816074
720575941595247473,720575940621014721,48607
720575941572639752,720575940624302315,84891
720575941650541589,720575940632757404,812333
720575941631276524,720575940643866784,113400
720575941491258572,720575940610520014,73929
720575941405186928,720575940639208164,525393
720575941565635382,720575940628078342,133903
720575941668591091,720575940619679425,78850
720575941548858657,720575940618247197,56194
720575941687276150,720575940628518287,38149
720575941353082672,720575940629114442,123302
720575941442002779,720575940612360398,87722
720575941474445152,720575940639399613,479766006
720575941504900802,720575940617401601,34853
720575941587857988,720575940624867646,111203
720575941671198631,720575940633985436,534356
720575941690267867,720575940627585362,54341
720575941485099842,720575940622858973,544129
720575941655558361,720575940651418102,90691
720575941592973608,720575940622813578,550789
720575941603359673,720575940623392904,545298
720575941610758986,720575940629271516,40675
720575941658324248,720575940608239026,77495
720575941526891341,720575940650339961,23694
720575941573385224,720575940630267447,51212
720575941586513118,720575940622736713,69742
720575941564367158,720575940619895679,158586
720575941630604258,720575940621069812,74231
720575941473465642,720575940613711614,192992
720575941440847189,720575940611896434,529837
720575941553821831,720575940619791819,76396
720575941472403808,720575940606116785,511987
720575941552076059,720575940607650313,116102
720575941690391771,720575940616367291,113636
720575941520630455,720575940625543823,189690
720575941596925888,720575940622263275,56884
720575941573016827,720575940618985009,121498
720575941640162335,720575940628131627,70118
720575941485939718,720575940620425351,910866
720575941416354076,720575940619768923,82797
720575941550053181,720575940619922742,801350
720575941690767512,720575940618208310,530117
720575941437703487,720575940622006192,56321
720575941486469954,720575940627154309,20151
720575941569574046,720575940625918501,88114
720575941428236536,720575940646875444,125012
720575941438238175,720575940621802662,124749
720575941653904852,720575940623097121,199436
720575941560585640,720575940623107464,111340
720575941456805872,720575940628063613,75772
720575941611551465,720575940614950707,805041
720575941463093648,720575940638724585,516640
720575941579815761,720575940618658561,808583
720575941653816081,720575940632027449,537965
720575941506001573,720575940623963655,59546
720575941608857321,720575940628237138,580593
720575941488130512,720575940614881174,31967
720575941680374461,720575940616411805,90703
720575941564592994,720575940626023153,213574
720575941539421938,720575940635117503,820246
720575941548639112,720575940627537497,925890
720575941555206739,720575940617349844,93920
720575941563019415,720575940611709560,104763
720575941542065500,720575940631380695,15058
720575941624014794,720575940639013027,31991
720575941452494970,720575940630690847,20525
720575941578025305,720575940619175547,89421
720575941516074586,720575940632046509,60195
720575941438593042,720575940628704785,815417
720575941731360555,720575940620416586,71150
720575941499171041,720575940618186982,533359
720575941565562375,720575940624979132,117548
720575941428845999,720575940620121941,132546
720575941461186244,720575940633021741,544455
720575941585617798,720575940618204229,66058
720575941554357275,720575940621840237,146343
720575941563935030,720575940611279736,38475
720575941477801502,720575940614502128,172580
720575941510053648,720575940612542938,813821
720575941546772329,720575940621649857,515414
720575941612614317,720575940629213595,69095
720575941626145081,720575940635911416,62635
720575941392633604,720575940618334277,211275
720575941467334230,720575940613716429,93890
720575941477298462,720575940618103611,59917
720575941624883820,720575940614057391,43400
720575941686037878,720575940635513023,812516
720575941594831574,720575940611947982,143088
720575941625018732,720575940627341843,543236
720575941565889383,720575940627958141,516761
720575941489499854,720575940620410304,63000
720575941529692344,720575940625125308,189030
720575941587058142,720575940646547844,171395
720575941688967832,720575940618534545,52963
720575941546896820,720575940610396718,79111
720575941547330877,720575940616120588,534385
720575941469600631,720575940623647256,11606
720575941643640008,720575940619081198,534107
720575941554658331,720575940618549061,87132
720575941565616438,720575940610642289,79133
720575941562518784,720575940627720469,809633
720575941424948820,720575940623153149,167463
720575941462527632,720575940621683973,25039
720575941626074220,720575940613707431,87676
720575941518996846,720575940620332197,809539
720575941527154820,720575940627376702,68696
720575941559454446,720575940625797863,75397
720575941549703201,720575940620560148,172868
720575941529660875,720575940651885046,342198
720575941483857661,720575940644113824,89725
720575941593346600,720575940621044207,539529
720575941536128778,720575940621056109,155197
720575941435931936,720575940624069011,810781
720575941452416583,720575940628993845,518069
720575941460481606,720575940640381749,206500
720575941548856381,720575940631775032,912999
720575941477128257,720575940620445318,12130
720575941530742475,720575940625984528,801004
720575941500120459,720575940624514791,88547
720575941659653712,720575940627587205,909990
720575941480421283,720575940623558547,911406
720575941652869873,720575940625891768,190240
720575941568729082,720575940625891002,110111
720575941593059624,720575940624535560,803190
720575941661838904,720575940627723496,130349
720575941583506142,720575940636248677,73631
720575941516337251,720575940615442174,531606
720575941580188497,720575940624982792,25832
720575941562251410,720575940617784793,27000
720575941625856667,720575940624181904,127693
720575941645712072,720575940629434118,85891
720575941522802251,720575940629901074,41735
720575941590583863,720575940637191822,143742
720575941610345958,720575940611429233,42247
720575941535370218,720575940637903081,91734
720575941453378099,720575940607741705,79290
720575941551180350,720575940634254748,39551
720575941490402761,720575940617232825,58882
720575941569304826,720575940638950051,48820
720575941537776277,720575940616849420,130861
720575941557982479,720575940610221507,533497
720575941593493099,720575940618237908,156787
720575941536271898,720575940631020495,189202
720575941661862200,720575940639953742,142106
720575941464168534,720575940638578851,117849
720575941477848129,720575940623862590,801260
720575941688270575,720575940627356938,524180
720575941531528421,720575940630776657,137272
720575941427120468,720575940624417052,52642
720575941429840047,720575940606093490,63834
720575941460047174,720575940625705930,106579
720575941513759308,720575940619364724,103028
720575941413641620,720575940616999069,12780
720575941470909815,720575940605034161,545984
720575941556321700,720575940634050073,120606
720575941516536666,720575940624859575,38010
720575941634026171,720575940618319444,26577
720575941611944934,720575940611495642,35965
720575941584666207,720575940632160057,810126
720575941655476692,720575940628432387,810321
720575941556093523,720575940623988733,125747
720575941430741935,720575940637944691,125518
720575941393300484,720575940627836986,75323
720575941533793034,720575940620628463,62878
720575941534668058,720575940637603142,113365
720575941663115388,720575940609232476,110015
720575941558385011,720575940628351802,15984
720575941540915325,720575940619163051,512978
720575941451251066,720575940640602019,31273
720575941535933450,720575940621081697,140050
720575941633725627,720575940635398551,51235
720575941501282391,720575940612937647,213902
720575941480468131,720575940621810871,73353
720575941352016432,720575940619917248,256844
720575941505085207,720575940620909761,96140
720575941588195140,720575940608509276,546239
720575941489775049,720575940628948423,32022
720575941535198698,720575940643966743,15484
720575941612416870,720575940629755770,543105
720575941553479815,720575940631650361,42708
720575941669234353,720575940621443776,77244
720575941433841952,720575940610510531,563644
720575941489783502,720575940630306775,90045
720575941513878860,720575940623529875,17807
720575941642632648,720575940623691146,516915
720575941511891665,720575940619041752,104861
720575941624214683,720575940618859584,68318
720575941611031785,720575940632285199,99532
720575941523991115,720575940628791095,256361
720575941462143684,720575940622369718,522348
720575941429958904,720575940628202001,101419
720575941479519106,720575940628133513,63965
720575941438214700,720575940640591861,530122
720575941505000764,720575940623140607,99304
720575941511345362,720575940629065078,67595
720575941504490661,720575940624573939,443183
720575941473007402,720575940635653812,57111
720575941563699607,720575940632378695,49942
720575941599249088,720575940634157523,190370
720575941519068270,720575940627457218,161182
720575941630605472,720575940631200786,811498
720575941626420891,720575940614507217,126881
720575941517378476,720575940624865584,93913
720575941480099523,720575940633696851,192440
720575941516689043,720575940631024209,81729
720575941610443437,720575940632768559,96338
720575941595712805,720575940624012329,518264
720575941615645397,720575940615852545,66885
720575941534552842,720575940629002711,108572
720575941506655397,720575940624479626,24816
720575941411252907,720575940629579258,80075
720575941446483988,720575940630622780,145489
720575941459141958,720575940623227016,24665
720575941610283850,720575940615358119,219123
720575941563082152,720575940639986877,133536
720575941663968636,720575940615895658,133012
720575941680575677,720575940623647975,182392
720575941539156429,720575940627579934,179609
720575941408606638,720575940628895232,136669
720575941462095248,720575940609953838,95760
720575941609326922,720575940620847598,90013
720575941531914469,720575940626951513,97228
720575941481272515,720575940628430357,41972
720575941429959049,720575940627523371,42224
720575941476673386,720575940621354734,129293
720575941558951406,720575940622444577,53348
720575941603307766,720575940627230266,31168
720575941584432350,720575940619225537,121887
720575941508598818,720575940622503412,92632
720575941480820098,720575940644543136,182532
720575941429145336,720575940617522904,61764
720575941626742841,720575940641251792,224556
720575941553571482,720575940618782878,513534
720575941437791967,720575940625023536,98884
720575941499060193,720575940651889398,534943
720575941586147462,720575940641497589,59402
720575941686713462,720575940624283901,143094
720575941506796604,720575940628261946,55414
720575941490072551,720575940620955526,97463
720575941598329536,720575940631246636,102501
720575941614319257,720575940638994522,43522
720575941595308145,720575940644873160,26640
720575941547949704,720575940630373451,33653
720575941433139598,720575940612645234,34927
720575941431741399,720575940621270949,56841
720575941506470460,720575940652186102,536370
720575941414712604,720575940632961080,275629
720575941506546341,720575940635580311,183307
720575941492807344,720575940612238946,146784
720575941553455131,720575940621247329,129450
720575941544636596,720575940627411593,150335
720575941477570356,720575940635174904,65297
720575941574576649,720575940605783486,76422
720575941653021457,720575940618984020,92090
720575941574439931,720575940640008765,132938
720575941404819568,720575940616976657,63261
720575941520199278,720575940607365910,76183
720575941525530137,720575940619604534,54636
720575941605958509,720575940621372630,52510
720575941500581003,720575940623171315,198774
720575941474707242,720575940632415257,66271
720575941617598165,720575940609111132,147476
720575941489796300,720575940634031533,61904
720575941471712523,720575940637850596,515842
720575941554406810,720575940625674428,54068
720575941559531502,720575940629176143,14944
720575941528559748,720575940625129148,121872
720575941595767077,720575940623830792,112493
720575941437265682,720575940620620760,112085
720575941473722171,720575940649664889,359209
720575941518641880,720575940618151773,131505
720575941516946579,720575940631568459,513280
720575941456637677,720575940623716133,203885
720575941565420039,720575940611749074,803975
720575941576901465,720575940609360323,13231
720575941526627609,720575940627623482,170244
720575941416790300,720575940613010837,524248
720575941467201622,720575940618385718,23760
720575941497766881,720575940608661187,136123
720575941611588682,720575940639767693,44273
720575941543015516,720575940612342550,531384
720575941431192334,720575940626745387,41524
720575941520032691,720575940626863089,47117
720575941539210994,720575940627154946,108896
720575941702067674,720575940631305676,111412
720575941566308406,720575940636867191,153704
720575941505340741,720575940637237166,76125
720575941611479772,720575940611260821,97701
720575941643054162,720575940610668697,68851
720575941564872850,720575940631239747,53505
720575941404943472,720575940624535042,19220
720575941611080425,720575940619432773,181218
720575941462159044,720575940616514370,93449
720575941457692742,720575940620869717,908297
720575941528196280,720575940638725773,14002
720575941477515038,720575940629749008,581370
720575941652269073,720575940630453644,99596
720575941412241519,720575940630179781,93564
720575941513606723,720575940632178503,811859
720575941546240617,720575940611569102,82378
720575941536101859,720575940626901400,126788
720575941731975979,720575940616417766,92050
720575941630133798,720575940612257489,68059
720575941533484931,720575940615083439,78982
720575941483813885,720575940621583275,905929
720575941490789685,720575940623190221,29709
720575941533729667,720575940635071257,514058
720575941413972628,720575940624592107,72440
720575941510044882,720575940618153275,97146
720575941488451024,720575940617638545,112166
720575941505918012,720575940619872933,80385
720575941564448914,720575940628254193,49434
720575941449113422,720575940626638384,139561
720575941481304911,720575940633251665,176139
720575941431035640,720575940622714004,93376
720575941614668051,720575940625988227,34665
720575941581725817,720575940609068809,539007
720575941414624913,720575940616951586,331718
720575941513914979,720575940638065571,15400
720575941651363349,720575940643701960,114351
720575941589627204,720575940637366350,88336
720575941574735247,720575940632589220,109039
720575941437800978,720575940630557511,206152
720575941602555065,720575940618519526,148797
720575941558852388,720575940623642346,212263
720575941598166976,720575940622331141,93835
720575941552755483,720575940611512690,71850
720575941490091061,720575940621187681,159063
720575941438995775,720575940629202587,530292
720575941431055864,720575940626470226,40818
720575941670314161,720575940628096125,17733
720575941596181617,720575940631533583,806489
720575941352514352,720575940635682711,29849
720575941572294046,720575940621681228,116691
720575941626326380,720575940631457099,91906
720575941548779041,720575940628323461,532342
720575941612854748,720575940641610804,223651
720575941584460934,720575940622252865,78132
720575941593578280,720575940618474726,217894
720575941528821636,720575940615156107,93887
720575941490717872,720575940615836450,116085
720575941553430867,720575940626135122,807652
720575941542565893,720575940630057035,97457
720575941564842903,720575940641710837,809787
720575941560035885,720575940635423386,102074
720575941565905454,720575940628382522,38763
720575941433734542,720575940634832028,100547
720575941486025794,720575940623748535,56756
720575941491360716,720575940623070051,128921
720575941485502726,720575940639621208,52359
720575941537806066,720575940624010677,101300
720575941547175092,720575940628651369,517223
720575941457578480,720575940631585055,84356
720575941471456119,720575940637932766,21655
720575941588914686,720575940628423623,136393
720575941558961902,720575940635143961,114250
720575941663480188,720575940625294008,800545
720575941506107973,720575940623835626,32539
720575941498879305,720575940622560124,136674
720575941475680321,720575940633188250,99196
720575941644075937,720575940640477648,80106
720575941475334961,720575940631053911,50512
720575941616874965,720575940623401983,113383
720575941410589355,720575940618689950,136920
720575941408271790,720575940623421389,38421
720575941437663455,720575940626599860,517739
720575941446894612,720575940627142428,803252
720575941431228041,720575940631713743,22894
720575941598526364,720575940650550006,811572
720575941546890376,720575940647573300,85889
720575941578743641,720575940606833794,139612
720575941601994681,720575940627512619,18888
720575941622573564,720575940624726857,94071
720575941688383215,720575940646220340,140628
720575941575621007,720575940623526985,71619
720575941351408688,720575940604851936,155587
720575941551308606,720575940612621285,541994
720575941626589292,720575940630134775,67772
720575941540902013,720575940631457388,17160
720575941463125136,720575940628653711,522358
720575941514398796,720575940631761349,136311
720575941564148375,720575940621577711,127963
720575941484808258,720575940636466032,110460
720575941679677373,720575940612593301,51675
720575941486548742,720575940615415263,105029
720575941483940093,720575940615908353,124909
720575941525089357,720575940621605997,31098
720575941405899438,720575940625281267,110569
720575941690109915,720575940620153816,108495
720575941526558541,720575940616494709,122025
720575941626550380,720575940638073833,27943
720575941526303654,720575940620243621,59887
720575941669118375,720575940614932191,515910
720575941534140138,720575940659940225,805002
720575941649827093,720575940623744536,231394
720575941551817215,720575940619619719,48416
720575941563015522,720575940619837829,550316
720575941426971988,720575940625237321,50902
720575941514423555,720575940623445580,116347
720575941667358963,720575940620242000,521063
720575941687845871,720575940631115771,148994
720575941477726826,720575940633486765,22379
720575941527013048,720575940627420303,140103
720575941448051476,720575940616083212,132688
720575941439262783,720575940636999535,32827
720575941486552386,720575940647003956,809550
720575941630718188,720575940607469404,89023
720575941642783077,720575940616650589,123882
720575941441869147,720575940625540185,146057
720575941504745922,720575940610311025,116019
720575941498628681,720575940645249060,118729
720575941579936377,720575940602880736,141931
720575941436370720,720575940627641752,103562
720575941644747976,720575940615244595,133735
720575941431215352,720575940637854015,137534
720575941405129584,720575940637041263,12978
720575941631461024,720575940624362988,30744
720575941490140213,720575940626806672,152256
720575941701829338,720575940625161545,75553
720575941609108457,720575940614305447,812392
720575941478736770,720575940636087006,552345
720575941669960113,720575940624893479,546836
720575941467893526,720575940632007983,77809
720575941440840277,720575940617095005,51676
720575941611611494,720575940632678496,521212
720575941471792704,720575940605546208,53018
720575941589084471,720575940628085764,97481
720575941614802451,720575940629595377,161831
720575941488166352,720575940629866283,128410
720575941627820345,720575940614114735,512444
720575941618288255,720575940608026390,196020
720575941412312687,720575940627600719,109050
720575941522477047,720575940640735603,54391
720575941603826878,720575940623789712,21320
720575941643758181,720575940628327362,144547
720575941536430785,720575940616706134,518614
720575941479122083,720575940626208714,168625
720575941507630174,720575940640734115,53298
720575941514144858,720575940616136565,72245
720575941453171527,720575940629414201,42932
720575941556370468,720575940624444966,521343
720575941450100090,720575940626083983,531291
720575941506850117,720575940632118668,89822
720575941525074765,720575940624105549,514463
720575941441168847,720575940623283592,33306
720575941483191482,720575940631729967,33210
720575941633304507,720575940620088478,815673
720575941703616986,720575940621636973,90891
720575941483888450,720575940637325198,143192
720575941631341728,720575940626502970,71022
720575941510749394,720575940622372940,114074
720575941631198395,720575940630472535,64277
720575941561825704,720575940621680264,107883
720575941553939483,720575940623317289,547193
720575941430263137,720575940612785174,46232
720575941611433692,720575940634170524,119661
720575941535258968,720575940620470976,808364
720575941527000420,720575940626661660,86726
720575941611475018,720575940620879552,812059
720575941439886287,720575940622908404,204388
720575941516477530,720575940612042901,45547
720575941469477597,720575940617591894,113687
720575941538115043,720575940618242338,47573
720575941691076248,720575940627048600,182905
720575941612514918,720575940636186736,41728
720575941553705755,720575940623017221,137611
720575941660807548,720575940632356370,53516
720575941404576368,720575940620983387,95577
720575941657270808,720575940634429375,23502
720575941497388923,720575940615755679,41483
720575941556336868,720575940624753812,88484
720575941447693844,720575940618594117,16250
720575941619267967,720575940622034508,535308
720575941431223983,720575940637248119,809062
720575941596772544,720575940631773523,64509
720575941701984218,720575940629008079,136749
720575941652782577,720575940623166090,102416
720575941549966397,720575940622898181,178347
720575941534955457,720575940640225845,54442
720575941690275992,720575940629578737,26725
720575941564145298,720575940629624446,52333
720575941496790656,720575940614630722,66349
720575941490878261,720575940623816711,809924
720575941499944098,720575940631459385,101754
720575941610286253,720575940623353226,19806
720575941633433285,720575940638522202,745668454
720575941690559451,720575940621800539,23989
720575941492364414,720575940609645577,801052
720575941514466892,720575940611544854,18376
720575941663404412,720575940630478892,141438
720575941570000378,720575940609243605,110901
720575941555633572,720575940627173263,42637
720575941504669890,720575940605315262,14840
720575941564914230,720575940625439560,82075
720575941496646784,720575940605475296,548233
720575941591162252,720575940619425483,59795
720575941498466171,720575940629464570,812367
720575941483077373,720575940619315102,121043
720575941655446233,720575940622737916,816254
720575941571505480,720575940613109362,108185
720575941491612110,720575940622182732,48002
720575941503121970,720575940628382919,77888
720575941687555311,720575940621181678,113725
720575941633552032,720575940615996522,811786
720575941469817920,720575940625791783,85317
720575941548292744,720575940611569893,35750
720575941484682562,720575940611292330,70725
720575941490230729,720575940631123968,152666
720575941489315273,720575940618276070,52145
720575941547794868,720575940629460986,64582
720575941578247001,720575940609496782,523351
720575941569282810,720575940628356369,546149
720575941572885903,720575940626265374,43832
720575941539385330,720575940642882957,108945
720575941642904165,720575940627174417,104025
720575941412634513,720575940633195053,390906
720575941414451092,720575940637862574,249951
720575941538593741,720575940629270778,74745
720575941410870699,720575940627096578,212832
720575941508920193,720575940620691951,60180
720575941592568357,720575940639910771,91309
720575941476786974,720575940635716703,86950
720575941580253685,720575940625093813,540019
720575941475676219,720575940626338096,518570
720575941564228199,720575940616880667,812320
720575941577299033,720575940649181817,14281
720575941541074524,720575940607970946,25913
720575941452967987,720575940618266585,69241
720575941498279241,720575940630252332,910508
720575941484317693,720575940618924379,72947
720575941461745363,720575940618340701,519823
720575941512154321,720575940607898034,107929
720575941652389873,720575940629760567,57385
720575941627053350,720575940627547153,168861
720575941552862014,720575940624705514,526146
720575941590798590,720575940635549335,72435
720575941644731218,720575940624559644,49459
720575941497022592,720575940628909898,42774
720575941547143304,720575940635326871,132808
720575941499569633,720575940612080869,802948
720575941545055081,720575940635671135,101076
720575941500093602,720575940646494755,805811
720575941633440453,720575940610500547,50089
720575941585849822,720575940622842206,152679
720575941525654349,720575940619983380,104506
720575941625866553,720575940614972063,25477
720575941439915999,720575940620127809,534942
720575941611477212,720575940617602843,70619
720575941617808341,720575940643714464,534268
720575941435309856,720575940644891684,105776
720575941542749020,720575940628273797,138788
720575941499447970,720575940616621602,82619
720575941605013950,720575940634150113,242067
720575941477943426,720575940617877720,800855
720575941441956303,720575940624651191,85473
720575941686576367,720575940614219747,61080
720575941477260337,720575940623790058,535218
720575941529681099,720575940613947944,575818
720575941611720681,720575940620812709,25750
720575941527930278,720575940628818182,537456
720575941577890037,720575940635326364,515495
720575941626440091,720575940627173578,89353
720575941437020434,720575940637539806,108993
720575941638265461,720575940633197615,64971
720575941513656163,720575940628967106,813013
720575941470914679,720575940624156344,60392
720575941609201994,720575940629689943,121708
720575941475874154,720575940624181767,65076
720575941475732510,720575940621727891,95260
720575941691233688,720575940624348168,152346
720575941668526835,720575940622794445,118731
720575941492318128,720575940623159337,118853
720575941452456519,720575940614881366,130759
720575941504982210,720575940629532794,160784
720575941437721900,720575940620478958,18313
720575941569785458,720575940639587389,167659
720575941534573400,720575940621126365,27693
720575941730964011,720575940626572218,69964
720575941662141496,720575940622120900,10629
720575941439500991,720575940648529785,81776
720575941489044169,720575940637932451,68290
720575941430200201,720575940638075711,92847
720575941527143245,720575940619588334,67096
720575941464232205,720575940621360152,83023
720575941492662910,720575940616200788,904892
720575941441826395,720575940616710742,99947
720575941628331321,720575940627633978,515881
720575941502336395,720575940612664273,35865
720575941641695845,720575940626315397,112209
720575941558910067,720575940618288925,74816
720575941529238456,720575940614511372,122251
720575941611712275,720575940629116469,913232
720575941513883980,720575940641139085,70422
720575941532331651,720575940630885932,165839
720575941410208111,720575940624416841,807187
720575941404518256,720575940625659431,517575
720575941564877319,720575940611303139,85034
720575941580997497,720575940624988564,38998
720575941514073164,720575940646133124,22981
720575941489594060,720575940616520902,51030
720575941644153464,720575940629386204,120500
720575941686958710,720575940632700243,108079
720575941496635008,720575940621988684,153417
720575941567110446,720575940632759460,96250
720575941565836695,720575940625476332,48743
720575941540028109,720575940630778060,152958
720575941452864425,720575940639800435,53136
720575941566450998,720575940627392787,516683
720575941459635014,720575940625274772,106265
720575941408841007,720575940632028264,17877
720575941475787550,720575940623776743,69565
720575941592108139,720575940619659093,41613
720575941568444148,720575940618737748,134147
720575941546165640,720575940633124179,56701
720575941414617884,720575940627157020,139709
720575941663086972,720575940605619744,88879
720575941503792619,720575940619072158,87241
720575941546811425,720575940613530902,36392
720575941593100328,720575940638888026,65093
720575941612204774,720575940632528441,519982
720575941513720908,720575940639753635,48335
720575941431083183,720575940618359120,806705
720575941612260013,720575940604087230,88096
720575941552994843,720575940623526380,532602
720575941564332598,720575940621907700,87332
720575941411676561,720575940634547682,544568
720575941652333845,720575940616403423,106399
720575941504466711,720575940660216705,532715
720575941443241386,720575940637615838,96484
720575941528553144,720575940637029744,550684
720575941611586634,720575940631708728,90988
720575941407721902,720575940610043716,137469
720575941447658004,720575940606117804,35326
720575941427048276,720575940638193973,139354
720575941431249656,720575940615430762,534053
720575941479528322,720575940619134493,126561
720575941552893502,720575940627606375,535572
720575941627246886,720575940614734829,26911
720575941586697950,720575940619728007,522992
720575941527606438,720575940629419111,548365
720575941651247601,720575940624328167,83192
720575941533141221,720575940624178101,27209
720575941411845999,720575940645100055,937655
720575941410493099,720575940621739647,544674
720575941459562128,720575940619423960,516496
720575941565442658,720575940633320785,137903
720575941469470685,720575940604934502,117266
720575941498677883,720575940625345511,17001
720575941611064041,720575940631960387,954336
720575941506929733,720575940632295751,112992
720575941490994741,720575940628680553,61637
720575941437876959,720575940605535177,119278
720575941480309923,720575940609865739,525180
720575941467045142,720575940605655840,147270
720575941491822028,720575940627368079,20357
720575941686845964,720575940641659956,928870
720575941482516989,720575940630122491,205899
720575941556707620,720575940645703460,810212
720575941533668074,720575940621909213,152650
720575941574933135,720575940620908368,69484
720575941610054889,720575940631278866,58931
720575941598871593,720575940627033335,76338
720575941568232050,720575940623431411,48533
720575941575392009,720575940612520933,62334
720575941501875179,720575940629657899,178860
720575941626147786,720575940618855344,549952
720575941536206785,720575940640759248,809178
720575941535856906,720575940630300012,107629
720575941574618619,720575940629323792,163329
720575941576808296,720575940625522104,811447
720575941554651364,720575940622350156,39966
720575941529691595,720575940614762898,62536
720575941525935014,720575940627888158,550043
720575941566183982,720575940624983531,194223
720575941539067285,720575940613776680,817453
720575941565072791,720575940620409364,59083
720575941470380043,720575940615943647,23372
720575941535452138,720575940634827188,108940
720575941517176211,720575940635620709,105020
720575941668347123,720575940625773699,902442
720575941535330314,720575940625477507,87624
720575941429208457,720575940618669773,154520
720575941516628908,720575940611513258,135686
720575941569529332,720575940625486867,24411
720575941557213860,720575940637049967,194539
720575941505684549,720575940639692251,36936
720575941504785346,720575940616396985,524837
720575941516149241,720575940625770384,112687
720575941573560840,720575940627022110,50824
720575941630464709,720575940646461219,60847
720575941691164568,720575940614809030,904946
720575941440049887,720575940623317974,61723
720575941503247410,720575940622127710,908270912
720575941594635990,720575940628922856,545859
720575941644476754,720575940623621060,808213
720575941590399742,720575940629212777,120284
720575941632754629,720575940625504235,80461
720575941486140624,720575940630610302,56669
720575941529559736,720575940609263371,117155
720575941526351181,720575940632590540,83367
720575941595860613,720575940629372747,54529
720575941548544372,720575940626391754,149460
720575941563340178,720575940628752327,546751
720575941471932000,720575940632662867,95806
720575941409438891,720575940619714800,183020
720575941514822035,720575940624260390,103293
720575941491632304,720575940648331140,144944
720575941431677198,720575940631888963,131370
720575941631576546,720575940634976174,84178
720575941602217718,720575940623978122,78229
720575941611574090,720575940617221382,52943
720575941411251115,720575940605608160,558899
720575941612359597,720575940615200051,540362
720575941522491723,720575940646602548,54621
720575941595485479,720575940637073582,98929
720575941459191024,720575940628164222,60065
720575941614070169,720575940644944072,114132
720575941438282284,720575940615665458,67057
720575941533153765,720575940629993210,67610
720575941560784173,720575940638148686,17048
720575941391786646,720575940615985311,141029
720575941525224614,720575940624967667,155108
720575941550124148,720575940621669997,121310
720575941517366675,720575940617975809,545239
720575941466160982,720575940620595883,123667
720575941540612477,720575940614783784,529304
720575941448353885,720575940619082107,100856
720575941417189404,720575940619161373,72557
720575941610678502,720575940625925105,42229
720575941569277554,720575940633214628,806927
720575941488789198,720575940612979891,92096
720575941449168462,720575940626444741,40584
720575941519686766,720575940628597781,122350
720575941610344678,720575940631819577,544449
720575941513393996,720575940613332963,530903
720575941578207057,720575940622909734,111442
720575941533217770,720575940639237173,26510
720575941593860715,720575940604993760,75338
720575941631829701,720575940624757735,78460
720575941526968578,720575940638074958,129166
720575941602977721,720575940640896088,111642
720575941591428492,720575940614383535,113300
720575941644567928,720575940624762004,33363
720575941531388875,720575940610281411,159209
720575941541731932,720575940628801986,532089
720575941642416485,720575940622322857,170068
720575941681626301,720575940627080236,135828
720575941505021253,720575940621357155,803154
720575941444921258,720575940610678226,18904
720575941414214292,720575940632425547,812901
720575941626835257,720575940630997975,138250
720575941583208287,720575940631755306,58165
720575941490709813,720575940633224109,154462
720575941526944258,720575940631344971,533591
720575941483757309,720575940638865990,128052
720575941449895246,720575940617032716,35585
720575941687652847,720575940623381941,142814
720575941392504836,720575940622123177,115256
720575941527269378,720575940621860973,67851
720575941351388720,720575940608201346,73030
720575941561517101,720575940627533854,547819
720575941572712861,720575940630942551,91593
720575941477338474,720575940637994941,34054
720575941470996491,720575940631183724,83194
720575941688980888,720575940631495499,60813
720575941655448793,720575940617629499,121337
720575941449115214,720575940619160861,53500
720575941450543709,720575940622592636,519016
720575941526054244,720575940632801709,52881
720575941494828414,720575940612099045,558216
720575941447530260,720575940639458000,107908
720575941493498288,720575940621695604,166580
720575941393908886,720575940633485613,209812
720575941628265529,720575940615179094,164073
720575941455065907,720575940627176695,104836
720575941508558721,720575940631605587,19339
720575941504855858,720575940630352658,132656
720575941662092924,720575940615964614,122733
720575941558823406,720575940626401869,87368
720575941522873079,720575940625622354,30162
720575941514007139,720575940620356822,26988
720575941610307757,720575940618408166,133206
720575941691165848,720575940622960922,103145
720575941536219841,720575940630310999,911166
720575941574314761,720575940622487634,539397
720575941624047868,720575940616405282,39124
720575941524636260,720575940635134053,63580
720575941583256159,720575940630015055,149277
720575941580502393,720575940631923754,215334
720575941590314536,720575940639415715,517465
720575941441313999,720575940632170055,94276
720575941523074295,720575940628334922,10438
720575941611538506,720575940621401771,173190
720575941610438246,720575940625452040,103657
720575941414800532,720575940626931708,804056
720575941560070771,720575940616097130,19025
720575941561482029,720575940616888332,244344
720575941563199912,720575940632147257,513277
720575941475425566,720575940625836692,545934
720575941535524696,720575940619303919,210858
720575941604457718,720575940617561669,30420
720575941469955293,720575940611561238,141763
720575941617568469,720575940630971959,37233
720575941602680054,720575940630826231,69859
720575941582130041,720575940622356835,110616
720575941574129161,720575940609406987,526244
720575941529820088,720575940628593384,119653
720575941681383101,720575940625892389,529626
720575941483458490,720575940607448450,79050
720575941544812293,720575940635951295,135434
720575941441196479,720575940615022289,144844
720575941564476050,720575940649845881,95114
720575941567955502,720575940611759224,56529
720575941409807275,720575940631318492,94453
720575941580141301,720575940626061756,167578
720575941436315948,720575940611878258,42884
720575941558141988,720575940625328371,533208
720575941557143332,720575940622434573,103120
720575941571863710,720575940624273508,131201
720575941604197878,720575940629017340,43746
720575941650889713,720575940624857597,113889
720575941435630624,720575940611362002,59659
720575941614894037,720575940635953038,57996
720575941494750590,720575940621806689,143047
720575941493051568,720575940624813129,47596
720575941520675507,720575940614774923,108927
720575941448894798,720575940610137557,169018
720575941604034238,720575940620393040,33488
720575941449187450,720575940636829582,483867
720575941564607074,720575940628175110,545782
720575941524278553,720575940610770394,94006
720575941516096003,720575940622100762,804688
720575941576383336,720575940614292717,514304
720575941538171624,720575940653271030,543281
720575941552629822,720575940632842687,103133
720575941511826386,720575940639246645,515125
720575941652994801,720575940606746034,83779
720575941589577783,720575940635659748,135231
720575941506676247,720575940638229220,111746
720575941564497810,720575940635373980,533602
720575941539667186,720575940636928942,90191
720575941545150313,720575940605857638,105828
720575941486257218,720575940645020526,93034
720575941448753742,720575940622941181,74264
720575941526779981,720575940614579106,106522
720575941652590833,720575940632410766,83002
720575941574000137,720575940632516269,138666
720575941577096693,720575940632564536,23756
720575941553662491,720575940627819931,58216
720575941625776795,720575940660292225,91306
720575941626569098,720575940636594094,169964
720575941632427168,720575940622724023,66948
720575941572034120,720575940614902183,30200
720575941545156488,720575940617344230,66477
720575941595189541,720575940631740357,903938
720575941492968368,720575940621759169,40201
720575941573085512,720575940621622637,27486
720575941549416052,720575940620605217,96197
720575941461149636,720575940607930889,153318
720575941568681262,720575940611617486,537439
720575941490589134,720575940620731118,121497
720575941562021376,720575940628029450,158553
720575941435751980,720575940614695029,546835
720575941535457880,720575940630507991,104542
720575941536690325,720575940631777676,89147
720575941496486779,720575940628192055,38920
720575941547803572,720575940619294622,531855
720575941558567539,720575940628397775,82371
720575941513973969,720575940626771593,145123
720575941430071310,720575940606643646,15959
720575941536422627,720575940646527028,49345
720575941438947391,720575940626592284,537951
720575941549760628,720575940623675367,64538
720575941478387050,720575940624300484,185052
720575941451250503,720575940632364615,556449
720575941552597019,720575940621822043,23954
720575941520564919,720575940607522226,40882
720575941535337498,720575940630479631,12956
720575941518490540,720575940620926155,70093
720575941434071328,720575940621485138,537926
720575941587611703,720575940615142762,104120
720575941483100870,720575940612828926,526242
720575941489083189,720575940645104919,82976
720575941539203989,720575940623672653,139670
720575941474259754,720575940622724905,156467
720575941489759177,720575940635663979,128085
720575941598601628,720575940619894613,567101
720575941408095662,720575940625115422,41449
720575941703402970,720575940618986107,803193
720575941575252623,720575940644449480,93343
720575941490129356,720575940626258874,61462
720575941579617873,720575940630862287,815057
720575941516622995,720575940632734924,147874
720575941562685842,720575940622761054,134470
720575941560140915,720575940643956168,139501
720575941498965985,720575940626972676,49978
720575941539175573,720575940635851828,98374
720575941491751628,720575940609660629,37268
720575941653628689,720575940622238814,808765
720575941568035322,720575940617019426,95122
720575941533478066,720575940625779985,79983
720575941515377667,720575940614159210,130086
720575941489593806,720575940606698430,94119
720575941471947787,720575940625815562,118874
720575941414217364,720575940626242348,186834
720575941602526198,720575940619436342,156523
720575941509060225,720575940616150284,223878
720575941592006507,720575940627715093,50443
720575941598531264,720575940626850941,73579
720575941656160980,720575940627724456,186654
720575941454343219,720575940631279687,63279
720575941642336120,720575940638484452,144219
720575941459263647,720575940641626056,33901
720575941480410822,720575940638828102,220894
720575941412314479,720575940625911556,22139
720575941617078399,720575940621123393,149555
720575941499434658,720575940627166270,140411
720575941431007447,720575940622370486,78290
720575941409801131,720575940633331629,104932
720575941651264241,720575940613094323,172625
720575941549862689,720575940622707670,116855
720575941565481058,720575940617242141,525731
720575941449948765,720575940621414676,550776
720575941542882140,720575940635550560,30868
720575941592224619,720575940625827453,810622
720575941624762314,720575940621036109,61238
720575941494718846,720575940633094284,118429
720575941572873224,720575940625278410,89398
720575941483704829,720575940627738501,88440
720575941595367461,720575940613008307,63442
720575941479243427,720575940636309940,126551
720575941584268934,720575940617737958,532842
720575941604291574,720575940644658212,79874
720575941505968549,720575940630061467,42608
720575941493777584,720575940612252002,517778
720575941407172655,720575940610920914,805168
720575941555305985,720575940638622174,129097
720575941477322548,720575940629642972,512475
720575941440333915,720575940635051199,155057
720575941536074467,720575940608182485,131943
720575941565933358,720575940628799996,914652
720575941451170217,720575940619597734,65597
720575941574807144,720575940623545843,151380
720575941529628856,720575940636541285,65775
720575941526570406,720575940639303494,38486
720575941526958724,720575940642283149,105018
720575941701104346,720575940619085397,934899
720575941541103901,720575940615965765,144327
720575941564293895,720575940629504497,37056
720575941720387642,720575940628469756,158987
720575941611177449,720575940622892988,810244
720575941642277714,720575940620859489,534252
720575941595634545,720575940624842057,32950
720575941430774231,720575940624226244,118209
720575941652482837,720575940619487764,77270
720575941496090567,720575940633824703,22073
720575941522405195,720575940629879799,120937
720575941477063489,720575940635845786,37873
720575941456103839,720575940622514693,96530
720575941442671530,720575940626211984,75302
720575941555301715,720575940630977852,78167
720575941569245684,720575940609113539,43314
720575941498018722,720575940627114499,54349
720575941539487474,720575940607901129,115204
720575941516574099,720575940628725160,940393
720575941545068988,720575940629952706,52600
720575941440723541,720575940630709719,34388
720575941570141172,720575940619064229,815582
720575941624151690,720575940625728487,200987
720575941670314929,720575940612896485,152139
720575941490097353,720575940626861370,111519
720575941508703838,720575940628940087,256432
720575941544815877,720575940623136499,545855
720575941594546134,720575940630319671,905265
720575941633309344,720575940608309771,130491
720575941542328837,720575940627651093,529671
720575941593266984,720575940620713844,11329
720575941598919465,720575940617492180,60470
720575941565411938,720575940632857939,809288
720575941578963545,720575940605939302,110617
720575941451847802,720575940626923070,82989
720575941642898808,720575940605666662,109255
720575941586729182,720575940627319464,543731
720575941535511896,720575940616158476,128258
720575941611500051,720575940618736797,86852
720575941439861471,720575940633146705,801987
720575941671261863,720575940604692070,145415
720575941515027555,720575940626859283,73215
720575941575864502,720575940613277165,92360
720575941551228159,720575940617979933,519070
720575941618535039,720575940633640493,14318
720575941489458377,720575940625384683,803943
720575941502784343,720575940621138341,532515
720575941591788940,720575940630238074,38168
720575941476886577,720575940606514534,54675
720575941393045508,720575940621704973,548558
720575941445192362,720575940645156631,73963
720575941498984059,720575940623420564,28741
720575941532999361,720575940626099289,64062
720575941454607411,720575940620775551,93115
720575941723652922,720575940636787086,94121
720575941513501393,720575940624431945,90718
720575941598985920,720575940638397503,93061
720575941531570563,720575940617038348,110819
720575941644460744,720575940638197732,87587
720575941549095229,720575940618151813,526699
720575941690293144,720575940613032854,229481
720575941730836779,720575940624769800,82848
720575941583183238,720575940620040528,549597
720575941662385976,720575940633813309,550424
720575941497237120,720575940641752309,97495
720575941440156507,720575940614337346,147032
720575941555461971,720575940621449281,181704
720575941546527112,720575940625274114,84900
720575941550326845,720575940618846996,539287
720575941564201991,720575940621337880,49740
720575941445411348,720575940623357222,24647
720575941491610599,720575940612362645,64439
720575941466518102,720575940621697193,74377
720575941563456519,720575940607899913,42200
720575941572438792,720575940626572837,91308
720575941485099330,720575940621488225,78300
720575941651267313,720575940629427260,148573
720575941561907368,720575940620340464,147480
720575941467788566,720575940621275775,82736
720575941478792554,720575940625871181,122071
720575941572202824,720575940639216499,63306
720575941439399359,720575940618389460,197307
720575941474035481,720575940617918621,192562
720575941431597193,720575940631077750,14057
720575941476927284,720575940618171988,100512
720575941506295461,720575940631631929,54467
720575941558932083,720575940615169090,147123
720575941552287111,720575940652152310,80230
720575941594704086,720575940628846966,38145
720575941551277823,720575940620624976,806170
720575941629141474,720575940629742786,54064
720575941644835666,720575940630086095,97404
720575941466974550,720575940626347602,811754
720575941453509683,720575940644582423,33736
720575941481166534,720575940622693597,86908
720575941612466662,720575940624701162,522314
720575941408272302,720575940607923721,298793906
720575941543564317,720575940622466636,108530
720575941436488236,720575940609388501,42659
720575941690363867,720575940624898540,179868
720575941566431286,720575940633583585,33475
720575941651486485,720575940627304104,69906
720575941574540809,720575940627238970,145008
720575941411792299,720575940626697960,516008
720575941445039018,720575940628162888,808412
720575941445214228,720575940628584469,99086
720575941596186501,720575940625563429,26934
720575941533333989,720575940633321583,28666
720575941444941588,720575940618848891,26921
720575941504680386,720575940616161759,52453
720575941686850572,720575940641112448,12373
720575941500138123,720575940626978905,543912
720575941550291711,720575940635350520,35891
720575941566946151,720575940630033196,77533
720575941524565579,720575940625295339,47037
720575941533264728,720575940638328127,39052
720575941611750419,720575940632034360,88970
720575941621865468,720575940620786415,804269
720575941511503058,720575940629334534,515697
720575941593146152,720575940612635050,127803
720575941538079203,720575940621769204,32155
720575941552668443,720575940617392726,81905
720575941454064109,720575940626690334,21398
720575941437697503,720575940620051079,148802
720575941573364552,720575940623745816,363021
720575941528259494,720575940628514545,41543
720575941452166727,720575940613294632,78955
720575941604794814,720575940621870349,111064
720575941452342343,720575940622456555,169985
720575941670181553,720575940618491038,69782
720575941472011306,720575940630898284,40902
720575941570151924,720575940634781631,84092
720575941502598231,720575940632125154,48079
720575941565089634,720575940620050047,127532
720575941480284835,720575940646098979,90936
720575941538746773,720575940619639973,98353
720575941596384625,720575940620641445,524913
720575941439955407,720575940616065130,79372
720575941529877451,720575940617834821,168115
720575941520145591,720575940627755865,808659
720575941469505245,720575940633815010,549202
720575941490474188,720575940633744820,30287
720575941515204163,720575940624700138,84275
720575941662208312,720575940624569016,53232
720575941450876794,720575940639072128,32409
720575941531444171,720575940617422292,935352
720575941449783645,720575940632463464,145737
720575941668731815,720575940628929265,511847
720575941631011308,720575940630214526,535199
720575941522552311,720575940629136583,539883
720575941582410591,720575940615057420,98751
720575941430823599,720575940624573222,35502
720575941591484556,720575940616070250,94194
720575941537033754,720575940615538082,381531
720575941523362807,720575940627326739,812163
720575941645221240,720575940643836468,102048
720575941474727985,720575940640209725,80730
720575941448457294,720575940624810424,535545
720575941530090474,720575940617947702,15537
720575941555583652,720575940635895438,47232
720575941508838672,720575940643958472,40667
720575941451801466,720575940636751717,100517
720575941497518921,720575940617717282,76243
720575941482278851,720575940609443285,189832
720575941514041603,720575940606926722,543462
720575941490452277,720575940627192963,219897
720575941642556754,720575940642940045,61480
720575941448344245,720575940634800888,105292
720575941507131927,720575940637031566,111927
720575941565301143,720575940613834354,56539
720575941565701895,720575940626953049,31381
720575941624472202,720575940622218257,29457
720575941662767672,720575940609567939,544846
720575941431753313,720575940642015477,78670
720575941732417067,720575940629894760,58467
720575941595371889,720575940610261187,81504
720575941513792003,720575940637348464,78731
720575941409737899,720575940624342515,48833
720575941512326097,720575940623889552,140756
720575941482344899,720575940619149366,61455
720575941545211272,720575940627195402,161317
720575941517041043,720575940622751820,27553
720575941507358999,720575940620238576,114872
720575941592183403,720575940614972839,95888
720575941666456563,720575940621093547,81402
720575941514068689,720575940628108309,46423
720575941520608435,720575940610404977,86697
720575941408537774,720575940640499584,52278
720575941625160074,720575940616666146,76206
720575941537718989,720575940624109464,91382
720575941477525790,720575940614298931,112893
720575941515724547,720575940622412838,136973
720575941525495117,720575940629370967,45290
720575941597887388,720575940628014352,149608
720575941593699879,720575940643900064,216873
720575941614536211,720575940630883628,533892
720575941453026099,720575940621086452,64240
720575941584476126,720575940639861301,23261
720575941515706003,720575940633367889,195727
720575941407765039,720575940645538356,83071
720575941517190547,720575940623449382,33930
720575941633448379,720575940615044469,533741
720575941540119165,720575940622063713,116140
720575941662050616,720575940634774553,52515
720575941577936209,720575940633906588,120182
720575941633056965,720575940620332167,113377
720575941412593519,720575940621409446,814508
720575941475965726,720575940614211295,96876
720575941562519906,720575940620020769,816994
720575941440507483,720575940625845242,135173
720575941491981232,720575940605540030,90602
720575941504197570,720575940622875425,543387
720575941564080738,720575940633146157,92816
720575941701184474,720575940611501688,146964
720575941534720490,720575940621469052,149549
720575941629727270,720575940612538538,912703
720575941445221290,720575940636184824,85336
720575941553679495,720575940625464066,521768
720575941611236073,720575940624871863,55712
720575941460467088,720575940615482229,84510
720575941513655116,720575940611956946,517888
720575941653087705,720575940623166600,174829
720575941534533313,720575940612766873,62907
720575941498701435,720575940619610072,193456
720575941525114212,720575940621268173,543044
720575941559309171,720575940622057242,525199
720575941455190579,720575940620862912,154246
720575941603368889,720575940622963461,67326
720575941392392196,720575940644657700,813773
720575941565601326,720575940624207347,193364
720575941515316883,720575940632794415,105405
720575941652884465,720575940624491005,31763
720575941506245692,720575940635852901,29677
720575941456868077,720575940629123945,150720
720575941525463577,720575940623023137,99146
720575941501984139,720575940610548337,22292
720575941438745179,720575940612658858,811510
720575941595312854,720575940621205999,25737
720575941573720392,720575940639420861,37774
720575941545446792,720575940621417921,193428
720575941644742008,720575940633225261,233774
720575941435843858,720575940625052942,273182
720575941552031111,720575940634885342,127466
720575941467283542,720575940643842976,527098
720575941431432111,720575940618579797,61298
720575941538055395,720575940658786689,534608
720575941513297219,720575940645360663,74973
720575941471137143,720575940627910419,98670
720575941579427665,720575940619288222,168871
720575941467210262,720575940614624918,511965
720575941610870886,720575940633568851,97232
720575941449174709,720575940616732722,124709
720575941513433187,720575940638096499,14834
720575941506227365,720575940621731675,36353
720575941448941493,720575940626059920,81280
720575941614984857,720575940620682843,117319
720575941433316622,720575940620144161,37908
720575941485303693,720575940629346103,539621
720575941509235922,720575940618621830,21890
720575941662670136,720575940616769051,41973
720575941689209718,720575940632743649,57119
720575941575005960,720575940619844568,96713
720575941469309917,720575940643696676,123386
720575941574111496,720575940652903926,117257
720575941431708257,720575940617573922,96761
720575941506539137,720575940632551566,44491
720575941446612500,720575940639955059,27545
720575941644442488,720575940626271674,178814
720575941563273128,720575940617590667,54968
720575941626018459,720575940634599643,107769
720575941393731478,720575940635010841,130454
720575941617379541,720575940620755296,31856
720575941645370017,720575940625421036,65174
720575941414524049,720575940623470228,86481
720575941586738910,720575940620527798,41903
720575941483644346,720575940625046515,512507
720575941496127943,720575940603707657,36772
720575941488011216,720575940620474789,111690
720575941554228378,720575940622426484,57606
720575941432738775,720575940627404290,810008
720575941539412466,720575940630837468,125947
720575941654982100,720575940636157688,126770
720575941613556444,720575940631441711,43970
720575941688413964,720575940610290756,525795
720575941594670375,720575940619882868,517348
720575941459028895,720575940631214556,72570
720575941662295352,720575940629273930,45496
720575941554681601,720575940615266867,56877
720575941631664610,720575940644622496,44445
720575941482505667,720575940607002057,154197
720575941438961682,720575940640098749,537750
720575941516329475,720575940606369713,58584
720575941529893579,720575940606964145,108546
720575941688432367,720575940621189358,66199
720575941506833477,720575940632768031,537495
720575941410399403,720575940620254079,138400
720575941441336271,720575940619230288,91742
720575941471452427,720575940611119480,194868
720575941624780234,720575940624541163,137763
720575941459927492,720575940628539304,107709
720575941470303095,720575940631210808,13895
720575941686746124,720575940611051874,137408
720575941483525373,720575940611527794,88711
720575941561483821,720575940613865842,62875
720575941581623391,720575940615942924,114427
720575941535795978,720575940626835784,91034
720575941480394882,720575940633726178,124133
720575941555571108,720575940622653879,143338
720575941533326467,720575940629361994,131928
720575941416269340,720575940620018676,94423
720575941504841020,720575940626819088,51647
720575941524880409,720575940635695096,539294
720575941690324376,720575940633004755,122042
720575941526381081,720575940624151432,148780
720575941644686241,720575940617128705,533727
720575941439147052,720575940620915591,116182
720575941475364148,720575940620148756,133896
720575941554300699,720575940609209948,52586
720575941426997076,720575940641567195,128539
720575941491237836,720575940607627868,113184
720575941441635791,720575940630714875,97423
720575941538623101,720575940628158407,59689
720575941557803172,720575940628663296,56772
720575941451765063,720575940618329843,541804
720575941563661202,720575940629804699,132521
720575941431287649,720575940632604975,813378
720575941513203523,720575940619040285,86354
720575941553287559,720575940629553964,512321
720575941415163676,720575940625214183,79349
720575941688357132,720575940616970713,184778
720575941630788076,720575940604847584,107577
720575941477693408,720575940609720515,35855
720575941502886706,720575940621268672,208160
720575941535395160,720575940640160128,152804
720575941498503241,720575940633685428,13658
720575941438184978,720575940621126081,84285
720575941632368059,720575940627174415,44688
720575941502705035,720575940626966346,533532
720575941449685597,720575940627945554,59013
720575941472524352,720575940637404078,113590
720575941497397729,720575940624279037,155224
720575941658183448,720575940620625880,66573
720575941509025665,720575940620746349,75061
720575941553402247,720575940651601910,28117
720575941492303335,720575940624849388,184507
720575941495565438,720575940627469949,59166
720575941504526396,720575940611707827,11489
720575941593505575,720575940622602992,98937
720575941451925114,720575940629184630,18762
720575941563263495,720575940619232448,55787
720575941477625396,720575940606201641,81490
720575941590522764,720575940614936543,521646
720575941497529762,720575940626783228,151046
720575941548815393,720575940622192822,66140
720575941514758755,720575940619035190,557604
720575941558464494,720575940626791728,99050
720575941519878583,720575940614976662,115091
720575941547856776,720575940617340736,38513
720575941533807082,720575940605315762,29485
720575941410423151,720575940623302035,143408
720575941446322452,720575940630277223,500205
720575941493489022,720575940628023313,52616
720575941473595178,720575940612075618,128626
720575941568222322,720575940629262586,83732
720575941491409358,720575940627958889,524554
720575941470054621,720575940629029123,20245
720575941657244696,720575940636106351,112926
720575941631378146,720575940620571892,806845
720575941615440793,720575940624084203,819740
720575941399428643,720575940627996420,903840
720575941496867451,720575940632896569,195515
720575941627254841,720575940630432323,69256
720575941537024794,720575940651434998,92789
720575941688979318,720575940610885330,114740
720575941686580342,720575940635583072,534320
720575941498800865,720575940637282167,136839
720575941630013154,720575940610991513,72988
720575941505441815,720575940637957446,62742
720575941593572389,720575940626284034,73829
720575941450668359,720575940629995087,35388
720575941527076024,720575940617282117,76698
720575941593872933,720575940615013374,125259
720575941624350875,720575940636893582,105786
720575941471968096,720575940620893761,78093
720575941536615361,720575940635909274,529542
720575941474521659,720575940630247235,17696
720575941554533786,720575940627825051,79629
720575941404949616,720575940613047519,559760
720575941485559949,720575940620771753,808194
720575941529992888,720575940614632941,812134
720575941507062562,720575940612717461,98121
720575941550284093,720575940621323398,55628
720575941428193199,720575940626292376,43869
720575941461373584,720575940627627602,526826
720575941523863883,720575940609746187,51707
720575941453803433,720575940617033565,115198
720575941513923587,720575940630587129,579221
720575941586314886,720575940615648818,118549
720575941508064897,720575940623488477,99169
720575941518631790,720575940620174677,801629
720575941516961171,720575940634850970,91900
720575941549945343,720575940617576660,21713
720575941565724214,720575940628448359,27450
720575941473766715,720575940625153267,90129
720575941575471759,720575940612125914,77332
720575941506630017,720575940645864471,113213
720575941566371382,720575940609968196,122185
720575941523409143,720575940636163691,325020
720575941412800404,720575940614680017,39671
720575941538282109,720575940618579201,808078
720575941513677571,720575940623500947,519142
720575941666516723,720575940622334633,142155
720575941393715606,720575940629740843,59946
720575941689803227,720575940629599899,522946
720575941611375590,720575940613721837,523374
720575941477745950,720575940633839021,74933
720575941607806829,720575940613374873,70014
720575941607279469,720575940619843486,64373
720575941528187814,720575940629800318,38710
720575941513159747,720575940619966032,71780
720575941614546707,720575940622430284,111917
720575941401994275,720575940619747019,813081
720575941479302223,720575940625273118,113018
720575941391385750,720575940637088602,108026
720575941459022064,720575940607733170,133032
720575941491734988,720575940617890699,581348
720575941469232503,720575940627342211,535872
720575941497534281,720575940623755447,112271
720575941457040112,720575940631335951,74814
720575941439563349,720575940607154818,79471
720575941544547845,720575940622147268,67094
720575941438828050,720575940607675337,37317
720575941662944312,720575940642926702,84523
720575941643050104,720575940620921441,57531
720575941592984939,720575940631700010,87427
720575941545948348,720575940620935083,543013
720575941514936211,720575940618857473,223268
720575941441631067,720575940624136711,46871
720575941588611205,720575940607510876,31601
720575941453584041,720575940611345331,62005
720575941505539900,720575940649813881,102177
720575941469606263,720575940623510221,168063
720575941631087520,720575940641875445,811356
720575941513404227,720575940631022895,75596
720575941590763262,720575940640703184,23993
720575941691154651,720575940653593505,37922
720575941603193022,720575940615954363,68929
720575941545567668,720575940620452544,81212
720575941681585085,720575940637753518,546389
720575941401772067,720575940613710194,96052
720575941440084959,720575940640347355,38631
720575941549510974,720575940623867399,903881
720575941464163926,720575940612452019,40822
720575941561813293,720575940631242071,119914
720575941400417827,720575940626524805,84407
720575941516954284,720575940644567406,87808
720575941552291390,720575940626154877,113613
720575941564601954,720575940630149623,177911
720575941605385150,720575940629625449,539900
720575941560123919,720575940618937684,31437
720575941594851367,720575940625419036,94274
720575941614195987,720575940610231253,164936
720575941490923212,720575940631638047,529153
720575941489854926,720575940629973763,67893
720575941530760139,720575940617041382,815642
720575941589528716,720575940612645618,67262
720575941506612037,720575940620499115,513676
720575941437921503,720575940623354348,184290
720575941514001873,720575940634743403,102132
720575941565448199,720575940628795121,76129
720575941633052064,720575940628218976,46177
720575941480512642,720575940628442128,57885
720575941448243037,720575940632399976,82369
720575941721320506,720575940630742476,184942
720575941626451914,720575940631180973,36840
720575941554062215,720575940626730524,198479
720575941629562918,720575940623153961,52544
720575941513987331,720575940616530150,98468
720575941653850897,720575940632021867,257837
720575941598061468,720575940633157271,542074
720575941441598399,720575940614390481,109767
720575941412393839,720575940613630631,123056
720575941656758608,720575940623384831,71670
720575941544424892,720575940626142757,35663
720575941495733115,720575940626099493,140001
720575941622629628,720575940647171204,121089
720575941481950659,720575940629740414,300102
720575941556809892,720575940627161703,100273
720575941452888391,720575940627372565,170491
720575941644417400,720575940612549799,55648
720575941625112940,720575940626605187,803238
720575941688148207,720575940621640150,34436
720575941474916394,720575940628571074,14846
720575941614048153,720575940614959675,20947
720575941510800850,720575940625951774,60266
720575941516103683,720575940620737774,817117
720575941490580021,720575940617922439,10274
720575941688889100,720575940637009263,515632
720575941601308457,720575940619571021,160392
720575941633524384,720575940619341806,59617
720575941440732507,720575940615157307,521547
720575941447216916,720575940627414184,118788
720575941532248037,720575940621106086,71500
720575941450269789,720575940606884017,24421
720575941536246755,720575940624713767,80462
720575941431927767,720575940620169607,54856
720575941657242392,720575940648839545,67095
720575941573696911,720575940612086421,36810
720575941519656814,720575940622322782,11261
720575941505735959,720575940621228014,222977
720575941523867211,720575940638409700,87136
720575941471318592,720575940626475522,118993
720575941457895664,720575940629963011,12335
720575941415224348,720575940627268946,813372
720575941573828936,720575940623477272,129934
720575941579016025,720575940627177790,57697
720575941491354828,720575940625028535,49077
720575941408833839,720575940645233262,525979
720575941448155412,720575940625889155,65464
720575941611686121,720575940624972471,580755
720575941481657030,720575940645651252,87398
720575941540029133,720575940623606296,127009
720575941546723208,720575940612761842,127373
720575941573562184,720575940636896101,49431
720575941480483040,720575940616491423,77458
720575941449852794,720575940632936985,586607
720575941663971708,720575940619382833,46897
720575941463509005,720575940629460635,806741
720575941545797481,720575940605411104,813456
720575941587007300,720575940634429279,37494
720575941515035491,720575940605597886,27051
720575941499492321,720575940639459280,79565
720575941599324864,720575940632749212,64862
720575941526969188,720575940626378084,61035
720575941480644550,720575940625713968,814386
720575941593250161,720575940610907890,181461
720575941555551652,720575940615622685,52865
720575941431156728,720575940624985831,92612
720575941411447467,720575940616489558,70609
720575941540829276,720575940630202306,114478
720575941430281742,720575940620664768,44653
720575941596180081,720575940634999403,511976
720575941464127501,720575940605886240,146100
720575941486662096,720575940624281271,45215
720575941643556709,720575940646472500,69571
720575941457205997,720575940620567791,70543
720575941392419076,720575940625142936,78940
720575941542866268,720575940611399214,135633
720575941559895155,720575940625817744,86626
720575941493541063,720575940612672881,12866
720575941658334800,720575940636935269,42753
720575941526324226,720575940627444349,558121
720575941461749971,720575940614069731,17895
720575941451421609,720575940639801678,84581
720575941497218889,720575940623124938,130979
720575941469296861,720575940615856607,818455
720575941632292549,720575940618255168,17237
720575941457930655,720575940625147465,43875
720575941486136386,720575940613532645,206630
720575941412841583,720575940622234689,92994
720575941506177189,720575940620969454,26330
720575941526792781,720575940630014914,223235
720575941638556703,720575940617329221,104965
720575941652745684,720575940624829989,143925
720575941612288614,720575940640794483,548397
720575941473696827,720575940612460211,120627
720575941476660289,720575940619608923,27347
720575941625228140,720575940625370387,143477
720575941542335005,720575940620791899,82637
720575941639506805,720575940628568650,68751
720575941553227418,720575940624590886,44900
720575941527206221,720575940631109883,142318
720575941393795990,720575940628465738,59955
720575941413181076,720575940618356253,69670
720575941653843729,720575940623961738,519996
720575941584643935,720575940653344673,12299
720575941534849714,720575940619452830,60225
720575941569585778,720575940610221636,129032
720575941567004404,720575940636996159,67699
720575941393153540,720575940641618128,55085
720575941531662539,720575940630342444,549412
720575941454843373,720575940615686762,151110
720575941568339706,720575940618314937,92367
720575941639801973,720575940617819065,30253
720575941533694595,720575940618675358,153952
720575941439096594,720575940612798899,143433
720575941610621613,720575940628340998,88594
720575941612650003,720575940631619180,95701
720575941462051012,720575940610428484,542806
720575941484030461,720575940607744201,27804
720575941536950760,720575940646071940,43715
720575941542184796,720575940612477589,47919
720575941588556612,720575940623645693,146198
720575941393950870,720575940640249405,66310
720575941352725808,720575940628912188,87339
720575941491443431,720575940624460691,20536
720575941475934238,720575940625675412,63554
720575941596978076,720575940620829878,78800
720575941652977681,720575940624658215,27398
720575941573066249,720575940641329616,64310
720575941627679545,720575940612654573,22320
720575941538631373,720575940607202057,61423
720575941409126574,720575940611740851,57358
720575941453387079,720575940625067773,154982
720575941607478125,720575940626615140,61853
720575941593968423,720575940625991043,525533
720575941505299762,720575940618427833,13622
720575941625777610,720575940620847041,814540
720575941469914333,720575940611054798,523004
720575941429801135,720575940634189463,148392
720575941626270009,720575940621039124,183820
720575941353440304,720575940613944813,104280
720575941450205109,720575940635412404,215448
720575941467204829,720575940618685085,23633
720575941598767260,720575940610041557,530920
720575941722804794,720575940643427488,112647
720575941452456361,720575940639062618,63569
720575941640807967,720575940631244918,800151
720575941618401919,720575940627968232,54842
720575941478980291,720575940619529432,806969
720575941590196791,720575940627645821,65363
720575941468109789,720575940613481369,581105
720575941473867616,720575940642171867,129721
720575941645684424,720575940628190345,533765
720575941438272530,720575940625949744,556493
720575941392876036,720575940607560066,40050
720575941516156762,720575940632396640,511910
720575941632248005,720575940622132662,518097
720575941651627029,720575940621840297,108820
720575941634269371,720575940625949261,817769
720575941429940695,720575940652595446,65544
720575941507709474,720575940609978866,120528
720575941497473403,720575940628323082,64877
720575941524870658,720575940622243610,93984
720575941540883661,720575940630144634,39483
720575941553792410,720575940622691847,908762
720575941563777122,720575940628149265,56809
720575941434650766,720575940612078267,146884
720575941553490177,720575940625858803,85101
720575941452533370,720575940658101121,812688
720575941544292028,720575940625606036,109286
720575941476697905,720575940625001616,96003
720575941584281695,720575940615752331,29032
720575941561715112,720575940635174648,132734
720575941504259378,720575940631004613,84088
720575941565582646,720575940621454017,56066
720575941611569126,720575940620183066,79863
720575941529222840,720575940638312932,141795
720575941449112398,720575940611903962,109912
720575941602290617,720575940622058921,535530
720575941591493260,720575940624844071,213422
720575941517131667,720575940637475214,21905
720575941555991297,720575940628117381,41085
720575941430425225,720575940611468185,208493
720575941514264529,720575940615159550,93250
720575941580918649,720575940621793151,824111
720575941656772632,720575940621467574,22626
720575941610843565,720575940608278876,54161
720575941482272195,720575940625626149,88204
720575941471369792,720575940632440387,149809
720575941515055619,720575940622640297,17242
720575941607003245,720575940605457888,148408
720575941430676984,720575940616134612,105178
720575941591415180,720575940632206098,580328
720575941539916237,720575940645405060,124743
720575941518966382,720575940638624701,810419
720575941533473880,720575940633207436,175092
720575941629497580,720575940627362715,57642
720575941477606964,720575940608883209,121154
720575941558010127,720575940622137665,106445
720575941642056805,720575940627991292,19191
720575941594912037,720575940616236862,541461
720575941481957315,720575940616639417,817542
720575941499329609,720575940606548914,76084
720575941541873756,720575940625161511,106810
720575941538534093,720575940626590997,196539
720575941564784182,720575940628279292,76742
720575941521723639,720575940612802019,807352
720575941721633594,720575940640140659,37984
720575941557576563,720575940615508802,122314
720575941577662545,720575940635943536,163477
720575941494191815,720575940607480329,534757
720575941459823174,720575940620326535,58369
720575941631476460,720575940622033791,97250
720575941569619188,720575940628019906,56254
720575941522278475,720575940633984025,86030
720575941614686739,720575940622726664,92842
720575941602717881,720575940638738595,71540
720575941574454267,720575940627797992,101385
720575941461623763,720575940618408121,74495
720575941497348224,720575940615291772,44937
720575941457364127,720575940628339611,126933
720575941603887545,720575940611373262,132828
720575941610338406,720575940630598159,28771
720575941534731802,720575940642841636,160433
720575941433260814,720575940619128485,806816
720575941578971225,720575940630797911,74370
720575941669657777,720575940620523696,88264
720575941593654891,720575940610970436,132623
720575941575597199,720575940631216143,80643
720575941544463292,720575940614891462,50643
720575941514001361,720575940629405943,101155
720575941585439878,720575940618100308,128300
720575941477022513,720575940623938659,58507
720575941525722701,720575940607347634,50565
720575941662131068,720575940624523411,99670
720575941505691973,720575940619734151,128925
720575941589422148,720575940613888483,519151
720575941553674835,720575940638007640,85038
720575941649854705,720575940638442718,126742
720575941587361348,720575940624001575,85127
720575941525011202,720575940640670579,66541
720575941526079654,720575940627928698,97149
720575941622726396,720575940630745797,52799
720575941560486126,720575940620575568,518261
720575941477470238,720575940623635348,589572
720575941560874797,720575940626620464,124411
720575941475215658,720575940612427670,77136
720575941626219914,720575940617648614,107818
720575941574715293,720575940624018249,86313
720575941475772266,720575940621470028,43926
720575941495680123,720575940621625597,173695
720575941435870606,720575940616303545,115697
720575941566809191,720575940633263308,565953
720575941441516479,720575940635794111,356468
720575941624568828,720575940632467256,530865
720575941633623456,720575940632823144,36334
720575941521095095,720575940633957710,47887
720575941644084641,720575940628535025,58922
720575941441294683,720575940633749217,526536
720575941530492875,720575940644353992,416483361
720575941495082624,720575940621013185,137263
720575941527223554,720575940636081007,73254
720575941549342580,720575940639429504,110339
720575941527150776,720575940622274804,125121
720575941457034733,720575940634244191,89175
720575941407788206,720575940613739410,65553
720575941489991655,720575940633557355,35874
720575941449496669,720575940616836485,148735
720575941537109018,720575940626941080,119006
720575941505624389,720575940620030518,35179
720575941472492896,720575940629143370,79951
720575941483604666,720575940627005724,26341
720575941594762117,720575940643282061,80599
720575941498438523,720575940624734973,537004
720575941528329860,720575940633761700,73290
720575941540836188,720575940620786113,158824
720575941474180448,720575940623318815,517053
720575941519189614,720575940629127153,121358
720575941595302439,720575940607230473,19924
720575941633156283,720575940618151517,68036
720575941511377874,720575940638287219,94146
720575941403123056,720575940624391914,33248
720575941628028217,720575940629028880,75609
720575941642949496,720575940640308797,145010
720575941440028111,720575940632790611,95919
720575941573141512,720575940629394885,105044
720575941471941131,720575940624310857,117572
720575941576768857,720575940617808614,134768
720575941404266352,720575940656097697,99416
720575941592621861,720575940611780962,425774
720575941513864401,720575940638662708,77821
720575941486552070,720575940620822593,906486
720575941631082988,720575940628339912,801526
720575941679772605,720575940630112512,819133
720575941485816642,720575940633462317,25632
720575941593245297,720575940605824689,177686
720575941596741509,720575940625569101,191765
720575941433546528,720575940650574457,70067
720575941553612033,720575940628750342,151645
720575941594471126,720575940617974326,144066
720575941668003249,720575940631301989,49010
720575941451871913,720575940606784265,581292
720575941496604800,720575940610812133,16749
720575941526514020,720575940633595475,512625
720575941491253680,720575940615385055,67363
720575941573570703,720575940610797010,122037
720575941594770134,720575940629205698,136076
720575941553577299,720575940624861017,56616
720575941459331231,720575940629576553,72177
720575941530811365,720575940607429554,46559
720575941558960143,720575940626062681,108944
720575941462534157,720575940630590326,57305
720575941671888039,720575940638917609,805211
720575941462142148,720575940631365203,802411
720575941626495370,720575940632875746,113415
720575941568059386,720575940639101412,58170
720575941631514850,720575940617512409,64339
720575941473976106,720575940613189785,11602
720575941565884258,720575940635147164,109376
720575941611514029,720575940619643771,514179
720575941412907887,720575940615771458,93892
720575941489884105,720575940624049149,517179
720575941588953598,720575940615872927,45016
720575941547482941,720575940619687222,175704
720575941515873529,720575940617102166,580028
720575941472017472,720575940644561518,529802
720575941410601583,720575940626233290,74177
720575941458743792,720575940624919625,537050
720575941481564495,720575940627061050,124257
720575941671415719,720575940635273623,525024
720575941566067351,720575940620542746,58405
720575941598243008,720575940637210542,71978
720575941587854660,720575940635011679,82170
720575941514088547,720575940636074853,96505
720575941641687653,720575940610665445,81807
720575941544687721,720575940620318680,56272
720575941432137687,720575940647945268,101837
720575941668628211,720575940660499329,138132
720575941653934097,720575940632961376,591463
720575941540073165,720575940625868519,206144
720575941508100958,720575940617492822,46194
720575941629951526,720575940631319377,50843
720575941641522514,720575940621573312,532516
720575941406763950,720575940614506961,535212
720575941588550028,720575940617353428,813049
720575941595562885,720575940630965335,80637
720575941482863869,720575940637222256,20161
720575941437781215,720575940628400400,35078
720575941652225521,720575940608549385,143885
720575941505050930,720575940617589721,116740
720575941632624069,720575940614642491,524987
720575941467268950,720575940627052318,94438
720575941525210212,720575940643830472,78195
720575941564909568,720575940624314250,808853
720575941594766550,720575940636412517,125885
720575941607569261,720575940627139530,71657
720575941721156922,720575940614474386,76804
720575941551274302,720575940644542755,170170
720575941429403823,720575940634487778,98532
720575941655129044,720575940634242273,173572
720575941450356317,720575940636128180,584674
720575941480940963,720575940628909434,34031
720575941574425083,720575940631120384,246994
720575941604196793,720575940621512557,546537
720575941498110843,720575940624698611,106088
720575941432015201,720575940625113579,807403
720575941520281523,720575940625106615,533610
720575941455829744,720575940640385853,539284
720575941680252349,720575940626094887,524230
720575941594735909,720575940628343685,129624
720575941671532199,720575940637583838,155286
720575941610603594,720575940625905039,64870
720575941498506569,720575940633088429,520571
720575941425781844,720575940615005334,99111
720575941406044590,720575940647574916,53436
720575941563816872,720575940619054641,216957
720575941513597772,720575940617171573,113919
720575941654978777,720575940622159169,63929
720575941644559992,720575940620055454,43202
720575941625957019,720575940631651810,126567
720575941656527128,720575940642395611,809303
720575941690754779,720575940621190127,114312
720575941553935495,720575940620262465,531388
720575941516410970,720575940623847056,77150
720575941452489031,720575940630105964,129281
720575941601983990,720575940621642010,83673
720575941521332915,720575940618047296,31755
720575941577008488,720575940625371144,91943
720575941563537671,720575940633188689,54932
720575941414122900,720575940634017619,77678
720575941645786312,720575940644940232,96412
720575941572748701,720575940619025216,64736
720575941492421758,720575940631039183,16604
720575941461185476,720575940652990454,811036
720575941600823849,720575940627961340,817076
720575941539583869,720575940631282775,12804
720575941459803974,720575940660740481,146016
720575941435240846,720575940630677612,215102
720575941663904892,720575940631604473,138211
720575941526730150,720575940610726776,149902
720575941529225092,720575940604895148,55958
720575941441838683,720575940622816332,199972
720575941437674303,720575940627695882,58501
720575941535311538,720575940612744362,14578
720575941414101137,720575940626928740,55522
720575941645097121,720575940624209968,111845
720575941671764135,720575940611463522,521572
720575941576765800,720575940630505722,71417
720575941488889397,720575940622202858,210928
720575941453187891,720575940624569085,10906
720575941478807715,720575940608927499,539530
720575941432730327,720575940610677909,92187
720575941553032839,720575940605868222,803732
720575941628903462,720575940632619880,16236
720575941563692183,720575940625014823,101762
720575941532457347,720575940630382300,515485
720575941615694233,720575940620965302,19560
720575941409034670,720575940621489830,802680
720575941586381892,720575940628970951,76792
720575941566525287,720575940628130325,519128
720575941613371155,720575940630546084,22984
720575941536906266,720575940632386607,811527
720575941629957868,720575940632021900,122429
720575941477664736,720575940623024929,188105
720575941515103075,720575940619928485,807970
720575941640608031,720575940640329424,39446
720575941481149775,720575940630551290,546736
720575941611461353,720575940624200959,160309
720575941644555896,720575940621824091,57113
720575941488787918,720575940624870131,36044
720575941431706616,720575940615394527,21328
720575941409756331,720575940607092828,52978
720575941411343531,720575940623391783,28641
720575941544823045,720575940605001696,75239
720575941515930883,720575940612244066,530298
720575941612049884,720575940629685724,54819
720575941526950822,720575940617252981,806716
720575941412308079,720575940611235534,20220
720575941450734970,720575940646844451,373494
720575941471252032,720575940614716789,815828
720575941408754350,720575940611160755,46052
720575941481514435,720575940637873008,136804
720575941491006409,720575940633478701,167184
720575941554046235,720575940620976493,129726
720575941515592291,720575940633932951,813922
720575941400469027,720575940626206601,53873
720575941645079240,720575940613175215,386786
720575941502235531,720575940622667525,536640
720575941488408629,720575940630301523,516525
720575941426986836,720575940639225158,934593
720575941562020520,720575940620494795,122097
720575941620482943,720575940636756570,540012
720575941484252157,720575940624896183,769661594
720575941441276507,720575940625369884,555734
720575941489604553,720575940638848590,67889
720575941511109392,720575940615806367,808909
720575941652048369,720575940608943115,10384
720575941490999271,720575940646614324,811960
720575941584089951,720575940621807062,33412
720575941408961198,720575940632129848,20074
720575941513835985,720575940622736266,45973
720575941525207206,720575940617001266,57620
720575941410131311,720575940628061573,25093
720575941689337307,720575940638887750,521359
720575941553855367,720575940630493143,97161
720575941572020637,720575940607168725,113958
720575941574774632,720575940617376769,109717
720575941520872627,720575940622351996,126979
720575941524527618,720575940612423829,59754
720575941413892497,720575940626181096,533950
720575941533609194,720575940620936687,554406
720575941491534796,720575940633547181,76204
720575941455798253,720575940634231653,12023
720575941631811003,720575940615088530,102713
720575941685907439,720575940625642554,53723
720575941428847864,720575940606307262,512736
720575941626184394,720575940610046276,211262
720575941453205043,720575940627680584,165303
720575941589557316,720575940624421815,176879
720575941483514621,720575940615643835,805864
720575941453690419,720575940631751215,537430
720575941588730935,720575940628789303,65751
720575941513690321,720575940617470932,220017
720575941431727497,720575940622397567,58215
720575941438223071,720575940624359828,127084
720575941547692724,720575940630969051,16371
720575941654661849,720575940627703976,547515
720575941518170028,720575940629743738,103240
720575941658584656,720575940620840327,59929
720575941452186025,720575940627178841,103242
720575941596641413,720575940627897591,133853
720575941657954072,720575940631469452,111605
720575941598460864,720575940626163386,902616
720575941403661168,720575940630415164,815039
720575941526714370,720575940620770124,152209
720575941478898083,720575940626564337,142055
720575941545117445,720575940612574435,89770
720575941611667430,720575940617478427,213600
720575941607174509,720575940612628758,812740
720575941680106685,720575940618590950,524876
720575941573895675,720575940633430112,84304
720575941462423952,720575940629488400,91214
720575941459655568,720575940615279163,79299
720575941431690488,720575940632633400,87051
720575941688793240,720575940628819733,139418
720575941455250157,720575940625428286,68977
720575941490961127,720575940623670115,72146
720575941574008136,720575940630004700,46308
720575941430299489,720575940626468233,200329
720575941494536062,720575940629484791,114437
720575941534176193,720575940653722785,115422
720575941689243867,720575940631647063,75527
720575941544907964,720575940634513838,550800
720575941703631066,720575940615358887,120336
720575941579965265,720575940626880912,100546
720575941529739704,720575940620694858,68765
720575941508242305,720575940645592628,84043
720575941514193498,720575940626399821,148049
720575941435244064,720575940620362587,69731
720575941732971819,720575940641860853,813915
720575941516062723,720575940631576367,164451
720575941412797551,720575940619520390,911195
720575941528735620,720575940638537816,89140
720575941539590293,720575940627303697,116630
720575941469854528,720575940623199070,98039
720575941403816304,720575940614138543,130193
720575941689154968,720575940611321842,85859
720575941478865258,720575940639812942,71009
720575941643937697,720575940626308113,108851
720575941513384012,720575940619761744,29837
720575941593396775,720575940632650797,580653
720575941439739359,720575940608849163,807277
720575941554707098,720575940631460111,54392
720575941564577170,720575940638111807,550007
720575941450100149,720575940640001664,47815
720575941685864687,720575940623746509,103612
720575941550547316,720575940626641939,514125
720575941406725550,720575940621252869,143881
720575941573290166,720575940616793246,547787
720575941526676045,720575940639157968,805929
720575941450993223,720575940613138328,189518
720575941497723298,720575940627876248,38667
720575941624622282,720575940614833002,79177
720575941644306514,720575940635878136,520172
720575941537406179,720575940624845200,35697
720575941612229037,720575940630719340,89542
720575941642444370,720575940638244068,46467
720575941505052439,720575940638253790,92669
720575941555607460,720575940629502214,72995
720575941511153936,720575940645895447,539866
720575941441425087,720575940630624530,90724
720575941520353207,720575940616356767,806894
720575941531276675,720575940628921162,101692
720575941481014351,720575940617240891,55157
720575941453056583,720575940615235281,137243
720575941463060624,720575940615000994,521688
720575941407793455,720575940619372342,51495
720575941575643535,720575940627149809,905813
720575941510477010,720575940605632433,801904
720575941644724306,720575940644765088,354677
720575941644581240,720575940630932475,57069
720575941538554261,720575940624561127,62333
720575941547585716,720575940604830129,31960
720575941593172075,720575940636350942,30314
720575941563334912,720575940617676637,74874
720575941530746597,720575940621805915,49298
720575941630306854,720575940612207253,47268
720575941579232889,720575940630062786,13225
720575941515934042,720575940634920303,804916
720575941519210935,720575940631151929,65618
720575941590159671,720575940625914686,67097
720575941509825552,720575940611282222,904387
720575941622879484,720575940620685806,82314
720575941597800384,720575940607273993,911607
720575941631544034,720575940620655531,121334
720575941669492657,720575940621566973,61950
720575941566824039,720575940622922701,117751
720575941459108422,720575940620300593,801682
720575941533299685,720575940612848858,152513
720575941644069970,720575940630159939,817699
720575941565203207,720575940623382237,42477
720575941668591793,720575940632110392,84220
720575941487122896,720575940609799778,94578
720575941461026756,720575940620479579,94061
720575941414864273,720575940636338539,68757
720575941460278598,720575940608937938,141619
720575941632104389,720575940617839243,134797345
720575941526869837,720575940613605273,43028
720575941535377642,720575940636185695,109158
720575941685943023,720575940627754492,137664
720575941408868911,720575940627019944,133897
720575941473739616,720575940620698641,107334
720575941461850308,720575940647569204,29419
720575941628163897,720575940612876146,46943
720575941604528062,720575940618179729,125955
720575941500851595,720575940623454916,109981
720575941572755977,720575940635916383,129675
720575941589838988,720575940627445020,138173
720575941526297881,720575940612564337,90850
720575941644816760,720575940622739444,45098
720575941611260262,720575940626732776,61752
720575941702661338,720575940639410741,53495
720575941496383943,720575940610922360,35299
720575941560572275,720575940632484492,88401
720575941688989964,720575940623654655,915118
720575941533771034,720575940623911354,64645
720575941551684607,720575940616964642,117534
720575941407983534,720575940606743654,88862
720575941526510925,720575940636077919,108409
720575941531732683,720575940629683047,68735
720575941569850874,720575940625034679,180541
720575941652273137,720575940627777527,177966
720575941430980745,720575940632961095,118010
720575941668718835,720575940614631197,48265
720575941447737166,720575940645206551,817945
720575941644344225,720575940624878828,813614
720575941480262530,720575940623151128,78671
720575941631944891,720575940660165505,58382
720575941558611236,720575940633004845,80683
720575941486721933,720575940627685905,546119
720575941506695228,720575940638094569,73589
720575941411034991,720575940608800451,103786
720575941564694582,720575940626713372,813800
720575941534386098,720575940628042756,15477
720575941598883228,720575940629131111,116376
720575941594937221,720575940609619666,135615
720575941590979724,720575940621391297,127250
720575941662192440,720575940631763148,105871
720575941536274920,720575940610562474,120420
720575941653644305,720575940620020827,210907
720575941481610438,720575940641237632,85882
720575941493009840,720575940628703079,58942
720575941439540703,720575940623422249,533384
720575941496523719,720575940609769483,14734
720575941563364264,720575940627333202,514380
720575941447998996,720575940623450807,103931
720575941487135494,720575940619605041,200346
720575941604566176,720575940652114422,50134
720575941475286058,720575940613809554,98868
720575941490085941,720575940617475028,54382
720575941565904438,720575940636500069,150308
720575941625726363,720575940629904939,154138
720575941488274128,720575940620616129,82988
720575941436876844,720575940630186907,131043
720575941476394526,720575940631492650,807267
720575941631539426,720575940633108527,30446
720575941547027817,720575940632777261,512867
720575941550683454,720575940622917351,107209
720575941460915923,720575940620162241,175825
720575941549784609,720575940623664422,519149
720575941506347543,720575940649810809,539822
720575941652494577,720575940632817256,54862
720575941546339433,720575940622795814,520214
720575941543473413,720575940622021117,210043
720575941439209679,720575940645163287,580889
720575941489477351,720575940625609196,113598
720575941593092566,720575940620887917,78930
720575941457449200,720575940621232822,813980
720575941504129586,720575940622032628,230736
720575941599183552,720575940612950447,87091
720575941567559418,720575940615859942,129052
720575941438823724,720575940612947119,202908
720575941439370447,720575940617883878,127288
720575941454516019,720575940621952636,117035
720575941501649291,720575940641906317,11361
720575941466419030,720575940629421386,59547
720575941504648386,720575940624611878,20492
720575941477924929,720575940635706548,516481
720575941574004662,720575940622175913,171115
720575941436279072,720575940620814575,93680
720575941490884809,720575940628049963,60764
720575941518600620,720575940609507118,166103
720575941687097583,720575940640902096,123835
720575941529334200,720575940615194931,56123
720575941430739809,720575940628594948,103838
720575941515380995,720575940636592229,107372
720575941536506378,720575940614361041,72837
720575941452482938,720575940625290900,119277
720575941507517474,720575940639522163,149285
720575941429318281,720575940629678697,71942
720575941504505157,720575940622683681,161261
720575941394076822,720575940612132977,78926
720575941631203525,720575940629810748,160484
720575941429789688,720575940624099608,20630
720575941467811293,720575940640413757,73706
720575941527042585,720575940630817024,200213
720575941526871577,720575940630838646,84034
720575941489328078,720575940617836006,809559
720575941525015810,720575940624250859,168233
720575941472722272,720575940626279196,146566
720575941691316376,720575940613379186,12642
720575941544541364,720575940628141052,806313
720575941461236420,720575940630591738,530970
720575941639171615,720575940614850706,86141
720575941550456948,720575940629649402,137600
720575941654107409,720575940626112905,131092
720575941581873785,720575940620686618,147396
720575941464860950,720575940635859813,28955
720575941487023312,720575940611303522,192625
720575941533443250,720575940625274603,107524
720575941480624323,720575940607213954,71093
720575941514173795,720575940624296230,71285
720575941576008847,720575940643786144,85515
720575941441419199,720575940628544828,69479
720575941686568943,720575940620805824,197460
720575941552475135,720575940619119739,520104
720575941643435602,720575940615234099,33749
720575941459125663,720575940630893312,47212
720575941530184139,720575940623041757,104554
720575941552724542,720575940629869253,547198
720575941546105276,720575940630293445,55148
720575941479434720,720575940617471813,95455
720575941584526175,720575940627883792,155819
720575941594795633,720575940621772382,805809
720575941517415340,720575940626241636,99642
720575941438857301,720575940640962805,57134
720575941685800687,720575940639514702,129501
720575941523051083,720575940620332577,163937
720575941412283247,720575940617426973,156059
720575941624090620,720575940624420292,44235
720575941476258625,720575940622928739,109700
720575941668355761,720575940614621694,58150
720575941655508436,720575940624763678,534319
720575941536651496,720575940621677702,220109
720575941539413490,720575940620301021,125899
720575941619015807,720575940646483235,83265
720575941572405768,720575940628318458,87612
720575941508740190,720575940621542911,52805
720575941606218349,720575940603233248,127140
720575941476802154,720575940629583888,40519
720575941528486532,720575940630511939,96346
720575941662411064,720575940620850202,406728
720575941644948088,720575940614854034,113627
720575941524396057,720575940616187498,153054
720575941472201024,720575940604607689,68804
720575941610393065,720575940606929282,518920
720575941639150197,720575940639399075,106082
720575941601097769,720575940620054125,91518
720575941520654003,720575940626664553,121167
720575941498287522,720575940631407301,29535
720575941555524516,720575940631222585,95914
720575941690349019,720575940636720558,68348
720575941675192794,720575940611520721,44561
720575941561871405,720575940630472186,47883
720575941643956069,720575940614063791,533286
720575941628266297,720575940625282748,523653
720575941450891386,720575940619686360,149097
720575941441667535,720575940622529569,76861
720575941655534804,720575940612598695,547118
720575941661790776,720575940641388789,48473
720575941591571752,720575940635241908,223066
720575941623980746,720575940632414350,100769
720575941540926749,720575940618561445,43206
720575941575950696,720575940605675966,113665
720575941439052332,720575940616858966,48084
720575941497011584,720575940622337712,190734
720575941506051749,720575940627464734,34493
720575941519106414,720575940626063961,61063
720575941566314343,720575940625283093,163684
720575941640615199,720575940628779782,180972
720575941651588373,720575940650413177,48863
720575941537644003,720575940620119601,185995
720575941619573631,720575940621601268,20092
720575941576531048,720575940620140897,23473
720575941636525685,720575940650270585,58047
720575941659353168,720575940627917834,101949
720575941561983789,720575940629101015,908181
720575941472609632,720575940639905232,812193
720575941681219517,720575940618311892,60600
720575941702848730,720575940614504342,128064
720575941572672008,720575940638397150,54926
720575941504053847,720575940638165923,101902
720575941504730418,720575940624883435,529008
720575941651785201,720575940627073098,912133
720575941543634437,720575940636608142,581343
720575941460947411,720575940628972853,214548
720575941439476191,720575940614545105,18500
720575941499451361,720575940633068079,44652
720575941572824222,720575940609181508,537992
720575941564075008,720575940609921230,905564
720575941607319661,720575940616545675,102093
720575941573322249,720575940631455995,152377
720575941566027318,720575940618483067,47532
720575941546881468,720575940611218454,80092
720575941482643398,720575940627649641,908535
720575941493937790,720575940617217510,92840
720575941483108861,720575940624801511,80302
720575941504470076,720575940631903183,31732
720575941643446629,720575940613685485,49310
720575941471346016,720575940622145919,817833
720575941593459926,720575940618907757,67959
720575941660891960,720575940647415331,111494
720575941535279370,720575940618879910,123006
720575941516302435,720575940615748658,26335
720575941410795631,720575940644274848,58099
720575941439505749,720575940623899911,81691
720575941670412455,720575940617078356,114527
720575941409919343,720575940615740603,51718
720575941560657267,720575940611753238,805429
720575941439014879,720575940629771308,82311
720575941651742993,720575940630228094,103193
720575941470982976,720575940633562082,67115
720575941536445633,720575940608810052,25149
720575941508710178,720575940630541050,40551
720575941498699131,720575940625268664,808938
720575941500413090,720575940629446187,66904
720575941439191637,720575940620866230,512480
720575941533288682,720575940640041075,35298
720575941442067407,720575940637317006,98412
720575941543990789,720575940623891943,15011
720575941531180261,720575940618292382,801235
720575941501805451,720575940616912946,78753
720575941503456491,720575940607353801,75115
720575941662628152,720575940628884267,817112
720575941434872974,720575940633902381,56277
720575941461903315,720575940618849025,900157
720575941548392052,720575940624548332,46356
720575941540468173,720575940625121550,141051
720575941582843999,720575940622706420,50550
720575941574151689,720575940617727389,22376
720575941482498246,720575940632414615,31498
720575941580061009,720575940640744355,133927
720575941620471679,720575940629053227,131732
720575941568266228,720575940635563711,529756
720575941564299362,720575940611096786,580403
720575941499492425,720575940640820443,550803
720575941688940044,720575940626375728,108567
720575941574442235,720575940629402954,133321
720575941507779397,720575940626069050,136565
720575941662837048,720575940618073403,66274
720575941579208281,720575940628886760,131792
720575941392883350,720575940624920980,29066
720575941589410615,720575940621915814,110980
720575941577259865,720575940622309085,49371
720575941573949435,720575940606379356,546204
720575941628052281,720575940621543789,41048
720575941431717039,720575940625119625,132955
720575941607476077,720575940629579851,76568
720575941523591755,720575940628836908,110785
720575941515943427,720575940617012934,27603
720575941488970037,720575940625917228,30764
720575941601089065,720575940624208169,26443
720575941516131674,720575940627377863,91939
720575941643319160,720575940625034483,87380
720575941452660137,720575940632303441,99313
720575941499177697,720575940635096767,514458
720575941560037747,720575940619699068,92883
720575941409116207,720575940621744321,101411
720575941543515165,720575940617598813,544729
720575941516110739,720575940612606131,33272
720575941497292257,720575940624952051,110640
720575941549965428,720575940640206926,303829
720575941528005048,720575940624826867,93255
720575941483111677,720575940614965691,74615
720575941573995016,720575940641690331,83539
720575941552465919,720575940609585250,115977
720575941629057830,720575940625885512,803468
720575941569493406,720575940610765380,71391
720575941492400048,720575940623339852,814246
720575941452341882,720575940614342762,102882
720575941574878351,720575940629193731,902662
720575941577817333,720575940630055783,132729
720575941552153855,720575940626758019,556812
720575941569196532,720575940611039608,518524
720575941467046998,720575940631599405,519165
720575941554512868,720575940616851980,114544
720575941541297500,720575940645399417,934633
720575941575855759,720575940627394837,37262
720575941564963591,720575940623429610,544030
720575941598103744,720575940624334826,61481
720575941392970244,720575940625872688,74464
720575941525892774,720575940619740363,143841
720575941643758712,720575940633415822,116306
720575941591066664,720575940620679429,116238
720575941489691852,720575940625044068,83809
720575941602206649,720575940635567551,160878
720575941491636400,720575940628750185,512911
720575941507100033,720575940612400753,576176
720575941467265814,720575940625707522,37514
720575941569891322,720575940635061695,92259
720575941449213518,720575940618570982,42330
720575941552315647,720575940606428850,58905
720575941513774691,720575940605993649,64960
720575941629666796,720575940627956243,48446
720575941550681087,720575940624918535,124855
720575941615576473,720575940609653513,89066
720575941524811266,720575940629829687,77473
720575941525487693,720575940629218811,86294
720575941611474396,720575940627054595,123474
720575941548176776,720575940623629094,12844
720575941544239548,720575940636812901,75520
720575941668013745,720575940620447585,79883
720575941582190201,720575940621290923,64998
720575941627354681,720575940616935458,147505
720575941563750290,720575940605550025,571499
720575941526749698,720575940618053021,151398
720575941592840997,720575940620187051,96069
720575941553407571,720575940629032195,50008
720575941615338905,720575940628799985,12997
720575941612670172,720575940621161933,247112
720575941638709535,720575940615889638,143733
720575941475533617,720575940643073332,61072
720575941510565136,720575940636792718,80420
720575941604914878,720575940622944937,112447
720575941668686835,720575940620696084,29453
720575941563199586,720575940610450418,526579
720575941506465084,720575940627358961,547452
720575941500030882,720575940623336973,148251
720575941406944174,720575940628382607,277197
720575941353261360,720575940617831641,904818
720575941525113956,720575940617979938,73692
720575941470242013,720575940641169792,545170
720575941484001789,720575940632415279,20831
720575941529537668,720575940634236535,931051
720575941563297287,720575940638508510,100488
720575941407628206,720575940635335319,146897
720575941614064147,720575940622942730,60003
720575941529858488,720575940624160263,35383
720575941604463606,720575940624398261,800721
720575941569633530,720575940636982190,135664
720575941474165034,720575940629222147,138439
720575941644617377,720575940615072735,88548
720575941505973377,720575940620896422,14151
720575941409403819,720575940621889206,193586
720575941640759327,720575940628401681,46924
720575941691057304,720575940611696346,147950
720575941486978882,720575940627409180,83519
720575941547002248,720575940661245825,53887
720575941563890322,720575940625441523,80808
720575941478717802,720575940655186081,46166
720575941430760151,720575940632881209,73229
720575941568118004,720575940629839167,134291
720575941625841802,720575940611580074,74501
720575941414907796,720575940620910774,908993
720575941496578432,720575940627070308,48094
720575941627477049,720575940636939631,71833
720575941573621755,720575940614530098,67747
720575941525877785,720575940629673772,39487
720575941603504569,720575940660975233,123892
720575941527142756,720575940609473656,526044
720575941639530357,720575940630474553,811798
720575941392417174,720575940613119399,540383
720575941537666280,720575940636731247,73834
720575941548816929,720575940611535058,816171
720575941548751421,720575940628461333,223338
720575941491665584,720575940617196759,59595
720575941559401517,720575940631144479,511968
720575941456915437,720575940631294684,159129
720575941559533583,720575940647272836,84148
720575941555162778,720575940632869549,53557
720575941591702156,720575940622547788,81350
720575941429667064,720575940630805463,139542
720575941607438701,720575940625826343,102792
720575941453723305,720575940626180298,54082
720575941528056708,720575940613256086,525307
720575941474113066,720575940625265040,212090
720575941497107072,720575940617033556,111070
720575941457076208,720575940617060747,517030
720575941608678218,720575940654998177,817322
720575941573474120,720575940618845531,91087
720575941450079069,720575940624417584,32282
720575941410652271,720575940625279731,76080
720575941502394091,720575940625473369,47322
720575941483870530,720575940621352630,60539
720575941470262237,720575940629817603,129966
720575941688436492,720575940621753579,551645
720575941474042208,720575940622117572,34906
720575941457203782,720575940629488487,912163
720575941575018761,720575940634659508,34743
720575941600536361,720575940627920071,817157
720575941557541102,720575940607539907,92026
720575941503954263,720575940613458669,88752
720575941653813465,720575940625058568,542600
720575941582456415,720575940629082684,127724
720575941564939264,720575940621354736,51107
720575941516022521,720575940622444020,541563
720575941489951177,720575940628827920,811135
720575941625482634,720575940617433142,130064
720575941680029629,720575940641728712,72028
720575941668973043,720575940637220014,512270
720575941605121574,720575940616036511,151540
720575941643621537,720575940629243291,900877
720575941509427666,720575940634716823,95665
720575941564810496,720575940654956449,108156
720575941527966136,720575940621417455,54416
720575941552559258,720575940659972737,170081
720575941526181145,720575940612466930,524228
720575941681073597,720575940624135605,38700
720575941566954228,720575940618540081,44580
720575941514653530,720575940620458305,213766
720575941474064938,720575940658472065,132483
720575941552659354,720575940620604399,85137
720575941516205155,720575940621373534,107683
720575941499661385,720575940627044102,68762
720575941644141473,720575940637881919,56545
720575941551211838,720575940633443103,81006
720575941410955887,720575940611560494,58536
720575941624082428,720575940627652629,28129
720575941536190952,720575940624085501,92663
720575941460545936,720575940630108571,103925
720575941538742989,720575940615234410,35465
720575941576480360,720575940615736693,161306
720575941566432814,720575940629068922,117374
720575941568357678,720575940626748444,87275
720575941476639338,720575940643866528,91426
720575941490092238,720575940616555554,16100
720575941526906114,720575940618918347,802263
720575941459453599,720575940631095552,216807
720575941514735609,720575940620742164,326147
720575941453183539,720575940641512656,98894
720575941566403431,720575940631833912,148796
720575941565246615,720575940640203608,149329
720575941681339069,720575940614625954,905841
720575941504776764,720575940639055157,75601
720575941566572342,720575940629037611,556684
720575941528849848,720575940625843331,99349
720575941471429495,720575940632065384,155776
720575941590315560,720575940609759427,808995
720575941643567521,720575940631284439,535042
720575941510361616,720575940619972254,145534
720575941639746079,720575940640358709,47801
720575941638573941,720575940620433690,77875
720575941627219001,720575940645024804,24759
720575941539602069,720575940620002206,144425
720575941655420377,720575940646088068,469098413
720575941452858695,720575940619990430,14332
720575941679311037,720575940629493356,40129
720575941490220750,720575940641341685,46411
720575941528466308,720575940635618711,91416
720575941458259952,720575940609244885,82047
720575941504312892,720575940623035272,59136
720575941617547221,720575940640871376,153493
720575941612377702,720575940623146266,106619
720575941490899253,720575940626776707,41675
720575941414605852,720575940616794585,154123
720575941612141414,720575940626068755,817136
720575941565804854,720575940622080865,89502
720575941451173545,720575940619266885,106377
720575941690911384,720575940615249269,85366
720575941501717995,720575940623244740,145878
720575941442241743,720575940622467307,59364
720575941496221568,720575940622084905,24025
720575941581902201,720575940631575503,47539
720575941632379116,720575940633661153,94688
720575941670349233,720575940638064692,150670
720575941488692277,720575940618882171,44991
720575941630599650,720575940629572623,47111
720575941585951878,720575940624117784,575398
720575941591583528,720575940628691718,21705
720575941642868385,720575940632911456,14973
720575941650037269,720575940617351099,145261
720575941498635426,720575940629703503,83589
720575941629929510,720575940633690766,34726
720575941644660600,720575940618125969,816838
720575941466453334,720575940632580143,106775
720575941530614219,720575940622373381,117144
720575941562999303,720575940632317009,805158
720575941645854152,720575940609316188,12413
720575941544843964,720575940622090316,77695
720575941534732778,720575940646485795,817066
720575941624363372,720575940627455912,127558
720575941559119475,720575940624184575,92660
720575941522767947,720575940609119499,197027
720575941414490004,720575940629579769,67178
720575941614317075,720575940628819561,72142
720575941521296563,720575940629834240,90432
720575941444807850,720575940639795571,14931
720575941620297855,720575940633296804,50790
720575941554572954,720575940619764918,41912
720575941592517925,720575940623026919,539907
720575941437893461,720575940618686754,551306
720575941473527867,720575940628751303,108273
720575941587147486,720575940628555536,40351
720575941500700139,720575940615767995,561339
720575941498903675,720575940640704088,814927
720575941503820119,720575940630548094,42635
720575941670005425,720575940619009195,85157
720575941554656228,720575940642908813,52188
720575941603785913,720575940617836283,803749
720575941549540468,720575940626738565,513421
720575941502737239,720575940622924838,57637
720575941550133053,720575940621527617,11577
720575941404900464,720575940630388090,103198
720575941474449760,720575940618238523,55380
720575941431360248,720575940615799697,47473
720575941473035579,720575940620935360,59137
720575941614266643,720575940626585018,528978
720575941518721496,720575940639360445,76121
720575941534573834,720575940632085063,87249
720575941494407111,720575940609620747,50299
720575941491703502,720575940628199443,93242
720575941640253727,720575940627535503,46587
720575941722923578,720575940627257469,53726
720575941504155883,720575940617740774,905753
720575941445389226,720575940628278524,542125
720575941429376905,720575940633182628,32698
720575941519699310,720575940660541569,530451
720575941453407145,720575940610118468,112590
720575941633248160,720575940628156932,105444
720575941489842126,720575940625870567,59164
720575941568642862,720575940624794611,31135
720575941462082254,720575940621154657,105129
720575941476383540,720575940612879985,67267
720575941571540638,720575940638650483,112718
720575941507116322,720575940629869059,50407
720575941556470564,720575940608039090,48939
720575941535017048,720575940612071731,133676
720575941516101369,720575940623425416,51181
720575941595456551,720575940623458348,117089
720575941490343911,720575940654887329,145137
720575941519692211,720575940642572251,96286
720575941628325945,720575940624732052,41100
720575941576660840,720575940611094626,520135
720575941620563071,720575940637608846,210629
720575941574347771,720575940615337183,25642
720575941629105446,720575940611568248,59217
720575941514283267,720575940632074255,50097
720575941536929266,720575940620809387,54954
720575941537464547,720575940627658795,49495
720575941548154941,720575940618236752,517468
720575941475291451,720575940605749536,148238
720575941474853435,720575940633880415,66677
720575941577605109,720575940627499645,35126
720575941440149215,720575940637072350,119303
720575941490095847,720575940631524111,92459
720575941537725589,720575940623047950,512782
720575941522957815,720575940621891964,525039
720575941556718500,720575940614971944,50774
720575941534672216,720575940603637438,71346
720575941535619009,720575940611386842,142586
720575941547447988,720575940623366102,31544
720575941412849775,720575940618618113,54638
720575941536580289,720575940638361919,114053
720575941482520774,720575940629381194,814188
720575941537247381,720575940637659534,108023
720575941732896299,720575940623630276,801417
720575941453103667,720575940632200207,40694
720575941584557278,720575940619375981,67083
720575941451277946,720575940613447475,75313
720575941470006749,720575940629025015,132233
720575941439210796,720575940615718815,45130
720575941498552393,720575940638148442,549275
720575941591285502,720575940626106554,542559
720575941491396814,720575940624811139,237423
720575941488889801,720575940628880646,149764
720575941606079853,720575940637618254,903018
720575941560227629,720575940639278325,807657
720575941590843788,720575940631897362,92477
720575941557215652,720575940616650546,107310
720575941593168680,720575940617399769,562295
720575941702831066,720575940619823051,108424
720575941460668100,720575940612212954,110012
720575941440438991,720575940628915718,77137
720575941412634769,720575940626997541,104347
720575941440812239,720575940614678225,88089
720575941576675766,720575940627121436,89018
720575941552699015,720575940625531284,517118
720575941461889805,720575940616244530,561425
720575941688226543,720575940623232205,94658
720575941416916252,720575940643582487,70964
720575941408534319,720575940612752101,46333
720575941654343892,720575940650001273,90991
720575941581614457,720575940635094809,38503
720575941535469400,720575940606766793,86538
720575941476635713,720575940634606490,47233
720575941596203653,720575940620294736,138902
720575941552904510,720575940632375121,75320
720575941414744980,720575940618213103,47157
720575941487549904,720575940613277491,70662
720575941466079318,720575940632720441,511941
720575941488653365,720575940618531611,89327
720575941595047025,720575940645675886,907397
720575941470163575,720575940615613396,56437
720575941580416889,720575940621963433,41703
720575941588185924,720575940627489052,806340
720575941573837051,720575940631230275,52458
720575941434698382,720575940622854837,163193
720575941456356077,720575940618796701,542284
720575941550462719,720575940638348095,153865
720575941497510217,720575940648476281,67190
720575941604726206,720575940624838899,43468
720575941480972451,720575940615964210,199501
720575941653263577,720575940629288130,60386
720575941592754472,720575940626935738,105467
720575941569400314,720575940621824781,135865
720575941523232247,720575940637901540,88751
720575941540197212,720575940638636102,76035
720575941505102642,720575940623240959,141958
720575941668995827,720575940603268064,155287
720575941689393115,720575940619165598,500146
720575941565392391,720575940620260372,99133
720575941656914712,720575940621443243,240922
720575941571669576,720575940606723164,98577
720575941466000726,720575940642354120,520789
720575941652249873,720575940615220383,173923
720575941438785836,720575940631004790,160190
720575941544604421,720575940636716912,525111
720575941571890846,720575940634872943,38909
720575941458154480,720575940627982217,77428
720575941413183855,720575940624389705,146052
720575941483818818,720575940632187729,83052
720575941528430008,720575940640691619,31053
720575941392885252,720575940624401958,911920
720575941536543381,720575940619246677,514910
720575941573239965,720575940615369183,152435
720575941574672822,720575940623417525,71825
720575941575005961,720575940621739508,148347
720575941581291385,720575940606161585,107758
720575941412230545,720575940628381383,815428
720575941513096012,720575940620765776,807493
720575941553033114,720575940625169296,84696
720575941526253081,720575940617535837,802546
720575941536326805,720575940619575454,807475
720575941512861905,720575940629099719,520820
720575941613961436,720575940637545013,40300
720575941488422965,720575940622334902,525980
720575941593533989,720575940619207533,96293
720575941409142699,720575940623919287,92650
720575941574877704,720575940632088601,60612
720575941555650387,720575940632264040,40185
720575941680556733,720575940618654366,96578
720575941445204394,720575940608634379,539461
720575941667009011,720575940614195618,191094
720575941678392765,720575940630786555,24359
720575941538237160,720575940620473185,95685
720575941570111732,720575940619134075,806478
720575941593559147,720575940628082682,71414
720575941703411418,720575940640788643,201310
720575941506691900,720575940628378374,123101
720575941512068684,720575940619866740,45503
720575941482040771,720575940628955691,71091
720575941595449302,720575940624649452,90606
720575941514707091,720575940633505934,31517
720575941484232077,720575940627546750,77805
720575941463803149,720575940633311396,30026
720575941474388027,720575940634796479,911812
720575941703417306,720575940642926372,807175
720575941594060139,720575940619619019,19905
720575941445097386,720575940631407478,47725
720575941505721367,720575940636384887,98264
720575941434273056,720575940635143007,21472
720575941462985616,720575940633750776,807619
720575941628272441,720575940603673056,93824
720575941524725325,720575940625154035,800146
720575941437626687,720575940634769562,517469
720575941433597454,720575940605550508,549529
720575941603582710,720575940620810443,120391
720575941411572907,720575940622472691,262865
720575941466975254,720575940623094200,100975
720575941477345841,720575940615541671,54065
720575941686096879,720575940638705983,44695
720575941547761012,720575940630664407,397041555
720575941504779333,720575940635636404,517146
720575941511205452,720575940607398018,44289
720575941612537446,720575940624306155,61773
720575941572848542,720575940624617264,213190
720575941450276957,720575940640734883,126951
720575941653070809,720575940626985554,135308
720575941505345861,720575940612217818,908459
720575941506164037,720575940648706692,49669
720575941515062851,720575940610335698,109531
720575941438803730,720575940613221928,816044
720575941435773484,720575940623223283,162264
720575941484914498,720575940628646986,809175
720575941685883119,720575940624561589,483197
720575941584765023,720575940625597372,60016
720575941497958818,720575940624993836,49869
720575941658382416,720575940624748215,23563
720575941554832723,720575940613248435,146390
720575941558461220,720575940615860566,524732
720575941499190946,720575940620837146,803241
720575941495591879,720575940640132184,803875
720575941442121563,720575940625349159,90143
720575941655816660,720575940618378982,535307
720575941607145837,720575940624137513,21786
720575941429408248,720575940634135763,14855
720575941618024917,720575940645153303,105695
720575941491149518,720575940632934751,515279
720575941465015894,720575940627193469,66472
720575941525353126,720575940624993975,544114
720575941439096108,720575940633145903,99189
720575941485651206,720575940621488884,520556
720575941689892760,720575940641887963,42429
720575941559932019,720575940632217996,107836
720575941510190864,720575940615323857,71325
720575941406568495,720575940630359875,533793
720575941536282049,720575940621549086,147596
720575941439205205,720575940621931958,63847
720575941688324214,720575940613919784,277713
720575941604032697,720575940633601444,559480
720575941466644054,720575940628996455,219835
720575941626440586,720575940632511759,50129
720575941589655095,720575940648819321,62180
720575941507751447,720575940627164297,12002
720575941526366029,720575940627984650,106308
720575941533492355,720575940629172220,72567
720575941574883997,720575940621598390,93891
720575941573703752,720575940620238539,111042
720575941529378180,720575940637172201,24834
720575941703483610,720575940612909554,109299
720575941479078563,720575940639608390,25779
720575941466476118,720575940643004301,75745
720575941537075738,720575940627728777,95487
720575941508900993,720575940608184194,170821
720575941468589835,720575940660918657,812983
720575941479009130,720575940615122834,85954
720575941430058671,720575940629201372,40725
720575941581933177,720575940623773171,109902
720575941402294051,720575940617316537,106571
720575941548291444,720575940617560118,32271
720575941432821463,720575940615985989,114583
720575941655725268,720575940627146042,130436
720575941507970082,720575940635286008,53184
720575941442438570,720575940647920692,60100
720575941463742733,720575940625348796,47520
720575941533667416,720575940619987147,129298
720575941572280059,720575940640175549,67991
720575941533248234,720575940617747037,139208
720575941577122905,720575940627794814,533192
720575941485899586,720575940631594860,70809
720575941654673369,720575940626847765,43415
720575941564119191,720575940628127208,14736
720575941614751251,720575940631965763,53133
720575941662422840,720575940607438805,929616
720575941459926086,720575940618614101,902789
720575941503721778,720575940642416269,534344
720575941504785602,720575940623735482,812194
720575941547298676,720575940636869518,223194
720575941498444155,720575940635373466,83763
720575941500263842,720575940619677342,109804
720575941491522480,720575940629182055,145773
720575941566484014,720575940628737323,55666
720575941438263615,720575940621250403,51303
720575941536887322,720575940625870338,65328
720575941408783534,720575940626497482,122431
720575941564510610,720575940633797933,51203
720575941564889654,720575940622051393,532182
720575941549716852,720575940610582084,113490
720575941527174054,720575940626441003,530191
720575941505186610,720575940652870390,89775
720575941573735055,720575940630683961,68950
720575941505343045,720575940620500801,35974
720575941633380256,720575940621998657,73033
720575941591364136,720575940625071132,58005
720575941566787630,720575940615965846,94236
720575941669603505,720575940629369722,83060
720575941643511672,720575940636041902,546983
720575941555954916,720575940625232009,74569
720575941575269277,720575940629843755,95774
720575941467886813,720575940613254627,96176
720575941598268713,720575940617507001,100789
720575941662090876,720575940616756507,35806
720575941475842875,720575940617505510,111295
720575941574251165,720575940616343953,65440
720575941626967865,720575940609948114,78336
720575941482160058,720575940624075191,82143
720575941413091988,720575940633877087,21039
720575941653542105,720575940637326963,153404
720575941606358893,720575940625732196,177846
720575941432404183,720575940620861531,126719
720575941517831084,720575940642022088,814883
720575941508744065,720575940626143525,49806
720575941638531701,720575940608661955,514157
720575941516023699,720575940627771652,40844
720575941687640332,720575940620167217,184692
720575941679821757,720575940626398601,513335
720575941519959768,720575940651713782,141383
720575941526894617,720575940623037208,179160
720575941459071391,720575940617813814,48838
720575941477093940,720575940608756600,81223
720575941491757031,720575940616028299,54337
720575941452696233,720575940626827307,532834
720575941462947728,720575940629808911,333223
720575941598369728,720575940636563630,35128
720575941586535646,720575940613374691,125380
720575941595293654,720575940640733325,62415
720575941513256401,720575940611758034,145522
720575941510317840,720575940629180419,940744
720575941671966631,720575940622698454,61584
720575941490651337,720575940613933727,109383
720575941609222218,720575940628311306,143524
720575941430334167,720575940627490663,93608
720575941572718344,720575940628187079,119058
720575941564208274,720575940611140325,105025
720575941485812290,720575940629225577,230746
720575941656978256,720575940634525303,103431
720575941665521907,720575940628825348,39256
720575941482014717,720575940613363710,530790
720575941449898077,720575940640847568,27139
720575941633276613,720575940621586822,158109
720575941550755071,720575940620994214,142304
720575941625751916,720575940606230304,542123
720575941668053747,720575940638614244,38318
720575941474153312,720575940632247823,122522
720575941450746183,720575940624206315,142699
720575941591821452,720575940624605734,526449
720575941432395617,720575940628548868,84057
720575941611658729,720575940620026816,113824
720575941593430486,720575940615239285,178620
720575941589580612,720575940629137001,63987
720575941479170639,720575940626048100,102588
720575941410658475,720575940629260106,816324
720575941520986807,720575940627764282,526601
720575941559557391,720575940632661412,117141
720575941593933349,720575940623310333,88050
720575941598475676,720575940630745538,41725
720575941498561698,720575940613278194,142752
720575941655634900,720575940625449620,188519
720575941571325512,720575940612340430,79934
720575941575062537,720575940613004402,137246
720575941517263726,720575940622268597,42736
720575941498033570,720575940609873016,99404
720575941516000346,720575940635688816,11101
720575941401981475,720575940608239964,151741
720575941436195884,720575940641251829,158912
720575941562209938,720575940620029575,67586
720575941610798054,720575940635069838,141719
720575941554860545,720575940618995505,50781
720575941392210436,720575940607984476,516751
720575941403032176,720575940621362091,197621
720575941440097231,720575940627199621,197466
720575941643093605,720575940630173799,222155
720575941626351468,720575940629183740,103080
720575941449799261,720575940623010124,118820
720575941477348894,720575940633724863,79045
720575941406713391,720575940614780723,170336
720575941440250197,720575940625737776,102021
720575941535679498,720575940635454048,63036
720575941655486169,720575940620348692,188344
720575941484534669,720575940614826130,542216
720575941461884429,720575940615044136,87152
720575941511946962,720575940631626707,116054
720575941553073562,720575940610654050,144689
720575941602117561,720575940616191572,105984
720575941691485592,720575940625267900,514583
720575941516285274,720575940636104628,806373
720575941529522360,720575940650770297,107568
720575941511687378,720575940619987438,520078
720575941481683197,720575940640179315,71294
720575941632458693,720575940614207903,91845
720575941510943186,720575940622038622,56298
720575941496932224,720575940631824938,536164
720575941466234198,720575940640318517,542971
720575941401505059,720575940617065522,65455
720575941436005408,720575940634027234,59188
720575941429787017,720575940623448078,189046
720575941552203930,720575940631354572,96978
720575941575101960,720575940639075150,82295
720575941503551831,720575940628412490,544004
720575941547199549,720575940624154347,149196
720575941626111643,720575940612249581,27412
720575941457800944,720575940627571972,75570
720575941499293409,720575940624177917,22228
720575941507618594,720575940626798076,197230
720575941670241201,720575940620660901,30586
720575941567062898,720575940623777577,517057
720575941541212701,720575940625449474,40106
720575941579828561,720575940620705044,816410
720575941608298826,720575940604630752,91337
720575941517455788,720575940624730772,807456
720575941430732759,720575940632827752,131481
720575941471605259,720575940641061840,99405
720575941487329232,720575940633352100,87671
720575941427890004,720575940622083845,107412
720575941432458711,720575940635780191,521749
720575941505741847,720575940633993623,123166
720575941425384532,720575940616962098,537912
720575941617255893,720575940638378047,55930
720575941450346318,720575940629406363,194619
720575941410747503,720575940638079578,521608
720575941591921771,720575940612486371,71815
720575941624361468,720575940630896379,240534
720575941490964174,720575940621589486,542899
720575941670219185,720575940644582964,113675
720575941472954666,720575940618129355,67205
720575941561997480,720575940614181585,138769
720575941573790459,720575940637617341,95623
720575941482008506,720575940627850343,170838
720575941534428504,720575940624436750,79792
720575941527708088,720575940619901376,197174
720575941614483475,720575940620925093,72591
720575941428044628,720575940627351378,165557
720575941477634922,720575940626727710,18716
720575941632034235,720575940632422504,134237
720575941518769580,720575940622121827,942571
720575941593119525,720575940631285804,29357
720575941476762673,720575940625896718,84586
720575941502608322,720575940628748816,545053
720575941548534333,720575940626711068,214700177
720575941611935964,720575940617041553,57221
720575941668315379,720575940617197057,123191
720575941629703906,720575940627407000,22478
720575941534918634,720575940626378824,31603
720575941651693589,720575940614142435,525297
720575941721317434,720575940627545858,151289
720575941730786859,720575940633362131,57970
720575941435905042,720575940620665281,809686
720575941653762009,720575940625942372,68245
720575941480645088,720575940613645541,149540
720575941437761247,720575940626997434,80107
720575941536356106,720575940612796053,46051
720575941513234764,720575940621797185,148160
720575941554470298,720575940632746391,136931
720575941573567753,720575940608302002,542644
720575941450652494,720575940626625874,73363
720575941413869457,720575940628910340,110506
720575941554446746,720575940605829478,82476
720575941471055680,720575940623571178,804469
720575941498423202,720575940624039560,66967
720575941437030111,720575940628918001,551567
720575941577677657,720575940627081674,812466
720575941655393236,720575940627764873,809542
720575941481317830,720575940618514846,131240
720575941410973355,720575940631133184,26161
720575941482223546,720575940621517918,104804
720575941506352407,720575940615122326,544277
720575941653143825,720575940617286027,71873
720575941499321825,720575940616584972,146104
720575941580491129,720575940615215958,142646
720575941515661891,720575940645158600,15660
720575941493785776,720575940613230846,82585
720575941588781380,720575940621760422,175621
720575941643842977,720575940627947772,55979
720575941546203572,720575940635642775,527649
720575941527569062,720575940620287067,93645
720575941498114017,720575940616121311,532653
720575941538457549,720575940622772001,527247
720575941500128418,720575940607174578,148010
720575941657327952,720575940618090836,62661
720575941569899258,720575940629928826,929394
720575941513353562,720575940638920757,519831
720575941506802967,720575940628487440,101177
720575941552402433,720575940627246937,534396
720575941507688005,720575940628321788,27001
720575941631357883,720575940623351432,165331
720575941506514853,720575940629161034,814788
720575941691148763,720575940627853449,30527
720575941435525664,720575940638719104,72430
720575941441500351,720575940624584375,135767
720575941555602433,720575940632574751,173035
720575941426888276,720575940625031431,107287
720575941403959920,720575940644438039,168786
720575941640054815,720575940632791087,108476
720575941690148315,720575940628574423,184913
720575941681638845,720575940631346892,115218
720575941427980116,720575940623347020,41519
720575941667729651,720575940627862549,26664
720575941555731108,720575940632406802,73980
720575941534832394,720575940620077990,169455
720575941610867177,720575940618481733,112563
720575941617325695,720575940627532104,802482
720575941435235872,720575940628285160,909051
720575941526434726,720575940617737245,534563
720575941506639781,720575940640735440,40494
720575941439796959,720575940625419412,130897
720575941430266505,720575940625088184,550264
720575941507213150,720575940617639057,64358
720575941431379887,720575940615202134,543072
720575941400480803,720575940603082720,89871
720575941654022673,720575940626733093,59584
720575941484541250,720575940635491576,46496
720575941610771018,720575940630457303,41816
720575941596975004,720575940609341141,102225
720575941432264289,720575940633337645,64423
720575941506658398,720575940620011502,87532
720575941537251048,720575940651207414,75798
720575941658288976,720575940624247479,163800
720575941549644606,720575940633884333,18370
720575941500660363,720575940620440559,95018
720575941537520872,720575940626666877,29090
720575941477268074,720575940636370287,134772
720575941608970217,720575940639640483,803229
720575941576410806,720575940630545483,48413
720575941505568535,720575940638353523,112776
720575941545100476,720575940626457444,521231
720575941483947773,720575940610113348,68836
720575941611356902,720575940625304584,14980
720575941686808950,720575940620436033,545036
720575941623183612,720575940630318951,813263
720575941480482784,720575940627932303,71524
720575941686725388,720575940640409203,518465
720575941504665282,720575940636073567,812993
720575941589569022,720575940627215753,813740
720575941438034962,720575940617716770,91703
720575941526603266,720575940624508147,808705
720575941628455737,720575940615812281,125065
720575941512474577,720575940621243672,72311
720575941582282873,720575940635242906,100812
720575941578469201,720575940623057386,60311
720575941486484486,720575940626723074,524779
720575941532900586,720575940624465900,817826
720575941525195289,720575940611608946,154281
720575941594694870,720575940610717077,68767
720575941569210874,720575940634040312,520546
720575941572415646,720575940624288520,47720
720575941392478468,720575940620297819,147248
720575941500172962,720575940630697078,24462
720575941548171325,720575940612048114,119370
720575941496941025,720575940607421897,74685
720575941595375318,720575940633302809,60925
720575941524368409,720575940625120444,48563
720575941403445616,720575940611049314,120770012
720575941475496753,720575940625956083,120503
720575941457023213,720575940648420996,17932
720575941477632052,720575940632133707,24304
720575941601976310,720575940624140732,198137
720575941502840258,720575940642975524,76170
720575941450263645,720575940612563379,129167
720575941561966226,720575940653342966,58777
720575941632639685,720575940612383082,575294
720575941517867480,720575940635858544,107244
720575941465047638,720575940609533394,39477
720575941536349155,720575940624428522,110268
720575941525725954,720575940616446770,816627
720575941595530865,720575940621367472,170479
720575941545888617,720575940620980907,97466
720575941569567482,720575940624571912,76964
720575941518954094,720575940632880796,532172
720575941526205005,720575940620314864,67159
720575941593297704,720575940626628400,800918
720575941535800810,720575940621596587,519312
720575941484275853,720575940621256539,16457
720575941489087541,720575940622620296,120275
720575941521156787,720575940626694163,127400
720575941581820537,720575940635626488,805548
720575941477350196,720575940619776495,86901
720575941413438356,720575940614919878,534177
720575941591404798,720575940612966290,30494
720575941515666243,720575940637487037,146536
720575941550191677,720575940634148833,810852
720575941546572377,720575940625029134,121846
720575941478570831,720575940644075168,131839
720575941453161267,720575940634726648,63186
720575941644063864,720575940615090079,47522
720575941464239629,720575940627423869,99685
720575941586897374,720575940614582481,566993
720575941610309478,720575940626415319,138895
720575941670286001,720575940633965026,98421
720575941510080528,720575940623001894,74180
720575941588964676,720575940623110426,106213
720575941463149712,720575940620321825,92413
720575941652248593,720575940626505349,32482
720575941532998019,720575940629626473,189153
720575941449207374,720575940654241441,562288
720575941427967572,720575940626516252,124672
720575941478003521,720575940608013148,514308
720575941453003847,720575940623903752,151088
720575941440440271,720575940617904614,219641
720575941476187969,720575940619361520,515628
720575941537159395,720575940655685281,803567
720575941659245904,720575940640888408,10249
720575941536489498,720575940628195015,535714
720575941455038515,720575940605810464,41646
720575941449922894,720575940617973021,816859
720575941456852208,720575940611863219,70637
720575941438784274,720575940623411277,93307
720575941548947316,720575940648103556,28906
720575941459759812,720575940631567160,167213
720575941471851072,720575940614682274,910313
720575941611464294,720575940621020993,68534
720575941587073246,720575940618051329,21813
720575941590892030,720575940622754217,47483
720575941497055104,720575940636860783,120480
720575941558622244,720575940632612044,113539
720575941437906261,720575940625711152,190909
720575941564456704,720575940631115794,59143
720575941569320562,720575940624406199,114221
720575941574391478,720575940634088334,57652
720575941489058761,720575940605029088,79028
720575941685711116,720575940634522719,527587
720575941571982152,720575940621891238,63595
720575941655682516,720575940634533751,63013
720575941476769841,720575940608756747,52405
720575941506933061,720575940633695736,54946
720575941609585129,720575940628070421,24210
720575941438494549,720575940618159833,85516
720575941507354181,720575940632292882,91491
720575941499352393,720575940624003592,154556
720575941473310267,720575940624421834,116780
720575941506261538,720575940622168052,518090
720575941547023804,720575940622213289,518081
720575941528723844,720575940625286408,88807
720575941525765030,720575940634093337,29506
720575941542103325,720575940631686796,102958
720575941589078084,720575940640491352,130322
720575941507420485,720575940621330598,809319
720575941598951721,720575940616329266,37429
720575941481070466,720575940635109984,126297
720575941524787481,720575940606559590,515503
720575941625693548,720575940633869281,205888
720575941573204893,720575940626650826,155000
720575941511984972,720575940635717567,554482
720575941547004265,720575940625097274,54379
720575941632286880,720575940622434124,55907
720575941534293258,720575940643029960,545842
720575941458666707,720575940614778023,83644
720575941612456365,720575940630330368,66204
720575941567818866,720575940627709672,40096
720575941460561478,720575940620441876,197507
720575941533032536,720575940629991874,563585
720575941557207076,720575940613243807,190847
720575941555638180,720575940627160143,63898
720575941528249732,720575940635337071,95519
720575941668859123,720575940620697691,162577
720575941486388877,720575940647834676,524598
720575941478028097,720575940622438988,85337
720575941554000667,720575940630703647,101397
720575941563570176,720575940630956601,60314
720575941596757148,720575940612731315,92956
720575941476668468,720575940619294964,907796
720575941404911472,720575940620408353,562916
720575941483598333,720575940624282406,542877
720575941437602367,720575940628376679,123441
720575941555528961,720575940619070465,521558
720575941486581510,720575940627874503,145734
720575941569204474,720575940623048993,217643
720575941459284464,720575940625759821,25546
720575941480628704,720575940619813534,519179
720575941451642025,720575940630958140,127644
720575941534806872,720575940643289997,179427
720575941524859723,720575940619296379,207637
720575941609584742,720575940605476994,110085
720575941440787803,720575940626962874,134946
720575941500126603,720575940613330858,192631
720575941572935945,720575940638965155,36427
720575941575819880,720575940628270056,42077
720575941630306284,720575940652104694,94477
720575941440411071,720575940616910882,54669
720575941574897565,720575940623187594,162408
720575941614129171,720575940636288887,43487
720575941461809107,720575940634210841,214086
720575941723651386,720575940637587557,40864
720575941615814101,720575940622620599,121357
720575941489407692,720575940631182892,806795
720575941483143933,720575940632356423,51920
720575941497238241,720575940624719084,66038
720575941532410243,720575940632364074,543288
720575941545050548,720575940632495585,103523
720575941651625233,720575940626002108,205626
720575941598813340,720575940636147380,126679
720575941393017750,720575940614700083,154174
720575941661581948,720575940628669289,84198
720575941439176236,720575940631829010,806597
720575941526290201,720575940631937807,546179
720575941499334985,720575940626179216,525839
720575941502555787,720575940608695817,534774
720575941567162868,720575940605298121,154858
720575941505834556,720575940605853617,55332
720575941500608651,720575940614218221,86836
720575941439711835,720575940621954081,117981
720575941439674943,720575940622300429,37531
720575941478713962,720575940614693551,25480
720575941558664975,720575940620341185,40970
720575941460213830,720575940625517548,530664
720575941490992693,720575940622498676,79728
720575941482212538,720575940638909091,44320
720575941732791851,720575940628292168,73872
720575941517052588,720575940628714005,119617
720575941552056638,720575940632731935,74564
720575941507121502,720575940632579641,536517
720575941466120470,720575940641972384,42833
720575941578008409,720575940639704960,44885
720575941525067010,720575940634424857,44342
720575941617854421,720575940626148520,66407
720575941548851060,720575940616629179,169995
720575941546793608,720575940631336953,68557
720575941571842718,720575940626715164,222690
720575941473432362,720575940610968838,76065
720575941577815889,720575940624595893,72033
720575941590752652,720575940621433734,208921
720575941484072189,720575940621828080,132614
720575941518932184,720575940630246364,35214
720575941451324073,720575940634724759,115131
720575941352668208,720575940640432848,31961
720575941611499594,720575940629393307,550809
720575941573480520,720575940618426717,41054
720575941549128481,720575940637483661,27955
720575941581920121,720575940611274725,21682
720575941440092383,720575940616536669,61587
720575941474414176,720575940638467200,155111
720575941611184105,720575940614660829,37744
720575941480550368,720575940619989383,124148
720575941556001956,720575940604704940,23915
720575941475755067,720575940633724243,76016
720575941538589901,720575940613881775,63418
720575941468103958,720575940604099006,116609
720575941521469111,720575940616110815,76024
720575941353450800,720575940620731608,546117
720575941413157847,720575940615171178,517119
720575941431332344,720575940623620863,38392
720575941437915359,720575940617769105,107833
720575941548092808,720575940622126657,812135
720575941529967032,720575940619164788,82320
720575941669892273,720575940632118585,79908
720575941554996481,720575940632746296,133660
720575941632717292,720575940633145183,84078
720575941575867062,720575940653499638,108399
720575941732800299,720575940624301311,22899
720575941515764627,720575940617312729,107535
720575941457365485,720575940624387978,35906
720575941504235095,720575940639245117,225781
720575941592665895,720575940631724099,117731
720575941723663418,720575940627148872,27512
720575941555921572,720575940626209082,192791
720575941645432440,720575940648297860,40363
720575941659300888,720575940628323322,62734
720575941550490996,720575940625295874,143060
720575941599367360,720575940645002276,518094
720575941626505354,720575940621281729,80143
720575941478074592,720575940627022467,146588
720575941607928173,720575940632122443,40320
720575941480812879,720575940626880527,44147
720575941517002924,720575940603366112,52198
720575941393815702,720575940623670724,561708
720575941568187694,720575940624470372,527669
720575941534450098,720575940618867357,81183
720575941574569910,720575940655188129,151520
720575941539769725,720575940632633548,807599
720575941516108803,720575940625802279,83558
720575941435108640,720575940642398965,69802
720575941470823031,720575940635192727,115941
720575941563890998,720575940615785834,139382
720575941428428681,720575940628477801,169594
720575941474102570,720575940624782316,546536
720575941570584478,720575940619144987,75579
720575941518255532,720575940630250139,192325
720575941505941633,720575940629505521,80634
720575941509737682,720575940624662798,92324
720575941687752972,720575940625821017,46669
720575941690594267,720575940618414795,817825
720575941543118877,720575940612652723,67691
720575941504569925,720575940622139613,24065
720575941477845569,720575940622006337,811968
720575941584670303,720575940605332070,106381
720575941510261008,720575940620422932,51993
720575941622771964,720575940626950602,33379
720575941533895256,720575940620555781,111398
720575941642337618,720575940645105187,140519
720575941501714370,720575940624765769,47093
720575941631508677,720575940628959685,583028
720575941515909379,720575940612131759,27816
720575941626231178,720575940631367375,100693
720575941642950776,720575940623452651,130673
720575941596803973,720575940629614143,76547
720575941626040731,720575940623747819,520491
720575941611505766,720575940623551565,135540
720575941576932456,720575940606297777,62155
720575941568532014,720575940622712188,822184
720575941554442980,720575940625581133,40702
720575941431140311,720575940624775170,811277
720575941477792564,720575940625478296,39984
720575941535614913,720575940635848696,28863
720575941570644126,720575940633142682,146580
720575941614376211,720575940613886687,107500
720575941545533320,720575940650674297,41910
720575941400401443,720575940629277289,175859
720575941465761558,720575940611895449,23950
720575941614922905,720575940625347220,47876
720575941459431494,720575940622967944,524726
720575941520941491,720575940624081131,33336
720575941505019973,720575940611356083,78969
720575941515660281,720575940610776433,148107
720575941483009722,720575940630557433,810966
720575941662582840,720575940618175266,205625
720575941627906598,720575940624382442,55839
720575941534188632,720575940642668960,813026
720575941435827488,720575940632874892,545208
720575941461800336,720575940609565230,79976
720575941690830555,720575940623833068,79313
720575941517393555,720575940636095851,819500
720575941662899068,720575940639999989,153053
720575941588502852,720575940638694307,542982
720575941668806131,720575940624896148,110136
720575941461909715,720575940615110450,100814
720575941412232815,720575940612278501,148305
720575941450007221,720575940609759171,133259
720575941540598397,720575940624148883,99875
720575941400022819,720575940642374285,74260
720575941520917427,720575940615900731,117563
720575941611105254,720575940627464067,15406
720575941507926818,720575940625204226,94593
720575941553583844,720575940627221562,69803
720575941644537464,720575940625714215,165466
720575941573011870,720575940608440841,155257
720575941644610424,720575940611526776,519836
720575941450092922,720575940625151928,133120
720575941516287075,720575940631836431,522890
720575941414862737,720575940638013274,47544
720575941460597062,720575940643450784,102066
720575941701251546,720575940616727782,111691
720575941487069702,720575940630348599,525198
720575941679731133,720575940606290121,81067
720575941567585274,720575940635088564,83718
720575941614115737,720575940622575103,514839
720575941562269696,720575940606499872,810153
720575941475478065,720575940624319467,60312
720575941653816849,720575940644754592,40867
720575941628304166,720575940638813016,109246
720575941391679236,720575940631102428,513616
720575941603119294,720575940645110551,218584
720575941572242171,720575940607891401,70316
720575941475381297,720575940620047124,46996
720575941624003324,720575940622132872,69865
720575941482584774,720575940638053744,159805
720575941444967338,720575940618241620,63603
720575941506513468,720575940624854319,184600
720575941594725413,720575940623104973,149058
720575941477813098,720575940636565872,153510
720575941643547297,720575940609019913,84127
720575941508695568,720575940628580849,81656
720575941624358794,720575940617011741,126564
720575941652028945,720575940640102771,530606
720575941483124410,720575940624909575,87768
720575941516093945,720575940623276938,61628
720575941596294769,720575940622617748,163411
720575941499193161,720575940631527588,534524
720575941454671923,720575940619013686,562531
720575941475396155,720575940624473575,140524
720575941554801409,720575940629493366,74754
720575941537925106,720575940620540329,59744
720575941508309282,720575940612228630,62310
720575941481569615,720575940616712053,102919
720575941434092430,720575940626580794,809095
720575941468264214,720575940635793306,520880
720575941515458297,720575940625181031,903121
720575941574560669,720575940659001473,112231
720575941455704301,720575940631202092,162170
720575941452945577,720575940635934143,165851
720575941643596626,720575940618225236,23065
720575941562586280,720575940628712936,113676
720575941429439959,720575940616180881,161846
720575941553326081,720575940632087875,62618
720575941497226624,720575940630239614,561081
720575941564525319,720575940621351151,150059
720575941449002933,720575940637990768,41514
720575941514026705,720575940616967129,512155
720575941504619173,720575940618866311,189275
720575941520755127,720575940613906147,196833
720575941509418512,720575940628279804,814354
720575941546687164,720575940634905751,61747
720575941505719390,720575940642212552,520284
720575941575701903,720575940609892818,44785
720575941632488864,720575940626150462,57411
720575941519415980,720575940606140337,137697
720575941585584606,720575940617510329,806604
720575941687136012,720575940643561582,113130
720575941565422999,720575940623137891,815795
720575941574040329,720575940633760173,145676
720575941461674963,720575940620971502,16786
720575941431277304,720575940633170572,98687
720575941451950505,720575940634601367,58258
720575941588393540,720575940617796923,50013
720575941657419088,720575940634040244,106844
720575941519132632,720575940639846784,41402
720575941547770548,720575940619771441,40277
720575941637463669,720575940621585286,514754
720575941479721635,720575940655292321,102311
720575941480502691,720575940610693546,96602
720575941566158134,720575940613170034,55530
720575941593976945,720575940613406114,167521
720575941552566663,720575940614985256,93780
720575941453186887,720575940638516457,512971
720575941700434394,720575940625370697,152365
720575941481402787,720575940623562423,542875
720575941446801333,720575940616780372,45396
720575941560498959,720575940622562636,518224
720575941592568869,720575940631777603,152320
720575941550067773,720575940632969799,126261
720575941484800322,720575940616854299,94745
720575941571757640,720575940619200670,577526
720575941610231626,720575940632415116,102230
720575941555860307,720575940620123771,32301
720575941517389272,720575940619200960,125186
720575941643097976,720575940625048201,108394
720575941723036474,720575940617573718,557364
720575941669662887,720575940627043898,810116
720575941483854845,720575940620780934,95672
720575941479635619,720575940627781272,122348
720575941471395703,720575940616273947,535222
720575941480585346,720575940639413749,547568
720575941596636864,720575940626671626,120982
720575941434301326,720575940641551349,560686
720575941436516882,720575940620062855,124402
720575941686431500,720575940626566940,83741
720575941470721035,720575940616928059,45157
720575941507068766,720575940633907854,148760
720575941625124554,720575940623175438,113067
720575941540543437,720575940625107504,78776
720575941557512307,720575940611645134,801326
720575941533531402,720575940618006246,536622
720575941538493309,720575940623183763,39890
720575941553775002,720575940612962197,913318
720575941546620092,720575940652927990,802777
720575941409161131,720575940624496019,93372
720575941535850266,720575940613085337,933202
720575941576222824,720575940624858375,59353
720575941467160086,720575940640486205,94660
720575941625715052,720575940613897074,15338
720575941468249366,720575940636501615,520692
720575941462142608,720575940624866452,537953
720575941538325397,720575940635348331,25277
720575941651817745,720575940631271564,41292
720575941578484817,720575940623244691,91880
720575941556950180,720575940620983637,39328
720575941451820410,720575940626622922,534905
720575941591691916,720575940631423941,136343
720575941513159377,720575940610829870,82483
720575941530286565,720575940605914470,81222
720575941625423771,720575940640548925,100326
720575941662987832,720575940624370116,93515
720575941508354770,720575940608562187,66266
720575941574672891,720575940616231986,154349
720575941479532162,720575940630870134,520504
720575941552990270,720575940625907726,539886
720575941484721474,720575940632537681,47026
720575941567187962,720575940629492011,141993
720575941457008365,720575940624815623,10279
720575941579146741,720575940620246036,163950
720575941563901184,720575940637030007,92239
720575941459936070,720575940624169769,47754
720575941631538619,720575940606102473,580492
720575941478478927,720575940612420783,803612
720575941645850312,720575940627699712,62326
720575941686403190,720575940626930206,237565
720575941486980560,720575940608626697,533067
720575941574455560,720575940643893192,51678
720575941624198555,720575940624919994,91754
720575941540141597,720575940624319723,84767
720575941530954955,720575940639844925,75282
720575941505033010,720575940619964655,162106
720575941574667190,720575940613788859,42363
720575941598911644,720575940626375164,114083
720575941668012465,720575940608153436,116618
720575941402944368,720575940644033646,118253
720575941472167232,720575940629504630,124877
720575941573950472,720575940647948852,944839
720575941553131655,720575940621958655,26801
720575941595839345,720575940626920036,138599
720575941610743725,720575940632696899,175425
720575941544481285,720575940613751186,125331
720575941461116941,720575940635172287,96651
720575941687349878,720575940607910980,56768
720575941655172052,720575940625276860,46041
720575941573561595,720575940616303680,56766
720575941574687592,720575940633915309,91645
720575941491455438,720575940613157299,185439
720575941566617134,720575940631420012,57791
720575941554144410,720575940607854549,44672
720575941569164402,720575940606038729,52446
720575941640929311,720575940602974688,13848
720575941512600140,720575940624275785,133187
720575941483686330,720575940638132814,43147
720575941614393107,720575940609347682,146510
720575941524153675,720575940628467561,47258
720575941606282605,720575940629478956,46114
720575941533802266,720575940624268725,105236
720575941628730082,720575940627229758,154209
720575941525556068,720575940628123880,91933
720575941478625760,720575940626043180,76534
720575941538651634,720575940621741094,97095
720575941584695430,720575940639382131,87252
720575941480376739,720575940620635668,546960
720575941503590706,720575940613160946,102359
720575941653478868,720575940638606046,91616
720575941624545691,720575940646938403,535216
720575941669659047,720575940627838333,89124
720575941448311374,720575940627091146,542494
720575941446265876,720575940628148712,180517
720575941518538156,720575940617229691,77406
720575941628862434,720575940628081482,67243
720575941548522813,720575940627753810,60785
720575941526934093,720575940618672286,537727
720575941514629267,720575940612338674,84426
720575941505801276,720575940638140506,115308
720575941631194053,720575940613534066,19085
720575941550747391,720575940625337933,49405
720575941502338443,720575940631259351,516637
720575941610962762,720575940623214474,60987
720575941633298629,720575940624794826,50727
720575941596133824,720575940633371417,31396
720575941520139703,720575940614864095,552775
720575941579160953,720575940626437148,62498
720575941490742734,720575940622039261,142915
720575941544435388,720575940625584627,178022
720575941431763415,720575940646084740,100919
720575941540991181,720575940629029904,22201
720575941593521366,720575940627402568,125828
720575941460435667,720575940640195773,525288
720575941553480583,720575940611860121,82820
720575941471325280,720575940619105438,803904
720575941534336600,720575940635616619,129676
720575941690621147,720575940630424438,30793
720575941519884248,720575940630374876,49553
720575941544706996,720575940639124533,513870
720575941603690937,720575940604489649,808656
720575941438719967,720575940650668153,536653
720575941631044834,720575940616116054,119276
720575941526487140,720575940629121798,32002
720575941528417464,720575940620007559,85924
720575941491074252,720575940630962280,21395
720575941488400336,720575940631381575,83400
720575941409214123,720575940609608201,156694
720575941495468158,720575940616058124,166905
720575941565774434,720575940612650213,46078
720575941391531670,720575940608863241,524437
720575941479459235,720575940629037867,55405
720575941440213695,720575940630601466,22171
720575941604501182,720575940615155507,69274
720575941573599995,720575940605739721,46919
720575941486997510,720575940622317238,128547
720575941542625628,720575940609368132,162909
720575941460268614,720575940620902992,113146
720575941557275812,720575940606986691,15875
720575941669817009,720575940629997765,64484
720575941508498192,720575940615577567,118579
720575941431953422,720575940618433373,71321
720575941643621202,720575940637667443,808582
720575941440931157,720575940628983887,73927
720575941468221149,720575940611496750,193549
720575941411949679,720575940638333759,182601
720575941453507241,720575940623715818,75893
720575941596243333,720575940627043859,113336
720575941680741053,720575940620883403,524993
720575941444074922,720575940614051821,123584
720575941626144202,720575940624245436,20912
720575941645512824,720575940621636084,517304
720575941478888810,720575940615290434,131573
720575941531038667,720575940630899244,46679
720575941615485593,720575940628902396,169529
720575941550849598,720575940629900918,77487
720575941572403963,720575940605240544,86319
720575941407051182,720575940616076098,87706
720575941551319358,720575940622766113,196837
720575941506937890,720575940631709921,160812
720575941535774913,720575940628687100,74279
720575941544581481,720575940627982152,34955
720575941655645401,720575940620872225,35593
720575941453215559,720575940612996501,88529
720575941537076456,720575940604880864,57795
720575941504432834,720575940607734194,98116
720575941475798634,720575940620901712,85549
720575941536313281,720575940634577433,76079
720575941527720068,720575940628315925,122391
720575941703571418,720575940633537235,34018
720575941438244908,720575940609366467,142052
720575941534258008,720575940622581395,84606
720575941645024888,720575940608601865,11190
720575941527379737,720575940608578396,569063
720575941645284216,720575940627256339,33179
720575941515790841,720575940610086264,88262
720575941602066678,720575940628923652,815660
720575941480641615,720575940620792559,86565
720575941657334608,720575940617529049,125888
720575941402359331,720575940614959102,144979
720575941491620839,720575940636887141,81930
720575941685830895,720575940605321760,66768
720575941605354430,720575940635172191,35481
720575941448673117,720575940623456949,18186
720575941516464889,720575940624180479,558114
720575941645039777,720575940622774535,94555
720575941641102367,720575940617710521,158296
720575941500129931,720575940617081468,77603
720575941652797425,720575940630454339,74363
720575941469340939,720575940616848192,1054369160
720575941546280636,720575940614830888,529471
720575941391151108,720575940614856607,87613
720575941438128940,720575940623015245,44730
720575941521314227,720575940609041931,803024
720575941447888916,720575940634187219,323901
720575941506473797,720575940627953950,71648
720575941435858574,720575940628729722,163014
720575941538268392,720575940631619944,19113
720575941450445646,720575940644368032,101267
720575941609397322,720575940612451223,202140
720575941504919346,720575940632254545,45418
720575941409884331,720575940647383604,911945
720575941538343829,720575940640970997,152744
720575941506003735,720575940611607779,49204
720575941599372480,720575940635727199,106565
720575941625785755,720575940618292416,153772
720575941622455036,720575940618062882,64869
720575941606849389,720575940610680274,570380
720575941565789847,720575940617460573,94646
720575941565939815,720575940621648880,80255
720575941496879177,720575940618671343,70955
720575941574959517,720575940626611642,129488
720575941566275374,720575940630205143,68953
720575941663705468,720575940632870796,130475
720575941516429715,720575940625609482,75820
720575941535080897,720575940621851235,151525
720575941613632921,720575940622325386,910615
720575941560716403,720575940633012767,815759
720575941562633896,720575940628236175,99038
720575941550187263,720575940627919121,143766
720575941469208183,720575940619215936,134558
720575941527173732,720575940624431288,27048
720575941569814010,720575940627213826,84677
720575941536142858,720575940621804577,75515
720575941526378340,720575940626484026,52057
720575941626336313,720575940607283804,805426
720575941488390352,720575940644127392,95173
720575941430547887,720575940619171633,132818
720575941463115533,720575940624653291,25747
720575941653190161,720575940618590923,142431
720575941560165747,720575940608002738,805419
720575941578527065,720575940614871106,39739
720575941563578024,720575940617446971,544161
720575941595289713,720575940628926467,102451
720575941409350827,720575940612882669,55326
720575941623804924,720575940633680098,121664
720575941480333954,720575940629154092,539060
720575941582702431,720575940621492912,74490
720575941538095336,720575940623426952,66201
720575941565354247,720575940633351322,181785
720575941630453218,720575940624133306,93688
720575941587319108,720575940626938755,91254
720575941592136811,720575940625119671,125936
720575941517885806,720575940617442022,70710
720575941523307767,720575940620750463,87859
720575941478036586,720575940621546688,65089
720575941506665250,720575940631959777,95990
720575941552542209,720575940616604817,34408
720575941656782104,720575940627442707,72873
720575941564841216,720575940627482639,96224
720575941440616795,720575940614975967,60127
720575941524649035,720575940614402513,98717
720575941482009786,720575940639208932,121304
720575941536262666,720575940625160548,115811
720575941632660128,720575940635625652,29594
720575941438715615,720575940639771453,304735
720575941687930351,720575940636356678,178071
720575941499483531,720575940616386850,45211
720575941586241670,720575940643301261,81593
720575941653031129,720575940631675693,55213
720575941554990931,720575940627088539,48605
720575941414258065,720575940619930929,215450
720575941516003075,720575940620922533,46845
720575941669803953,720575940615097490,105374
720575941463018384,720575940625935036,76502
720575941651852017,720575940615047786,534477
720575941529322628,720575940609428597,169800
720575941529713848,720575940631855045,803577
720575941613669529,720575940626854288,49108
720575941510656466,720575940632264775,85737
720575941625729435,720575940614461137,64734
720575941439083983,720575940626127504,162725
720575941508111489,720575940620356998,75733
720575941570676552,720575940612733346,27373
720575941510974930,720575940619465270,516369
720575941526819097,720575940637971790,19194
720575941481741754,720575940617474933,534152
720575941535457256,720575940617077405,814340
720575941435728928,720575940619838518,138443
720575941498572923,720575940619767899,147221
720575941655074521,720575940624291464,127221
720575941543315997,720575940628918020,240672
720575941549911613,720575940625235033,48575
720575941503828311,720575940624769609,24382
720575941628414777,720575940605730918,124044
720575941579775313,720575940635699863,196371
720575941624212988,720575940636695438,102047
720575941490002380,720575940639608947,55202
720575941538876565,720575940612663722,533225
720575941589169732,720575940626038416,55774
720575941515602067,720575940628503555,119193
720575941469254519,720575940618997150,521491
720575941518775724,720575940619949556,807934
720575941544841188,720575940628095560,89152
720575941598570537,720575940609583113,808100
720575941412567956,720575940626190504,113821
720575941565026146,720575940625199900,71677
720575941633436064,720575940644444104,51473
720575941610624233,720575940638585149,88531
720575941517801944,720575940618468582,548202
720575941515920730,720575940620181584,514099
720575941548223112,720575940630927222,74220
720575941593250155,720575940627024677,39440
720575941595505189,720575940627855620,87300
720575941490935753,720575940614155729,114413
720575941604058041,720575940627273487,37818
720575941632898720,720575940626603408,26406
720575941559965199,720575940619651019,814381
720575941470183389,720575940621726698,33599
720575941564633239,720575940640422016,575752
720575941588070468,720575940629300736,32313
720575941575594678,720575940636691519,815714
720575941547853192,720575940629610967,51885
720575941566635318,720575940619188603,79725
720575941478683555,720575940645002519,13990
720575941461382852,720575940620754089,808417
720575941432643598,720575940614394577,127402
720575941613373148,720575940629539383,520600
720575941575115663,720575940632161311,533810
720575941568423282,720575940642228384,158610
720575941552088638,720575940633326244,75400
720575941484066557,720575940618870113,812771
720575941628366649,720575940624776892,816608
720575941392613380,720575940631481645,500278
720575941497101696,720575940636575333,110421
720575941498493819,720575940630366684,205466
720575941576785768,720575940611783464,51912
720575941534713281,720575940624266131,98196
720575941516259171,720575940606013356,187407
720575941532507480,720575940620156795,515440
720575941412673428,720575940623451272,106959
720575941427354708,720575940633518381,223077
720575941589704844,720575940636471220,70502
720575941503855851,720575940625190636,104484
720575941434870560,720575940631222223,49133
720575941548359304,720575940605927042,90172
720575941491126222,720575940619455448,519635
720575941565124918,720575940645302382,807928
720575941548144673,720575940620515499,147530
720575941352751920,720575940618853547,23974
720575941514100058,720575940641396078,816664
720575941501933655,720575940618192989,519349
720575941516941740,720575940619044097,21166
720575941426823764,720575940618767700,61679
720575941626772006,720575940629965708,70985
720575941502275159,720575940630198083,56959
720575941442003151,720575940626692039,88808
720575941514062426,720575940641608181,165007
720575941564237719,720575940612499222,46859
720575941461729476,720575940626156365,41342
720575941457350982,720575940640632016,28055
720575941540522332,720575940629573647,163862
720575941431435951,720575940635355804,14709
720575941599366336,720575940652538358,21381
720575941400420899,720575940622283204,813743
720575941488918729,720575940614036452,130462
720575941564136246,720575940624243639,48834
720575941452953159,720575940618810708,93240
720575941490973644,720575940627061690,197071
720575941414451604,720575940636377780,538092
720575941438942671,720575940625157780,141773
720575941549593149,720575940615731359,140297
720575941580208465,720575940625996019,111719
720575941557280420,720575940629077578,79582
720575941545999540,720575940632012243,103893
720575941516265571,720575940635853796,532765
720575941438892351,720575940616074346,75180
720575941539748733,720575940625082953,105128
720575941455210291,720575940623931115,529704
720575941537732989,720575940619470939,12624
720575941520405175,720575940614527185,547904
720575941586901316,720575940617500884,821905
720575941507344709,720575940617915019,99453
720575941505068311,720575940611446425,128143
720575941643540069,720575940633685459,811616
720575941663195772,720575940628607335,112156
720575941505104178,720575940648146820,531627
720575941538014194,720575940613131890,130680
720575941504393266,720575940631485814,24709
720575941545489413,720575940639091645,178426
720575941477758058,720575940613599658,58041
720575941457411056,720575940607228629,132293
720575941439947867,720575940607755721,138847
720575941462555917,720575940618370171,158383
720575941546993769,720575940629907459,85430
720575941504929330,720575940647329827,139769
720575941564539234,720575940632487588,276378
720575941479632864,720575940624232339,58689
720575941495366270,720575940647634052,123908
720575941439995071,720575940629187825,35061
720575941564475239,720575940616327636,54324
720575941662985528,720575940648980857,27079
720575941555947428,720575940606761918,162895
720575941510005520,720575940620200212,69645
720575941658919760,720575940622110332,152535
720575941506868097,720575940635879604,122816
720575941584513926,720575940611396266,534637
720575941661836668,720575940627284666,46446
720575941468734685,720575940610888198,138679
720575941498702459,720575940619259456,114942
720575941592550952,720575940613113154,35166
720575941639876127,720575940633353407,550243
720575941560719731,720575940630738117,100987
720575941537695208,720575940637951814,300401
720575941557813107,720575940629564794,154030
720575941584927839,720575940609967940,550733
720575941585476742,720575940638858549,809264
720575941474458142,720575940632704941,66976
720575941485604493,720575940635164011,46438
720575941561422248,720575940640230259,120253
720575941429538007,720575940605706784,18105
720575941504491458,720575940642436256,809597
720575941666332659,720575940612922163,542359
720575941497094881,720575940631532396,131636
720575941732185643,720575940613118610,518131
720575941504878245,720575940627554604,58817
720575941577715701,720575940644651208,124589
720575941438988818,720575940633012620,92034
720575941501701259,720575940651272950,146809
720575941610761574,720575940622917876,18009
720575941525735938,720575940631136274,210166
720575941633522629,720575940620848086,44924
720575941431407575,720575940635539448,30525
720575941512553292,720575940614570146,809036
720575941512665041,720575940626952325,64562
720575941513379907,720575940620932262,545989
720575941492002023,720575940639109353,198198
720575941519001772,720575940628465452,57180
720575941414039700,720575940621545819,92611
720575941534621194,720575940652902646,527209
720575941413951260,720575940630789071,25027
720575941649201685,720575940628469322,560599
720575941391550358,720575940626376036,62775
720575941681483197,720575940612625381,83506
720575941614224915,720575940625532348,129074
720575941498788258,720575940621396115,105346
720575941532856293,720575940603498869,42295
720575941630393580,720575940635149919,60021
720575941614316819,720575940621139365,61910
720575941519916910,720575940603507372,87083
720575941558847780,720575940629383067,20704
720575941550183935,720575940626321701,114815
720575941559798387,720575940629086507,144697
720575941451014478,720575940617200601,119574
720575941604428534,720575940630775801,76947
720575941477435185,720575940635207580,96658
720575941563967847,720575940615827778,902404
720575941553291777,720575940645634852,32458
720575941603997374,720575940634006355,907779
720575941572783688,720575940618568502,63912
720575941534462954,720575940604427232,164923
720575941537635555,720575940659400577,902310
720575941456931821,720575940630659446,73514
720575941469762679,720575940611550328,29782
720575941565856919,720575940629174743,17489
720575941521662135,720575940615279266,166990
720575941658609744,720575940611971058,60760
720575941721485114,720575940609006857,97958
720575941438910764,720575940620895726,80335
720575941554469092,720575940615655730,106680
720575941439565887,720575940606742658,805475
720575941590723724,720575940625101668,213650853
720575941549963892,720575940622974302,273453
720575941406954414,720575940639421117,165028
720575941415013524,720575940627337758,543794
720575941477453418,720575940623960245,79460
720575941522436427,720575940638490714,95737
720575941657630032,720575940632853843,77771
720575941445096362,720575940651195638,40408
720575941412432529,720575940645927812,75895
720575941649741809,720575940610124202,43228
720575941596391836,720575940613656557,99909
720575941429175800,720575940631086151,205670
720575941610375014,720575940632326456,55562
720575941491452876,720575940629445419,55582
720575941526303746,720575940625315120,143507
720575941402384675,720575940628949839,45609
720575941460075078,720575940622040447,98796
720575941430047369,720575940627932693,100472
720575941466651478,720575940642058400,55079
720575941574842781,720575940619619195,129316
720575941490760905,720575940628473084,62732
720575941457351920,720575940635989439,66481
720575941502937323,720575940631501708,538118
720575941521276087,720575940628930407,43997
720575941535118307,720575940624168741,48009
720575941545329157,720575940622610183,88678
720575941435699744,720575940610918754,153428
720575941550175092,720575940615466333,801889
720575941535679410,720575940622396193,61638
720575941573563145,720575940622780118,60076
720575941477579806,720575940629155783,811220
720575941516768472,720575940627068549,518922
720575941565277031,720575940634221920,91128
720575941558054671,720575940606586982,41267
720575941401511715,720575940634104019,119332
720575941548792125,720575940632227501,70191
720575941491470284,720575940621359092,909325
720575941431550712,720575940607905547,157772
720575941565217943,720575940618970113,133219
720575941430781103,720575940622754473,172844
720575941412311663,720575940627112492,70045
720575941488386512,720575940623580563,581442
720575941495072638,720575940625914928,161021
720575941463750413,720575940619433236,50417
720575941444576695,720575940612885674,66436
720575941576109672,720575940637120613,150464
720575941576684470,720575940615023535,82882
720575941469871581,720575940639683261,133154
720575941446240020,720575940617184315,117518
720575941525861030,720575940621915558,86651
720575941564746343,720575940619972446,224007
720575941655440857,720575940615223347,105868
720575941513954563,720575940627698506,44913
720575941601201449,720575940630853663,19384
720575941486311746,720575940605103806,532275
720575941580249077,720575940655307425,106221
720575941590264375,720575940617838310,167248
720575941604957630,720575940639923261,128533
720575941478732451,720575940614574860,165192
720575941645720264,720575940629464817,113348
720575941599982889,720575940617517622,514682
720575941431395854,720575940632989741,126986
720575941393231510,720575940627646266,92345
720575941509009281,720575940621129076,58377
720575941569647604,720575940618998613,84237
720575941472025696,720575940620563220,333775
720575941633499296,720575940634079639,73627
720575941414126737,720575940622197825,51200
720575941669961905,720575940612080590,138314
720575941566690102,720575940614447569,276532
720575941632525036,720575940631431542,813225
720575941615624089,720575940641872859,63769
720575941609773130,720575940612686053,46067
720575941613462937,720575940635006489,43064
720575941443070378,720575940620671983,50438
720575941643456417,720575940622837245,68472
720575941630578914,720575940627027774,519717
720575941481366351,720575940624853600,400017
720575941497584353,720575940621058240,94009
720575941496643451,720575940626471196,79830
720575941532325763,720575940648480388,62139
720575941576469096,720575940627250532,282264
720575941596613276,720575940614934695,68391
720575941449518685,720575940628028029,89525
720575941564218631,720575940616570299,106591
720575941487015942,720575940612312282,47017
720575941482586365,720575940615205855,65222
720575941592579880,720575940638466367,42383
720575941506349884,720575940622285180,18638
720575941529475256,720575940631252051,84038
720575941452077639,720575940620178964,41533
720575941456484333,720575940628810512,68253
720575941566208302,720575940617827106,53114
720575941534621874,720575940624646076,105737
720575941432109582,720575940656050593,34357
720575941598105024,720575940611706646,539604
720575941603584185,720575940631459370,536189
720575941619912293,720575940626039228,52980
720575941625438875,720575940612948593,98523
720575941475292987,720575940629133903,116771
720575941478030560,720575940636666970,71682
720575941430822871,720575940619483764,92412
720575941591164158,720575940630325366,80501
720575941448765262,720575940635974263,560948
720575941723406138,720575940626257539,220328
720575941351478064,720575940627402633,115284
720575941562956183,720575940624467082,122515
720575941490576949,720575940629984194,114551
720575941501929010,720575940632366407,76777
720575941475807262,720575940614373630,94122
720575941595231601,720575940627412825,808974
720575941572644766,720575940627990020,61618
720575941625543306,720575940604826592,113989
720575941462325444,720575940620157307,55845
720575941593294885,720575940630678231,32243
720575941569218036,720575940606578208,115831
720575941531298021,720575940628072264,45242
720575941623546876,720575940623317321,79233
720575941474661918,720575940639403171,842715518
720575941542971933,720575940620841825,13142
720575941457438879,720575940623304906,73552
720575941478992770,720575940604731838,816768
720575941501790443,720575940626812560,403849
720575941596399217,720575940625208043,125329
720575941430760841,720575940610352590,104963
720575941557979172,720575940632521064,179418
720575941457341087,720575940624348362,65256
720575941431057289,720575940611233234,539365
720575941516905838,720575940626995466,125043
720575941408020910,720575940621628144,37175
720575941578236917,720575940627078417,173976
720575941572926365,720575940620371371,53402
720575941538544021,720575940631087831,515175
720575941448827982,720575940628309416,37442
720575941479085186,720575940635271019,557993
720575941448472340,720575940630019407,134358
720575941500581259,720575940608815314,142716
720575941552120063,720575940639931299,905012
720575941594849413,720575940627095313,89185
720575941721339450,720575940621467212,47840
720575941569051898,720575940631242799,96024
720575941510724368,720575940614733521,56440
720575941558589229,720575940631358735,100504
720575941475349563,720575940632450115,102214
720575941527206020,720575940623158049,809388
720575941553933057,720575940620952779,141068
720575941562880768,720575940617206109,48342
720575941627611961,720575940622976005,105879
720575941481594703,720575940627827599,516828
720575941528397496,720575940613107119,114071
720575941471132939,720575940632747801,552211
720575941460609350,720575940639236836,110928
720575941723557178,720575940630096375,81977
720575941464321037,720575940630486265,89569
720575941439962175,720575940659869057,120558
720575941614524947,720575940620875867,55278
720575941538821581,720575940624991418,96369
720575941477869364,720575940620922748,100998
720575941518560172,720575940627948292,112429
720575941607995757,720575940612088282,118047
720575941576733622,720575940622779397,50159
720575941574229768,720575940622390132,135429
720575941444322730,720575940629202298,123514
720575941555361619,720575940624582438,173169
720575941613543699,720575940626730127,30003
720575941412779156,720575940621405318,86798
720575941491371751,720575940621014608,107864
720575941644320376,720575940625932080,143281
720575941558082575,720575940621252451,134268
720575941471670647,720575940603688226,805737
720575941533589123,720575940645151176,78326
720575941405165936,720575940619645376,123975
720575941439962965,720575940624496536,542567
720575941490691637,720575940639897203,536634
720575941439631701,720575940616234508,76479
720575941561536424,720575940629904940,72160
720575941593102888,720575940652660214,53614
720575941589363524,720575940639299398,544059
720575941546262633,720575940623342484,146518
720575941564803847,720575940630907729,64112
720575941690463384,720575940644672712,91316
720575941491137481,720575940609478339,80410
720575941469785463,720575940624067563,44608
720575941644794488,720575940629349340,109457
720575941544215557,720575940629929039,106973
720575941555190867,720575940638349534,59785
720575941626418075,720575940613527789,80809
720575941468269789,720575940622277808,149558
720575941506063932,720575940622022640,66894
720575941593395239,720575940623653002,87916
720575941474806068,720575940649851257,112282
720575941436293920,720575940635223397,62206
720575941392681476,720575940637092719,118643
720575941466424598,720575940643725472,158626
720575941465425942,720575940620905921,39510
720575941546079668,720575940629627239,41326
720575941617933013,720575940619852854,133572
720575941588988484,720575940619502400,10381
720575941670180529,720575940636523866,58821
720575941589596242,720575940615860748,517363
720575941555378084,720575940608588408,149059
720575941453936365,720575940612671450,99778
720575941481134243,720575940624345161,115720
720575941482438339,720575940639991541,521021
720575941627507257,720575940615464098,33614
720575941527945144,720575940615117777,57211
720575941527241656,720575940621441494,40806
720575941547331508,720575940632659938,101550
720575941590223927,720575940622723878,24839
720575941469125597,720575940628561767,113238
720575941490296885,720575940614319254,115039
720575941497512777,720575940621703373,67131
720575941482965178,720575940635067034,816580
720575941554146458,720575940635119897,811038
720575941640350495,720575940625164839,809670
720575941557816996,720575940640396173,27219
720575941412509295,720575940607064331,58091
720575941497942178,720575940632237534,94434
720575941451553705,720575940620553125,48975
720575941585563870,720575940650918521,71998
720575941428004180,720575940621339568,43724
720575941393550742,720575940617973243,804881
720575941595658097,720575940637099639,113278
720575941480802979,720575940623144141,25604
720575941722506810,720575940613381785,165374
720575941512470339,720575940635265387,100131
720575941490712885,720575940628030104,518247
720575941541365277,720575940619185462,98904
720575941565668871,720575940627725224,519636
720575941605193150,720575940637649380,94965
720575941567100519,720575940610261443,519464
720575941579099893,720575940618331865,77328
720575941480248450,720575940630428175,99669
720575941529318276,720575940605417952,141328
720575941568488750,720575940628360506,52591
720575941631302048,720575940621749416,66866
720575941508773505,720575940620758437,214831
720575941628132153,720575940638628934,124735
720575941497120640,720575940625182341,58398
720575941477522794,720575940628464104,802279
720575941477781313,720575940624331593,30722
720575941558642724,720575940628368210,129042
720575941547824161,720575940619589547,123066
720575941446184468,720575940619408219,71369
720575941498630779,720575940630112824,186887
720575941576681398,720575940622933748,815121
720575941509090258,720575940634466144,12050
720575941452840775,720575940635213931,563898
720575941507047703,720575940626183049,26301
720575941517219475,720575940612726770,541588
720575941564985751,720575940630619985,550119
720575941463716109,720575940645528430,94753
720575941481505871,720575940619125925,101850
720575941591986539,720575940640896856,538070
720575941626611513,720575940625703056,121187
720575941687197708,720575940633218861,825555
720575941603182265,720575940613097330,56252
720575941564408576,720575940631491602,803713
720575941603062713,720575940637921392,160324150
720575941560175854,720575940617491417,127307
720575941595070678,720575940624958537,533768
720575941469837789,720575940652891638,65220
720575941403027312,720575940630762860,64321
720575941468048349,720575940619821105,76717
720575941630011174,720575940646081902,116305
720575941479243459,720575940626301395,40048
720575941595337942,720575940618004770,100549
720575941566741351,720575940624375324,56860
720575941671673767,720575940628108547,89310
720575941519615159,720575940636563704,115329
720575941471956832,720575940628054141,73814
720575941593335589,720575940624079288,155339
720575941623051978,720575940614420689,199965
720575941573845135,720575940629124551,518136
720575941611599337,720575940639042020,113071
720575941491346124,720575940612566385,495287
720575941687467532,720575940632974443,68789
720575941499580322,720575940626545354,186558
720575941534946904,720575940608326530,803787
720575941501807191,720575940625330494,78188
720575941466920278,720575940633885409,25767
720575941451154759,720575940637711167,524914
720575941558130724,720575940619994709,120068
720575941408949678,720575940621781517,802757
720575941523066615,720575940640775512,40442
720575941417077532,720575940636767662,69195
720575941516123738,720575940618633014,80902
720575941570175988,720575940638195177,36539
720575941432965902,720575940638637501,98570
720575941490753993,720575940643449636,814345
720575941574557193,720575940622667013,158908
720575941477200670,720575940622041889,530899
720575941604343030,720575940626767688,241766
720575941644264786,720575940639569973,802289
720575941351919408,720575940630923551,25762
720575941466050582,720575940626360316,77579
720575941503841515,720575940606022432,15681
720575941485348870,720575940627341224,123714
720575941514742163,720575940619825749,95910
720575941520909491,720575940630155931,83984
720575941562995810,720575940617895636,74521
720575941552780167,720575940620183462,534598
720575941652831729,720575940623871379,551577
720575941437271826,720575940614301871,74288
720575941432664974,720575940612463511,87917
720575941598756032,720575940614878718,133900
720575941644223826,720575940625656846,815219
720575941592620072,720575940632503608,160001
720575941571997085,720575940629454080,61006
720575941507967778,720575940603915436,77116
720575941507881506,720575940624336316,181500
720575941506357598,720575940621558208,34915
720575941399781155,720575940618545179,98040
720575941517453459,720575940623726104,77312
720575941556621540,720575940618752848,157359
720575941430885807,720575940609748931,130881
720575941514774521,720575940635939470,61141
720575941644177569,720575940606432614,111898
720575941431582895,720575940636737934,227168
720575941554900563,720575940637783155,103235
720575941686647564,720575940628695044,106616
720575941723012666,720575940609417995,43931
720575941485316358,720575940634129050,79156
720575941516285433,720575940630046511,816927
720575941612433837,720575940660456577,71609
720575941612254637,720575940618348155,136682
720575941439306207,720575940617961309,51007
720575941447822158,720575940615974342,67852
720575941451044430,720575940627979496,190344
720575941440457935,720575940623064909,64100
720575941515265091,720575940624743708,68946
720575941439178303,720575940639378485,194972
720575941438073644,720575940617823705,511870
720575941654914521,720575940635954318,18254
720575941679356349,720575940616991371,51679
720575941669680551,720575940627483523,85063
720575941595107542,720575940628125444,104006
720575941528291000,720575940630745196,84349
720575941623329132,720575940631445591,69207
720575941451900329,720575940625956396,79413
720575941480533667,720575940626064316,70364
720575941537933042,720575940630017295,38928
720575941460564947,720575940632213646,94362
720575941477510449,720575940612946069,52692
720575941579447285,720575940645877271,543944
720575941476695601,720575940621446070,102917
720575941435075982,720575940615144446,818408
720575941527015524,720575940632680771,910882
720575941629365798,720575940626595274,198682
720575941486420486,720575940603943648,44229
720575941479664719,720575940629485553,511979
720575941553608346,720575940622493949,63710
720575941633633952,720575940615773590,171072
720575941577793361,720575940630183212,79363
720575941604261110,720575940630389760,161642
720575941448938677,720575940629796222,128575
720575941611905126,720575940638915674,27623
720575941495756487,720575940636066155,46689
720575941573417117,720575940615581126,546252
720575941477115713,720575940637253488,550991
720575941576838760,720575940621573547,31289
720575941495468670,720575940628494340,37835
720575941591532072,720575940631890499,810739
720575941689031576,720575940616971449,60935
720575941459994694,720575940626356557,570516
720575941587107652,720575940624097535,36200
720575941520648375,720575940610393412,91160
720575941440710863,720575940631423439,519406
720575941599016233,720575940630220414,73893
720575941659035472,720575940618878996,119507
720575941474422314,720575940643045911,127928
720575941536572136,720575940629658473,555114
720575941595563909,720575940633586093,162307
720575941459302982,720575940614883551,551369
720575941570151412,720575940617607029,48901
720575941461029264,720575940628541801,38968
720575941550197247,720575940636749167,553708
720575941534260673,720575940633131731,26003
720575941612675859,720575940621608993,90105
720575941568595246,720575940627663515,532405
720575941573114619,720575940628945516,39046
720575941560035087,720575940629330882,811011
720575941567762170,720575940631301932,176297
720575941573410569,720575940633160418,138328
720575941611304937,720575940617724107,88659
720575941523659595,720575940617309725,539462
720575941611655242,720575940628963590,531250
720575941560405519,720575940628643010,514199
720575941433446414,720575940654852257,144125
720575941414778516,720575940615111261,61142
720575941643694930,720575940638057818,530301
720575941640733471,720575940625118140,82436
720575941437255442,720575940626245932,512649
720575941589667127,720575940621750465,57518
720575941575063817,720575940628351226,575280
720575941499600457,720575940605501641,183963
720575941548944161,720575940617745620,131538
720575941484623682,720575940623898697,100924
720575941544758460,720575940632788511,81799
720575941526723609,720575940623877512,84862
720575941553560474,720575940616532290,68941
720575941655163092,720575940611600819,88916
720575941588006212,720575940620191793,99633
720575941518835116,720575940624938940,130465
720575941491479271,720575940631922007,34622
720575941555504467,720575940613684586,541799
720575941516806035,720575940621062126,530753
720575941529244036,720575940619899771,78099
720575941533021413,720575940630938681,106871
720575941604616638,720575940633125540,15000
720575941508023169,720575940618741157,78411
720575941549706612,720575940628329546,531004
720575941659044120,720575940627455107,33183
720575941491553712,720575940617244049,825725
720575941545912252,720575940628382151,117367
720575941565107975,720575940621251818,64511
720575941549865249,720575940635765496,197052
720575941575419279,720575940630174455,48809
720575941596517788,720575940633171108,130178
720575941479428431,720575940628187450,63391
720575941619566207,720575940619417669,68643
720575941409156143,720575940635098522,71573
720575941596223857,720575940640032061,804107
720575941633673147,720575940637220976,91855
720575941461227152,720575940628293575,1050003044
720575941590550782,720575940620818029,71432
720575941619924863,720575940619454168,136890
720575941632409531,720575940621457089,218169
720575941445571498,720575940615942978,50374
720575941535616490,720575940604782624,38131
720575941553455514,720575940628259919,527294
720575941456176109,720575940626499673,542371
720575941663382396,720575940624752108,148523
720575941546263688,720575940633830113,95798
720575941579694929,720575940622792423,55633
720575941573724168,720575940622078704,65314
720575941539968205,720575940628203346,114278
720575941495678846,720575940622875937,46961
720575941596154993,720575940605763040,12643
720575941442218959,720575940629168188,169405
720575941439948891,720575940618739358,119221
720575941514185292,720575940615624415,55734
720575941452745011,720575940621387685,141726
720575941624447484,720575940617297803,119877
720575941534463410,720575940627445074,69000
720575941668783091,720575940630852726,14166
720575941578252889,720575940629600506,24357
720575941659349840,720575940624745223,815236
720575941537150691,720575940616755798,37221
720575941562217517,720575940620657182,87937
720575941553577956,720575940624542451,531003
720575941607690861,720575940626930813,214236
720575941540535069,720575940622674504,42005
720575941414934932,720575940631067136,23279
720575941496848865,720575940614352278,32746
720575941585400710,720575940624097869,192569
720575941630834146,720575940624858686,114359
720575941542567197,720575940626359117,109621
720575941504352962,720575940628004625,556791
720575941488023605,720575940645323572,14947
720575941590666024,720575940645608302,115120
720575941511956556,720575940615549334,73195
720575941526337958,720575940624145422,33529
720575941526693476,720575940637229454,99591
720575941626024859,720575940627788157,64523
720575941618596991,720575940622305553,138225
720575941626426267,720575940646274670,46850
720575941586378820,720575940628250823,59341
720575941536232129,720575940618184896,548866
720575941496623227,720575940625979068,137497
720575941501938007,720575940634042012,99874
720575941536150810,720575940641593589,144462
720575941537743843,720575940614529534,15606
720575941649855985,720575940640501411,62640
720575941434202254,720575940635602424,99008
720575941537939427,720575940627328275,61977
720575941560788851,720575940603365980,110422
720575941644793544,720575940613700722,115856
720575941564105826,720575940616039797,30033
720575941504597669,720575940623610867,128891
720575941438469138,720575940625368976,92272
720575941503400764,720575940622148391,18351
720575941534873432,720575940636635054,127616
720575941408543150,720575940622588748,801809
720575941569015802,720575940636589790,78925
720575941441889627,720575940630472130,37848
720575941624275099,720575940621953797,98522
720575941557605412,720575940618295842,908543
720575941613938652,720575940623792055,68543
720575941551932222,720575940636886383,126895
720575941529539000,720575940620815599,575866
720575941434230560,720575940627095378,26225
720575941515652345,720575940629949495,119932
720575941523708151,720575940617076748,114447
720575941506551842,720575940640632528,189515
720575941611170025,720575940609165916,20236
720575941547789117,720575940628697961,177386
720575941517174700,720575940623991956,118293
720575941435850016,720575940621799407,117862
720575941514756419,720575940615077171,520727
720575941590540855,720575940625047293,1053516830
720575941494066558,720575940622448372,213259
720575941624282826,720575940622186785,114454
720575941575235176,720575940622088745,101163
720575941633137851,720575940638302592,161894
720575941450949198,720575940618597666,129970
720575941590979838,720575940647453316,524564
720575941504008279,720575940640211645,294150
720575941478708131,720575940625489160,81184
720575941564437138,720575940640755875,49861
720575941479454799,720575940636775342,142614
720575941568249076,720575940622198298,272263
720575941479416544,720575940627771993,535930
720575941437854175,720575940623121098,31806
720575941455226419,720575940626029200,208623
720575941533234819,720575940639265213,154109
720575941447308820,720575940625636868,200777
720575941531309259,720575940645511732,78538
720575941574431241,720575940629908555,49475
720575941591287948,720575940606281574,134031
720575941470957579,720575940608729720,104247
720575941599132864,720575940613516013,532565
720575941474482737,720575940618757686,532475
720575941510976722,720575940645263127,66032
720575941469547485,720575940615067990,133070
720575941486180493,720575940606628128,212459
720575941614195731,720575940610370258,522987
720575941440005599,720575940629875560,58036
720575941632965573,720575940625749258,47860
720575941554370305,720575940630462167,282930
720575941458104735,720575940628675151,807046
720575941569776884,720575940631802937,114320
720575941657072208,720575940623604874,73964
720575941535389450,720575940617146513,65068
720575941544897468,720575940622201882,119788
720575941514056441,720575940617110971,68261
720575941624331884,720575940613756778,56270
720575941611333865,720575940627206074,135476
720575941625790875,720575940624038122,107989
720575941573039518,720575940625349816,531010
720575941546962721,720575940660224385,122113
720575941612989660,720575940628907268,516155
720575941513897804,720575940614664657,84643
720575941489883879,720575940617159797,516228
720575941624841418,720575940632407567,802210
720575941539670653,720575940626781072,166168
720575941651880213,720575940630607212,557861
720575941408657711,720575940625945290,30057
720575941499080161,720575940611752857,113672
720575941645562488,720575940627558533,113010
720575941535048714,720575940628422479,66371
720575941486902594,720575940631519908,381288
720575941513385306,720575940634296951,816663
720575941503483442,720575940628163400,202131
720575941519772120,720575940608559964,549405
720575941414859921,720575940620039259,77794
720575941438382933,720575940617689373,38582
720575941690518936,720575940625795091,26969
720575941554338131,720575940628167106,43677
720575941546214761,720575940616033563,59814
720575941391039236,720575940613215697,102808
720575941575488143,720575940621023214,28824
720575941459645840,720575940608893623,36923
720575941628006201,720575940628470037,73942
720575941450163790,720575940624848423,28267
720575941587774532,720575940627983336,159100
720575941474187562,720575940632920621,105017
720575941532441317,720575940654763169,558353
720575941489994444,720575940641663696,31076
720575941537093096,720575940634900671,99358
720575941594913829,720575940619612209,93949
720575941441017807,720575940612048753,183688
720575941433048078,720575940606643232,149688
720575941561790509,720575940611896433,153396
720575941568504366,720575940624217385,530681
720575941506518110,720575940615951839,108050
720575941595793191,720575940660281217,35659
720575941651696405,720575940619270676,19316
720575941489434421,720575940628685884,801020
720575941571537659,720575940625133320,935538
720575941644511864,720575940628912380,518168
720575941495283838,720575940636884457,122975
720575941488526800,720575940631928773,122770
720575941611153837,720575940606180786,43129
720575941539030909,720575940612881381,76577
720575941526939673,720575940628309160,60142
720575941473703722,720575940623611661,76048
720575941624127996,720575940616241474,801833
720575941644890273,720575940625000179,539254
720575941507895074,720575940612369114,99531
720575941432837591,720575940628334159,91120
720575941438780895,720575940650504825,550121
720575941612203996,720575940634910063,106940
720575941609438438,720575940622863367,521690
720575941588752695,720575940634123418,68581
720575941591841387,720575940626941455,120777
720575941459850054,720575940632275854,42147
720575941625620379,720575940633366242,45893
720575941526714701,720575940636497838,21211
720575941488400848,720575940612107362,514048
720575941498286242,720575940616724853,103232
720575941655473113,720575940620482753,20970
720575941611064294,720575940631454250,123277
720575941414674833,720575940626401210,123170
720575941556302308,720575940636247141,540462
720575941598080960,720575940631034455,41011
720575941575261193,720575940612556441,22969
720575941480037315,720575940604076734,98265
720575941634063803,720575940606233190,205453
720575941538171112,720575940633327953,545531
720575941447658516,720575940606498993,152575
720575941502437719,720575940622969096,131265
720575941451166889,720575940621947357,520700
720575941451532871,720575940634787508,35048
720575941543150109,720575940624256999,174962
720575941564156160,720575940627399576,47490
720575941552349183,720575940618444864,531248
720575941467931926,720575940630204636,113778
720575941561951277,720575940617389529,127524
720575941612657325,720575940604150560,105994
720575941557342116,720575940618091035,534384
720575941538750077,720575940631187287,529274
720575941519977143,720575940611865806,810893
720575941543196189,720575940622011998,529204
720575941650844437,720575940624846589,49968
720575941643992008,720575940632389201,545908
720575941553742619,720575940628635409,102089
720575941570218228,720575940615102639,529853
720575941447486228,720575940620620112,66678
720575941560146191,720575940637235342,44044
720575941407195951,720575940632515897,553604
720575941523540043,720575940603373916,150548
720575941574450427,720575940620903518,529803
720575941501433227,720575940617390027,104618
720575941613719516,720575940631389241,47708
720575941455671021,720575940623264611,163633
720575941545172485,720575940637632858,520295
720575941625491146,720575940625925168,110049
720575941571860552,720575940621548276,209767
720575941629465570,720575940617570358,89849
720575941569672954,720575940627380679,44528
720575941600053801,720575940644521764,88009
720575941408500398,720575940624436458,36129
720575941505429317,720575940632580503,77142
720575941722334010,720575940639339392,73935
720575941540353741,720575940627342602,142908
720575941566411318,720575940621441304,802764
720575941560177523,720575940626777602,32716
720575941609316170,720575940629561347,97089
720575941353389616,720575940621473612,800735
720575941589441591,720575940618751508,63217
720575941590454526,720575940630190583,558327
720575941546249864,720575940623508733,27418
720575941481281699,720575940629254647,25231
720575941633516704,720575940624269547,75080
720575941574817019,720575940626587523,88967
720575941466417238,720575940638318399,94424
720575941644774305,720575940631173463,65466
720575941623072764,720575940632341388,111509
720575941609181514,720575940604553150,107604
720575941688112396,720575940617393435,29470
720575941487822032,720575940621221614,56962
720575941517956462,720575940626768792,54548
720575941669650855,720575940639858485,101834
720575941549133940,720575940607645397,805710
720575941462831504,720575940630641731,56909
720575941447874126,720575940635733172,558040
720575941511694924,720575940622859021,10780
720575941515858681,720575940626161551,144196
720575941596308337,720575940608930161,83811
720575941493941424,720575940624991496,58838
720575941564608775,720575940645807726,54224
720575941594557398,720575940623681511,39265
720575941559192591,720575940610584282,26145
720575941564681984,720575940626520066,802290
720575941572426760,720575940635000220,20256
720575941465433430,720575940631417081,26978
720575941593533477,720575940638738035,110729
720575941574628360,720575940634356193,65273
720575941510620432,720575940606459266,816676
720575941558578191,720575940660301185,70538
720575941543685564,720575940622204157,907038
720575941452913735,720575940645524846,74374
720575941476160817,720575940613758504,19023
720575941625946681,720575940614237736,216882
720575941474250026,720575940627447401,86806
720575941585774214,720575940621708570,44782
720575941437150252,720575940622825292,532706
720575941572842504,720575940618310493,823510
720575941508396161,720575940623157247,15053
720575941408783022,720575940627604486,530727
720575941495645819,720575940618310427,43569
720575941516443226,720575940625621652,133795
720575941473790048,720575940635967374,84632
720575941583315334,720575940618655061,62111
720575941633245600,720575940620151489,81034
720575941624839882,720575940617659577,65746
720575941601190697,720575940610711189,170934
720575941658283544,720575940622692848,134348
720575941486302470,720575940613153689,49739
720575941525065474,720575940631747833,70819
720575941425021524,720575940622871540,24516
720575941448156509,720575940620274566,125896
720575941470107613,720575940630299392,513063
720575941607887213,720575940616049458,149146
720575941517695660,720575940630717500,539899
720575941566983726,720575940620826733,88088
720575941569220602,720575940626162618,231589
720575941413914652,720575940637745630,133833
720575941617498581,720575940630626298,26169
720575941519582168,720575940636320887,104029
720575941652751572,720575940628608361,539117
720575941506514597,720575940624299667,575738
720575941490352615,720575940611628498,145748
720575941452427386,720575940608324274,529505
720575941462054288,720575940623433983,60485
720575941518317016,720575940619807793,118937
720575941561909549,720575940634213913,136487
720575941501713803,720575940637861806,243092
720575941439387103,720575940627606801,100420
720575941537085416,720575940624149784,164384
720575941565769831,720575940625843262,87659
720575941595030821,720575940634601623,32646
720575941532408754,720575940620514213,121921
720575941479471328,720575940637899497,104292
720575941534612568,720575940637013678,123562
720575941485813766,720575940620850258,140152
720575941451729577,720575940610188494,61188
720575941505566231,720575940622485748,72669
720575941577508953,720575940617502977,51254
720575941436266016,720575940640290109,93533
720575941490197813,720575940609208412,82756
720575941574171899,720575940632091192,515177
720575941590402359,720575940634817817,79058
720575941551826687,720575940619661141,65208
720575941453017769,720575940624060612,131808
720575941663872124,720575940632618157,14527
720575941408246955,720575940649133945,58163
720575941666941683,720575940622346846,54140
720575941557337764,720575940621178444,560243
720575941463095952,720575940622539135,108412
720575941575195293,720575940620091038,17276
720575941624422652,720575940622616102,110764
720575941531934851,720575940630003867,58568
720575941516394233,720575940640412750,125649
720575941575259657,720575940626541712,518285
720575941639993631,720575940626210125,141017
720575941513727953,720575940627266947,29958
720575941351882544,720575940608365746,79704
720575941491986919,720575940633545683,98803
720575941642692040,720575940611098517,807348
720575941512526403,720575940625090535,97852
720575941617120469,720575940620751051,65989
720575941519218030,720575940626627002,122340
720575941499478241,720575940624641004,65322
720575941588201726,720575940648173444,531305
720575941581459039,720575940628960983,119482
720575941474504251,720575940616748118,142745
720575941626548635,720575940628603770,187005
720575941627620153,720575940618193979,516592
720575941565422690,720575940617552569,106471
720575941477298996,720575940613698531,23270
720575941442478287,720575940616383771,935860
720575941572492539,720575940626564964,45461
720575941613461657,720575940634151672,139033
720575941548233021,720575940616133186,122267
720575941563189160,720575940628300421,56861
720575941483174586,720575940633292708,169725
720575941645316040,720575940629935810,18912
720575941557738355,720575940627293706,549132
720575941435993888,720575940612259754,167540
720575941431072137,720575940650085497,158232
720575941633137861,720575940613713002,32193
720575941496443008,720575940636721775,100731
720575941565798198,720575940631476844,68106
720575941626303178,720575940632617420,15573
720575941516914323,720575940628570727,112311
720575941579273553,720575940621905729,134713
720575941401753635,720575940608083780,60047
720575941449956218,720575940617258452,138962
720575941539280882,720575940643744968,814914
720575941535852522,720575940616009403,89615
720575941502772018,720575940639774261,527667
720575941525519641,720575940638331974,45210
720575941611165357,720575940621948954,806720
720575941703177946,720575940604403628,14519
720575941561088813,720575940636853861,806222
720575941456349599,720575940620374255,480555286
720575941565390231,720575940620116565,57906
720575941493867134,720575940631553487,539209
720575941446539540,720575940639489955,30251
720575941582030201,720575940633764247,55501
720575941516971411,720575940611033514,91391
720575941624379644,720575940614609831,169061
720575941466791254,720575940631815820,86820
720575941595616039,720575940632417095,536205
720575941474364256,720575940612317107,810922
720575941528675204,720575940631455247,544947
720575941530697603,720575940622286216,552858
720575941453241927,720575940644315080,99446
720575941479112867,720575940618767006,48234
720575941562841344,720575940635731957,143299
720575941560832627,720575940627186750,526453
720575941416980764,720575940628577286,533061
720575941668676273,720575940627047912,73438
720575941540500429,720575940622961434,145685
720575941545327465,720575940626661050,28696
720575941576171702,720575940625374868,78922
720575941655779864,720575940620915224,802583
720575941483129798,720575940613690730,806815
720575941557960100,720575940625513549,83638
720575941539559666,720575940628017786,19696
720575941392231940,720575940635887467,518691
720575941633000133,720575940631822354,65368
720575941619633791,720575940629877248,809936
720575941612239078,720575940633711028,39404
720575941352364336,720575940617193886,190285
720575941511480273,720575940623329416,542766
720575941473955643,720575940604021425,48233
720575941660742268,720575940628312049,806527
720575941582158457,720575940625777753,12084
720575941460257732,720575940620606123,807724
720575941573241416,720575940640962688,522331
720575941488957237,720575940622020940,803838
720575941633415621,720575940638867765,45483
720575941598278848,720575940619730590,67466
720575941498460129,720575940615907650,815136
720575941478119530,720575940635242126,54385
720575941661772156,720575940626779013,88815
720575941517315182,720575940636754910,20068
720575941511854290,720575940639230180,28348
720575941520908471,720575940628922186,54265
720575941439897691,720575940618772416,121323
720575941456216991,720575940630276087,138620
720575941589421879,720575940622013516,534127
720575941540121373,720575940627031810,109886
720575941611914669,720575940626293604,88104
720575941655843284,720575940617808418,93319
720575941516377593,720575940618295768,80858
720575941558941422,720575940616486598,176065
720575941526716493,720575940630867148,58812
720575941512512844,720575940626513173,207755
720575941452871731,720575940633313444,537020
720575941557372580,720575940619697134,91643
720575941473351520,720575940630084352,146930
720575941643318354,720575940618228763,101531
720575941500037026,720575940618648640,69898
720575941669518257,720575940620104059,98540
720575941611990189,720575940618932603,50904
720575941525881188,720575940616276921,65796
720575941480920450,720575940636396536,57422
720575941604923838,720575940612970262,40886
720575941558402675,720575940630434876,120204
720575941481056898,720575940634081899,530868
720575941575007752,720575940623122175,543612
720575941431485432,720575940625340745,136303
720575941479726560,720575940633213092,29205
720575941566446902,720575940626885150,817202
720575941576969717,720575940617706589,517731
720575941448564814,720575940625750032,160913
720575941417154332,720575940630069186,807698
720575941538289394,720575940617951974,30638
720575941633400992,720575940615710988,552877
720575941586281606,720575940630181058,526093
720575941486800962,720575940623036254,55807
720575941626211722,720575940612835290,147602
720575941451585193,720575940615295121,166953
720575941451476858,720575940644367396,177547
720575941534547634,720575940609307182,34697
720575941534823402,720575940627075977,120272
720575941434474638,720575940623866044,75540
720575941585879430,720575940641471540,130922
720575941656035028,720575940625357058,91908
720575941525186916,720575940622549700,94604
720575941625889418,720575940630229504,39817
720575941575281161,720575940612167642,45588
720575941438513682,720575940628504853,137795
720575941428023892,720575940636318839,160386
720575941525302694,720575940627960060,84380
720575941488296400,720575940627969362,102751
720575941464929046,720575940609870449,106559
720575941520396723,720575940604484454,15174
720575941580093265,720575940652191990,93950
720575941489022409,720575940620243536,74533
720575941402963568,720575940608694795,128086
720575941437158956,720575940619291271,70537
720575941491418087,720575940636894638,134842
720575941655353044,720575940619095472,911395
720575941538940146,720575940606796489,141602
720575941533881114,720575940613449369,911874
720575941590083468,720575940622584816,219326
720575941438904876,720575940638054490,90154
720575941690459032,720575940617426773,566493
720575941483771714,720575940631836946,136028
720575941573369672,720575940636017527,512920
720575941506248764,720575940611663826,21233
720575941568434290,720575940627410690,26898
720575941441544795,720575940631295196,144701
720575941548305012,720575940624373994,81651
720575941514730307,720575940624561446,155846
720575941508569985,720575940615681938,113248
720575941472289856,720575940621295581,48796
720575941481946307,720575940622838260,191677
720575941588907332,720575940623864503,136127
720575941540416125,720575940605932721,809586
720575941496944763,720575940618026241,94011
720575941393043460,720575940626375785,125973
720575941584932703,720575940628095656,560580
720575941471715447,720575940616635067,108728
720575941595817605,720575940618469681,27525
720575941624754890,720575940629856471,101144
720575941480780739,720575940612472243,903458
720575941606009453,720575940644235543,193542
720575941631712416,720575940611363954,530106
720575941409338027,720575940624852733,117316
720575941518414040,720575940629067996,46271
720575941481978554,720575940619921232,104200
720575941446997012,720575940625354904,812756
720575941590852606,720575940629363718,69105
720575941536204826,720575940625588412,119308
720575941526712066,720575940616350011,132901
720575941612424678,720575940627777960,516811
720575941516115802,720575940631167140,15336
720575941508058206,720575940613150706,543058
720575941633362363,720575940646290979,157537
720575941585623174,720575940638620905,54459
720575941529575096,720575940611501154,46672
720575941580086609,720575940614328978,48075
720575941414114452,720575940606551217,535293
720575941456504813,720575940609350595,25415
720575941471912000,720575940626990086,25972
720575941690131864,720575940625798704,906649
720575941503356907,720575940619210667,77752
720575941513535235,720575940622512756,811045
720575941481559994,720575940631613907,537120
720575941687472623,720575940629931819,532845
720575941489614028,720575940622247551,49937
720575941519808183,720575940624419390,33193
720575941535749569,720575940623896714,120248
720575941512492497,720575940630509074,18382
720575941412309649,720575940639191012,179617
720575941448129117,720575940625897404,59943
720575941542412829,720575940615223199,202088
720575941581511033,720575940632334127,133095
720575941589637188,720575940622947708,74982
720575941615705557,720575940626249316,78128
720575941516795539,720575940619552576,99369
720575941601348342,720575940640646717,143371
720575941451661895,720575940632230099,194600
720575941512414019,720575940630955068,121926
720575941615558869,720575940612055219,158562
720575941480122347,720575940628134410,159660
720575941581814137,720575940620945647,47400
720575941633182395,720575940623187677,54407
720575941515579747,720575940616878523,544508
720575941567685620,720575940629236291,157767
720575941668600563,720575940620060807,95454
720575941578826841,720575940621232566,546972
720575941613878803,720575940625069968,68393
720575941496633472,720575940611380600,140240
720575941455562989,720575940618324061,34475
720575941459762372,720575940633918803,203464
720575941595815463,720575940627629720,805208
720575941611411689,720575940618027399,518014
720575941690504088,720575940630739959,27680
720575941507911262,720575940623524819,533329
720575941538724221,720575940615592354,81322
720575941439080255,720575940620405869,67134
720575941551879998,720575940638306014,807030
720575941633045435,720575940616921868,908544
720575941612387501,720575940622844125,101933
720575941477448734,720575940629845352,808598
720575941489092327,720575940622491632,68221
720575941507665221,720575940625052908,21777
720575941466070614,720575940631311443,60448
720575941565793943,720575940638976063,906212
720575941476398897,720575940628375122,817892
720575941459789267,720575940614635666,59684
720575941461022675,720575940657810561,148205
720575941576062056,720575940611667349,539796
720575941403520368,720575940636436472,37732
720575941554873345,720575940622680790,905222
720575941563141800,720575940626783024,64931
720575941521013751,720575940624858151,813698
720575941552145179,720575940614971579,517063
720575941447522836,720575940637296013,111645
720575941561755181,720575940614675454,106491
720575941439687771,720575940619324283,217907
720575941632059372,720575940628504679,514868
720575941638977141,720575940620259032,163512
720575941517302956,720575940619682625,903401
720575941508663169,720575940632951343,812347
720575941659671120,720575940613735948,807372
720575941638595701,720575940631879193,905964
720575941633650107,720575940623839157,515623
720575941578255349,720575940617832788,85981
720575941534914538,720575940613499857,62956
720575941471874656,720575940638243645,45985
720575941602226366,720575940636197227,135378
720575941544878268,720575940636513784,29254
720575941545937340,720575940626447813,143157
720575941506966844,720575940630689388,78019
720575941494587335,720575940635351964,566146
720575941430067849,720575940624087369,128794
720575941457820998,720575940630448431,61595
720575941603176438,720575940620305334,112805
720575941561047853,720575940621985776,118359
720575941732459307,720575940617509947,17829
720575941497531617,720575940612239513,78514
720575941441769051,720575940630817071,909000
720575941629383206,720575940609140949,805889
720575941617199573,720575940644541220,802727
720575941561464877,720575940629705321,179020
720575941593622823,720575940635156387,111019
720575941565857687,720575940617692509,109573
720575941546198152,720575940628489468,50323
720575941659055896,720575940625936330,214902
720575941437308716,720575940627557653,125867
720575941478323562,720575940612061107,205135
720575941402186608,720575940631558191,45370
720575941570640030,720575940624037815,49286
720575941524965634,720575940629419386,22611
720575941515666435,720575940610033301,104385
720575941408409135,720575940625089661,32872
720575941465187670,720575940626727966,157828
720575941446188820,720575940612019150,152428
720575941566263342,720575940612517489,117956
720575941473848362,720575940629170475,147779
720575941477490794,720575940620035544,21671
720575941569335802,720575940625062899,67569
720575941689204086,720575940628136250,230791
720575941411443371,720575940638890559,122173
720575941391777540,720575940644490276,803972
720575941558718958,720575940628230396,53511
720575941480597583,720575940623986189,64632
720575941460423056,720575940619614769,45576
720575941486764240,720575940611313578,61129
720575941670033831,720575940616803513,82307
720575941450212474,720575940630377854,578189
720575941469552759,720575940645022062,84574
720575941400127011,720575940631624515,87015
720575941515828058,720575940626854172,58566
720575941555517441,720575940608572764,28620
720575941513756748,720575940608253788,63128
720575941550226804,720575940623302596,79077
720575941448083476,720575940621425334,77178
720575941440520143,720575940620740078,805845
720575941438514773,720575940633282093,164234
720575941474616372,720575940630331703,530032
720575941482573763,720575940646097175,148594
720575941535365610,720575940639130601,80651
720575941524426571,720575940635981742,88207
720575941414681748,720575940638294505,550704
720575941498753761,720575940617931961,209323
720575941610143149,720575940621247835,148877
720575941454721587,720575940626267394,193708
720575941600927017,720575940628799048,149745
720575941449543605,720575940635556270,296369
720575941438148882,720575940626063944,76583
720575941567049575,720575940626705029,89933
720575941489824974,720575940631041823,76229
720575941405855150,720575940654805665,908119
720575941584688606,720575940638924533,118317
720575941593766507,720575940633668322,522393
720575941535441130,720575940622733183,130451
720575941544869225,720575940619845942,91541
720575941627345721,720575940608670532,44781
720575941526486530,720575940607553219,49331
720575941552470663,720575940618200733,63884
720575941614673427,720575940604666336,86921
720575941565897270,720575940607613707,548114
720575941554303259,720575940625471223,156741
720575941613480601,720575940629501968,28789
720575941642365816,720575940640425038,817313
720575941598026944,720575940608936149,195146
720575941516619923,720575940633194287,104055
720575941555492644,720575940639594611,542882
720575941519179692,720575940627648645,19909
720575941446521108,720575940636211557,77327
720575941465190998,720575940613389795,92943
720575941533451442,720575940627046671,54054
720575941605010878,720575940637981018,90393
720575941447815861,720575940660306305,187625
720575941571978056,720575940620103558,34653
720575941445385130,720575940614954671,940821
720575941574462459,720575940605262722,82711
720575941482320579,720575940610419395,519834
720575941512213969,720575940615901115,93813
720575941405601839,720575940621849769,89919
720575941548168072,720575940636532837,200367
720575941572867081,720575940629779499,70577
720575941598302364,720575940636698735,816123
720575941588061438,720575940634447841,912045
720575941532828650,720575940618366493,104901
720575941485989954,720575940614118627,530514
720575941577735925,720575940619056037,62222
720575941533576835,720575940622302377,368673
720575941522581067,720575940639962429,93764
720575941403142256,720575940628154280,53407
720575941603795702,720575940629613196,29568
720575941529024440,720575940622376925,89313
720575941451278458,720575940634954335,151079
720575941623687370,720575940653188854,116311
720575941413157012,720575940617543892,77277
720575941632391148,720575940631244239,99395
720575941554065491,720575940619803697,91094
720575941552743066,720575940627654202,138865
720575941503432939,720575940631733263,123768
720575941689231000,720575940644733344,43012
720575941447265973,720575940619953799,537969
720575941597215424,720575940610585317,553319
720575941575918184,720575940640179328,909402
720575941440020821,720575940619815559,45467
720575941497940347,720575940614169775,133624
720575941440631381,720575940629064188,82872
720575941505344421,720575940611129698,173720
720575941643898568,720575940616053215,186061
720575941513793612,720575940649816185,811254
720575941553990145,720575940615131699,557526
720575941610217133,720575940645886243,129554
720575941605685613,720575940631194593,118559
720575941430042616,720575940607738825,153050
720575941481046179,720575940639332480,117061
720575941595822449,720575940610846306,552841
720575941564747922,720575940623623133,543047
720575941554218579,720575940614156072,95727
720575941604444150,720575940621307489,128192
720575941436653600,720575940614975810,27710
720575941483513597,720575940612132450,157008
720575941470840128,720575940638561102,817218
720575941454002413,720575940627139410,59296
720575941490797513,720575940611342638,924572
720575941650240277,720575940629888043,55250
720575941477890868,720575940615540841,529271
720575941519029420,720575940612381335,525798
720575941521629111,720575940633630690,905977
720575941473504608,720575940623819533,122810
720575941517797998,720575940624805384,539795
720575941437470271,720575940621754177,120372
720575941413000559,720575940621589230,122653
720575941516377946,720575940614026357,524112
720575941543001349,720575940616934517,64232
720575941542087453,720575940631196946,124770
720575941411033967,720575940623950889,142197
720575941469883712,720575940635238307,102699
720575941554274899,720575940619579339,812699
720575941518561390,720575940620178141,182702
720575941476395585,720575940606292512,157980
720575941629435362,720575940605568736,42495
720575941440423375,720575940615162031,820442
720575941551510015,720575940619077870,89047
720575941506127164,720575940633881645,50985
720575941462061200,720575940625344520,46422
720575941474440544,720575940630116601,535347
720575941401526307,720575940630097307,905676
720575941435718542,720575940624008521,521274
720575941447837518,720575940618404312,97242
720575941461644740,720575940654933153,90525
720575941514080835,720575940630698618,58659
720575941450157434,720575940626170440,97308
720575941477242474,720575940623532471,68657
720575941645056376,720575940614490018,224116
720575941612641555,720575940632378788,17361
720575941528859576,720575940615975227,806573
720575941493396167,720575940611022819,89419
720575941413145455,720575940631078455,99241
720575941642499429,720575940629242386,55765
720575941488498892,720575940625937797,1056801069
720575941436706783,720575940623855091,82824
720575941549780798,720575940635823295,20606
720575941633125061,720575940624485264,81002
720575941604760766,720575940630661540,21982
720575941490163253,720575940631649807,80123
720575941440145499,720575940628173587,542058
720575941588843831,720575940638184937,51793
720575941653928916,720575940618750006,65690
720575941543136285,720575940617656610,806289
720575941631593157,720575940619490624,63298
720575941630415842,720575940630021058,38154
720575941543203676,720575940612939506,909155
720575941575530344,720575940632549858,77199
720575941484803906,720575940617681108,179453
720575941437082386,720575940646100003,185821
720575941666394611,720575940611717525,81358
720575941488408885,720575940607789251,22494
720575941480210306,720575940617972549,148680
720575941474030890,720575940613686765,820037
720575941658341400,720575940617405755,97630
720575941571940766,720575940615021310,175523
720575941538983373,720575940637209822,88706
720575941570368244,720575940620588415,50890
720575941555685377,720575940628229884,529097
720575941532427237,720575940608322994,92039
720575941639486837,720575940619812555,56377
720575941503872747,720575940639974744,86539
720575941409138859,720575940613440754,158563
720575941510683408,720575940625831864,548344
720575941611733350,720575940639264245,69237
720575941606590573,720575940607786882,34556
720575941632492485,720575940625444140,139969
720575941555705939,720575940629408299,806660
720575941643196261,720575940618358085,95158
720575941516816787,720575940616128927,549467
720575941595823260,720575940615980801,91608
720575941651513621,720575940620986971,175964
720575941476853044,720575940625113068,178618
720575941463033744,720575940605115337,33161
720575941489670092,720575940623328124,183267
720575941467268118,720575940624850983,117054
720575941392353430,720575940629531002,542684
720575941524719691,720575940622226977,62946
720575941552299521,720575940625813946,207481
720575941529431224,720575940613445101,134078
720575941410952363,720575940621030747,140424
720575941447112373,720575940620215734,908593
720575941505941308,720575940605722801,195493
720575941626035082,720575940634602265,906330
720575941515853827,720575940614176483,330175
720575941526843558,720575940621037296,98946
720575941612423142,720575940621819980,65412
720575941406588078,720575940620015892,121027
720575941576477273,720575940630086188,61084
720575941557804196,720575940619657972,59956
720575941625322634,720575940628769040,79534
720575941599234496,720575940635597210,184744
720575941482879674,720575940636634743,30400
720575941405183344,720575940630623819,101131
720575941473891387,720575940628092809,187258
720575941564930358,720575940624538928,68202
720575941552291719,720575940628739454,93749
720575941563499432,720575940631712331,140948
720575941611059274,720575940625799155,905340
720575941504880293,720575940612407409,118103
720575941605007550,720575940624198181,110333
720575941498363298,720575940628420457,124483
720575941611883878,720575940628558023,129766
720575941650729233,720575940618995928,807225
720575941554855396,720575940623151357,178091
720575941523571191,720575940629817722,17111
720575941503566757,720575940639312949,30165
720575941451184718,720575940635722335,183486
720575941539716956,720575940635606207,18298
720575941552270234,720575940612313586,805316
720575941670705319,720575940622896297,109941
720575941539094221,720575940623886921,134138
720575941566829306,720575940627334756,11858
720575941461871315,720575940632099897,17347
720575941578505305,720575940623210281,60081
720575941530865867,720575940628558084,62094
720575941513973241,720575940627478074,99307
720575941536307393,720575940627985162,116939
720575941519547864,720575940618531613,535279
720575941479010922,720575940614294175,54639
720575941539536789,720575940623706367,518082
720575941476550506,720575940639439037,109956
720575941669792433,720575940612955098,539789
720575941574261755,720575940632804712,102330
720575941630970016,720575940622329212,176501
720575941449333070,720575940639507408,817981
720575941505836613,720575940639471413,22312
720575941519986542,720575940634867552,910453
720575941442013787,720575940647862324,86867
720575941625610698,720575940629130492,519223
720575941498208123,720575940614955451,78095
720575941496542848,720575940626784152,242344
720575941568918266,720575940610367812,136636
720575941514506572,720575940639986048,804418
720575941572708765,720575940616811584,75966
720575941588725047,720575940612740904,56518
720575941621283488,720575940632057923,34971
720575941393070486,720575940625335373,107591
720575941462870160,720575940624234242,810847
720575941544260101,720575940661241729,185263
720575941643936357,720575940612362675,801799
720575941564066962,720575940642297563,164505
720575941654406873,720575940624004095,902777
720575941657623576,720575940627574921,530468
720575941594982001,720575940628094290,813388
720575941430031969,720575940639316550,78957
720575941471871840,720575940624129535,21015
720575941514234188,720575940625445363,914526
720575941469710091,720575940612105395,137412
720575941515677945,720575940622388318,80451
720575941504862658,720575940624566759,27016
720575941521502135,720575940631444684,515568
720575941527369348,720575940626197434,70600
720575941621704700,720575940632819501,106278
720575941408904110,720575940627295242,529658
720575941613893084,720575940618636112,30483
720575941586319750,720575940636070239,521066
720575941458325062,720575940626269989,93047
720575941521218807,720575940623294088,537477
720575941576979793,720575940626588433,194515
720575941626668170,720575940621002480,810713
720575941560063982,720575940633453101,36381
720575941457837727,720575940609410315,78528
720575941474063402,720575940617323993,79303
720575941572725406,720575940612116337,201401
720575941456137375,720575940632617100,20118
720575941611883283,720575940617993506,54955
720575941595455702,720575940639274659,544516
720575941510991888,720575940632384737,540401
720575941462371085,720575940616238009,554572
720575941521280247,720575940620513158,93011
720575941502905943,720575940639913560,43365
720575941391183108,720575940618274845,123569
720575941513953939,720575940640894115,73388
720575941462218128,720575940621360349,125666
720575941622545404,720575940626408240,93132
720575941406687535,720575940637472368,80590
720575941687198476,720575940628883838,212797
720575941702399706,720575940627746888,119909
720575941414935956,720575940626031972,151357
720575941460449424,720575940624016688,124568
720575941473575483,720575940641195509,125624
720575941431232270,720575940627523076,111639
720575941458280262,720575940649314169,105626
720575941568285742,720575940620079600,77073
720575941506267045,720575940633369252,516157
720575941558053647,720575940630205500,104110
720575941561351213,720575940629047814,537408
720575941465965654,720575940635944346,113907
720575941578946385,720575940629721687,823618
720575941553675777,720575940633682574,112034
720575941566002230,720575940629737210,212228
720575941628554466,720575940627532042,70008
720575941700629722,720575940634023393,538966
720575941536646938,720575940626630673,904838
720575941447802205,720575940631987364,156429
720575941429424632,720575940628781979,235972
720575941406704814,720575940628892931,45030
720575941505759045,720575940625457712,149152
720575941485322637,720575940606722150,513989
720575941536105738,720575940617683924,28952
720575941535218610,720575940621402203,68400
720575941488516560,720575940623344520,83269
720575941626334265,720575940646797347,121807
720575941506109349,720575940626113061,113159
720575941441816923,720575940628349514,66321
720575941598290880,720575940631332828,147077
720575941497301985,720575940626598718,89049
720575941575151368,720575940615832577,155415
720575941528462008,720575940612291281,123201
720575941611740234,720575940642379405,527658
720575941429363960,720575940621160468,72560
720575941479627427,720575940630879991,134701
720575941632534725,720575940630015995,42956
720575941412813204,720575940613662274,38565
720575941658632216,720575940622633693,83339
720575941473229664,720575940627686455,86910
720575941565431815,720575940636779753,184114
720575941545383860,720575940629921536,81418
720575941477388830,720575940635102571,36431
720575941564793447,720575940625958330,552229
720575941565339799,720575940627107843,298091
720575941453153331,720575940610575918,90350
720575941475571515,720575940626789182,526938
720575941434311054,720575940626840775,77431
720575941514445667,720575940613087766,124826
720575941519288755,720575940628225256,356699
720575941552613147,720575940622894570,58221
720575941520515767,720575940612281907,132412
720575941657365840,720575940616388575,482168
720575941613452697,720575940628074000,65183
720575941558316559,720575940633736915,524626
720575941566830951,720575940628692815,137109
720575941594442097,720575940616289364,99046
720575941522325835,720575940623004184,95209
720575941546126524,720575940631389548,135827
720575941644943777,720575940651736566,107015
720575941589654924,720575940629375562,155656
720575941518416238,720575940630660572,55193
720575941631222498,720575940618036258,122227
720575941688091766,720575940619865547,37923
720575941534674458,720575940624667114,105912
720575941691045784,720575940634699745,87833
720575941411571115,720575940627177115,94796
720575941414638225,720575940635082138,549107
720575941560298285,720575940640908707,93934
720575941406375983,720575940634820703,92429
720575941590471820,720575940633437357,89302
720575941596744581,720575940624888503,553052
720575941577701109,720575940629012839,81257
720575941513666513,720575940632276049,82751
720575941520659959,720575940630893305,535863
720575941490537164,720575940630246716,807545
720575941545764232,720575940616262623,1054401467
720575941506060604,720575940612129378,123116
720575941463990541,720575940623457816,516730
720575941431419384,720575940623193164,110780
720575941548741153,720575940632005068,56979
720575941688976140,720575940633629395,909696
720575941600161833,720575940625979993,128527
720575941532084709,720575940624024102,110321
720575941655944916,720575940629165827,50373
720575941513995354,720575940613232370,124358
720575941572315294,720575940627756681,98986
720575941514029715,720575940622660535,59616
720575941434399008,720575940631420268,23978
720575941586289118,720575940618162773,11000
720575941663729020,720575940624814862,121561
720575941471709047,720575940619236421,909400
720575941512935779,720575940645889844,163951
720575941508169089,720575940610718387,48502
720575941548625697,720575940626044348,106659
720575941526587814,720575940624591541,79988
720575941486189197,720575940632663716,146854
720575941655512537,720575940628773361,95453
720575941477286961,720575940621759681,150877
720575941474530107,720575940622274328,61282
720575941482222522,720575940638465112,18580
720575941439841999,720575940638136253,104913
720575941594075350,720575940637352845,34677
720575941688417263,720575940613256371,908209
720575941461423315,720575940620084091,38836
720575941686371055,720575940616075570,57286
720575941428164180,720575940629070851,133878
720575941508332560,720575940633645011,88802
720575941603628534,720575940607223218,66937
720575941544692660,720575940634840727,77943
720575941507338846,720575940623184417,110278
720575941521813683,720575940642742157,905927
720575941558698285,720575940637507982,543345
720575941527015300,720575940629616144,525149
720575941406707374,720575940632242769,71183
720575941645784776,720575940628760597,31511
720575941427770452,720575940605738272,146821
720575941478736608,720575940604106272,54577
720575941612220646,720575940638485326,86483
720575941625912970,720575940628772849,164351
720575941560578663,720575940656024225,911838
720575941593469803,720575940616777867,529371
720575941468942813,720575940613680039,10911
720575941555065498,720575940622033729,22576
720575941614198937,720575940612648561,525260
720575941470038027,720575940640182350,102594
720575941571372795,720575940630796611,98550
720575941507491934,720575940627716802,809220
720575941552352154,720575940636504553,245725
720575941470250717,720575940623849194,106143
720575941584682118,720575940632602449,49765
720575941489937358,720575940624650988,83965
720575941449793373,720575940620916673,113542
720575941662229560,720575940632825427,536903
720575941598591132,720575940616829067,935961
720575941465476886,720575940626742288,96122
720575941444987050,720575940631952914,67684
720575941598975644,720575940626579075,17104
720575941596505733,720575940628910159,119327
720575941501132427,720575940610009306,121171
720575941560320527,720575940608316425,60030
720575941506879767,720575940631395159,150367
720575941452766023,720575940628520168,140118
720575941688042203,720575940630701527,101207
720575941593051944,720575940630643650,178147
720575941686823919,720575940626011981,82565
720575941659098648,720575940631551247,165580
720575941643224993,720575940611258670,1050005026
720575941534540554,720575940628455171,97084
720575941702814682,720575940628211399,56885
720575941474886186,720575940626629424,811586
720575941524033099,720575940612266202,67054
720575941545842537,720575940637408357,118857
720575941520980403,720575940632490527,63919
720575941585821574,720575940640744411,69336
720575941406742446,720575940640149813,136032
720575941495474302,720575940622846685,51013
720575941548045629,720575940643714720,53709
720575941571516936,720575940643717536,102633
720575941461912589,720575940633894099,98439
720575941480059010,720575940617777291,812729
720575941584985439,720575940624885948,262967
720575941441167707,720575940624876011,104425
720575941535207361,720575940622205505,39659
720575941492978096,720575940628375825,88844
720575941502549079,720575940621004966,39697
720575941610292457,720575940629790263,36150
720575941480823235,720575940644052128,18911
720575941545909940,720575940647380020,94842
720575941519556568,720575940612369578,812393
720575941459624262,720575940627511960,117928
720575941689259995,720575940632894535,30257
720575941431066104,720575940636499055,805938
720575941404466288,720575940604517809,547116
720575941560310387,720575940609510921,102491
720575941526707878,720575940642393051,97891
720575941443534506,720575940622641878,65111
720575941427441492,720575940620491712,70314
720575941589665420,720575940612971690,110322
720575941533934273,720575940627841028,521116
720575941531291851,720575940615283618,806591
720575941480296416,720575940632393868,814347
720575941460454288,720575940620592587,44100
720575941513623249,720575940615973560,90582
720575941543187717,720575940620884133,104730
720575941536165313,720575940655201953,40850
720575941525888100,720575940631543158,816915
720575941610550236,720575940647456388,532322
720575941523350263,720575940620285861,94035
720575941553222913,720575940616154299,115569
720575941633364933,720575940619961168,312263
720575941506049189,720575940620439723,84861
720575941686974070,720575940620570715,45187
720575941486751184,720575940612986902,29911
720575941612282342,720575940633109063,805930
720575941499622985,720575940655337889,152709
720575941579309905,720575940614873775,107094
720575941408690094,720575940608161604,97948
720575941562262317,720575940615100926,174217
720575941537859555,720575940634202081,148899
720575941687160182,720575940624320695,520133
720575941469018176,720575940624133925,519699
720575941702020058,720575940633706660,55938
720575941473735739,720575940626641640,47741
720575941538102248,720575940627347514,187522
720575941659563600,720575940614384593,530320
720575941474983995,720575940622550566,50782
720575941631761824,720575940630371287,124436
720575941481411782,720575940620698960,103518
720575941517913966,720575940635564954,82564
720575941565493767,720575940621643041,146938
720575941505121842,720575940624208520,121128
720575941432753166,720575940631731560,113961
720575941579450961,720575940618625645,69147
720575941536206568,720575940615861654,102564
720575941537146005,720575940626580773,87584
720575941601092649,720575940636358392,58801
720575941430305784,720575940616821824,115502
720575941479803983,720575940625426832,27706
720575941525874457,720575940638498000,100380
720575941691283931,720575940620337287,543496
720575941559350899,720575940617759060,544206
720575941477061425,720575940620847086,197573
720575941529351044,720575940630170421,116752
720575941566036782,720575940630866316,512886
720575941594285681,720575940634612654,123274
720575941457424710,720575940617783355,128826
720575941594946437,720575940625104568,564697
720575941461881796,720575940629238543,71587
720575941546013033,720575940614957162,44687
720575941508941953,720575940620765574,518738
720575941473483067,720575940633541165,87914
720575941640150815,720575940618673985,46684
720575941438449708,720575940622319220,60119
720575941459810515,720575940626397127,163572
720575941668893427,720575940646942260,30730
720575941525747714,720575940619301185,533987
720575941519182263,720575940618608029,526067
720575941450605690,720575940628570186,554835
720575941572851721,720575940616487910,38858
720575941667262897,720575940622537036,91217
720575941477704478,720575940623087386,166993
720575941629064418,720575940615525782,97027
720575941450227834,720575940626423580,66572
720575941626721900,720575940628317715,801100
720575941668092403,720575940611764629,126067
720575941535561394,720575940619967099,514227
720575941498442658,720575940634069940,810470
720575941543572509,720575940629845442,808220
720575941632844448,720575940627135625,63990
720575941611623401,720575940647611956,539881
720575941508055646,720575940620726744,549253
720575941622515964,720575940631575096,46667
720575941499572642,720575940619624630,104942
720575941458770758,720575940616288769,63519
720575941490045493,720575940614291980,52634
720575941505325591,720575940639057240,141171
720575941522838603,720575940636043127,61820
720575941533768228,720575940621613695,95624
720575941610512557,720575940610784179,820375
720575941516943982,720575940626969118,36499
720575941483843906,720575940611013043,91557
720575941584118623,720575940613988242,94428
720575941554427034,720575940628052879,125007
720575941501848626,720575940609801483,34947
720575941455474925,720575940622372476,114231
720575941548895009,720575940614203601,16480
720575941536511474,720575940623320873,192811
720575941474115626,720575940630065602,147514
720575941431160279,720575940626991362,153509
720575941457124255,720575940619389168,807068
720575941503655474,720575940607293570,544135
720575941652159505,720575940620685397,175033
720575941574706077,720575940635379612,32304
720575941624816586,720575940622073235,187933
720575941555206913,720575940613119459,913946
720575941486036034,720575940625031832,73684
720575941437893420,720575940611197107,198061
720575941491306953,720575940610671428,163099
720575941452977065,720575940632172330,76651
720575941411527057,720575940614869544,164495
720575941562419346,720575940621119622,162604
720575941527554982,720575940607280770,69226
720575941476303210,720575940628886787,910161
720575941498987938,720575940620000891,527120
720575941402077987,720575940638136639,541453
720575941578077529,720575940623435701,15277
720575941572917769,720575940622016282,526830
720575941448719797,720575940620342292,163174
720575941474529310,720575940641598160,138626
720575941424973396,720575940618438429,33372
720575941533666947,720575940640830371,120456
720575941407499055,720575940645621614,811337
720575941393833878,720575940628907240,911244
720575941688241903,720575940606236081,14913
720575941574944669,720575940605047742,514658
720575941667591345,720575940605718374,821622
720575941645657032,720575940607265348,232880
720575941512072145,720575940631989063,119772
720575941413872924,720575940633393100,95813
720575941457059053,720575940633147802,37065
720575941674454490,720575940617381681,521631
720575941562205074,720575940633316633,534557
720575941553323547,720575940622250409,84896
720575941611356589,720575940615684498,128889
720575941488160464,720575940614409634,211143
720575941491283175,720575940620474673,98704
720575941606863213,720575940626121018,183374
720575941533337610,720575940630288695,209258
720575941479603680,720575940625141029,66486
720575941612589075,720575940631630476,54358
720575941662046332,720575940613080342,64974
720575941642312274,720575940629906223,525846
720575941415023252,720575940618769954,130906
720575941572430302,720575940610264490,215934
720575941603838398,720575940632255786,105576
720575941670572465,720575940626814501,810939
720575941502438743,720575940612283373,83271
720575941521067191,720575940632992045,29161
720575941453292595,720575940640455808,73525
720575941551320894,720575940618477947,119283
720575941631947244,720575940627740702,552633
720575941585415558,720575940627036478,95225
720575941458140115,720575940629441127,812704
720575941584805727,720575940630194423,125160
720575941645559240,720575940627071690,97503
720575941624814956,720575940621434333,58950
720575941429467017,720575940624686060,73336
720575941478545258,720575940640224600,48666
720575941433694862,720575940630358138,117708
720575941477792286,720575940622378620,909478
720575941701839066,720575940628371191,173575
720575941495194055,720575940654746529,808561
720575941570434804,720575940620752549,518571
720575941511997393,720575940637645925,84998
720575941432005646,720575940622034614,571743
720575941630517730,720575940659146113,210769
720575941567000935,720575940620160903,116620
720575941536466458,720575940635353195,97663
720575941412612719,720575940625133576,953855
720575941626410860,720575940623864759,554467
720575941628592866,720575940639868288,909257
720575941691592344,720575940641542608,552618
720575941586229126,720575940613880495,165868
720575941430190328,720575940645266467,100843
720575941561424530,720575940624209741,77367
720575941457247213,720575940631140895,38368
720575941594925701,720575940623468873,78624
720575941479934944,720575940619925328,99502
720575941497237217,720575940619553671,141420
720575941452210739,720575940635808367,43541
720575941542325253,720575940621306211,22696
720575941534734514,720575940619122598,116936
720575941611168486,720575940610651346,106017
720575941549711422,720575940622927348,148486
720575941484068282,720575940637253751,12631
720575941551124595,720575940629337191,80970
720575941501136215,720575940626002436,101133
720575941392683670,720575940620279376,78387
720575941596307845,720575940615062690,556466
720575941497420160,720575940623167075,532896
720575941482747078,720575940626956837,188303
720575941474210144,720575940628553468,83479
720575941527235204,720575940606677340,69027
720575941481194947,720575940615377514,194411
720575941514235651,720575940614660511,74184
720575941473379626,720575940609658377,112790
720575941482253053,720575940617765521,65456
720575941491322313,720575940624831240,543843
720575941474398513,720575940630134839,122004
720575941579857397,720575940631143499,542093
720575941495343047,720575940628464625,534155
720575941650745105,720575940615254782,89568
720575941540923933,720575940628224252,131051
720575941653666009,720575940632188642,62869
720575941447923381,720575940621701825,107894
720575941504849458,720575940634864665,811094
720575941615425177,720575940633064356,21415
720575941481306275,720575940620476837,98666
720575941643592274,720575940626862681,65094
720575941503221442,720575940631530597,67940
720575941555249665,720575940637238128,52100
720575941504437669,720575940628764437,156143
720575941593316971,720575940614295867,513898
720575941478385258,720575940622093918,543961
720575941560296207,720575940613769322,78352
720575941514288131,720575940631799343,119163
720575941609339309,720575940608039637,21123
720575941628383526,720575940629634819,149054
720575941488427216,720575940604539825,20359
720575941609944394,720575940620451711,100620
720575941540232829,720575940631324175,95747
720575941469123805,720575940623930829,249282
720575941652256241,720575940618237750,59237
720575941629561570,720575940617634772,193756
720575941503862507,720575940625004873,128885
720575941722030394,720575940616643284,817724
720575941391212548,720575940627412538,157068
720575941512858956,720575940616133789,539705
720575941603275705,720575940622040419,42455
720575941624581628,720575940625677693,54838
720575941653107473,720575940614775954,120339
720575941534778394,720575940634968476,142350
720575941625587308,720575940615945794,103543
720575941469735435,720575940637407204,555746
720575941561857837,720575940613398442,121292
720575941632101100,720575940616860318,157764
720575941491055820,720575940633867603,813304
720575941595303717,720575940619867595,125449
720575941436550688,720575940631011781,46276
720575941554442779,720575940618989085,535204
720575941481250383,720575940636146539,208710
720575941659042328,720575940636598639,513366
720575941620460927,720575940622231834,131883
720575941431052207,720575940628411706,167614
720575941671450023,720575940625345584,28854
720575941476462641,720575940618300929,36579
720575941652915161,720575940620145275,579926
720575941469610871,720575940621269696,68452
720575941576146614,720575940621349313,122345
720575941485450562,720575940624355113,111127
720575941435554592,720575940630426435,819875
720575941411071915,720575940623072355,57649
720575941669512113,720575940636211945,64590
720575941604003257,720575940614988463,230161
720575941458940100,720575940630467415,66105
720575941454942957,720575940624616486,86015
720575941474082363,720575940627391113,19750
720575941573808015,720575940632522538,110571
720575941491624423,720575940623519368,167207
720575941495576263,720575940612556401,110490
720575941594589398,720575940617323035,128728
720575941686956150,720575940628803689,39968
720575941505981313,720575940612547737,19811
720575941554377626,720575940619719789,63943
720575941558733604,720575940619816753,59717
720575941574407688,720575940621765569,28369
720575941589954871,720575940605455072,121772
720575941608180589,720575940632331055,138262
720575941480157675,720575940630460975,54031
720575941507215710,720575940633385005,189861
720575941652894169,720575940624190611,52237
720575941430128521,720575940623133892,24026
720575941551414170,720575940624413513,99860
720575941517139372,720575940623576211,590667
720575941460725971,720575940630442487,132644
720575941551124339,720575940649743481,51552
720575941526015588,720575940623444723,518609
720575941479687136,720575940626292226,59729
720575941568971514,720575940623820873,58599
720575941527208450,720575940620625172,77742
720575941645812936,720575940618435302,514838
720575941459650960,720575940620802910,116454
720575941524973058,720575940633496268,50256
720575941587178295,720575940617283723,43197
720575941568515322,720575940628145155,516305
720575941527508505,720575940618544469,193767
720575941533796184,720575940629362795,187358
720575941427559252,720575940628377989,68427
720575941478975082,720575940613532979,134544
720575941515238234,720575940634946967,124228
720575941532933464,720575940630693120,79423
720575941571484155,720575940617871131,105035
720575941593466920,720575940623490794,89868
720575941614891221,720575940614064877,518209
720575941511841234,720575940616909083,542249
720575941642425189,720575940613559458,105398229
720575941624067068,720575940611851413,125293
720575941565775207,720575940633163437,551659
720575941477680948,720575940647532932,29916
720575941557565348,720575940632336426,511920
720575941654200025,720575940645258020,212767
720575941505004338,720575940622940540,527039
720575941611105866,720575940632767336,32034
720575941668060147,720575940624513208,106914
720575941574404253,720575940639213877,90277
720575941528785284,720575940638331206,77871
720575941597517248,720575940631847763,1050413944
720575941440441039,720575940620787078,807688
720575941516234489,720575940640884944,175986
720575941566447719,720575940631881529,804022
720575941549713012,720575940627483142,526769
720575941477893172,720575940616161241,187418
720575941577213529,720575940621957011,62753
720575941406661038,720575940625061885,124817
720575941624913802,720575940614879283,527211
720575941510596112,720575940626892350,810670
720575941639834997,720575940604274534,57015
720575941580473845,720575940635677176,549770
720575941481728186,720575940626969993,21888
720575941575124744,720575940621688429,133575
720575941653120529,720575940626338148,815500
720575941585359582,720575940632943135,544906
720575941574884968,720575940636449678,218283
720575941521893299,720575940619953065,55827
720575941408250415,720575940631680763,809715
720575941560456719,720575940637223822,526913
720575941663708540,720575940629651559,40241
720575941480491599,720575940633065868,77767
720575941441792463,720575940631784844,515854
720575941478501482,720575940633327697,531206
720575941501345163,720575940634700439,133478
720575941525198873,720575940627265176,108776
720575941578801753,720575940623157793,164276
720575941488324661,720575940633390675,57284
720575941611060713,720575940624361195,93580
720575941564628887,720575940644737992,810597
720575941538704589,720575940635098266,150227
720575941426327380,720575940622216624,104603
720575941542345477,720575940631758411,535967
720575941600498473,720575940613144293,92292
720575941529416376,720575940618725547,199798
720575941455849456,720575940621854591,55205
720575941628151353,720575940635020133,138166
720575941589335108,720575940628692040,155930
720575941480094403,720575940621525230,236146
720575941436721196,720575940617288763,130246
720575941589625156,720575940621532848,86486
720575941625959835,720575940630391639,142171
720575941723669818,720575940620656065,129547
720575941410205099,720575940634331128,115683
720575941547251124,720575940632623524,550337
720575941643884370,720575940623324109,813262
720575941413699476,720575940630533176,567409
720575941644538017,720575940627284324,44840
720575941603133881,720575940623082078,37064
720575941513876483,720575940635057050,115030
720575941529234635,720575940627680923,171142
720575941482935750,720575940640329635,82343
720575941628218150,720575940631156055,136338
720575941519685811,720575940628986567,123270
720575941527048614,720575940611812835,49707
720575941519047384,720575940630258806,116138
720575941518908888,720575940636540590,139968
720575941601281065,720575940649887609,123099
720575941481177798,720575940604402092,46416
720575941633488544,720575940639373501,525920
720575941484143869,720575940615516926,105926
720575941543772933,720575940618248934,106592
720575941530752715,720575940619903625,129196
720575941484522758,720575940620509912,260000
720575941594893270,720575940641126608,59498
720575941431434415,720575940641615349,15060
720575941573077513,720575940630574903,56036
720575941461654980,720575940614675623,165645
720575941658782032,720575940621121462,90193
720575941559570414,720575940629540455,19823
720575941586631814,720575940628570473,57593
720575941438608191,720575940607853490,53688
720575941625397130,720575940632874040,940399
720575941562021165,720575940622558889,539116
720575941590127912,720575940627115194,809683
720575941631478688,720575940623045645,99998
720575941504147650,720575940630292439,66425
720575941590087820,720575940613689007,87660
720575941572722845,720575940617760596,45792
720575941556903204,720575940622190708,53642
720575941478654176,720575940605686374,27396
720575941480916815,720575940610483268,147367
720575941352669488,720575940619526198,45312
720575941641371749,720575940614774703,805468
720575941515790595,720575940612735205,112142
720575941474824513,720575940628983119,85452
720575941560675752,720575940611897837,173908
720575941439870293,720575940627601992,158973
720575941536134170,720575940626163837,180171
720575941626311835,720575940616832187,520424
720575941533081778,720575940649840249,813849
720575941468251767,720575940631143383,130455
720575941483126781,720575940636798831,102495
720575941611668454,720575940633711540,99816
720575941565188706,720575940632444431,121164
720575941624506826,720575940615870175,47790
720575941539620245,720575940630096250,104252
720575941575484047,720575940656099233,114468
720575941489773769,720575940634207443,68334
720575941510226704,720575940644594724,132347
720575941560546831,720575940620619870,202586
720575941572928264,720575940641041872,118826
720575941496278241,720575940626213642,70513
720575941611652371,720575940633974553,808217
720575941690151899,720575940618486721,52131
720575941702957018,720575940627128701,116650
720575941687440140,720575940623075598,912244
720575941502406283,720575940621043280,32075
720575941537488882,720575940646051095,311873
720575941624848778,720575940622228997,109587
720575941643561121,720575940619171604,124901
720575941659114776,720575940626240805,133502
720575941610194022,720575940614150567,75703
720575941513411395,720575940629851514,70357
720575941480598914,720575940615580831,109582
720575941491326924,720575940615872780,522316
720575941518377582,720575940622239615,116830
720575941476037918,720575940634245857,908665
720575941600220713,720575940614342823,55665
720575941576516456,720575940627262089,91784
720575941405878831,720575940616008309,53978
720575941538479053,720575940631645836,118838
720575941439708507,720575940627181828,85753
720575941522291531,720575940627335557,158333
720575941639216757,720575940629860664,39496
720575941611741417,720575940627229502,117315
720575941685783564,720575940642924685,40974
720575941509270738,720575940636648334,587934
720575941687364982,720575940622557675,60527
720575941644770721,720575940630428892,108517
720575941690333336,720575940625864530,185302
720575941525100198,720575940631965783,59327
720575941490535600,720575940632983972,93700
720575941534477761,720575940626016408,80391
720575941432622551,720575940634607585,534610
720575941590038526,720575940645695780,87635
720575941668909811,720575940619908590,810805
720575941611829990,720575940638682458,118110
720575941514703507,720575940608729097,45686
720575941570853022,720575940629419526,72934
720575941477024561,720575940616626518,129408
720575941586914014,720575940608905737,90881
720575941603230905,720575940614077491,531224
720575941538149859,720575940619054027,179740
720575941560316531,720575940628056320,120299
720575941552786842,720575940626363880,41208
720575941439962431,720575940615500798,46163
720575941517258968,720575940639487440,813518
720575941571544648,720575940623277667,45394
720575941498876027,720575940627741754,531718
720575941553520641,720575940613275311,112259
720575941658755096,720575940632989011,60614
720575941615098777,720575940607344306,146235
720575941549998369,720575940614549713,1051062549
720575941687342454,720575940628327034,141973
720575941430941432,720575940615899286,546601
720575941510064594,720575940630018105,104391
720575941624439242,720575940615225250,223848
720575941500440226,720575940629441795,66815
720575941440152411,720575940620633547,112115
720575941552230655,720575940615381927,62914
720575941553736731,720575940642734280,151469
720575941671117479,720575940627857039,103303
720575941476739633,720575940639810931,101430
720575941450327886,720575940617414585,36927
720575941564997783,720575940630975831,120734
720575941545781428,720575940620380654,82581
720575941690621848,720575940630589548,157993
720575941540466637,720575940621488566,167768
720575941559734510,720575940631166326,127165
720575941490800590,720575940631418742,54487
720575941525022029,720575940617172002,93207
720575941493715632,720575940621495329,38873
720575941514035449,720575940621571937,62902
720575941613847315,720575940624322244,182071
720575941568614650,720575940627945320,22596
720575941497095905,720575940626912556,121446
720575941477959274,720575940617980295,33995
720575941655452377,720575940614216702,40445
720575941450605917,720575940612197745,135204
720575941478964586,720575940618169172,531798
720575941551915911,720575940616568577,81047
720575941495108551,720575940626561564,534229
720575941414051729,720575940635065719,803750
720575941569556082,720575940633071533,153275
720575941610701414,720575940622839390,58328
720575941578812497,720575940619677166,88854
720575941486908112,720575940629802878,526275
720575941550380605,720575940621725350,513168
720575941504329266,720575940624825579,16631
720575941566059318,720575940628253266,550818
720575941524586059,720575940631043383,123790
720575941534971114,720575940615603851,26364
720575941480462816,720575940630591479,56106
720575941458361328,720575940639388494,65628
720575941551190387,720575940614634694,512236
720575941598563996,720575940615136679,907259
720575941532458730,720575940618016315,62530
720575941608031597,720575940641574389,93828
720575941572346696,720575940636687790,57243
720575941496799867,720575940633982035,38923
720575941554188315,720575940630289408,107294
720575941611282662,720575940615669826,107360
720575941489984972,720575940631382603,120685
720575941681183165,720575940621823979,89720
720575941516283539,720575940631328476,61814
720575941494172544,720575940634501215,76636
720575941484555586,720575940624774275,151163
720575941508539938,720575940626546992,175328
720575941437658965,720575940622599518,809804
720575941625997706,720575940629389647,130575
720575941353205808,720575940632877112,818062
720575941631939564,720575940620637776,87010
720575941643382177,720575940614212754,124691
720575941610463718,720575940628060232,513429
720575941469018743,720575940624201141,33840
720575941536418586,720575940626665489,107436
720575941631047621,720575940621891750,111503
720575941471969120,720575940627522078,79981
720575941469404023,720575940626309164,66944
720575941599211817,720575940614940670,119916
720575941591900556,720575940622746608,133747
720575941689635547,720575940615853206,60937
720575941620256895,720575940612740069,38680
720575941452447866,720575940635129195,520536
720575941686962159,720575940628962300,65585
720575941526456486,720575940629871226,512441
720575941570108660,720575940629230342,121225
720575941565562678,720575940610994130,814902
720575941533327491,720575940661234561,110515
720575941561542824,720575940638036336,30448
720575941497911970,720575940625661246,55116
720575941461248211,720575940614061521,807169
720575941457902150,720575940619810982,186896
720575941451181134,720575940631279575,45514
720575941588595255,720575940632825657,44890
720575941644359032,720575940619662144,32408
720575941702808282,720575940619285333,30970
720575941527675524,720575940625061384,906551
720575941516445433,720575940623392892,39294
720575941633539781,720575940618165021,535230
720575941513502819,720575940615344849,65567
720575941610200550,720575940619687217,83385
720575941462672909,720575940624673003,416161552
720575941610854121,720575940637993806,89169
720575941581845369,720575940622379990,40261
720575941609393766,720575940629111811,545423
720575941533222885,720575940629784314,525003
720575941617744853,720575940648302201,102510
720575941631610299,720575940628850664,60998
720575941554096385,720575940614896571,71221
720575941518338476,720575940620326896,180749
720575941586425412,720575940623925577,550275
720575941539920333,720575940631268882,64830
720575941523364683,720575940628295174,115654
720575941490856880,720575940614843275,739741
720575941595658533,720575940629204303,221064
720575941408243374,720575940632032652,118175
720575941636667253,720575940619360680,65774
720575941449447861,720575940617560838,117129
720575941491091662,720575940610534702,83075
720575941458820767,720575940632256481,35993
720575941550749246,720575940626410392,151270
720575941571998877,720575940644172232,101921
720575941519603672,720575940615105426,516999
720575941668124659,720575940610731618,810651
720575941435567904,720575940617533051,815018
720575941638831135,720575940608792075,178817
720575941564630162,720575940637002351,92955
720575941467587862,720575940630376234,855431770
720575941538609789,720575940630566113,121507
720575941403848048,720575940656012193,119155
720575941579822929,720575940609479179,27639
720575941527517862,720575940624245245,811685
720575941492575870,720575940613067687,56148
720575941452495431,720575940606519910,122130
720575941533145573,720575940629974683,74280
720575941572297118,720575940644723479,161089
720575941516039258,720575940638981198,150345
720575941486516432,720575940651812342,40125
720575941493623728,720575940609892363,515613
720575941552984638,720575940625047047,149000
720575941619733986,720575940607332018,102720
720575941523733579,720575940634181020,47778
720575941574694409,720575940624241092,45812
720575941411485867,720575940622355836,126916
720575941560068334,720575940630603514,23661
720575941535327832,720575940627557202,65185
720575941413999505,720575940631447148,185316
720575941630237410,720575940616091660,151137
720575941614832915,720575940608158677,163419
720575941431668321,720575940626213694,49321
720575941584782431,720575940617828312,193870
720575941449470133,720575940620419664,86632
720575941569652850,720575940640140733,142774
720575941404754544,720575940617827707,814946
720575941531212517,720575940659447937,133319
720575941449959093,720575940629289466,912708
720575941465896534,720575940615289650,78365
720575941440404175,720575940607695428,81525
720575941531737035,720575940616134843,72109
720575941478936739,720575940629062162,580083
720575941557308196,720575940636490158,61139
720575941525868454,720575940627448904,56428
720575941499422537,720575940629760335,100702
720575941596947845,720575940639675088,156265
720575941534531250,720575940644338980,71133
720575941473241642,720575940629456375,131236
720575941655242452,720575940625308391,111450
720575941568591860,720575940630963275,41617
720575941670206631,720575940630558316,170354
720575941516987539,720575940644163016,240034
720575941546938548,720575940619968892,45917
720575941506750373,720575940640602685,138462
720575941435315854,720575940612085909,71647
720575941651128085,720575940626875748,200599
720575941572727453,720575940623260808,116965
720575941477247809,720575940645033252,218790
720575941572585800,720575940624820775,946313
720575941607728493,720575940617597597,31378
720575941458658544,720575940625945843,580188
720575941608467530,720575940612288610,909036
720575941681343421,720575940615121058,76225
720575941489418958,720575940632923704,32598
720575941535667994,720575940632078220,804378
720575941451315066,720575940615697058,919688
720575941565088103,720575940629618947,511883
720575941556443876,720575940636008031,83484
720575941572463099,720575940612068581,100016
720575941553743495,720575940630736143,50346
720575941459157830,720575940646935940,20600
720575941441723327,720575940623705783,89474
720575941476032321,720575940626171578,150602
720575941555038436,720575940624702727,109448
720575941687223279,720575940650495609,51137
720575941529374155,720575940630937704,125721
720575941601919222,720575940614813334,64359
720575941523175243,720575940627932541,813717
720575941537575922,720575940603891936,206644
720575941657266456,720575940616255500,158060
720575941480757839,720575940621308933,41788
720575941651914993,720575940615067067,110483
720575941477806366,720575940624279527,118186
720575941574001417,720575940611486818,57007
720575941430415886,720575940606273714,532456
720575941481701967,720575940644307735,175536
720575941534901848,720575940622930952,812720
720575941563752246,720575940632056857,29305
720575941552851262,720575940630470876,26873
720575941554026887,720575940631700219,157322
720575941595714087,720575940617378833,155503
720575941605913197,720575940616170034,129870
720575941514137155,720575940630575042,545378
720575941631004130,720575940640485109,71633
720575941538125027,720575940612507801,550463
720575941465877590,720575940624361230,54957
720575941567049319,720575940616620219,165776
720575941620537471,720575940629450106,131549
720575941532422322,720575940605631153,808484
720575941468620253,720575940620390741,115134
720575941444765866,720575940625107187,31350
720575941653804049,720575940609498325,59638
720575941591209512,720575940639784563,258551
720575941627960102,720575940624594320,19974
720575941518544044,720575940623711466,71930
720575941439562175,720575940645418548,127949
720575941688772315,720575940627303699,93038
720575941553558756,720575940625168056,812151
720575941537366499,720575940631082839,199789
720575941586971870,720575940622860788,19521
720575941589269828,720575940629702699,142766
720575941521678003,720575940619106102,171994
720575941689238491,720575940625114957,91766
720575941431561464,720575940620741973,106283
720575941568066094,720575940632162891,811250
720575941429476823,720575940629193154,194990
720575941450584669,720575940615364817,518070
720575941460274758,720575940632743588,124000
720575941629320998,720575940624055559,138316
720575941494849406,720575940611817779,143977
720575941554151066,720575940621565311,135203
720575941643549010,720575940615047976,11745
720575941597182144,720575940627284252,121673
720575941450575482,720575940626524938,105124
720575941569588594,720575940617899993,43230
720575941643982200,720575940630430268,28653
720575941560082158,720575940634510231,935921
720575941468034838,720575940618743586,529744
720575941554811802,720575940630088183,73933
720575941545250921,720575940638472024,160435
720575941624651516,720575940622464332,205759
720575941546519176,720575940620829935,512835
720575941612316589,720575940631565817,160884
720575941450264413,720575940630957568,93077
720575941433621006,720575940621117319,96808
720575941512650828,720575940624932282,154945
720575941563679912,720575940644464032,80048
720575941559463725,720575940632162631,273669
720575941504077143,720575940640001614,109663
720575941632287675,720575940636786533,77616
720575941569866740,720575940604456108,78539
720575941633684667,720575940618511643,912290
720575941514194641,720575940629198833,136369
720575941563893248,720575940632731752,122193
720575941436374560,720575940631315257,97758
720575941539455613,720575940621323685,553738738
720575941439810139,720575940628260368,129985
720575941564134546,720575940621741556,35073
720575941535193322,720575940623462141,279980
720575941466289174,720575940640615808,52185
720575941624605436,720575940628218129,532737
720575941655669784,720575940631092421,519180
720575941500187810,720575940622105880,801541
720575941519624814,720575940632273721,150634
720575941499457097,720575940629611625,814722
720575941497638369,720575940632395918,168656
720575941547142068,720575940637035918,81436
720575941513895756,720575940615322674,154437
720575941584446815,720575940628330058,74948
720575941574034319,720575940655742881,86743
720575941564889442,720575940632399119,98761
720575941627894841,720575940611900968,32937
720575941730539307,720575940636037604,85525
720575941586805214,720575940622419480,32631
720575941518881964,720575940632982559,76789
720575941628918822,720575940632026681,906460
720575941498011259,720575940612348438,80984
720575941431093774,720575940629930110,183789
720575941353092400,720575940619458112,534369
720575941469276125,720575940622635817,90968
720575941620331391,720575940607081161,128210
720575941475533627,720575940628076175,196092
720575941531079141,720575940619043669,109506
720575941640422943,720575940605800160,535437
720575941688978584,720575940634194783,56001
720575941506956638,720575940638991413,145210
720575941552547226,720575940626634084,527088
720575941579851857,720575940615238075,118381
720575941505647164,720575940633786007,93499
720575941667398387,720575940630699511,25111
720575941643072632,720575940626877468,73743
720575941536557249,720575940632036931,56589
720575941611313129,720575940631448913,25070
720575941506971452,720575940628418347,17822
720575941667972785,720575940627084332,190138
720575941619646591,720575940622410879,122145
720575941463012240,720575940610509251,518304
720575941631940588,720575940620607147,212652
720575941564122258,720575940643913120,128981
720575941569306874,720575940610678062,76420
720575941477806878,720575940614588778,107350
720575941486395021,720575940625347145,558444
720575941450380410,720575940625809816,133448
720575941565301511,720575940625263177,181758
720575941565301863,720575940605773233,171162
720575941564804359,720575940621786504,121806
720575941447894292,720575940622626172,159148
720575941464150870,720575940623538125,543432
720575941475755585,720575940626737384,107228
720575941441725019,720575940614233263,136718
720575941644601464,720575940639021540,71542
720575941613265049,720575940627502725,92136
720575941594671062,720575940623132612,153594
720575941670456999,720575940621195201,65334
720575941684998383,720575940619024774,50773
720575941411590804,720575940625956042,105920
720575941526222338,720575940630941691,36837
720575941552569498,720575940626139981,122525
720575941591299582,720575940640097332,27377
720575941680785341,720575940621571974,164730
720575941408546351,720575940623960063,190995
720575941555354369,720575940621082733,49320
720575941575638632,720575940628422855,177157
720575941473746784,720575940633938367,69613
720575941506655292,720575940633901537,92965
720575941461231827,720575940623467388,815697
720575941535638538,720575940623005308,91371
720575941610700518,720575940622195700,172349
720575941552620827,720575940633605068,87943
720575941575820687,720575940626673712,68680
720575941633771963,720575940614284719,125843
720575941514069201,720575940623808394,49296
720575941661134648,720575940615015366,905654
720575941482839750,720575940648636804,51169
720575941517376403,720575940650785657,171041
720575941481934022,720575940641932789,546183
720575941493328254,720575940628090184,70177
720575941471853323,720575940633050524,110779
720575941668800243,720575940629343959,816997
720575941511937746,720575940616260930,519487
720575941661566076,720575940639054569,166033
720575941589379838,720575940620112007,60784
720575941446100756,720575940625558873,63703
720575941411007855,720575940635295840,185071
720575941556081380,720575940631205906,49183
720575941505961788,720575940627709565,68376
720575941538049256,720575940632730828,139458
720575941568773422,720575940614082867,119763
720575941475960641,720575940614196776,109001
720575941529827531,720575940623209983,812290
720575941490353383,720575940622257729,38118
720575941547401249,720575940612542873,251962
720575941559382829,720575940614718623,109846
720575941528562635,720575940639586944,143990
720575941613523353,720575940628039250,103352
720575941500299659,720575940635800511,65117
720575941671172263,720575940624379400,96494
720575941552051335,720575940629703015,541538
720575941579131001,720575940629091146,118529
720575941490577612,720575940618193665,812468
720575941391519894,720575940635082140,124451
720575941474685226,720575940612774952,819710
720575941432389079,720575940624923379,183833
720575941459128048,720575940636942447,213800
720575941653732881,720575940622082729,43498
720575941507268119,720575940622349684,87329
720575941449903226,720575940631250492,212005
720575941576528488,720575940611375001,54597
720575941352734512,720575940628681749,548462
720575941500433058,720575940620312797,158206
720575941575236361,720575940630999516,144492
720575941591790632,720575940633662690,144910
720575941536368922,720575940616617473,151789
720575941703304666,720575940625832478,102354
720575941439852607,720575940621674520,144475
720575941721860410,720575940622210729,70803
720575941548955425,720575940624386696,543750
720575941539767900,720575940625506704,811880
720575941469916279,720575940613006590,810428
720575941480372610,720575940646534254,42286
720575941519333047,720575940620204678,176770
720575941612191917,720575940616299314,805752
720575941631606213,720575940615980438,61684
720575941688942092,720575940636561754,575476
720575941589846583,720575940653567478,116068
720575941552723591,720575940634599269,521444
720575941515528953,720575940622301437,159490
720575941414464145,720575940637647205,119498
720575941614280723,720575940621414848,235595
720575941558416499,720575940629308234,63786
720575941671491751,720575940629186378,14997
720575941579460597,720575940631990826,48950
720575941594021415,720575940644124320,804389
720575941611543981,720575940633986899,129231
720575941411723435,720575940614392949,600700832
720575941475086890,720575940619717217,142787
720575941471588619,720575940630402834,103819
720575941556819940,720575940626522910,75036
720575941518897836,720575940628449009,190032
720575941658763856,720575940642496653,534854
720575941470835211,720575940625393466,544826
720575941600242982,720575940634629601,103063
720575941450101319,720575940638770595,64322
720575941548428916,720575940623615502,161188
720575941497724283,720575940626919144,56006
720575941630561989,720575940617375883,532454
720575941507983966,720575940630887183,95853
720575941651340821,720575940609255177,102795
720575941507171106,720575940636383863,905861
720575941539951997,720575940628386703,53205
720575941642574418,720575940608176139,114936
720575941591251198,720575940619564248,536187
720575941625411210,720575940650715513,550721
720575941499292578,720575940616458309,22278
720575941520832691,720575940628203027,26348
720575941480086351,720575940634284686,157302
720575941663268476,720575940624446717,108783
720575941460458707,720575940640605603,62204
720575941468555639,720575940622093832,109298
720575941567777394,720575940632516781,34034
720575941438632639,720575940626557995,1061901900
720575941540841421,720575940619644352,66305
720575941451493959,720575940626449154,158207
720575941439868735,720575940632606767,53170
720575941476531521,720575940643448430,111885
720575941631262690,720575940621650721,552251
720575941409386411,720575940615218087,92171
720575941573618441,720575940629836396,93334
720575941429233839,720575940621228737,83891
720575941534885864,720575940608505795,812789
720575941615805081,720575940617554577,115503
720575941450301365,720575940619031572,81876
720575941410166699,720575940633025436,45814
720575941438832428,720575940619249488,55824
720575941450568519,720575940610726190,75488
720575941542988805,720575940629826123,204457
720575941611368422,720575940606148798,805095
720575941619765375,720575940649931641,550718
720575941610677478,720575940630906179,529315
720575941471966219,720575940615322023,107788
720575941474714154,720575940614749103,94512
720575941668983283,720575940622188726,534870
720575941498261627,720575940624698549,121316
720575941486917442,720575940618852212,514985
720575941667995057,720575940614827963,132280
720575941576952168,720575940623604458,369074
720575941583088223,720575940618418321,113209
720575941547188148,720575940625435469,811597
720575941612278630,720575940615778790,75215
720575941525841945,720575940610320554,161440
720575941602441913,720575940620611009,89471
720575941485109510,720575940627365763,133454
720575941667390195,720575940620081031,211308
720575941450133838,720575940622018698,80387
720575941615675349,720575940614800638,75333
720575941531475941,720575940630828406,95134
720575941595912999,720575940631410939,119232
720575941508174942,720575940615088274,205233
720575941496165499,720575940620920411,116954
720575941631788192,720575940618596731,99438
720575941525520973,720575940624480915,99514
720575941560621683,720575940627450567,29442
720575941454853869,720575940641704077,75164
720575941534687242,720575940611713088,75508
720575941578241881,720575940631884883,37629
720575941499010171,720575940652577270,817987
720575941475057211,720575940625282236,199223
720575941689342939,720575940620768080,43835
720575941479178691,720575940629796603,19182
720575941475576891,720575940640851584,134571
720575941580325713,720575940647825540,110088
720575941497261440,720575940624633095,97900
720575941540067789,720575940627638095,191352
720575941540111821,720575940641609691,30684
720575941555666515,720575940633510611,126658
720575941576405608,720575940621845119,35316
720575941568372212,720575940614580689,119181
720575941470076381,720575940627634777,99715
720575941469324919,720575940612621530,202889
720575941472280896,720575940631161206,93601
720575941480450639,720575940629828037,554629
720575941406776750,720575940616739397,37160
720575941580500601,720575940639428515,50307
720575941652335125,720575940632027729,539235
720575941667912369,720575940620249173,500002
720575941450633821,720575940619772737,808433
720575941437671698,720575940622805469,188466
720575941407966382,720575940626786859,817272
720575941584677086,720575940624712340,151750
720575941592004392,720575940618294336,113645
720575941408191150,720575940628623178,580383
720575941557341455,720575940626999882,935161
720575941475742238,720575940628812670,811018
720575941537797096,720575940627604674,550665
720575941429383521,720575940626738618,807015
720575941439136085,720575940618326306,59152
720575941599204032,720575940639904475,64221
720575941438959707,720575940617731217,806664
720575941564736103,720575940639466054,212793
720575941561545896,720575940623858729,29283
720575941353225008,720575940635727711,905664
720575941505379493,720575940623045597,519089
720575941595072726,720575940618950480,53441
720575941595965809,720575940629420362,29964
720575941504301637,720575940630281436,535269
720575941587436087,720575940620305624,75756
720575941502588722,720575940632258468,46849
720575941448630094,720575940621556743,114001
720575941655289556,720575940633954808,43681
720575941470090615,720575940618867101,816048
720575941480633507,720575940614365359,182196
720575941413645972,720575940631380951,113583
720575941524956516,720575940616333969,75118
720575941529491384,720575940633848531,58909
720575941408569262,720575940652606881,166716
720575941575841206,720575940618946206,34220
720575941498810491,720575940625816894,98893
720575941643835553,720575940614977199,104627
720575941568285810,720575940630654927,500417
720575941480613711,720575940626268488,24360
720575941441866331,720575940605621862,111278
720575941643476129,720575940618322971,541552
720575941654025233,720575940630547927,79650
720575941412511633,720575940631084247,205884
720575941599079104,720575940623602958,177268
720575941540596605,720575940618663617,109361
720575941644002504,720575940627582525,111820
720575941577812569,720575940636926638,147873
720575941502576523,720575940606350526,807525
720575941529916645,720575940627718984,524373
720575941574988809,720575940638524905,818534
720575941598832425,720575940626898494,75212
720575941401466147,720575940624771255,192401
720575941537938659,720575940605796966,69830
720575941655221465,720575940624964878,27339
720575941535350104,720575940619845552,235596160
720575941689449435,720575940624166837,90054
720575941406686255,720575940622152737,360278126
720575941580142837,720575940635660399,211718
720575941430294264,720575940631233340,936011
720575941564314880,720575940629413194,113156
720575941449485661,720575940621334804,100061
720575941567019566,720575940609288457,107494
720575941559084559,720575940620684965,121687
720575941573663048,720575940617734612,147981
720575941654611417,720575940643361224,89460
720575941575482767,720575940627551631,184620
720575941448277685,720575940630246095,38125
720575941671920039,720575940614123816,512148
720575941691331224,720575940621316724,519271
720575941481252259,720575940619727926,29914
720575941525874598,720575940641713824,500103
720575941688864012,720575940627027733,93738
720575941481069135,720575940637943093,138094
720575941611367270,720575940621312884,146633
720575941457077407,720575940617500633,89714
720575941474265659,720575940617012422,30095
720575941570566302,720575940639853731,143638
720575941587170116,720575940640434139,114719
720575941535162890,720575940630448896,518026
720575941427730516,720575940627785597,20007
720575941459218131,720575940630404655,104021
720575941503029042,720575940633320343,78015
720575941498251426,720575940628831818,74818
720575941503039831,720575940643792032,113804
720575941450169525,720575940629453049,90086
720575941459799748,720575940619863796,146401
720575941688045430,720575940654512545,107876
720575941560704115,720575940625210382,579974
720575941445111978,720575940633203620,39100
720575941513808995,720575940640810840,92142
720575941629667564,720575940638778340,119079
720575941537055514,720575940643076768,813625
720575941515983194,720575940636323952,108373
720575941550278911,720575940636704879,55642
720575941489419470,720575940636349108,129034
720575941506817084,720575940618482013,518672
720575941430816504,720575940637727066,140385
720575941533437930,720575940628938472,73501
720575941632874437,720575940614919062,145980
720575941390604438,720575940627974955,27709
720575941510165458,720575940624325629,175828
720575941486224525,720575940640533200,86217
720575941612418662,720575940634164124,521054
720575941485136781,720575940624175653,100281
720575941403486832,720575940614386850,500044
720575941689218011,720575940610558833,139664
720575941624328300,720575940621887654,32845
720575941533269770,720575940604096614,157274
720575941525458457,720575940625956140,25359
720575941580483573,720575940613279766,526248
720575941451223630,720575940625106584,120051
720575941574659727,720575940623826568,165813
720575941498930299,720575940641603035,169521
720575941440465237,720575940622081818,107986
720575941519994222,720575940618202539,100462
720575941460439622,720575940618900359,112976
720575941687108335,720575940629011535,141693
720575941533676120,720575940621607796,68973
720575941551998782,720575940617356545,102968
720575941470460535,720575940622456908,190127
720575941626277578,720575940644974024,148972
720575941546424500,720575940628639050,119210
720575941516095481,720575940631379919,110346
720575941568395566,720575940618291525,123924
720575941652654065,720575940628431632,165159
720575941514535683,720575940629745022,520507
720575941511669457,720575940618209117,897061253
720575941557188516,720575940611193298,52921
720575941479325058,720575940617770107,106272
720575941642681761,720575940625661840,110134
720575941411225259,720575940610236629,118633
720575941500876523,720575940637475982,111638
720575941459302470,720575940622021146,116662
720575941490828748,720575940627099082,553511
720575941525940813,720575940612286899,118569
720575941428039764,720575940623625741,92043
720575941526434148,720575940606615563,129719
720575941655540948,720575940622086614,113868
720575941589087543,720575940653599478,164306
720575941542646045,720575940627183290,109036
720575941409138735,720575940616284172,137865
720575941688793819,720575940621401438,88713
720575941409059502,720575940622365578,138687
720575941623446154,720575940626005904,156865
720575941630244322,720575940624342309,191227
720575941523347191,720575940618905291,59809
720575941515115866,720575940628257730,524137
720575941611064297,720575940628814084,91388
720575941589488951,720575940636843846,74817
720575941440109503,720575940630183931,554808
720575941574215944,720575940629481515,817788
720575941611710182,720575940637489326,85474
720575941681427389,720575940619997269,530084
720575941721521210,720575940622191905,67932
720575941524718667,720575940627026981,541837
720575941591693196,720575940632703545,547890
720575941436244768,720575940644075424,132456
720575941515112185,720575940634851952,36171
720575941430802647,720575940633372129,138318
720575941517716396,720575940619835733,802587
720575941631526085,720575940610773970,178752
720575941436581152,720575940611124246,67463
720575941615407257,720575940605917030,122664
720575941560550126,720575940632594755,92102
720575941629476646,720575940626898746,42602
720575941631471520,720575940628785173,34680
720575941552584839,720575940617934882,34703
720575941513647436,720575940623315856,45419
720575941506975070,720575940622078725,62199
720575941473016362,720575940622597360,575566
720575941503756119,720575940635733093,104487
720575941548048520,720575940625780105,194512
720575941496299593,720575940618818395,56324
720575941686719500,720575940606327584,27817
720575941486429190,720575940622383198,78728
720575941564243602,720575940617993275,36428
720575941549963124,720575940626292861,32702
720575941535501546,720575940627233435,29159
720575941643919816,720575940617185675,178823
720575941459448991,720575940654873505,27711
720575941470135360,720575940619085642,157608
720575941576812648,720575940633500311,906635
720575941491691751,720575940634714075,39652
720575941588628620,720575940617386196,807777
720575941476746036,720575940618561821,118191
720575941513440835,720575940626835801,123159
720575941401095203,720575940620037456,139002
720575941671497127,720575940626435621,165259
720575941531651787,720575940636595557,165046
720575941604917182,720575940645629975,73276
720575941686962806,720575940619610235,175359
720575941480464608,720575940615543698,105140
720575941732333355,720575940638574936,104216
720575941556134564,720575940630848579,23858
720575941548623421,720575940622180632,120963
720575941581815417,720575940626386276,93516
720575941663889276,720575940625107383,19488
720575941626638956,720575940626108553,117279
720575941565980775,720575940630063160,297531
720575941551049471,720575940622291068,151403
720575941621707516,720575940628393154,82596
720575941474117418,720575940624644277,142491
720575941612445357,720575940621635916,92832
720575941511355089,720575940614901004,1057841935
720575941611794534,720575940645661731,140446
720575941439087890,720575940614996787,90686
720575941474928449,720575940626373784,517886
720575941484692365,720575940617422849,22760
720575941534267370,720575940618423993,111705
720575941534552257,720575940622335370,160163
720575941654961625,720575940638111716,120547
720575941482981050,720575940608116316,147033
720575941467388758,720575940629145084,687921699
720575941480456928,720575940625843187,205838
720575941504501298,720575940628803687,35092
720575941654054105,720575940606496011,914347
720575941509461776,720575940637943630,147831
720575941566361959,720575940618126459,23102
720575941669881265,720575940629839888,15637
720575941507356962,720575940616135099,807238
720575941506501029,720575940625839800,551007
720575941523367755,720575940645010286,52601
720575941403051632,720575940630528215,32692
720575941630577056,720575940625094670,802055
720575941516083347,720575940622773530,131803
720575941552326023,720575940621422518,107867
720575941438947602,720575940645907223,539957
720575941626477979,720575940612549171,533291
720575941458411760,720575940607507157,105900
720575941433936014,720575940627755338,930660
720575941435892512,720575940655733921,552921
720575941564926359,720575940634243283,176785
720575941400171555,720575940630940217,73467
720575941690351000,720575940616844475,117625
720575941572265886,720575940640690339,42125
720575941624786796,720575940636051563,114131
720575941548607092,720575940633272983,74758
720575941563013218,720575940617817556,46513
720575941506761893,720575940630916087,812293
720575941533230211,720575940627219130,128998
720575941542396701,720575940620923887,907663
720575941612045532,720575940645791028,87683
720575941443124650,720575940618999350,112248
720575941610133933,720575940613365650,81666
720575941555442689,720575940620534624,86256
720575941547111348,720575940615784342,535670
720575941626390329,720575940632513180,512643
720575941626041196,720575940627675497,55165
720575941411233707,720575940621972351,27849
720575941391170052,720575940632784721,74757
720575941486382544,720575940627249162,49326
720575941495158910,720575940626685785,563713
720575941456137887,720575940627423055,134944
720575941729974827,720575940633347153,165435
720575941409043627,720575940619409984,114875
720575941644547704,720575940608562185,906312
720575941541703453,720575940623753254,81297
720575941512465617,720575940632727999,64150
720575941491388364,720575940637679758,70339
720575941631184866,720575940634345372,105661
720575941626390218,720575940625719866,115295
720575941514555994,720575940625806484,111924
720575941531649995,720575940616842169,138542
720575941438956844,720575940641661941,531219
720575941516850067,720575940630593644,134037
720575941445372586,720575940611631333,59885
720575941493753982,720575940613637785,142364
720575941448636765,720575940612091315,110359
720575941571020702,720575940627672634,821529
720575941653283345,720575940621391087,49689
720575941469324407,720575940609943928,66806
720575941527964582,720575940626540821,811117
720575941466615574,720575940624585766,514487
720575941476631089,720575940630767959,537843
720575941485571650,720575940628262120,561364
720575941461344196,720575940620798284,82550
720575941519144620,720575940642321056,66332
720575941480791631,720575940636851940,22552
720575941688986380,720575940632667473,26804
720575941476822122,720575940616523020,520920
720575941552582791,720575940625865724,155662
720575941440053967,720575940661264513,545338
720575941573457992,720575940613271781,1051069306
720575941480139427,720575940629222087,49960
720575941584920159,720575940629283543,60151
720575941567148078,720575940635468735,116656
720575941586475076,720575940647223428,544958
720575941644971208,720575940627019539,543801
720575941411090603,720575940614629799,206809
720575941584416607,720575940638248425,522902
720575941690520539,720575940616633686,210489
720575941441636047,720575940655616161,143118
720575941575045277,720575940631572778,55943
720575941488486965,720575940607262985,812230
720575941632795323,720575940624499300,80559
720575941413050991,720575940631638543,59775
720575941476266270,720575940614923963,129472
720575941567700980,720575940623351443,559926
720575941439536863,720575940612519833,103984
720575941453051463,720575940622194465,104170
720575941702063066,720575940622375593,906290
720575941550123380,720575940621687942,953896
720575941491580108,720575940628777384,534361
720575941454837043,720575940634943388,17383
720575941586098310,720575940608136066,812400
720575941515578435,720575940615737503,26100
720575941546932585,720575940625151550,102681
720575941574197430,720575940625800786,131926
720575941689247195,720575940631158327,150254
720575941500754315,720575940613264918,42546
720575941450230094,720575940646798883,194592
720575941662070396,720575940639972597,118845
720575941568722734,720575940632757039,165499
720575941613702108,720575940606279782,54196
720575941580632309,720575940624891573,135624
720575941518783192,720575940644690468,129265
720575941490657230,720575940648635524,164750
720575941437819711,720575940626322213,33985
720575941436112428,720575940606628896,539434
720575941593895382,720575940623905779,811500
720575941429318392,720575940636990005,823124
720575941655570905,720575940609213449,153907
720575941576219062,720575940637606982,163716
720575941498946529,720575940632574253,98044
720575941430277001,720575940610802990,135711
720575941525730818,720575940620859416,289712
720575941567902964,720575940617654645,65604
720575941610564710,720575940655912865,128786
720575941585650566,720575940627054010,27630
720575941428505993,720575940626163518,139287
720575941568501038,720575940611156978,82234
720575941504964802,720575940617974612,46080
720575941548331892,720575940635828634,164530
720575941608517194,720575940626642344,202625
720575941626663306,720575940622209048,40690
720575941533057923,720575940627311491,108811
720575941482518211,720575940612544426,512142
720575941638006133,720575940615261073,62221
720575941549826420,720575940624252936,72973
720575941574541577,720575940653406966,154630
720575941549451553,720575940629841530,102500
720575941577267289,720575940626425682,79455
720575941516105209,720575940617992276,30787
720575941523863627,720575940645549678,140750
720575941641746533,720575940621194501,152212
720575941658203472,720575940613432985,209711
720575941592665384,720575940634724494,133526
720575941471153675,720575940621265088,187597
720575941556993316,720575940627792698,56928
720575941509094866,720575940627982353,143932
720575941596580485,720575940626973882,554873
720575941613457628,720575940625810448,197084
720575941661237816,720575940659056001,114859
720575941573366281,720575940630672581,80211
720575941505249349,720575940615674822,143188
720575941564539911,720575940609289411,92760
720575941574830600,720575940626944286,98505
720575941527029017,720575940613609000,65591
720575941540792701,720575940624028003,168760
720575941429044655,720575940624806183,541667
720575941451528873,720575940616462523,72929
720575941610133481,720575940627838280,87433
720575941413651092,720575940614984927,90624
720575941650816753,720575940660873857,579938
720575941722979386,720575940618720670,909352
720575941503139671,720575940612532629,140009
720575941633417888,720575940612783023,82683
720575941568068090,720575940632930104,156302
720575941471815947,720575940612630757,224540
720575941478784386,720575940626051850,94086
720575941572245918,720575940628689660,109796
720575941459725267,720575940606367166,53708
720575941430143881,720575940628931292,152299
720575941481446991,720575940616612539,815680
720575941429851017,720575940611669858,108739
720575941467987734,720575940629299018,98166
720575941506946117,720575940621147588,173186
720575941569739002,720575940619294936,549905
720575941525203556,720575940621674061,70728
720575941565716066,720575940623492476,511911
720575941561026349,720575940628191375,53166
720575941428264788,720575940629492346,74449
720575941589829118,720575940605274825,514168
720575941590503678,720575940631034443,35469
720575941661842300,720575940627786136,104336
720575941503803371,720575940622467708,89681
720575941353361200,720575940623716074,553902
720575941524909924,720575940631699816,812683
720575941631079650,720575940645665156,81605
720575941438144044,720575940625848464,78887
720575941431914199,720575940607607218,31893
720575941487291344,720575940620796630,73667
720575941506261052,720575940621005702,209199
720575941617906559,720575940626587578,808782
720575941596316316,720575940644484206,152197
720575941460344019,720575940627493130,167497
720575941563152647,720575940625070119,516930
720575941431231736,720575940640767440,194509
720575941595044135,720575940620433345,100007
720575941479200642,720575940625772943,58077
720575941540599501,720575940623137818,39876
720575941516676568,720575940611831701,513338
720575941543476253,720575940623474019,138524
720575941457191583,720575940628320789,175022
720575941508224897,720575940633600429,36773
720575941569180410,720575940635755674,319464846
720575941496372167,720575940630412842,116670
720575941544594868,720575940619923622,538039
720575941607229037,720575940631108559,49991
720575941464211981,720575940612562837,519804
720575941512261073,720575940642478792,206712
720575941495432062,720575940630461804,811164
720575941483093190,720575940642606299,684077918
720575941615525785,720575940630098075,211335
720575941554944595,720575940620273499,57323
720575941485367558,720575940642028021,116425
720575941461894099,720575940624548483,10858
720575941555936228,720575940606986418,121967
720575941482558403,720575940636928398,122159
720575941414172564,720575940632957727,161545
720575941469521216,720575940611647667,114778
720575941532814309,720575940613124570,812379
720575941524873986,720575940620672193,57014
720575941535136739,720575940624635114,804768
720575941431563657,720575940621517734,100807
720575941546458812,720575940630774332,85547
720575941489750247,720575940611105400,817221
720575941524846411,720575940620086352,153439
720575941527558310,720575940613738035,156385
720575941519054252,720575940618164613,52764
720575941490009801,720575940623087498,128163
720575941533180650,720575940632426404,129703
720575941469229021,720575940618157908,829341
720575941484724877,720575940653287926,923221
720575941733130027,720575940621145332,518572
720575941560991533,720575940644921111,214827
720575941691289752,720575940631218681,96162
720575941500608162,720575940621639133,56364
720575941644979656,720575940635157600,243554
720575941583239301,720575940628652273,72525
720575941412890223,720575940621390889,896719
720575941604176630,720575940618271705,89232
720575941700619226,720575940614614203,819855
720575941453511081,720575940632779055,807808
720575941687217014,720575940625366259,65086
720575941476161585,720575940632097603,77342
720575941538134755,720575940626437732,229321
720575941473479210,720575940617936030,122739
720575941479737507,720575940612932325,120347
720575941525828708,720575940620173332,77970
720575941480502402,720575940631750687,146917
720575941563719826,720575940615982047,70983
720575941508034910,720575940614959071,121716
720575941449956957,720575940622775443,525555
720575941575819368,720575940630411311,103639
720575941477122410,720575940626336805,192958
720575941518921176,720575940626397778,97878
720575941589427780,720575940636153268,103522
720575941660901176,720575940630933816,114072
720575941627032358,720575940622193652,162808
720575941430020861,720575940625942320,147815
720575941457665183,720575940615217002,143186
720575941486075789,720575940620550491,147555
720575941566526055,720575940619876150,76825
720575941410898799,720575940643781320,85517
720575941537089562,720575940616484876,821159
720575941633749179,720575940620982960,159749
720575941529719940,720575940628506897,135914
720575941575011593,720575940605853542,100197
720575941490909134,720575940612984243,539249
720575941481013667,720575940639183824,46913
720575941502278283,720575940639110214,552064
720575941489390281,720575940632777064,529078
720575941564644864,720575940627644730,167641
720575941525238530,720575940622282111,174477
720575941563311158,720575940639846645,59826
720575941490796853,720575940617231499,549259
720575941565716231,720575940622158369,28230
720575941690790619,720575940612375761,42702
720575941553574791,720575940618407589,580314
720575941434126880,720575940613979538,261747
720575941414520980,720575940628090249,91454
720575941503517234,720575940628952619,93324
720575941555086490,720575940618159899,50352
720575941654829785,720575940622379594,152241
720575941486125318,720575940637471662,37298
720575941526686886,720575940630280130,93501
720575941441245631,720575940630103287,134386
720575941512786764,720575940636096879,52690
720575941505762071,720575940609300419,80621
720575941469631499,720575940622108854,298491
720575941450867271,720575940610195139,61118
720575941611444909,720575940632167308,152877
720575941543338757,720575940635051871,141572
720575941517358995,720575940621699822,107159
720575941471124343,720575940606715081,817584
720575941564268183,720575940632489064,146243
720575941654502361,720575940634746012,24517
720575941430321912,720575940615146547,116777
720575941588827716,720575940625084474,146115
720575941589859895,720575940627799255,183339
720575941472650026,720575940618035483,806614
720575941556048723,720575940623791373,108014
720575941468786699,720575940621314593,46398
720575941411866027,720575940634719087,118187
720575941503579954,720575940606690238,813204
720575941479038314,720575940625316937,94393
720575941589742476,720575940640630589,156931
720575941515797507,720575940622319860,911990
720575941701219034,720575940642942605,81098
720575941486634448,720575940633880683,119962
720575941451320910,720575940606575462,257929
720575941504680898,720575940614621687,76002
720575941577667921,720575940632297263,811070
720575941613202140,720575940619160443,518749
720575941566157366,720575940621072481,48202
720575941633628859,720575940620516544,63669
720575941643700680,720575940614172839,82716
720575941448305589,720575940617243531,47846
720575941469858423,720575940641187024,135470
720575941594952487,720575940600143369,98238
720575941515330051,720575940624017961,575682
720575941563686295,720575940660377729,72275
720575941479925923,720575940626794257,33168
720575941542597661,720575940624076936,109362
720575941431856087,720575940633949922,119616
720575941691018648,720575940603537766,188041
720575941688733814,720575940611555682,74418
720575941427626580,720575940635475055,560098
720575941495467390,720575940611189038,93634
720575941587914308,720575940619273285,146990
720575941585365214,720575940616602124,570013
720575941595849116,720575940631915833,24475
720575941470857227,720575940621317814,163630
720575941451702394,720575940617793344,87716
720575941573115038,720575940612414869,64755
720575941551115775,720575940615360930,42837
720575941491584204,720575940623673821,86571
720575941467364374,720575940616355122,123620
720575941640900965,720575940625601936,200419
720575941414309268,720575940611128274,807171
720575941633555872,720575940627942986,514350
720575941603451838,720575940637068009,153058
720575941533376600,720575940621656602,548692
720575941490819790,720575940625438138,146442
720575941569500062,720575940633173329,137658
720575941550913791,720575940609220291,807144
720575941510369808,720575940634505720,147120
720575941631252640,720575940616094523,124324
720575941472190987,720575940624017159,99866
720575941594380145,720575940628170377,65997
720575941481891325,720575940613110425,813108
720575941657345360,720575940610324629,23924
720575941660209208,720575940631453032,192796
720575941442435791,720575940627952683,61865
720575941536968474,720575940607205980,64466
720575941642573000,720575940631677651,74518
720575941584073694,720575940624141064,168200
720575941470284765,720575940611463214,163417
720575941652949745,720575940626497680,15553
720575941588447287,720575940623041523,144850
720575941588075844,720575940622701695,537851
720575941564236130,720575940619901063,805591
720575941513264451,720575940613626079,126900
720575941613827603,720575940617162779,158513
720575941504414658,720575940614561703,815336
720575941491128268,720575940634729879,83384
720575941689478808,720575940606872241,197231
720575941511704908,720575940615401589,21083
720575941416042524,720575940630983767,72335
720575941613674716,720575940626026298,72410
720575941669370801,720575940626104522,110829
720575941569258866,720575940621739478,107079
720575941613652633,720575940634946160,196423
720575941536027619,720575940627739474,87145
720575941526738086,720575940631014487,81387
720575941595081430,720575940633678478,555301
720575941559700974,720575940638372324,815600
720575941408494251,720575940652987638,102331
720575941638323061,720575940629433705,143793
720575941576351158,720575940609851915,33307
720575941478637792,720575940609347029,41399
720575941449874766,720575940619414597,1323625268
720575941595353989,720575940623736617,99288
720575941657488664,720575940623560973,144195
720575941473428266,720575940613966573,134404
720575941521630643,720575940603331686,35410
720575941495544007,720575940629688875,63213
720575941645572513,720575940605747633,156341
720575941477774110,720575940615677090,94865
720575941642858085,720575940630796599,73370
720575941563789992,720575940631838945,41137
720575941520130227,720575940605817522,912672
720575941571800734,720575940622143910,96209
720575941574378249,720575940629961295,581115
720575941493646512,720575940634321308,68678
720575941479081322,720575940616652729,513084
720575941592736875,720575940619583597,512391
720575941643352737,720575940627032337,150880
720575941492380135,720575940630837292,58311
720575941579234169,720575940631408557,27954
720575941689274331,720575940618233627,518009
720575941638329205,720575940629518274,550537
720575941508582434,720575940631620601,113514
720575941642894181,720575940636113765,139281
720575941616580053,720575940623383788,118692
720575941483548358,720575940629106251,88483
720575941555890916,720575940628690423,170023
720575941514258897,720575940639834275,48696
720575941507057477,720575940627330916,103253
720575941650922257,720575940643861152,89550
720575941576714678,720575940621936008,520939
720575941409335467,720575940614782206,142723
720575941604168894,720575940631958368,59988
720575941553207194,720575940614772399,103892
720575941547755553,720575940615951372,142414
720575941557993487,720575940622126847,68530
720575941603608822,720575940623503401,559502441
720575941535772698,720575940629379590,118680
720575941586317446,720575940615119210,81023
720575941517926828,720575940608749525,67497
720575941430589103,720575940614479071,92885
720575941539191757,720575940650818425,124011
720575941633124539,720575940622307096,140886
720575941437924319,720575940619841407,149786
720575941618079103,720575940627014641,64752
720575941456841712,720575940617763707,88292
720575941541020541,720575940615959702,60610
720575941595957125,720575940631319340,158153
720575941575127816,720575940624622005,59246
720575941658609232,720575940631242059,117790
720575941720492346,720575940622997274,552101
720575941519025068,720575940616210738,152432
720575941521092023,720575940627031226,522733
720575941502329227,720575940624800048,52489
720575941556898084,720575940628132922,580489
720575941572628488,720575940635249775,500097
720575941401489187,720575940619867259,60560
720575941557487396,720575940610735480,800616
720575941481267910,720575940613804083,156403
720575941537792488,720575940615731618,823405
720575941537819517,720575940622178337,76222
720575941429811849,720575940618230201,221365
720575941563990016,720575940644176238,39527
720575941652269585,720575940630261010,144567
720575941633387680,720575940620443227,60995
720575941474071136,720575940629947964,135148
720575941441615551,720575940628289354,77264
720575941553940051,720575940617843851,168222
720575941654227412,720575940643054733,82053
720575941553347226,720575940630329807,102380
720575941511647564,720575940621236918,131722
720575941573260040,720575940629116678,188090
720575941483619581,720575940624670612,101225
720575941531590859,720575940620034776,28116
720575941427175508,720575940606666016,90470
720575941518192044,720575940626627580,178706
720575941566605110,720575940614858151,249397
720575941569236850,720575940617038278,31589
720575941560831859,720575940633099311,544044
720575941517205139,720575940627819113,104157
720575941486445318,720575940630507095,517672
720575941508124254,720575940623675831,338286
720575941568133166,720575940639322752,519529
720575941532572035,720575940625964046,23508
720575941593560104,720575940605188576,105985
720575941575002632,720575940645311268,531261
720575941641506386,720575940619284545,902419
720575941560376621,720575940613579178,802932
720575941657293392,720575940605706430,101541
720575941480169346,720575940634374263,93066
720575941691514520,720575940629124355,161097
720575941554765722,720575940640142936,151221
720575941545280948,720575940610181827,146559
720575941594120305,720575940611540885,48147
720575941590823208,720575940614860798,222454
720575941471035456,720575940625302712,515609
720575941586038406,720575940609097941,17536
720575941679190973,720575940631501112,88947
720575941558261263,720575940615126270,148502
720575941508859682,720575940615566230,112325
720575941653929172,720575940635826539,258998
720575941449895005,720575940643296141,122192
720575941668610547,720575940618925339,103957
720575941574916873,720575940615969346,78816
720575941519184812,720575940630374871,162244
720575941526680909,720575940604458720,48299
720575941644487800,720575940623388819,124680
720575941472173610,720575940616127627,807468
720575941477713002,720575940619085862,26318
720575941506882885,720575940615141039,61700
720575941633815483,720575940624200887,551486
720575941639811189,720575940607081769,154439
720575941585996254,720575940607399691,912390
720575941569162490,720575940631938245,142252
720575941632458476,720575940619996888,50872
720575941472368224,720575940619985089,130146
720575941536131777,720575940623008550,121113
720575941568873978,720575940619184461,71064
720575941643375461,720575940636220852,84540
720575941583206790,720575940620035800,59870
720575941559664878,720575940630685184,121307
720575941490957365,720575940631423429,549813
720575941486800646,720575940621502384,182035
720575941555253505,720575940617438016,138726
720575941568154994,720575940627222282,188371
720575941529259211,720575940619973134,90436
720575941498992865,720575940630041913,93847
720575941513414220,720575940627285381,27076
720575941625153132,720575940622733277,165529
720575941542161693,720575940617109298,211051
720575941498703945,720575940623117406,172528
720575941568847474,720575940624631224,186718
720575941575163752,720575940609146563,80512
720575941460992979,720575940625260180,199030
720575941460581331,720575940606574210,73924
720575941558503439,720575940629764906,187800
720575941449807024,720575940615590047,817170
720575941522508107,720575940631432552,52686
720575941553058202,720575940623478908,60691
720575941458685087,720575940630551490,127755
720575941689166454,720575940632381521,122508
720575941440817237,720575940608529931,22209
720575941431470985,720575940638545129,800991
720575941411549099,720575940636823950,74082
720575941643666376,720575940631249147,143735
720575941540064973,720575940619036539,532698
720575941411772843,720575940638880228,82685
720575941582762079,720575940628598780,58270
720575941565629703,720575940612826842,35207
720575941490930889,720575940646075415,84493
720575941550363391,720575940615688810,142082
720575941484568386,720575940617858534,88259
720575941505689404,720575940634498202,210591
720575941506292503,720575940618861873,910314
720575941466376534,720575940635092575,119600
720575941666268403,720575940624236267,808770
720575941581742457,720575940629773827,79101
720575941444675498,720575940638128573,98001
720575941457825094,720575940608269102,537090
720575941506858821,720575940630908044,89059
720575941432274273,720575940629934095,42666
720575941634161595,720575940610339011,531427
720575941489135308,720575940617433745,72773
720575941509468882,720575940629328463,47454
720575941652729617,720575940620989349,912192
720575941619729791,720575940623066003,110687
720575941633491397,720575940624148115,160241
720575941508628865,720575940629175749,809860
720575941604047606,720575940630314839,144997
720575941591566376,720575940638713690,104152
720575941470241245,720575940613005530,205913
720575941603095481,720575940613008051,146988
720575941581329785,720575940630251807,42734
720575941443553194,720575940627089252,110402
720575941573797263,720575940605404546,51655
720575941591067390,720575940609905454,62443
720575941544349189,720575940627662321,512694
720575941544673797,720575940615291538,68512
720575941507482402,720575940619696030,121734
720575941551666431,720575940613584652,151510
720575941516241667,720575940622164001,50867
720575941415292956,720575940623360792,346748
720575941477064042,720575940624933813,138307
720575941504861207,720575940615376807,541809
720575941690285976,720575940625978300,535101
720575941436406828,720575940623263501,196936
720575941598296768,720575940617886779,543145
720575941464139021,720575940635214693,88647
720575941588787524,720575940630418652,192168
720575941538050280,720575940618403769,356500
720575941452150138,720575940619734987,110758
720575941515451971,720575940627399955,535377
720575941507670807,720575940633113119,42368
720575941408305967,720575940619297413,111875
720575941691235547,720575940627742597,536010
720575941567673594,720575940607889877,96843
720575941690416859,720575940619781703,73456
720575941466786582,720575940632361490,51273
720575941472158731,720575940623281591,805943
720575941498429409,720575940637255821,103333
720575941443181994,720575940621475949,71320
720575941721290810,720575940609890402,126274
720575941611539018,720575940612534641,69228
720575941497083361,720575940633371873,196923
720575941604142777,720575940628381000,544762
720575941430558968,720575940625227160,106753
720575941661667452,720575940625035763,95356
720575941731024171,720575940618085569,88126
720575941535979457,720575940625700964,522776
720575941680564669,720575940617722598,126670
720575941626164844,720575940615307154,98973
720575941559685135,720575940618141073,803523
720575941543344669,720575940625131597,567219
720575941575192680,720575940617724601,26677
720575941671585703,720575940626692298,100339
720575941406216622,720575940609720533,810363
720575941536003555,720575940617999133,41150
720575941431327758,720575940613747562,125879
720575941665585139,720575940630169499,88164
720575941516096355,720575940624395395,532086
720575941526730852,720575940620854977,75378
720575941526287106,720575940630354117,133699
720575941628601657,720575940626953732,30825
720575941575436687,720575940635475040,78364
720575941552829594,720575940624202281,66898
720575941530606467,720575940628908743,30831
720575941432558551,720575940637456782,101436
720575941508439762,720575940632913356,53699
720575941658653520,720575940635083103,156267
720575941612068710,720575940623547882,70175
720575941514696083,720575940610747182,76498
720575941484083642,720575940626072085,580350
720575941558155023,720575940624823700,127834
720575941434055968,720575940631880399,549690
720575941558580239,720575940615974854,71765
720575941527040868,720575940622151935,533828
720575941610228326,720575940612606899,42484
720575941480997250,720575940628085117,68970
720575941643911525,720575940628623721,28621
720575941484005562,720575940617456017,84207
720575941552559131,720575940610707057,530183
720575941595493233,720575940629519298,143280
720575941628226873,720575940621236556,89197
720575941414445716,720575940627356478,107741
720575941501530251,720575940630351068,194050
720575941537853077,720575940626795364,73863
720575941560409615,720575940613493782,141517
720575941535716801,720575940629977856,551280
720575941529365892,720575940605177534,114946
720575941554526747,720575940623752205,162304
720575941653928465,720575940632877988,132668
720575941511143952,720575940637501784,60212
720575941477746740,720575940613913571,149715
720575941555220900,720575940618915121,131354
720575941545027433,720575940627766671,67733
720575941498154107,720575940623563533,43102
720575941547736353,720575940619080193,66382
720575941600683049,720575940633672078,25469
720575941526935042,720575940645162263,103194
720575941526687654,720575940632653719,123164
720575941461961412,720575940622576397,129666
720575941565030919,720575940624687594,32468
720575941732704555,720575940626292798,817370
720575941670080167,720575940625706288,179268
720575941519857079,720575940623720717,856983
720575941515040067,720575940617945246,858698
720575941690679192,720575940630440062,44154
720575941573516296,720575940626093193,816885
720575941429726857,720575940620040780,179946
720575941515830019,720575940627272747,519078
720575941513901411,720575940614239338,77908
720575941438312159,720575940633723812,58252
720575941591242024,720575940608081842,73345
720575941604014070,720575940612354711,69166
720575941569991326,720575940637230734,908634
720575941546606260,720575940644179400,118074
720575941427329364,720575940623672247,135493
720575941476039274,720575940627327337,70470
720575941523787083,720575940628235761,910718
720575941688680204,720575940628798204,161646
720575941450221134,720575940617722270,199857
720575941446238996,720575940642272757,39571
720575941564051207,720575940633457197,110357
720575941654165721,720575940628006312,546002
720575941512047180,720575940623565962,70768
720575941559258895,720575940628011012,48644
720575941662537596,720575940606746214,86904
720575941599869993,720575940641162704,112272
720575941447874485,720575940604867500,55836
720575941412311697,720575940633394861,148993
720575941520393651,720575940628513768,127319
720575941551155518,720575940626677013,89121
720575941601173494,720575940635887028,152929
720575941521570231,720575940644851236,97543
720575941485113154,720575940630641402,176146
720575941490906057,720575940635901035,50343
720575941597582784,720575940608517385,812391
720575941431453321,720575940606411966,46103
720575941458439408,720575940626039315,431064
720575941568763386,720575940617410141,183646
720575941440191323,720575940620731561,202105
720575941572631710,720575940633097420,89295
720575941405154672,720575940623387177,100505
720575941479949903,720575940622551164,96697
720575941590502199,720575940627652371,561766
720575941505244951,720575940615097962,119207
720575941555323475,720575940621532585,70347
720575941434061198,720575940616323101,127993
720575941611285834,720575940632578607,155908
720575941617281151,720575940624086675,514084
720575941577094248,720575940631215447,149503
720575941458493680,720575940627903994,82091
720575941497773435,720575940632638253,241461
720575941458869151,720575940629038908,110330
720575941670299047,720575940630523407,91555
720575941391696022,720575940624496969,172515
720575941502077835,720575940628747537,145281
720575941486061965,720575940608193970,514044
720575941528272294,720575940619160405,129338
720575941492151216,720575940624761496,89947
720575941624913546,720575940626581525,808834
720575941632978629,720575940627627645,116472
720575941502459991,720575940629019644,524576
720575941526775140,720575940610378691,156705
720575941688962828,720575940612399822,53081
720575941611979996,720575940620168395,531223
720575941448485301,720575940625767196,110289
720575941441035355,720575940630603255,157015
720575941624830972,720575940626110589,98062
720575941503025970,720575940632577934,33087
720575941595514149,720575940626492858,71847
720575941540783741,720575940632694888,27888
720575941574518821,720575940633869485,531153
720575941568796410,720575940620111006,118613
720575941518899116,720575940629171355,813650
720575941547111048,720575940645436964,173239
720575941457999430,720575940627153155,85562
720575941570469108,720575940631779395,134433
720575941558229284,720575940615686506,808427
720575941351393840,720575940649508729,103336
720575941394105494,720575940605875401,74343
720575941519375532,720575940638483934,138144
720575941595025366,720575940639066601,810678
720575941514625273,720575940649371513,74092
720575941414729620,720575940617906589,124666
720575941412933265,720575940614190709,83990
720575941731495979,720575940640207192,189203
720575941459391302,720575940650343926,530148
720575941488543694,720575940610245827,84747
720575941514386691,720575940639349045,89571
720575941440880981,720575940625897572,119664
720575941570679454,720575940619030858,57148
720575941430976393,720575940638418246,88568
720575941449201501,720575940616965426,813353
720575941558607375,720575940637903076,52561
720575941435828256,720575940635093099,197499
720575941509042386,720575940637381695,563493
720575941609637805,720575940625025212,144316
720575941516096249,720575940645636974,93039
720575941640301599,720575940626557840,93933
720575941529883832,720575940632536228,113051
720575941566061463,720575940627211657,189682
720575941509966546,720575940629438969,59851
720575941519793880,720575940650884729,525235
720575941625664620,720575940622785705,526757
720575941580352633,720575940634167833,143703
720575941534545857,720575940617622100,124654
720575941494177918,720575940621730480,814258
720575941515643385,720575940632313764,203010
720575941584471647,720575940631392364,86496
720575941593882987,720575940617915677,41800
720575941610592489,720575940614869922,153819
720575941507590167,720575940620490375,82638
720575941543179037,720575940620967679,108521
720575941732143147,720575940641289435,77611
720575941651102961,720575940620433287,103996
720575941558901486,720575940606178080,169495
720575941645294280,720575940625778407,101774
720575941722330682,720575940613481955,77240
720575941534899178,720575940637235433,81863
720575941652346897,720575940630070519,76624
720575941452904873,720575940632903481,176623
720575941607265901,720575940627854973,531327
720575941564262034,720575940633908194,99710
720575941594400881,720575940620121223,133078
720575941409211695,720575940617303892,172830
720575941517620590,720575940608253961,97386
720575941657608528,720575940607909554,126573
720575941537005850,720575940621434533,100041
720575941489526476,720575940645044788,78886
720575941551981210,720575940628076816,127109
720575941504710053,720575940610992850,118422
720575941439783259,720575940617588061,131524
720575941657077840,720575940615151446,75921
720575941589590270,720575940630051279,362375
720575941452704051,720575940607990146,811280
720575941501888855,720575940605678368,67339
720575941540192461,720575940615174075,531807
720575941533522980,720575940646424964,50758
720575941573269832,720575940641982683,580691
720575941511815634,720575940611462885,213832
720575941668446707,720575940632839394,109153
720575941593425259,720575940635949236,113718
720575941438888277,720575940617387035,129734
720575941503601202,720575940641951989,77636
720575941506032151,720575940632425785,128007
720575941550236989,720575940620794733,113581
720575941438285868,720575940609547549,128185
720575941501937239,720575940621287201,157063
720575941611082826,720575940605644390,814148
720575941595115559,720575940635493215,551153
720575941618584703,720575940624349578,152295
720575941566506030,720575940617811013,809796
720575941523572471,720575940610128082,512793
720575941524412185,720575940607853833,129908
720575941626802570,720575940637835182,76732
720575941488239056,720575940627162942,126595
720575941403058800,720575940631151478,96534
720575941528879032,720575940642088923,27863
720575941497204096,720575940629560190,515825
720575941495451591,720575940617043542,114297
720575941519372654,720575940625856144,13882
720575941613841427,720575940622947864,215838
720575941565684322,720575940614266229,543369
720575941544538729,720575940628231211,171316
720575941549676660,720575940624602119,527122
720575941450231418,720575940624521022,133819
720575941514629955,720575940629354599,840483
720575941518841816,720575940636114277,122140
720575941521192887,720575940612220071,52826
720575941574679560,720575940605716512,174093
720575941496369863,720575940620393893,526879
720575941465421142,720575940611392206,84616
720575941575176079,720575940660093313,81321
720575941519301804,720575940614124003,418262
720575941573509115,720575940606681545,65019
720575941541839389,720575940621670441,29072
720575941625624684,720575940628304005,208318
720575941643490465,720575940621623686,53244
720575941658642968,720575940628747526,111902
720575941514358348,720575940619826993,28345
720575941452820551,720575940625361229,809445
720575941505393980,720575940621423525,901547
720575941639590687,720575940607060425,156383
720575941483170813,720575940624022967,148432
720575941538378133,720575940614382051,537488
720575941561958144,720575940638465443,123599
720575941483665606,720575940644069486,50897
720575941565661703,720575940625840532,141712
720575941504027371,720575940626214021,53771
720575941409346987,720575940622912717,198837
720575941474797883,720575940629559802,513843
720575941654248721,720575940627389639,801583
720575941476611121,720575940642565083,213665
720575941535735578,720575940628896060,71147
720575941502220171,720575940630861612,21417
720575941644001224,720575940613163410,95331
720575941633018272,720575940641045888,89695
720575941506617148,720575940606016433,143592
720575941603926713,720575940639473141,82205
720575941546193332,720575940619028737,515619
720575941527078566,720575940627860648,575910
720575941548627848,720575940622015408,196434
720575941486744070,720575940605268140,83239
720575941533432195,720575940636102836,155672
720575941447624212,720575940611876302,552754
720575941643501394,720575940632513567,519638
720575941393022614,720575940604188384,89829
720575941485288144,720575940620693510,241359
720575941610567597,720575940611250650,139894
720575941509087760,720575940618071837,142660
720575941451049806,720575940619788885,37263
720575941571512827,720575940628228434,51972
720575941567813108,720575940623562995,174517
720575941650059285,720575940626759656,100956
720575941631419077,720575940623948727,70968
720575941438959916,720575940623720887,28775
720575941445605546,720575940623110349,281216
720575941445217194,720575940628553201,806880
720575941475629854,720575940608175061,125560
720575941603799798,720575940632229480,703168507
720575941550666302,720575940621601414,33664
720575941392743940,720575940614741741,903880
720575941498504059,720575940618699825,105830
720575941602058169,720575940625818501,45039
720575941536930546,720575940613640421,113971
720575941661114424,720575940640767859,104465
720575941351666224,720575940625045532,170390
720575941476731242,720575940615002774,122707
720575941437431519,720575940627072131,67960
720575941614795027,720575940617921364,211832
720575941558410355,720575940613300722,51704
720575941436559904,720575940614063331,30243
720575941643228773,720575940629450622,75698
720575941559148815,720575940626465881,145898
720575941626745994,720575940638561252,48637
720575941524794443,720575940618067101,119910
720575941560949293,720575940612821014,124429
720575941703766746,720575940610309034,42924
720575941661430072,720575940637557349,224160
720575941686876022,720575940633035693,160743
720575941456998896,720575940618463069,118224
720575941504413756,720575940612837490,118888
720575941490632140,720575940621595399,98440
720575941652034521,720575940624357193,516016
720575941568625010,720575940620236270,94821
720575941489372981,720575940627294778,109282
720575941463745037,720575940610699822,141994
720575941521623731,720575940622631500,42353
720575941611696870,720575940622256734,810286
720575941630015270,720575940611222904,551834
720575941412226415,720575940628406149,556461
720575941528376742,720575940639151413,75836
720575941548939553,720575940622479228,155214
720575941489036494,720575940633613485,801892
720575941474647850,720575940604568521,130875
720575941461724371,720575940620607281,84840
720575941466808086,720575940627662985,815498
720575941589562110,720575940631378986,209492
720575941391402500,720575940621022555,26675
720575941479663746,720575940628759596,52500
720575941450952519,720575940612250062,79127
720575941468556253,720575940620836122,531880
720575941723103546,720575940623026824,96007
720575941671567271,720575940620673670,123978
720575941505654949,720575940633988179,145928
720575941590763404,720575940620033846,106740
720575941533383555,720575940627153674,144235
720575941574095611,720575940622354437,814390
720575941547033992,720575940630888076,913878
720575941410453675,720575940627721988,809094
720575941559520557,720575940611274981,108817
720575941515346778,720575940614402966,49407
720575941570438132,720575940637072270,81875
720575941392571908,720575940629430513,121889
720575941600054057,720575940620044112,524570
720575941639745653,720575940627713040,552735
720575941603575225,720575940614421702,150226
720575941653178073,720575940616824197,59476
720575941604872382,720575940623136681,109107
720575941593978731,720575940613035030,204374
720575941430658657,720575940611255250,519569
720575941567799086,720575940636791950,246572
720575941438134802,720575940643217568,30567
720575941543553565,720575940628640719,27510
720575941579009369,720575940624107751,40678
720575941497981346,720575940615451451,30301
720575941721360186,720575940617546869,562925
720575941511781074,720575940617706457,810165
720575941542399005,720575940637959770,528680
720575941430251439,720575940615907997,179993
720575941569694202,720575940626502756,529390
720575941660779832,720575940630118594,32986
720575941442084699,720575940616375227,529591
720575941446213908,720575940627146439,197444
720575941483783677,720575940616327353,168644
720575941526784589,720575940640574808,62447
720575941546788385,720575940626066309,83492
720575941489286862,720575940649647225,127228
720575941593239659,720575940605106976,134011
720575941554707201,720575940623685853,110007
720575941440649307,720575940619902117,156682
720575941626163658,720575940639030591,473440077
720575941497623419,720575940629822604,122920
720575941527242498,720575940619125317,75509
720575941691133336,720575940614960022,70061
720575941572194825,720575940626818250,803526
720575941493918128,720575940636252408,89382
720575941655250900,720575940645466500,44110
720575941544816133,720575940646427502,58806
720575941593146987,720575940633588761,82587
720575941547988541,720575940623697101,120841
720575941444608426,720575940623300940,105886
720575941681163197,720575940639229757,158527
720575941700669658,720575940614330851,100990
720575941392125078,720575940628245647,77806
720575941542584837,720575940634064921,802834
720575941469299831,720575940629268930,375384
720575941459726291,720575940627223482,149964
720575941514236113,720575940612937957,28040
720575941502909931,720575940636805733,108740
720575941527486489,720575940633675616,172633
720575941547386504,720575940622434072,158814
720575941507403077,720575940631641708,147977
720575941535298904,720575940626216581,192656
720575941409031595,720575940617640377,115448
720575941534563850,720575940621874753,55086
720575941477671454,720575940638904664,803085
720575941430479575,720575940632564819,109516
720575941594600049,720575940622344225,45022
720575941547745140,720575940639423541,95512
720575941586859742,720575940619422533,105941
720575941480366755,720575940630854796,32815
720575941554608723,720575940629980790,527226
720575941455893997,720575940631110475,137098
720575941404448624,720575940624065207,76174
720575941586072542,720575940622590588,95273
720575941459413232,720575940612308776,214188
720575941628556070,720575940628437562,36365
720575941581501561,720575940614296938,51096
720575941667858865,720575940630063557,92661
720575941445491476,720575940627702927,224906
720575941486919746,720575940613170099,82740
720575941489575477,720575940614527784,54108
720575941645298081,720575940614135739,139378
720575941573090825,720575940603435232,78488
720575941654591188,720575940626219706,809331
720575941498311330,720575940627009944,544834
720575941558683251,720575940631904719,527526
720575941528036996,720575940638415731,529555
720575941643180901,720575940627282276,807261
720575941507530369,720575940614919709,93129
720575941610178733,720575940636641647,151453
720575941569335154,720575940635187557,94640
720575941688493686,720575940645448996,29737
720575941549712417,720575940635329016,161156
720575941521456203,720575940631662915,116198
720575941645099640,720575940620804161,41897
720575941639587701,720575940637646181,136066
720575941580130129,720575940627302500,519098
720575941622613500,720575940613467158,209633
720575941585665158,720575940614336209,92719
720575941537621234,720575940645919284,93985
720575941722648890,720575940630541387,103998
720575941407385391,720575940610059844,22937
720575941430507145,720575940634272864,144860
720575941552761939,720575940621969830,159030
720575941592179240,720575940630411484,38273
720575941565040994,720575940615495591,42663
720575941644956065,720575940637030975,174487
720575941439751253,720575940615800114,45430
720575941595451941,720575940620337684,204213
720575941438478047,720575940637069887,193072
720575941521482423,720575940633921643,816698
720575941527216772,720575940608927836,136241
720575941428403119,720575940613654038,61641
720575941631933893,720575940635400622,125392
720575941411466863,720575940628589329,57443
720575941634206651,720575940615361686,548920
720575941529952696,720575940619389253,108635
720575941521280691,720575940630087030,81734
720575941560548590,720575940613886189,144344
720575941478161985,720575940615608588,78853
720575941548126344,720575940627976478,90688
720575941545086088,720575940614116527,813616
720575941534568986,720575940622821731,220056
720575941462333328,720575940631992623,99915
720575941576927057,720575940634845295,111784
720575941460805843,720575940624900937,281933
720575941662471992,720575940635252831,37666
720575941447289181,720575940631561272,45027
720575941595477797,720575940615486406,906443
720575941630315500,720575940629933532,232728
720575941483803458,720575940617982425,189739
720575941497777275,720575940625709720,549335
720575941614063769,720575940619982238,223619
720575941554801380,720575940612057753,122964
720575941430620686,720575940614122146,75037
720575941655611609,720575940624295818,102560
720575941508741214,720575940641304528,86545
720575941438729516,720575940613925073,131338
720575941609508710,720575940632962477,908717
720575941562978199,720575940626198790,86047
720575941593189160,720575940633918931,816506
720575941505106994,720575940616012182,907647
720575941449821774,720575940621267060,228438
720575941493949310,720575940623296333,38896
720575941557538319,720575940629515646,84710
720575941507020055,720575940634330780,74440
720575941540135885,720575940624422072,123630
720575941441489103,720575940611304362,169428
720575941498127433,720575940629478187,813807
720575941527199398,720575940620122465,165302
720575941498604513,720575940622271472,100500
720575941596879516,720575940636965733,169226
720575941560775271,720575940654915489,817351
720575941537148648,720575940638234458,68335
720575941550540605,720575940633241647,29297
720575941639319583,720575940626244538,213522
720575941630852805,720575940603974880,814790
720575941534495720,720575940614366111,82686
720575941589095223,720575940629791019,148661
720575941470950464,720575940629345179,93137
720575941535878170,720575940620643823,195364
720575941440714959,720575940611160782,149586
720575941462814477,720575940620936784,21206
720575941548986913,720575940635154830,46351
720575941575431823,720575940616616507,72897
720575941548596616,720575940625411367,78413
720575941574376335,720575940623189739,54829
720575941538060530,720575940606088369,802392
720575941438149650,720575940631849576,130925
720575941515954531,720575940647966004,63282
720575941576993384,720575940611848419,21995
720575941507708289,720575940632453418,527082
720575941551439103,720575940611807641,22030
720575941598314025,720575940606538272,60860
720575941491555760,720575940620566772,45849
720575941453505193,720575940628818344,539356
720575941501643351,720575940619841886,180341
720575941572659464,720575940629518330,102975
720575941409975663,720575940633819743,550747
720575941564791303,720575940626909327,69548
720575941551442494,720575940619984950,816984
720575941506894721,720575940644878359,134813
720575941702043354,720575940613614563,515051
720575941608076909,720575940621725428,30503
720575941566307894,720575940610585753,19912
720575941530919653,720575940644991511,85775
720575941530964355,720575940614241439,813746
720575941569818874,720575940639900112,65513
720575941475674161,720575940622855935,129460
720575941551592959,720575940634176666,94468
720575941351191856,720575940632202511,116217
720575941663837308,720575940622525142,522462
720575941643086162,720575940645859694,38808
720575941475020084,720575940630745847,134095
720575941549581684,720575940611830478,45226
720575941525929638,720575940614459798,81566
720575941572670472,720575940632834967,109693
720575941603934393,720575940618481947,93663
720575941570203124,720575940616310751,109202
720575941447908533,720575940640597237,102105
720575941589767735,720575940605474528,66234
720575941537419250,720575940627461392,136526
720575941573438216,720575940620792926,195407
720575941505400124,720575940627768219,110509
720575941553628039,720575940646519918,804086
720575941626404042,720575940624761597,100540
720575941508370642,720575940613602797,301457
720575941490965301,720575940619689920,542552
720575941577762129,720575940631394920,97685
720575941527243341,720575940607304322,87021
720575941573713659,720575940634201440,148717
720575941671081639,720575940623032970,807920
720575941459184543,720575940612439761,80575
720575941517262190,720575940625940156,808629
720575941508731486,720575940631476043,313908
720575941404440176,720575940622249249,43050
720575941589850679,720575940639405885,108516
720575941503592023,720575940615147315,535165
720575941604192958,720575940622142076,804501
720575941523611127,720575940630049617,940581
720575941504009195,720575940628303635,98613
720575941559640691,720575940611364275,568680
720575941515263747,720575940619905147,149631
720575941446823188,720575940613816301,808034
720575941604486134,720575940656127649,24536
720575941591560744,720575940622517784,814037
720575941548121889,720575940612249698,90612
720575941645582024,720575940629677655,739833
720575941613469459,720575940637476750,67567
720575941540485468,720575940627278723,34263
720575941660484408,720575940628050408,78778
720575941436184096,720575940636262030,518101
720575941587293508,720575940627441950,87877
720575941543900933,720575940628471916,13665
720575941690242267,720575940622115169,74859
720575941657629520,720575940619926838,103345
720575941553642753,720575940643899808,124829
720575941507663745,720575940606219817,810323
720575941480482755,720575940627985978,806093
720575941605056446,720575940627331940,517306
720575941580360785,720575940620104070,159144
720575941620110975,720575940604811692,29539
720575941392918788,720575940647849012,176194
720575941437738559,720575940627004682,178552
720575941500331147,720575940622009037,100302
720575941506066236,720575940636868719,59990
720575941553943123,720575940619342390,71886
720575941551588506,720575940619839056,530742
720575941444857770,720575940635565978,520291
720575941550496116,720575940632867980,541617
720575941575199414,720575940611242137,48123
720575941506102844,720575940627584664,550641
720575941636294261,720575940623733272,177546
720575941488222665,720575940629662482,92777
720575941449268317,720575940631944515,107401
720575941436578336,720575940623017054,173154
720575941431083873,720575940639756915,89828
720575941497705890,720575940627034882,93323
720575941658415896,720575940611443941,531530
720575941352863792,720575940639358579,153153
720575941459656006,720575940616478806,106028
720575941536122650,720575940609348107,46454
720575941559538547,720575940644150819,32386
720575941416628252,720575940637463622,114024
720575941483538618,720575940645782068,530545
720575941550649406,720575940622671640,808704
720575941511784914,720575940626299436,17482
720575941351357232,720575940622886426,137450
720575941654976468,720575940617239894,64218
720575941516409235,720575940609646126,48087
720575941593739889,720575940619479710,171442
720575941539393266,720575940635511988,149489
720575941429940105,720575940626842468,22517
720575941679170237,720575940631017795,51546
720575941450777934,720575940614277859,312102
720575941691064795,720575940642411509,125221
720575941469056320,720575940631264587,116548
720575941489943753,720575940628449866,525042
720575941596450417,720575940635073727,175383
720575941520179639,720575940622042100,912677
720575941550101565,720575940627693834,65832
720575941448176477,720575940610728178,29930
720575941593647656,720575940645197348,513334
720575941477866036,720575940618151195,146041
720575941614032147,720575940631353820,140694
720575941474853697,720575940625991612,548992
720575941650284565,720575940621276952,105427
720575941542565212,720575940620027190,550161
720575941498441953,720575940619865429,163691
720575941469545437,720575940622368294,151237
720575941414710929,720575940616117433,104691
720575941509094416,720575940628282129,166270
720575941546824380,720575940630586940,130303
720575941577108825,720575940633718623,539305
720575941480721632,720575940639906467,40618
720575941478281834,720575940614726261,78663
720575941629365986,720575940644774167,116791
720575941508647202,720575940640888272,68039
720575941483943677,720575940639644531,131147
720575941565798242,720575940634371554,169873
720575941570302366,720575940622099405,227827
720575941543120901,720575940622667155,79260
720575941475678267,720575940628530961,61736
720575941604343225,720575940612211635,216523
720575941503816535,720575940622403766,808590
720575941519427507,720575940621679526,36144
720575941425736020,720575940614270189,255306
720575941469775936,720575940631885895,101567
720575941554302948,720575940628765770,49532
720575941502802226,720575940640370128,120032
720575941480311235,720575940625523856,101380
720575941644368210,720575940604976318,90329
720575941475535390,720575940611938258,172764
720575941554964051,720575940633017625,813465
720575941527074916,720575940628356407,47274
720575941538993789,720575940626541809,101801
720575941474816308,720575940628829352,150013
720575941518780888,720575940620744870,105307
720575941438716223,720575940628375166,84881
720575941497672009,720575940630286136,84229
720575941600189993,720575940605796785,77248
720575941575911094,720575940622473991,34593
720575941721872442,720575940640749520,519821
720575941390420996,720575940614793378,116099
720575941490654158,720575940620129857,26492
720575941531209957,720575940635013311,200661
720575941496522624,720575940612942511,51196
720575941626397804,720575940616149204,50436
720575941587332420,720575940607321692,29051
720575941662959928,720575940626289701,815657
720575941582193017,720575940627566602,531083
720575941521551283,720575940622738164,81549
720575941541162076,720575940616523058,141314
720575941653938905,720575940622944196,909016
720575941633477536,720575940637430926,67069
720575941516266074,720575940623369827,45222
720575941548147592,720575940624102448,150957
720575941481671875,720575940630359545,76549
720575941451164238,720575940623078985,37204
720575941514749587,720575940631002199,132232
720575941633434821,720575940620318740,579914
720575941448340756,720575940622083568,145422
720575941492283312,720575940623108129,39905
720575941575303432,720575940632393547,63427
720575941643976392,720575940625904016,817009
720575941538100117,720575940625443111,208908
720575941526404633,720575940660322689,155388
720575941505972609,720575940625750503,83545
720575941565818519,720575940607896521,997019444
720575941644254625,720575940626733693,816221
720575941512663884,720575940620199444,20268
720575941542582876,720575940620815124,133798
720575941539529597,720575940605062601,104482
720575941690736859,720575940618940318,46283
720575941461017284,720575940633464621,804812
720575941569902450,720575940619829765,908017
720575941489871820,720575940636553902,89306
720575941593550632,720575940624381675,94036
720575941588665924,720575940631438329,241283
720575941450377053,720575940631180562,109960
720575941594952561,720575940604119842,547827
720575941609677033,720575940609773321,174630
720575941543739165,720575940605823934,526542
720575941590015372,720575940626875151,120431
720575941593995371,720575940631518060,805478
720575941688998924,720575940608877944,515333
720575941519749998,720575940632757279,212356
720575941639800351,720575940621979201,819771
720575941563851106,720575940638664437,15579
720575941527833220,720575940630908876,41409
720575941426217556,720575940619863431,816975
720575941516079450,720575940626063653,121773
720575941519278040,720575940629921730,811963
720575941425022548,720575940611764451,75573
720575941481268643,720575940631750308,174450
720575941573401353,720575940635154271,24392
720575941506133271,720575940613732514,66759
720575941468266262,720575940627611962,205628
720575941507605829,720575940618534977,21024
720575941703166938,720575940625168363,25322
720575941573694203,720575940626349815,158237
720575941610654185,720575940629302790,77305
720575941588981572,720575940634684664,808202
720575941527836582,720575940603549868,811232
720575941609819369,720575940620830290,157660
720575941659367504,720575940647936900,104126
720575941479680992,720575940622172540,78513
720575941652766932,720575940607573973,97655
720575941575231645,720575940618168038,120740
720575941464777814,720575940633643949,810606
720575941391213316,720575940630690108,46500
720575941595125031,720575940632803228,532494
720575941607907181,720575940614631254,900370
720575941453303347,720575940646760244,197180
720575941593981035,720575940638743923,89711
720575941592214891,720575940617244555,82855
720575941532248707,720575940635951727,59502
720575941414726801,720575940652520438,90820
720575941573065544,720575940621042452,83341
720575941430870487,720575940652234998,78521
720575941487003910,720575940641342965,84883
720575941604189630,720575940612758934,814353
720575941502717122,720575940616169794,32760
720575941476946484,720575940620335270,76245
720575941510363858,720575940643853422,92585
720575941586845662,720575940616629190,553949
720575941632098760,720575940628642378,34629
720575941562632104,720575940633552076,575876
720575941502135691,720575940625057260,181217
720575941543226653,720575940618657819,909817
720575941614147859,720575940615920582,125882
720575941530719179,720575940614259679,43346
720575941534130008,720575940636553646,152238
720575941651608085,720575940630864440,225979
720575941657175632,720575940611465080,21772
720575941578631257,720575940619925620,181476
720575941473922090,720575940616622860,906016
720575941609228461,720575940610937646,105019
720575941645710792,720575940635990896,46471
720575941657981720,720575940617562072,212840
720575941533401578,720575940635741808,103340
720575941631907515,720575940655641505,176404
720575941417143324,720575940605621164,107399
720575941631666885,720575940626691984,93236
720575941598177984,720575940623440639,120483
720575941537487592,720575940637834637,66363
720575941435115662,720575940618303557,536309
720575941641574994,720575940625722919,516311
720575941591368588,720575940625625788,909739
720575941629978406,720575940617303179,156565
720575941448695886,720575940618723653,80731
720575941534802408,720575940634664162,819879
720575941645570760,720575940608972612,813069
720575941524849666,720575940633226029,563481
720575941535846378,720575940612016498,89076
720575941564547847,720575940638245464,46946
720575941520883127,720575940609356811,90246
720575941467459094,720575940621598128,121321
720575941482140413,720575940636643406,810613
720575941483217661,720575940606539552,818685
720575941436805394,720575940621691486,143138
720575941536692250,720575940611068053,40656
720575941506900037,720575940628332048,802529
720575941439222991,720575940652477942,156046
720575941591732776,720575940645114734,904274
720575941537821411,720575940635007257,98849
720575941504574012,720575940625331075,132323
720575941624331146,720575940623058712,281865
720575941454231347,720575940612013717,550240
720575941633487008,720575940615430283,132722
720575941453681065,720575940627100362,19282
720575941524826114,720575940623130381,524452
720575941557318927,720575940625683970,61993
720575941540443005,720575940627687762,194026
720575941488561717,720575940623353331,122719
720575941591299468,720575940620355009,814900
720575941603587062,720575940640827555,49359
720575941580505845,720575940616088076,135669
720575941629117478,720575940639711347,54083
720575941530843083,720575940624546062,97090
720575941501635927,720575940638320256,112402
720575941555493156,720575940616633461,98822
720575941516307603,720575940610955946,88475
720575941723829562,720575940620562891,56174
720575941591753256,720575940621835958,177838
720575941537318293,720575940641259136,35319
720575941436071968,720575940624167866,154902
720575941496056704,720575940640332605,162942
720575941685711372,720575940631363279,162911
720575941450872698,720575940633798295,82980
720575941598752668,720575940617338086,149996
720575941441176511,720575940621574109,137719
720575941490944565,720575940627535747,154586
720575941589579262,720575940612179093,174967
720575941577022568,720575940635102500,145101
720575941536589578,720575940645223460,30465
720575941558776847,720575940607529417,103429
720575941560465935,720575940612657010,544254
720575941439883455,720575940627821896,378399
720575941515888483,720575940627192445,190627
720575941688278767,720575940624933476,580166
720575941680537789,720575940627476764,127066
720575941527427768,720575940637938409,213755
720575941411814315,720575940637090020,533862
720575941602512886,720575940626218442,121359
720575941527356326,720575940639669875,242591
720575941404949872,720575940653208566,592807
720575941532446954,720575940628547266,908560
720575941571404808,720575940629896183,67228
720575941547828769,720575940634256028,112852
720575941448307893,720575940635819256,521012
720575941487872976,720575940608078347,120197
720575941459484319,720575940633507359,117681
720575941642906017,720575940625035278,62082
720575941552509502,720575940624814519,101643
720575941633575877,720575940618381917,58144
720575941566970670,720575940622239664,25582
720575941449634631,720575940618721856,82147
720575941595511589,720575940627618898,807898
720575941558334223,720575940633278156,85823
720575941458200223,720575940612661683,148405
720575941499496777,720575940642650075,38722
720575941434241934,720575940622055201,155267
720575941426691668,720575940629120503,542576
720575941584877278,720575940628516355,145027
720575941439688539,720575940625410888,120078
720575941569243124,720575940611174354,55299
720575941610517990,720575940627807877,532786
720575941598909632,720575940629852239,120525
720575941574092027,720575940623000614,140716
720575941612258278,720575940616662284,114669
720575941732513579,720575940635338687,21078
720575941564252672,720575940625164296,47504
720575941486902082,720575940633573983,101553
720575941564552850,720575940619742561,533924
720575941472678698,720575940623472363,130037
720575941607805293,720575940643706784,126848
720575941505412517,720575940624444356,45279
720575941567856884,720575940613127314,806441
720575941508707618,720575940626982154,539221
720575941496119424,720575940632560098,169747
720575941591233022,720575940627530834,533743
720575941617430741,720575940636481204,72760
720575941503874647,720575940614574511,294784
720575941591878540,720575940609825033,85688
720575941610567498,720575940638720675,41414
720575941593961585,720575940635233215,118167
720575941561536045,720575940636415845,87785
720575941453255849,720575940619039773,534545
720575941459469638,720575940632714287,811008
720575941478652010,720575940615656338,106983
720575941490245070,720575940620985889,74900
720575941524279810,720575940633678734,48456
720575941477048938,720575940608181378,581057
720575941516337657,720575940626979646,811545
720575941524958118,720575940627498515,198971
720575941554589594,720575940626783943,150842
720575941493729968,720575940612425946,812431
720575941637414005,720575940632229457,911864
720575941490709710,720575940609195971,81278
720575941546654497,720575940612788655,58350
720575941572254216,720575940611617326,809765
720575941662198652,720575940619261086,34851
720575941517862254,720575940623560328,29861
720575941630541026,720575940626160740,110705
720575941457787551,720575940605426278,145494
720575941636248933,720575940614596007,150902
720575941485557058,720575940639341245,65790
720575941577904885,720575940623104862,21678
720575941521178291,720575940622105008,542269
720575941534527978,720575940617872089,106745
720575941530305208,720575940644074144,271938
720575941567290158,720575940620056990,125479
720575941529233336,720575940612658602,104991
720575941554637540,720575940631456331,119019
720575941429736623,720575940629799877,68449
720575941657624656,720575940630807607,45986
720575941431457528,720575940654878113,134265
720575941562066088,720575940606624725,90441
720575941452868679,720575940613252082,39740
720575941583863518,720575940630192128,112652
720575941640876319,720575940611404130,816022
720575941473134907,720575940620575909,29491
720575941612590745,720575940622520575,162108
720575941546797960,720575940628475048,130665
720575941471268928,720575940629740560,128464
720575941612023654,720575940606328497,190013
720575941453927987,720575940626400125,535692
720575941430924536,720575940623127757,188738
720575941518793070,720575940628797717,117359
720575941536103962,720575940608643164,531432
720575941639894133,720575940626372354,116707
720575941611581514,720575940628403538,113928
720575941531469699,720575940624763123,107685
720575941533260675,720575940615565398,276093
720575941410718123,720575940626880144,146249
720575941493140656,720575940616292497,105824
720575941491125193,720575940612210138,814548
720575941668293619,720575940608614667,143097
720575941517373587,720575940628782202,18366
720575941480642528,720575940632714799,83664
720575941478137962,720575940626271418,218793
720575941533744003,720575940624277321,814933
720575941451220905,720575940615269682,26633
720575941639480949,720575940629972983,132802
720575941505100311,720575940630029612,119644
720575941662834232,720575940653223158,145695
720575941535616434,720575940628296454,106870
720575941513039692,720575940605680817,935913
720575941652836849,720575940611340386,98521
720575941540190333,720575940626674182,29125
720575941644657352,720575940619868062,134296
720575941598206876,720575940631433027,179304
720575941430471561,720575940614464563,552233
720575941548122248,720575940640418675,819543
720575941526951705,720575940634557594,62839
720575941575129609,720575940621044160,83569
720575941438437183,720575940637509488,543823
720575941614953113,720575940638934598,539978
720575941565874071,720575940628946704,59290
720575941467935965,720575940626858748,105011
720575941545126505,720575940635133852,526665
720575941474404923,720575940638968920,68301
720575941623496586,720575940614784710,519086
720575941439772383,720575940637978202,155619
720575941403021680,720575940626861449,59685
720575941485060493,720575940630819778,23515
720575941476112193,720575940613639395,126622
720575941503986226,720575940608341443,67006
720575941565332631,720575940624040885,809122
720575941449802062,720575940622063487,109187
720575941547352381,720575940623052326,110449
720575941560353551,720575940632422625,34307
720575941668673457,720575940608964821,557274
720575941624722331,720575940624025578,143076
720575941475560756,720575940615132738,145673
720575941557335332,720575940649451129,54063
720575941543014917,720575940622877729,104572
720575941408132270,720575940629581399,88171
720575941536014312,720575940620382640,38852
720575941600056617,720575940636536238,130282
720575941508880257,720575940612571059,110949
720575941610347878,720575940633908110,103356
720575941614723481,720575940631425965,75625
720575941688156278,720575940619511345,133630
720575941546265992,720575940618370333,85845
720575941543636997,720575940629258758,20415
720575941520401591,720575940637830207,543769
720575941560284687,720575940620562881,24937
720575941392176388,720575940633147292,98356
720575941527903364,720575940619421319,137136
720575941645341048,720575940635886682,107319
720575941611818982,720575940605398304,95369
720575941608254061,720575940617400537,248138
720575941732139307,720575940622552393,28478
720575941541080668,720575940616993885,35070
720575941479763279,720575940627717314,145341
720575941553191559,720575940616300230,106070
720575941671126951,720575940630149687,69772
720575941527520422,720575940606325094,387395
720575941532567013,720575940637485146,580417
720575941503469399,720575940625041127,42389
720575941526627494,720575940626564593,107573
720575941628237350,720575940607066123,907191
720575941510333968,720575940629736058,32707
720575941550272829,720575940628198855,36855
720575941498270025,720575940624133424,142011
720575941549157409,720575940622159117,141919
720575941470936896,720575940621007495,534025
720575941583009631,720575940616536200,122073
720575941542477916,720575940617503121,80988
720575941486087309,720575940631570733,112003
720575941416368924,720575940604122982,37965
720575941626289721,720575940627963127,166656
720575941537241315,720575940625817018,72214
720575941560860461,720575940638186842,123531
720575941437176594,720575940627909379,29520
720575941543515933,720575940620415824,128815
720575941502268098,720575940630754043,537012
720575941545491205,720575940623942325,123947
720575941471253824,720575940639617443,41117
720575941525756185,720575940631757624,500077
720575941472065547,720575940611130066,116713
720575941567463412,720575940626702723,516471
720575941566948852,720575940606223793,813076
720575941462418701,720575940613200706,513322
720575941631417760,720575940629548226,57888
720575941439939807,720575940631095087,126283
720575941532582787,720575940626375064,50356
720575941391034006,720575940632178735,558315
720575941544781236,720575940609625045,136268
720575941669747121,720575940627494277,122700
720575941605091518,720575940616676364,813374
720575941580307025,720575940626270906,84276
720575941455520618,720575940631997580,71040
720575941474440234,720575940631662329,106951
720575941463152272,720575940630299434,102677
720575941539550845,720575940605291436,189291
720575941663538300,720575940627704488,48524
720575941487163654,720575940627064506,181547
720575941525728002,720575940626326121,51688
720575941478471904,720575940624665085,81856
720575941658190360,720575940618727760,167896
720575941602540790,720575940629480570,104638
720575941508741410,720575940615379573,517378
720575941723616826,720575940623031139,229266
720575941465446486,720575940628881156,55156
720575941447846990,720575940635958639,525842
720575941600150825,720575940640022144,141019
720575941592196054,720575940640018264,580537
720575941451519913,720575940627521597,177779
720575941528159142,720575940634691735,68721
720575941603274486,720575940609361756,122754
720575941451815290,720575940608920388,532387
720575941612240358,720575940619964757,260572
720575941603354297,720575940619138725,525466
720575941504445634,720575940627329881,812800
720575941436229932,720575940639648573,112014
720575941486490178,720575940628703720,202218
720575941624379274,720575940613928676,76264
720575941617767893,720575940618215195,134849
720575941585936606,720575940628174415,54248
720575941548240244,720575940644589591,66076
720575941556893348,720575940631458529,813249
720575941479864771,720575940660626049,110053
720575941502227595,720575940612052578,148295
720575941555879507,720575940639810419,40464
720575941508829218,720575940612983978,540459
720575941440954203,720575940624971447,208770
720575941527494937,720575940638526948,60503
720575941460670352,720575940624884488,50895
720575941546064745,720575940617887646,95310
720575941432609239,720575940620478959,804169
720575941539371669,720575940618442726,40868
720575941459643462,720575940638808448,39107
720575941491467980,720575940624198909,524469
720575941526737741,720575940624668908,55984
720575941574420489,720575940616433989,95613
720575941527475878,720575940621228168,515729
720575941484031418,720575940631705551,77030
720575941497967841,720575940641692917,905891
720575941652418325,720575940631237135,519275
720575941568143150,720575940644712096,564498
720575941550834494,720575940632404793,71701
720575941504409282,720575940621551937,51138
720575941480129187,720575940655781025,53068
720575941644037793,720575940610811746,96066
720575941524962585,720575940627056202,131875
720575941678623165,720575940622893960,158590
720575941546742617,720575940609648226,75090
720575941469006557,720575940620548078,105092
720575941508728449,720575940625997200,521414
720575941522992119,720575940644179656,113290
720575941515223555,720575940615641428,128963
720575941618008447,720575940626501378,48599
720575941550249471,720575940628169371,104227
720575941688653787,720575940620260980,32130
720575941534211521,720575940622906211,123982
720575941639444255,720575940637959539,116020
720575941460470995,720575940619999818,25384
720575941390532868,720575940627778348,86863
720575941493679486,720575940633170207,130260
720575941509547792,720575940604479590,97200
720575941508782290,720575940628696232,103039
720575941552935707,720575940623834250,139963
720575941596836485,720575940627105354,609240627
720575941572880542,720575940620715173,518800
720575941574749705,720575940625755123,66153
720575941491477680,720575940634637025,36915
720575941652961748,720575940615761823,212900
720575941449433437,720575940614641831,150912
720575941455148083,720575940617040245,20295
720575941534906034,720575940633974355,30610
720575941555408292,720575940614221474,53380
720575941497899170,720575940625611751,105849
720575941690920411,720575940624640007,914210
720575941588168503,720575940626454786,168089
720575941602775030,720575940626166012,193181
720575941531426763,720575940635703231,576689
720575941478933354,720575940622103134,563788
720575941604213689,720575940626051111,537952
720575941533993665,720575940621111472,132090
720575941514611811,720575940611720362,46661
720575941409951915,720575940612837273,147469
720575941584416351,720575940627744345,170595
720575941563490146,720575940626508176,188142
720575941652066801,720575940622675753,174514
720575941590516876,720575940622813418,517038
720575941496348489,720575940639403086,37603
720575941483433670,720575940631259129,909038
720575941653954772,720575940606031538,182787
720575941441251791,720575940617385176,527328
720575941539623629,720575940630026434,514756
720575941662619192,720575940630472727,201668
720575941572935689,720575940611300818,114520
720575941497731195,720575940632161361,810137
720575941534607386,720575940619749979,89769
720575941503449175,720575940628591619,133291
720575941603825337,720575940629278263,804898
720575941625067675,720575940618436847,532330
720575941595817841,720575940618824021,526073
720575941510986000,720575940634074208,163682
720575941448205749,720575940619543120,151916
720575941462304656,720575940629582300,920914
720575941502859351,720575940624043784,221015
720575941661510456,720575940620623307,73382
720575941408278319,720575940612967909,208510
720575941469675584,720575940627897256,181512
720575941644126113,720575940639865934,40583
720575941662747960,720575940622135757,139551
720575941594998823,720575940626327177,45392
720575941590064780,720575940653269238,36549
720575941574556680,720575940625244426,540247
720575941414779796,720575940610417347,131000
720575941467974365,720575940623951874,162559
720575941456837613,720575940644759331,543396
720575941560612264,720575940614735279,556826
720575941516690323,720575940631626860,40102
720575941612330972,720575940646226798,95969
720575941571526728,720575940638089560,257650
720575941590487038,720575940622647907,94870
720575941668785651,720575940604962220,118155
720575941441522011,720575940643819812,50623
720575941450382670,720575940632302136,48735
720575941612427878,720575940621455552,148544
720575941531294181,720575940613283043,98000
720575941584127327,720575940626739248,305056
720575941489634764,720575940645821207,62762
720575941417154588,720575940624377638,516380
720575941552434842,720575940606792881,55056
720575941447984821,720575940625967390,137778
720575941469342941,720575940620830703,526930
720575941628033081,720575940621399534,114262
720575941584270726,720575940636564622,52825
720575941565781351,720575940615946555,38124
720575941506850689,720575940625686801,85519
720575941531404747,720575940625831911,76155
720575941514003409,720575940627488252,71826
720575941466704470,720575940625730343,53103
720575941520562871,720575940627200004,155288
720575941480392611,720575940627410793,193666
720575941534464234,720575940623607236,552730
720575941459720518,720575940625039546,29431
720575941652929521,720575940633350175,92941
720575941496194432,720575940618556646,58393
720575941507437847,720575940644911127,14475
720575941530180536,720575940622052848,519463
720575941508807202,720575940624429309,197828
720575941471823712,720575940622720681,124481
720575941525403492,720575940627561859,544033
720575941513708611,720575940621884698,87940
720575941643995080,720575940616978518,32035
720575941654374100,720575940619831499,149758
720575941391706774,720575940630563454,54457
720575941559628559,720575940631405276,59232
720575941607196525,720575940621680252,71171
720575941632344300,720575940627045272,815774
720575941527165540,720575940618498909,560344
720575941532485861,720575940629315371,118501
720575941503444162,720575940611599530,122675
720575941522952011,720575940615027679,41597
720575941490855886,720575940631844300,82982
720575941547175860,720575940630909970,150828
720575941477349681,720575940616120898,143672
720575941655764436,720575940630923857,803179
720575941651806961,720575940615403670,92627
720575941600963881,720575940627424286,41787
720575941564454656,720575940631732687,61884
720575941394164118,720575940650160249,44250
720575941568081402,720575940618571333,26693
720575941610769738,720575940617621734,60197
720575941489731020,720575940609190921,104992
720575941594674213,720575940623900052,92424
720575941573035422,720575940629158418,150764
720575941482575555,720575940619822942,66144
720575941448324372,720575940632225071,192829
720575941732762411,720575940618344738,174035
720575941634136507,720575940628880131,144654
720575941596857500,720575940634499832,87665
720575941573629179,720575940621478765,536280
720575941568858618,720575940638766720,56580
720575941440100181,720575940631739309,125860
720575941574756751,720575940634353619,147791
720575941543830021,720575940618989982,84319
720575941592227112,720575940623088008,84439
720575941507350401,720575940646538116,37898
720575941460270406,720575940644322248,253492
720575941408213551,720575940639650126,56550
720575941624613884,720575940607597660,108696
720575941669540017,720575940631639627,36212
720575941471528512,720575940617480790,132660
720575941516366179,720575940631659331,72907
720575941480571215,720575940627407887,85082
720575941662605180,720575940631631691,16503
720575941477097502,720575940620657031,544576
720575941638860831,720575940617716566,55899
720575941441460927,720575940628889543,130687
720575941528127398,720575940615756866,130564
720575941542026844,720575940610938322,77070
720575941625037962,720575940624554132,75637
720575941680743613,720575940616495361,151861
720575941527476505,720575940623972076,50212
720575941455249203,720575940615944337,513465
720575941653507089,720575940626783294,78754
720575941555864036,720575940621929571,113484
720575941489978855,720575940620480134,60940
720575941455934445,720575940621512233,54642
720575941549450557,720575940620758151,150232
720575941475610142,720575940622311306,48149
720575941482816186,720575940632645198,147276
720575941414615953,720575940629409539,68461
720575941479796704,720575940628866860,88053
720575941679700669,720575940614316650,533466
720575941431643273,720575940634378351,550421
720575941453286727,720575940632354575,168447
720575941393185284,720575940634300642,127167
720575941572138235,720575940623688455,126482
720575941573981839,720575940635741432,803300
720575941463746317,720575940611714514,57304
720575941632660411,720575940621655766,810257
720575941514039299,720575940636298047,94562
720575941651726065,720575940631758151,165189
720575941450154574,720575940620953477,34355
720575941474051114,720575940630498942,109300
720575941497725090,720575940635499888,818350
720575941531436261,720575940622473608,812909
720575941516397971,720575940634801844,82400
720575941568150772,720575940622337259,76244
720575941502668850,720575940611917977,71087
720575941516584920,720575940623198497,533978
720575941487783477,720575940639399238,34808
720575941665455347,720575940626161922,37856
720575941500329099,720575940627664661,512072
720575941554121555,720575940640040832,111613
720575941447834190,720575940617381445,519811
720575941595955868,720575940626227352,58602
720575941390660502,720575940615294058,100989
720575941447650324,720575940633833299,32961
720575941535235672,720575940620729792,526904
720575941603125689,720575940627732296,88276
720575941351839280,720575940633670882,48515
720575941574022248,720575940608541891,112542
720575941611552275,720575940641702304,208317
720575941527121666,720575940620501213,121885
720575941591871851,720575940622791885,89976
720575941702721498,720575940628821520,327734
720575941539325426,720575940609151445,516002
720575941689180790,720575940624446391,195375
720575941589028663,720575940623001624,30196
720575941611063370,720575940608102613,805007
720575941658942744,720575940622441084,539070
720575941503735490,720575940632669521,119487
720575941450340701,720575940631417887,32372
720575941625708187,720575940629306667,139249
720575941506547013,720575940629512186,95148
720575941559344110,720575940632646712,814447
720575941574127247,720575940624488712,162431
720575941491900903,720575940627153767,919785
720575941540683868,720575940610433144,159304
720575941568577326,720575940627041538,542311
720575941610826086,720575940623410961,78796
720575941566777390,720575940635605914,100821
720575941654527449,720575940620981274,530342
720575941539486706,720575940636537445,108159
720575941504455845,720575940623392214,74206
720575941651216113,720575940629249239,199395
720575941604237758,720575940617062486,120091
720575941504076453,720575940617167262,46705
720575941560296051,720575940622808959,69773
720575941625968539,720575940611380856,146520
720575941625183370,720575940617411387,151753
720575941483175421,720575940623445188,30426
720575941611394524,720575940617599193,39441
720575941400624675,720575940620303380,91089
720575941593646632,720575940633954018,21107
720575941539809116,720575940624155966,675229879
720575941432788951,720575940632598376,126451
720575941495453822,720575940614692271,550852
720575941431673697,720575940624446728,935588
720575941498338939,720575940618345729,157134
720575941690378203,720575940617859841,40419
720575941517542872,720575940627218106,140704
720575941571611976,720575940603663276,524105
720575941477498932,720575940626664956,525419
720575941612700313,720575940625885710,57799
720575941542967581,720575940623429837,141983
720575941564530327,720575940628415304,35977
720575941579934545,720575940612029390,520871
720575941608942569,720575940635883748,816062
720575941629081382,720575940634025901,210541
720575941390684310,720575940627644693,105783
720575941538725269,720575940626304077,112838
720575941627913785,720575940605508320,147447
720575941408907691,720575940627184427,809646
720575941486505424,720575940620161089,79010
720575941514477379,720575940617173819,816971
720575941500158626,720575940631904067,82201
720575941411670699,720575940621902085,108382
720575941521264563,720575940646502020,99009
720575941613059091,720575940631846341,339206
720575941554923859,720575940621979745,68319
720575941481076354,720575940647368483,140788
720575941595049430,720575940616200921,512197
720575941519921006,720575940632987347,84738
720575941431811320,720575940623808805,189733
720575941594799749,720575940635028575,123304
720575941433333262,720575940631406329,131077
720575941453143879,720575940611252434,549388
720575941483104765,720575940622682564,17620
720575941503461436,720575940611225976,52942
720575941629509090,720575940627847428,47470
720575941633366469,720575940644750116,104107
720575941391207574,720575940620999606,54644
720575941539104661,720575940623016803,817523
720575941473472827,720575940637072752,114471
720575941574068233,720575940620949328,33548
720575941527718054,720575940617519989,108091
720575941490591689,720575940623734541,93806
720575941533495683,720575940655087777,28216
720575941439864149,720575940617018183,138842
720575941507813392,720575940629821634,811660
720575941721470778,720575940630630782,55745
720575941610945257,720575940626303418,101118
720575941624736508,720575940629369191,17872
720575941437552684,720575940631408203,59197
720575941452474439,720575940622301965,115167
720575941440067925,720575940614620381,553387
720575941449053277,720575940637091674,52204
720575941480066467,720575940633602131,144845
720575941558470382,720575940615858143,164624
720575941464147469,720575940619600213,91718
720575941411156139,720575940620647407,78876
720575941572060169,720575940630464843,72900
720575941535456434,720575940653631905,514146
720575941588993022,720575940615499774,18723
720575941506824215,720575940628686695,37127
720575941528112824,720575940609155083,116307
720575941514744410,720575940629900843,95112
720575941545607612,720575940634298524,57751
720575941645100664,720575940638276318,39969
720575941607298413,720575940616384349,803541
720575941483691517,720575940623348044,32742
720575941415886876,720575940640493400,99104
720575941552372359,720575940642551515,500054
720575941613099027,720575940628139397,91397
720575941630646252,720575940615781307,809391
720575941431485944,720575940635496366,67591
720575941504685762,720575940607214466,15080
720575941527884454,720575940632090130,53122
720575941447799118,720575940615376543,544335
720575941406724911,720575940627404053,99484
720575941451335246,720575940632940077,810936
720575941450979150,720575940624134185,119093
720575941465596438,720575940630135351,151494
720575941606823789,720575940629531589,516604
720575941401466659,720575940646334062,65726
720575941477839902,720575940624911132,45807
720575941538135523,720575940636346175,28276
720575941467615709,720575940622836691,24042
720575941549936701,720575940626441786,65854
720575941604217785,720575940622655237,119866
720575941412505489,720575940620027003,28376
720575941477263665,720575940625641203,14952
720575941435184672,720575940621385752,53351
720575941434048544,720575940635172960,37330
720575941498902753,720575940614262378,75109
720575941440980671,720575940621485739,87915
720575941540941853,720575940610732386,29555
720575941579101009,720575940619709745,68991
720575941566331495,720575940623224013,514206
720575941589264695,720575940637683086,87583
720575941534369050,720575940638391642,193466
720575941432533089,720575940639508797,95469
720575941631150060,720575940618359441,946036
720575941594921942,720575940621461953,45328
720575941452044713,720575940620935919,85328
720575941492989104,720575940636783790,40739
720575941583234911,720575940626092071,170022
720575941607249773,720575940613556882,82049
720575941477147678,720575940628144978,87273
720575941472066315,720575940626778088,580548
720575941463617805,720575940623871940,160445
720575941440014047,720575940623593668,44060
720575941427946324,720575940628745063,176307
720575941604982462,720575940629754411,436049
720575941566635062,720575940614482227,69791
720575941415146012,720575940621721709,63837
720575941565436770,720575940608966613,57867
720575941536530458,720575940629651047,165492
720575941401456931,720575940618999380,108275
720575941392484612,720575940633685856,181849
720575941478443882,720575940611324122,37540
720575941471966272,720575940620809894,137165
720575941624630986,720575940632092300,51034
720575941611855334,720575940636674190,53408
720575941534843073,720575940622578782,549909
720575941495424967,720575940606470577,88769
720575941631485856,720575940635928176,154560
720575941485249677,720575940631066875,168378
720575941506217020,720575940616268959,153266
720575941510309842,720575940639105614,77005
720575941701631450,720575940634088602,57580
720575941449780405,720575940625391399,936437
720575941440844635,720575940623993276,43215
720575941475291707,720575940632537508,89238
720575941580310353,720575940624432309,83920
720575941461352659,720575940633918489,96210
720575941511092752,720575940627561290,70127
720575941701851866,720575940608402500,54754
720575941572854173,720575940655319969,77200
720575941481099171,720575940622720726,524497
720575941644051400,720575940627946250,26914
720575941433795726,720575940613959180,60629
720575941414097297,720575940614958888,520309
720575941582705247,720575940632003640,91104
720575941551757311,720575940612968666,137910
720575941484042938,720575940605995721,117568
720575941449244765,720575940616130098,31534
720575941487683280,720575940628982983,78225
720575941701216474,720575940606109641,123237
720575941445351444,720575940629044123,93332
720575941611498342,720575940613268915,198920
720575941632506092,720575940611885461,537839
720575941483493062,720575940620927367,50031
720575941576007350,720575940638231997,522401
720575941498384097,720575940604435814,141714
720575941632238316,720575940611872426,66922
720575941578392913,720575940622353846,150574
720575941540706429,720575940623085850,543835
720575941573973096,720575940633698003,159004
720575941654090196,720575940631061559,114035
720575941687565942,720575940621164276,97859
720575941609713226,720575940658287489,132102
720575941599027904,720575940622863715,14191
720575941504394405,720575940639235187,517487
720575941573840392,720575940631267655,169186
720575941438989147,720575940628554005,109533
720575941429375959,720575940610504398,93012
720575941519987383,720575940620904327,112301
720575941482588346,720575940615500255,514886
720575941450117754,720575940615244286,86995
720575941439238485,720575940641563188,70034
720575941528581508,720575940616853131,40338
720575941549596221,720575940617919542,108645
720575941564865536,720575940618112257,515466
720575941497669794,720575940617657556,46710
720575941653942289,720575940635646911,911814
720575941497536585,720575940613490995,173447
720575941427576404,720575940619839821,166108
720575941531451851,720575940609235036,543026
720575941593606102,720575940630484811,81058
720575941509005441,720575940623729190,53928
720575941643242952,720575940624865463,558169
720575941494056832,720575940624391059,96521
720575941506765602,720575940629090203,541999
720575941612591533,720575940624116715,33032
720575941618019199,720575940629343196,515428
720575941690241755,720575940622845661,50735
720575941684802287,720575940606586325,550738
720575941639920927,720575940635462757,187170
720575941584772486,720575940612990003,192442
720575941687607279,720575940631961740,106966
720575941453643433,720575940622964262,258735
720575941542746653,720575940625167112,51887
720575941404468592,720575940631824332,138449
720575941430836951,720575940633034265,105829
720575941565519714,720575940606983369,41720
720575941638653301,720575940628295178,102092
720575941500003234,720575940613056947,111940
720575941551131198,720575940633991068,139200
720575941563951207,720575940629078519,115885
720575941573639931,720575940622392299,72653
720575941540649677,720575940632374207,132226
720575941611094602,720575940623814168,545056
720575941532845234,720575940631781443,75430
720575941431674543,720575940623442470,542358
720575941628080678,720575940634805667,41196
720575941574726408,720575940623566780,140590
720575941590387084,720575940625926677,17370
720575941551357723,720575940620308615,32939
720575941439366747,720575940639434566,54058
720575941668658163,720575940629185835,117729
720575941573908879,720575940620665990,130822
720575941553690759,720575940625424906,546540
720575941417174556,720575940621381853,151306
720575941352578608,720575940648348804,106936
720575941513928268,720575940640009533,817171
720575941537937896,720575940631139153,112428
720575941451126087,720575940628813060,103647
720575941631466144,720575940625009848,105105
720575941498105250,720575940609355054,535996
720575941516272739,720575940616111666,534206
720575941393301508,720575940619812717,99292
720575941482983866,720575940633834579,903415
720575941565348247,720575940631827523,546316
720575941555974145,720575940638893146,128107
720575941732374059,720575940607880028,105718
720575941449357646,720575940644596260,97123
720575941429509847,720575940630740268,148604
720575941526802201,720575940633175500,162645
720575941559980047,720575940635120538,80267
720575941565799575,720575940629969858,44884
720575941653428241,720575940624057599,820172
720575941642944376,720575940621370061,103191
720575941651427313,720575940608506325,183161
720575941405864110,720575940637453894,27388
720575941611371338,720575940624159783,273962
720575941482269949,720575940628533508,29716
720575941557731236,720575940620266955,546407
720575941432531726,720575940616824076,202177
720575941661721144,720575940616542277,104920
720575941593377063,720575940604434092,48181
720575941430753417,720575940639210293,811029
720575941496257761,720575940629116401,86618
720575941690504411,720575940613633576,151893
720575941563487656,720575940630518851,106888
720575941589583671,720575940621793263,115559
720575941588661381,720575940620532400,196971
720575941514350851,720575940622353078,204490
720575941632110240,720575940621617391,60215
720575941654698452,720575940623354188,516061
720575941630419682,720575940616643618,104416
720575941689147288,720575940630149207,143624
720575941352867120,720575940630176567,32795
720575941566490934,720575940622493320,550147
720575941595167271,720575940614254632,123117
720575941526116196,720575940626605242,114713
720575941688900364,720575940623049752,146750
720575941576460889,720575940618369590,31874
720575941579974009,720575940619079709,67859
720575941579326453,720575940634203583,108058
720575941573935355,720575940623060769,859985596
720575941555291219,720575940620543728,66351
720575941567861492,720575940629517818,164719
720575941434982030,720575940617999419,67237
720575941472151104,720575940642145755,145561
720575941527162445,720575940632721036,42671
720575941558126863,720575940625809556,107376
720575941574434811,720575940645497636,818742
720575941529142148,720575940629229059,95636
720575941535387882,720575940626309168,27387
720575941625407370,720575940618005137,129014
720575941495532670,720575940619123870,515472
720575941530451896,720575940654841505,77387
720575941595499377,720575940640495933,548483
720575941593434920,720575940615922971,72406
720575941594059557,720575940620202266,115833
720575941447522741,720575940628527439,104067
720575941541661469,720575940627190659,98254
720575941603594937,720575940629063618,177043
720575941535066339,720575940627066194,812680
720575941506065477,720575940653896609,108484
720575941582255481,720575940635000215,114466
720575941462467984,720575940614043699,83737
720575941495236990,720575940624165912,936618
720575941467235293,720575940628807503,39172
720575941532658405,720575940613568739,230279
720575941629925414,720575940625098935,133834
720575941688870006,720575940635747007,200867
720575941467104598,720575940613259493,105324
720575941511577298,720575940637649806,173205
720575941701441498,720575940631219500,120331
720575941489377737,720575940634760860,549650
720575941393312662,720575940623913254,106261
720575941572902814,720575940610442190,158074
720575941589129028,720575940617999931,164500
720575941594897622,720575940613372586,113582
720575941401518115,720575940606747659,48143
720575941492389808,720575940619195461,34502
720575941623246444,720575940609313092,93401
720575941409043886,720575940612534954,547811
720575941644766113,720575940624961086,66370
720575941573911965,720575940621273709,68392
720575941526169881,720575940616527617,154846
720575941471044363,720575940615289759,64703
720575941450306638,720575940626584066,59084
720575941565763938,720575940615843734,70783
720575941576677480,720575940628768105,24766
720575941555311588,720575940609760267,172484
720575941440141909,720575940626146853,139549
720575941548250228,720575940616315931,120401
720575941688487180,720575940639003470,164554120
720575941590767614,720575940615954282,109859
720575941688163190,720575940621324996,25889
720575941587519742,720575940631685587,216220
720575941460507974,720575940610277017,195059
720575941553847123,720575940624852263,105411
720575941652282097,720575940659523969,57537
720575941650574869,720575940621230245,73965
720575941591864204,720575940637726174,542898
720575941513321721,720575940631301715,14747
720575941484529037,720575940617037510,807391
720575941489241653,720575940619341447,121729
720575941576321896,720575940624838729,32177
720575941475556913,720575940627837256,904238
720575941633235360,720575940621753179,520303
720575941499962786,720575940628021779,174088
720575941455929837,720575940624569090,1050978284
720575941550051583,720575940622274013,127130
720575941505829180,720575940631293092,120136
720575941483493818,720575940634682487,337586
720575941491138791,720575940612627106,80680
720575941416378908,720575940639648163,45974
720575941485832589,720575940620878836,33279
720575941524945410,720575940635998362,52184
720575941594215463,720575940620662036,52858
720575941662017660,720575940630924591,534012
720575941519707831,720575940623221774,176510
720575941537086184,720575940607375794,90911
720575941411866004,720575940622168781,537749
720575941502671243,720575940625375357,83739
720575941632259052,720575940629846784,180267
720575941528682116,720575940620766374,136564
720575941535563442,720575940637745886,210748
720575941523392503,720575940618147101,814377
720575941554069383,720575940616866758,15082
720575941352785712,720575940626648634,806598
720575941511171282,720575940624840634,59033
720575941591455628,720575940623283753,916052
720575941553930497,720575940623928327,134513
720575941408883371,720575940626903829,904536
720575941476713780,720575940634361998,178177
720575941586987998,720575940636945253,21912
720575941540020828,720575940643526510,36384
720575941645399240,720575940609651758,166848
720575941546197384,720575940605306726,27532
720575941723675194,720575940621548882,54834
720575941505102396,720575940613923565,72036
720575941565875815,720575940641053581,150881
720575941502701762,720575940622465123,97295
720575941433074702,720575940629003516,90103
720575941525381634,720575940626336381,111884
720575941656236112,720575940610866222,71690
720575941593177302,720575940624735207,74195
720575941611150566,720575940628807409,810247
720575941426412372,720575940646073454,524988
720575941632756384,720575940610683315,103623
720575941564747415,720575940614731304,148075
720575941415072540,720575940632046393,171708
720575941588809612,720575940640223566,147371
720575941678676413,720575940618550699,806761
720575941440102485,720575940622410153,87029
720575941651713265,720575940624202025,145461
720575941643859026,720575940627471016,103275
720575941497218171,720575940635651263,248071
720575941456176365,720575940606646962,87479
720575941508208001,720575940617231577,12369
720575941526479204,720575940622335114,173527
720575941638670197,720575940615181273,163895
720575941353157168,720575940640921040,801959
720575941564985351,720575940618225030,521450
720575941513926353,720575940649849209,517968
720575941526360486,720575940609825237,119410
720575941526344962,720575940618090457,94538
720575941545281928,720575940614797096,35040
720575941530271160,720575940630383607,193593
720575941688490392,720575940612858646,138770
720575941590025015,720575940618391074,145459
720575941479933408,720575940634600287,77452
720575941566930420,720575940629163772,138399
720575941632437228,720575940635167935,118939
720575941561895936,720575940629949263,542589
720575941604222454,720575940629154307,200761
720575941645981640,720575940635055455,109082
720575941501815947,720575940647464580,67321
720575941438338322,720575940614257298,56605
720575941406525231,720575940629774274,88145
720575941540329341,720575940635389303,154079
720575941438496735,720575940624838217,21740
720575941623027708,720575940633234349,22234
720575941527220738,720575940634430456,100713
720575941565286503,720575940619559838,131797
720575941564193031,720575940620532529,112981
720575941593109800,720575940623881619,924730
720575941618783871,720575940626675305,126240
720575941527740804,720575940622594292,221992964
720575941598267433,720575940615836428,53955
720575941458512966,720575940615803807,122585
720575941486724930,720575940608989195,63447
720575941563103744,720575940620862123,75406
720575941687111542,720575940609775115,804637
720575941639645727,720575940616715381,170038
720575941497619273,720575940625804436,164174
720575941632571628,720575940616400315,551081
720575941553523483,720575940629089795,61348
720575941653005785,720575940620963361,124911
720575941413108369,720575940624409738,18389
720575941529565828,720575940635464287,164490
720575941464996694,720575940629531497,543257
720575941526171981,720575940607229058,131285
720575941546817160,720575940612337893,84252
720575941553095230,720575940618495522,89256
720575941506699173,720575940626206922,513882
720575941587774007,720575940612539443,83079
720575941589844535,720575940633524443,52058
720575941597154752,720575940634132636,134766
720575941552524094,720575940622589917,154297
720575941498804041,720575940635616436,218684
720575941599106857,720575940606130720,53150
720575941436319020,720575940610710852,809878
720575941514175993,720575940630491154,76071
720575941414052500,720575940637078128,55525
720575941657559888,720575940616615453,36388
720575941563999074,720575940624619447,819581
720575941480698447,720575940633352275,85899
720575941630193190,720575940632177475,70760
720575941407611566,720575940627942287,84120
720575941624097276,720575940624287891,53181
720575941507708183,720575940604692704,97673
720575941596720028,720575940614352867,526572
720575941417002780,720575940613708083,64851
720575941560224750,720575940641297653,208590
720575941603567801,720575940636483252,72817
720575941568402478,720575940612180629,538088
720575941590514828,720575940618193881,118776
720575941563825506,720575940631180508,188883
720575941435008654,720575940635016288,149219
720575941440993471,720575940628270321,29691
720575941555792100,720575940606674976,178635
720575941514337626,720575940615130018,113511
720575941589567314,720575940628895787,177254
720575941491480014,720575940635223403,118190
720575941538144242,720575940631097551,912181
720575941493648048,720575940626301386,551116
720575941611942118,720575940632165963,151340
720575941510356752,720575940636340366,184542
720575941498546594,720575940627249764,28585
720575941577699573,720575940645983342,205572
720575941527338265,720575940627505539,244510
720575941483399165,720575940615016598,25255
720575941638374517,720575940631251242,60723
720575941598298560,720575940631510599,34937
720575941408481195,720575940649765497,59245
720575941518491059,720575940617726681,524526
720575941502534635,720575940622078049,127099
720575941459504543,720575940623451539,200782
720575941610303590,720575940622631351,94472
720575941552762963,720575940652449270,60443
720575941595449383,720575940631074255,546403
720575941437638741,720575940612740850,813587
720575941435691406,720575940619642840,166830
720575941598935744,720575940609791171,152402
720575941504163010,720575940616841565,67556
720575941506433570,720575940626023172,527453
720575941653641433,720575940614095144,104818
720575941485535440,720575940623505845,75922
720575941552918555,720575940628800060,123712
720575941564781878,720575940631099735,83493
720575941603767993,720575940641151629,74524
720575941569603060,720575940614276845,580441
720575941430480632,720575940632272440,45915
720575941585038558,720575940629529722,84890
720575941556006657,720575940623994250,92537
720575941459034694,720575940637898842,146688
720575941505479447,720575940613448874,84944
720575941658247960,720575940642340085,23657
720575941479956131,720575940613615085,61668
720575941522581579,720575940618817108,24071
720575941539617661,720575940637079667,119707
720575941564433298,720575940623350285,101999
720575941408586923,720575940614103505,151565
720575941462104845,720575940633663917,80402
720575941441920859,720575940622821658,817858
720575941428214356,720575940631596103,91716
720575941568044020,720575940620349094,26246
720575941486269446,720575940617038534,37099
720575941435889440,720575940619459126,185700
720575941613595545,720575940620894913,71959
720575941505012389,720575940633396653,149986
720575941670114727,720575940641187829,134371
720575941688038006,720575940643876718,147489
720575941561031981,720575940642382477,167631
720575941527276621,720575940632207890,119222
720575941669741233,720575940609088523,512340
720575941552168447,720575940614396578,43443
720575941503210946,720575940623299722,31296
720575941410940843,720575940638926938,115413
720575941463520781,720575940623901892,183701
720575941565773975,720575940617217653,816246
720575941406852143,720575940616609349,184514
720575941554355201,720575940607462274,100852
720575941457406448,720575940615406751,203964
720575941515463683,720575940617703563,141637
720575941426979156,720575940626727049,815861
720575941657354008,720575940647303300,34670
720575941501996683,720575940625445048,175676
720575941481742522,720575940630996754,60407
720575941431640568,720575940613045234,83476
720575941438152277,720575940620571697,516933
720575941589459198,720575940632395233,95734
720575941688796684,720575940627424542,94805
720575941632330988,720575940616298470,141575
720575941565082210,720575940615094678,569803
720575941523875659,720575940635467887,57500
720575941653504017,720575940616774981,536534
720575941521390583,720575940635933688,113168
720575941487055938,720575940647008820,906492
720575941666996145,720575940627923581,55505
720575941537180136,720575940644731040,116141
720575941461239440,720575940636706118,44962
720575941460007750,720575940629453116,131909
720575941476034078,720575940621002593,144851
720575941606179181,720575940640997261,136313
720575941531735171,720575940633773523,20934
720575941522459979,720575940620832517,202109
720575941552923198,720575940627739225,158560
720575941667036081,720575940650901881,818199
720575941691116763,720575940611542392,226429
720575941507982114,720575940627972090,75092
720575941438848479,720575940625911224,109679
720575941504145573,720575940619067259,132103
720575941626265755,720575940624191782,814198
720575941606180717,720575940625017358,126602
720575941560225139,720575940633156127,80284
720575941516291075,720575940618258649,124066
720575941492684208,720575940619469888,80690
720575941602013430,720575940623945254,135617
720575941532416088,720575940625708336,139970
720575941626612332,720575940621690561,132708
720575941475713566,720575940604447520,180344
720575941561831336,720575940624866999,810543
720575941612078300,720575940637390181,116418
720575941584305759,720575940627347589,87817
720575941555315027,720575940643854752,84338
720575941440835163,720575940637086126,535527
720575941462871053,720575940636624014,160379
720575941521750451,720575940632936223,40446
720575941555664100,720575940623645671,45284
720575941553849223,720575940631810391,152928
720575941452443305,720575940629486927,62238
720575941514998163,720575940637633893,64002
720575941481339331,720575940632002017,581289
720575941654756057,720575940630962536,524404
720575941438213951,720575940625892284,34139
720575941592901416,720575940630355148,21792
720575941593747051,720575940621798494,417195
720575941628602594,720575940637809374,106375
720575941575122063,720575940631549125,62386
720575941537208050,720575940612989297,257910
720575941508912656,720575940613273059,539973
720575941527140740,720575940609804612,119315
720575941633470917,720575940613295923,129508
720575941691487896,720575940617158843,119301
720575941584239711,720575940641250944,516591
720575941473983274,720575940628243303,244487
720575941605018477,720575940616886758,803144
720575941414645396,720575940627206462,59056
720575941532752869,720575940634035411,56944
720575941412365679,720575940624671724,53706
720575941562262184,720575940644345652,541630
720575941643336037,720575940621284006,96419
720575941450206030,720575940617561017,72104
720575941573188239,720575940618664664,101512
720575941669865137,720575940633883022,204393
720575941514096531,720575940620657799,57915
720575941603895542,720575940611943190,54985
720575941539233661,720575940627829002,47208
720575941549877537,720575940611503589,58965
720575941548324724,720575940636686734,142894
720575941529555915,720575940635265436,42744
720575941480969379,720575940626021134,108974
720575941496197089,720575940655375009,115506
720575941564699190,720575940628259689,109694
720575941480491427,720575940619967056,202393
720575941578100313,720575940639595648,112762
720575941539996285,720575940626893193,909383
720575941594022183,720575940640262608,97288
720575941481550927,720575940620751707,100113
720575941615573145,720575940631511363,67771
720575941506665566,720575940637464205,92323
720575941518862808,720575940632648602,137631
720575941434094112,720575940623306198,184064
720575941450417998,720575940640723619,112962
720575941487139334,720575940646380654,167530
720575941547942792,720575940613071313,131247
720575941613985945,720575940631269963,26784
720575941390672790,720575940640674211,124238
720575941633653664,720575940611624568,214463
720575941440379599,720575940636556718,77538
720575941533770115,720575940611064418,816343
720575941538512277,720575940606577865,35846
720575941523368011,720575940606220902,195948
720575941523332855,720575940638903871,908897
720575941573915643,720575940628267909,74863
720575941573209865,720575940608495708,83945
720575941508279937,720575940623499957,41615
720575941414598036,720575940623375657,94427
720575941639749493,720575940616141874,61088
720575941505105724,720575940620010093,74460
720575941567943668,720575940627489039,68379
720575941610029642,720575940607934300,814231
720575941534755250,720575940625965820,82532
720575941538261373,720575940635905764,553122
720575941488426192,720575940620917231,142103
720575941501876619,720575940618755494,69378
720575941690791387,720575940616548825,41795
720575941671326631,720575940620650945,806128
720575941506636161,720575940624728551,144506
720575941661842556,720575940611448818,76435
720575941624749706,720575940623346214,817907
720575941480439682,720575940615430623,546591
720575941440788309,720575940616671349,108758
720575941643941025,720575940625397581,122527
720575941538684053,720575940605213100,512683
720575941589330743,720575940615719391,226280
720575941483345149,720575940632727577,815529
720575941438425299,720575940633274524,50624
720575941534613786,720575940629167345,177099
720575941506458533,720575940630959780,125709
720575941587065054,720575940647726132,569683
720575941490523957,720575940622661820,581239
720575941502780759,720575940612019825,136148
720575941440030431,720575940627698947,140677
720575941408043055,720575940635448824,80863
720575941475850043,720575940628811831,324804
720575941411869844,720575940629323369,100389
720575941468532343,720575940625685296,136949
720575941620520319,720575940620568454,81256
720575941665659635,720575940623285372,549249
720575941599076905,720575940621995174,91075
720575941598557596,720575940646291822,120125
720575941574887163,720575940629621865,117562
720575941484031997,720575940623903231,136752
720575941565232791,720575940631363031,162849
720575941629583842,720575940632896738,68130
720575941632785083,720575940627186569,18857
720575941460500676,720575940624800039,86199
720575941504208578,720575940606765579,28574
720575941531626213,720575940632392249,49379
720575941521427127,720575940617285265,533092
720575941350413360,720575940628190846,71896
720575941529773496,720575940628787944,34796
720575941644824776,720575940629551375,27549
720575941654611161,720575940622825989,118662
720575941553579492,720575940610287299,85491
720575941547216244,720575940625765649,23604
720575941488263477,720575940624212221,821218
720575941596864924,720575940627772815,545299
720575941442445007,720575940621364912,40781
720575941413559697,720575940616185205,53444
720575941580389969,720575940629412156,70839
720575941504776898,720575940622468888,936710
720575941490829877,720575940634416564,199523
720575941491800780,720575940617154235,147340
720575941656975896,720575940628119059,108506
720575941452364615,720575940627753103,127625
720575941402086768,720575940622203597,914830
720575941460906963,720575940624177900,152342
720575941464226061,720575940623039672,575905
720575941491585998,720575940609635886,86396
720575941440042719,720575940623439615,75998
720575941535372810,720575940608655883,40268
720575941590401335,720575940617345846,167420
720575941527284738,720575940636910703,43671
720575941487098630,720575940631317985,140847
720575941551840027,720575940621107553,59338
720575941588381764,720575940626829868,138009
720575941549778431,720575940615515537,76154
720575941461731085,720575940627762025,807670
720575941512277580,720575940633186351,101994
720575941566751335,720575940622246538,44466
720575941514224633,720575940609138645,110657
720575941536268314,720575940603495648,31163
720575941572852111,720575940619216286,133384
720575941482542022,720575940624558087,165609
720575941515037018,720575940625519335,818239
720575941624101002,720575940629877463,934947
720575941557974287,720575940628622824,226132
720575941506817701,720575940604974304,117812
720575941558455085,720575940627560835,804877
720575941533803242,720575940616913339,183723
720575941657879632,720575940612707490,98662
720575941638716277,720575940605702590,82304
720575941526724196,720575940632574433,43940
720575941506478908,720575940629339910,532274
720575941570650526,720575940611377926,128587
720575941407599151,720575940626193296,575848
720575941488523728,720575940621850608,548597
720575941588673591,720575940627927751,816355
720575941439888079,720575940627490826,157249
720575941588767044,720575940620246875,816250
720575941412685201,720575940642036213,534649
720575941534995994,720575940624993799,141988
720575941501678571,720575940623033880,137370
720575941431645537,720575940620967846,181760
720575941497651835,720575940623152904,807483
720575941571671709,720575940627698248,808014
720575941487965904,720575940628652872,95992
720575941656870936,720575940627728783,97046
720575941451481769,720575940618916123,101601
720575941462158020,720575940622753172,98735
720575941474853947,720575940618135256,158639
720575941447842894,720575940659876481,144337
720575941519384759,720575940623261418,63745
720575941548572788,720575940629507279,93162
720575941640502559,720575940631366061,124553
720575941393407638,720575940647044387,108706
720575941435173408,720575940625815070,157994
720575941581708665,720575940632026642,546031
720575941516511660,720575940627033993,88887
720575941624343804,720575940606972593,35190
720575941545490793,720575940617462233,512128
720575941583852639,720575940616976140,819507
720575941498346146,720575940628761643,542883
720575941612866323,720575940630389445,92714
720575941540654285,720575940630423596,62264
720575941602518518,720575940628262738,44767
720575941515873123,720575940626839358,57601
720575941594013654,720575940621350070,49334
720575941490104373,720575940634757015,146720
720575941447042741,720575940618802000,117949
720575941493435262,720575940636488884,547720
720575941598232476,720575940620580613,189047
720575941553870419,720575940630126135,54959
720575941537935080,720575940613590442,125592
720575941577049169,720575940616572299,820629
720575941513200707,720575940605920480,139118
720575941540913277,720575940629758330,76555
720575941535811082,720575940626066313,925541
720575941573466440,720575940629545319,95057
720575941631828165,720575940612246707,361541
720575941475727646,720575940622067956,81339
720575941534106200,720575940636823407,526162
720575941489459943,720575940609079819,60615
720575941602032118,720575940623835367,136348
720575941688425484,720575940647127348,162717
720575941437913823,720575940640120142,161701
720575941566130791,720575940626272560,89694
720575941572999419,720575940642199496,99996
720575941603337406,720575940623337510,739973
720575941566444334,720575940635696120,59642
720575941541367900,720575940619923182,31288
720575941469828160,720575940625254733,175009
720575941554417306,720575940625106224,156116
720575941538635645,720575940626506472,91374
720575941469344375,720575940616481766,104666
720575941544866236,720575940654680993,179653
720575941628221497,720575940614643409,91600
720575941669638823,720575940620690566,135302
720575941483898434,720575940638798052,158695
720575941431227017,720575940604031678,57595
720575941547419763,720575940622659847,127439
720575941485709776,720575940645384484,84414
720575941415067540,720575940637150798,516423
720575941449547101,720575940632678687,519298
720575941631912096,720575940612052629,813791
720575941474173994,720575940631579219,67202
720575941554813338,720575940621831406,543863
720575941686087407,720575940616378811,39733
720575941535710986,720575940638015600,188368
720575941617113045,720575940608915925,138220
720575941531020773,720575940638253796,19819
720575941505178418,720575940619009364,132985
720575941551063431,720575940618769665,69959
720575941604241398,720575940621374190,313350
720575941721125178,720575940624451878,92129
720575941351123760,720575940618881620,178252
720575941538847381,720575940641388173,140493
720575941470469899,720575940630884087,57181
720575941555774209,720575940613947311,124342
720575941471408480,720575940626645320,163733
720575941470251275,720575940624099625,580765
720575941633104544,720575940635181304,265578
720575941429022127,720575940636826743,39199
720575941555520257,720575940616652006,52389
720575941645256609,720575940625521139,67847
720575941536592099,720575940616789734,208872
720575941548501364,720575940624896491,29941
720575941564749719,720575940632210145,819990
720575941593736488,720575940625769418,106125
720575941567170862,720575940626309322,80140
720575941453401415,720575940612579989,63454
720575941556197860,720575940640350542,60109
720575941598978857,720575940612386197,80810
720575941613678812,720575940611267697,77709
720575941687239180,720575940611832018,60621
720575941516343033,720575940625052348,197732
720575941564779922,720575940634629353,67769
720575941569813150,720575940621474330,195150
720575941638305141,720575940650161017,534235
720575941595785116,720575940624868791,538113
720575941690780123,720575940625049161,49610
720575941549477409,720575940624599304,101932
720575941488743884,720575940626970088,105152
720575941469921245,720575940615866124,802960
720575941519031406,720575940621409916,34575
720575941489133001,720575940630418743,94572
720575941527209144,720575940623319164,814223
720575941514280268,720575940630434616,74660
720575941529323704,720575940642198747,181406
720575941625935003,720575940623376883,199547
720575941541470044,720575940615214954,111574
720575941593579304,720575940627913436,119535
720575941553418138,720575940628331850,815270
720575941402374179,720575940632565841,104363
720575941519288492,720575940644677411,85599
720575941534291137,720575940612686233,34921
720575941598915264,720575940616114406,98821
720575941529425355,720575940634842649,115663
720575941503659243,720575940639616371,53258
720575941510855696,720575940610032323,905343
720575941578404441,720575940635540064,74659
720575941469393373,720575940635621783,181891
720575941460326852,720575940626746554,73249
720575941491165385,720575940619587520,90552
720575941465188438,720575940621613082,79674
720575941439451477,720575940612836374,534930
720575941482754246,720575940613280721,34985
720575941558921587,720575940614174018,122196
720575941533125354,720575940634667199,114453
720575941439849439,720575940639622734,571168
720575941548135048,720575940630132071,116854
720575941573559547,720575940623748963,110123
720575941584560350,720575940635237044,129767
720575941514579193,720575940620584368,90423
720575941624668059,720575940631232018,45206
720575941446345748,720575940620311232,83914
720575941580804473,720575940625012301,31442
720575941441283163,720575940625351975,119485
720575941593236519,720575940625686842,911955
720575941564151303,720575940625062653,13094
720575941554009857,720575940641374160,91672
720575941502169835,720575940639866064,818176
720575941612139693,720575940619694512,815988
720575941644059000,720575940622110529,27789
720575941510942418,720575940610146713,49023
720575941604292854,720575940627542291,81193
720575941645197985,720575940620724718,226306
720575941610343142,720575940621060033,159334
720575941564298903,720575940653576438,107073
720575941507768645,720575940620365249,23290
720575941613126297,720575940623165709,810524
720575941513764675,720575940607082114,124518
720575941660831356,720575940644184776,171579
720575941509678546,720575940638549080,134858
720575941593426725,720575940614920232,26383
720575941644766881,720575940626345305,158969
720575941559243502,720575940613950530,536118
720575941535829480,720575940620596273,203996
720575941513154563,720575940628980533,38039
720575941493708414,720575940614831358,234947
720575941508852318,720575940629223111,909558
720575941567698222,720575940629940791,530175
720575941491066057,720575940628844231,95840
720575941486413453,720575940621931440,231094
720575941431782648,720575940619065765,544785
720575941574435080,720575940633700065,512045
720575941439877343,720575940628100614,68712
720575941478451424,720575940612940506,196526
720575941610816358,720575940623880119,134661
720575941671026343,720575940630510842,593749891
720575941448021173,720575940630714455,115844
720575941436485650,720575940630571068,168019
720575941490414025,720575940617333307,127010
720575941624310730,720575940626000142,55950
720575941595941489,720575940628608272,805812
720575941607328877,720575940633227428,513695
720575941434225440,720575940633181410,147252
720575941549190205,720575940636501428,139667
720575941523574347,720575940623051297,115853
720575941441286235,720575940639850037,159232
720575941524971341,720575940616420150,533166
720575941494304711,720575940633207725,132481
720575941498591049,720575940637621349,189308
720575941436817964,720575940629872172,127174
720575941613728988,720575940620889429,97530
720575941594487589,720575940628696085,143597
720575941504465989,720575940632171843,206918
720575941558621811,720575940624252168,556847
720575941466501206,720575940633612205,117761
720575941411554671,720575940639902261,117977
720575941563519400,720575940626846360,110926
720575941625540507,720575940634362850,147664
720575941611041126,720575940617577940,121364
720575941440314709,720575940621613761,812083
720575941559702254,720575940639371598,33399
720575941548088865,720575940624209994,79176
720575941505980951,720575940614779902,16737
720575941481360547,720575940645291118,515785115
720575941480787907,720575940652662518,544697
720575941450199733,720575940622653278,124432
720575941600881193,720575940624377015,815949
720575941575957647,720575940618468485,111828
720575941522615543,720575940616536209,535076
720575941429309833,720575940628005608,214184
720575941545168901,720575940622632780,50766
720575941519367091,720575940635604984,61272
720575941497901897,720575940605480369,131106
720575941610767178,720575940631705339,53773
720575941563006720,720575940622696436,543894
720575941527994534,720575940628811523,97653
720575941505288613,720575940605943910,38473
720575941557220900,720575940631724611,534908
720575941574189576,720575940634711544,89956
720575941625627338,720575940627612824,541712
720575941479258051,720575940629134396,197952
720575941537627285,720575940612020008,130274
720575941518466483,720575940622453175,818387
720575941485221517,720575940619089744,87720
720575941623878140,720575940617284130,96865
720575941686241519,720575940609083349,30042
720575941702858970,720575940612036978,150242
720575941597315484,720575940627160339,97778
720575941592654955,720575940607259228,32227
720575941689001846,720575940617969126,539931
720575941613700572,720575940637631333,105686
720575941643307365,720575940606268081,206415
720575941643476050,720575940624105876,130076
720575941407238830,720575940615778463,21524
720575941593183528,720575940620441560,808178
720575941510796048,720575940612885935,515121
720575941730621483,720575940611074116,173801
720575941414820497,720575940631144868,817634
720575941576580456,720575940612070883,33983
720575941492417200,720575940624882952,80438
720575941462132493,720575940622688862,36651
720575941435729964,720575940617110459,72744
720575941549676404,720575940631042359,133825
720575941620220031,720575940627159242,524783
720575941483752077,720575940630462423,804800
720575941533750194,720575940615494303,106984
720575941613613276,720575940636432308,219022
720575941643725256,720575940626439708,61294
720575941506696517,720575940637861488,39501
720575941542868828,720575940626230474,127390
720575941721796154,720575940637225317,193264
720575941658561104,720575940644939287,184455
720575941447875092,720575940615164926,544932
720575941550908787,720575940621379604,158864
720575941533403011,720575940625461227,29783
720575941450221493,720575940637399268,144416
720575941431546209,720575940622588307,99504
720575941560069102,720575940617702105,126503
720575941490129205,720575940618093888,110345
720575941556584996,720575940630995983,84187
720575941392660228,720575940617755682,909420
720575941431475375,720575940652891894,386180125
720575941668297203,720575940628023569,49166
720575941442116443,720575940631870291,205194
720575941482256323,720575940633548499,246600
720575941483912258,720575940636621540,531653
720575941525016834,720575940618672155,71538
720575941537278691,720575940624795829,196269
720575941559934702,720575940631588931,550650
720575941553295422,720575940609694403,535411
720575941538865277,720575940635300448,117172
720575941521521591,720575940632759879,115442
720575941631628741,720575940627025738,93852
720575941439868623,720575940631597905,130589
720575941574633615,720575940631358795,184540
720575941490366409,720575940629704297,94420
720575941645400737,720575940614601681,49355
720575941504834213,720575940613806358,143235
720575941467363926,720575940644747464,98351
720575941592644136,720575940632068623,42057
720575941617830613,720575940628846530,100901
720575941582019961,720575940641494261,548043
720575941495195591,720575940621284351,811461
720575941557974799,720575940620814356,163051
720575941620516991,720575940622116301,551291
720575941508740642,720575940614214184,97388
720575941480342496,720575940623545491,804689
720575941493997182,720575940628557052,93281
720575941623383195,720575940617430299,66807
720575941574248886,720575940615170210,588669
720575941430342241,720575940632510479,35285
720575941507657488,720575940620715246,132900
720575941550036340,720575940631555147,822366
720575941573565961,720575940628600592,94948
720575941505617431,720575940630140491,116282
720575941688906614,720575940617975675,64596
720575941519275948,720575940621976614,333049
720575941595766428,720575940608891331,51682
720575941504335269,720575940625728089,135048
720575941639038325,720575940639405629,220730
720575941531566795,720575940623564531,555467
720575941519057006,720575940623355672,82269
720575941574726651,720575940632269229,541530
720575941632305083,720575940622808077,141041
720575941505838652,720575940614796171,812622
720575941625438090,720575940625426190,92450
720575941451783802,720575940624824348,543341
720575941451022158,720575940615792863,84235
720575941608235373,720575940624138933,120072
720575941681182909,720575940628980167,57390
720575941574616585,720575940622099071,83867
720575941652410129,720575940616269836,91129
720575941600411945,720575940619771263,24788
720575941615923669,720575940626039885,108769
720575941627706681,720575940609335644,69263
720575941516388186,720575940637709914,816658
720575941558611501,720575940614092207,114173
720575941660564536,720575940626434348,135119
720575941439353567,720575940632080952,580794
720575941595335301,720575940616959803,115062
720575941391445910,720575940626711242,812744
720575941475384106,720575940624599532,532034
720575941480609219,720575940653185782,97426
720575941483768461,720575940620926996,76925
720575941663850876,720575940630168631,81270
720575941511436364,720575940629424171,177153
720575941534786842,720575940620727489,109703
720575941453048903,720575940618307141,124625
720575941499107041,720575940629175093,168708
720575941469953501,720575940625225486,184385
720575941510037714,720575940627164746,159513
720575941562688098,720575940628811063,812831
720575941474768682,720575940633798099,14431
720575941679784125,720575940623397119,808486
720575941434495630,720575940624173450,263756
720575941392901014,720575940629251194,259122
720575941455526762,720575940616952977,38353
720575941584327902,720575940604565280,16943
720575941617427669,720575940632682009,86158
720575941505433916,720575940622101174,149770
720575941563615890,720575940639023962,155809
720575941599490345,720575940622484212,157950
720575941352778544,720575940623844752,525013
720575941544512005,720575940622287286,218454
720575941473913147,720575940630804215,49256
720575941505749052,720575940619642629,22690
720575941556783524,720575940626782270,108665
720575941614275481,720575940646411555,219463
720575941481633478,720575940628137987,156563
720575941508453136,720575940604584113,36420
720575941533148097,720575940626667663,544526
720575941730016811,720575940621556646,81739
720575941533550258,720575940630987538,110386
720575941594953686,720575940629209959,54507
720575941584514782,720575940637744094,38297
720575941565003111,720575940629709438,183854
720575941492111079,720575940613384419,514735
720575941599013312,720575940648412036,814291
720575941452754089,720575940628653415,131036
720575941631008748,720575940623670164,72267
720575941569342452,720575940623441629,520066
720575941658837016,720575940622400694,121510
720575941549280829,720575940616103380,181397
720575941554049051,720575940639532102,130300
720575941486357510,720575940625721610,37669
720575941656874776,720575940627371322,106066
720575941652081681,720575940647793716,112604
720575941606684781,720575940612818069,121335
720575941457311903,720575940634607129,158048
720575941472131339,720575940629697530,114999
720575941435871118,720575940630103143,155944
720575941552803207,720575940628963078,910316
720575941653674969,720575940620831308,87480
720575941351681072,720575940607944260,553649
720575941533684056,720575940611620046,69499
720575941549015668,720575940613339801,143106
720575941491759591,720575940619233812,137977
720575941608067693,720575940624305544,551866
720575941498466889,720575940608731972,142921
720575941564483847,720575940636571828,108565
720575941409751723,720575940625395096,164927
720575941551288382,720575940615398910,540504
720575941414598548,720575940626755461,812150
720575941447706293,720575940616747830,107975
720575941431251470,720575940621701656,136556
720575941572359176,720575940625775630,27997
720575941636998517,720575940618052426,97218
720575941644821665,720575940628434535,94720
720575941459604639,720575940621064384,130924
720575941492190183,720575940623576072,107544
720575941631361250,720575940616799035,61344
720575941514221827,720575940615898086,186296
720575941414664852,720575940633444179,74838
720575941498267465,720575940620831341,60896
720575941513354499,720575940631009531,75548
720575941552040959,720575940630252282,551149
720575941568037114,720575940612298536,72965
720575941530202040,720575940603616800,903436
720575941499411529,720575940621445569,86123
720575941509168001,720575940644225184,125915
720575941436418604,720575940631278031,78795
720575941545039109,720575940633000162,158447
720575941548129652,720575940625484069,817541
720575941659519568,720575940623064865,161098
720575941466527510,720575940624482062,108917
720575941506885666,720575940623332390,512439
720575941430751959,720575940627525181,84047
720575941552401691,720575940625340908,155811
720575941507274263,720575940623902029,36653
720575941611933286,720575940637146813,545310
720575941554873857,720575940633664932,44708
720575941533088643,720575940608253379,44542
720575941576758632,720575940606480073,105774
720575941486441026,720575940616951581,129036
720575941482358714,720575940614197555,40499
720575941430415457,720575940604265440,68233
720575941689110168,720575940621601574,81588
720575941429279480,720575940629785347,821459348
720575941474012475,720575940616954297,201627
720575941484057085,720575940640207293,805554
720575941448403988,720575940618313617,517976
720575941502025611,720575940623349203,129931
720575941475583006,720575940621889456,38170
720575941551946239,720575940625460784,808996
720575941440138331,720575940629852972,102337
720575941525450084,720575940617036556,200000413
720575941511734994,720575940614837811,48091
720575941527194370,720575940632460881,200700
720575941690038235,720575940618110109,540377
720575941476080177,720575940626870309,184831
720575941587946564,720575940625400382,21934
720575941539332557,720575940608583689,103862
720575941514415436,720575940620024534,104744
720575941437811679,720575940615434050,50185
720575941499605922,720575940614526431,107260
720575941632039148,720575940631271235,40295
720575941516417171,720575940631184439,112656
720575941633592261,720575940639203300,48099
720575941523681867,720575940642521563,67931
720575941546547561,720575940605403360,33520
720575941487006214,720575940629264027,32875
720575941536329621,720575940627975952,131381
720575941459751891,720575940631108805,38430
720575941652823025,720575940624807175,521181
720575941542386205,720575940624712892,251184
720575941475266353,720575940633372364,56825
720575941520736435,720575940623399465,534358
720575941524979019,720575940619041227,178826
720575941544991164,720575940654525601,118074272
720575941533296728,720575940626507036,32397
720575941626836025,720575940646459502,73142
720575941583862406,720575940640894329,103920
720575941521219251,720575940631124397,63779
720575941527140964,720575940615046319,96327
720575941644035922,720575940624363558,193075
720575941498333051,720575940648109188,912385
720575941560220275,720575940632384156,86898
720575941555905956,720575940632958178,183122
720575941514849603,720575940632669777,167041
720575941486313478,720575940605032364,137391
720575941469314781,720575940612558358,91786
720575941476474177,720575940608839800,84354
720575941580005201,720575940617057622,808855
720575941574889224,720575940638312014,138757
720575941449604942,720575940633072711,88602
720575941540291420,720575940626283838,36253
720575941518943704,720575940631507275,158210
720575941567783794,720575940629994348,200036
720575941528646788,720575940629489424,111368
720575941458970067,720575940615332263,89440
720575941581678713,720575940620741766,89795
720575941596552325,720575940654830753,193740
720575941508962945,720575940631716044,562548
720575941547281185,720575940636524133,78820
720575941530455499,720575940615712479,142780
720575941439588543,720575940619172254,54057
720575941611503533,720575940619596015,138317
720575941481637562,720575940625434663,569334
720575941625202075,720575940625720762,57769
720575941517734060,720575940640223054,200852
720575941591182376,720575940611673110,814163
720575941460849363,720575940630707795,525355
720575941486534352,720575940630482744,63629
720575941535547658,720575940616768139,52132
720575941538156520,720575940633078924,114224
720575941477863810,720575940619301323,88477
720575941408624175,720575940628111622,68732
720575941578370037,720575940627426456,207953
720575941535169562,720575940627937688,66701
720575941523404279,720575940626582095,48180
720575941527265702,720575940630269143,41286
720575941431697400,720575940628941307,183756
720575941506576453,720575940618165990,168227
720575941430057976,720575940633183884,91242
720575941639423263,720575940614752423,110806
720575941554184193,720575940623751861,537585
720575941588006980,720575940623467656,120615
720575941513242179,720575940645087511,807450
720575941644758904,720575940639749181,145152
720575941578408537,720575940638769990,119697
720575941624542619,720575940623214335,179312
720575941486386694,720575940623402120,537752
720575941436610578,720575940628037257,109094
720575941490570697,720575940624073510,43372
720575941515193699,720575940622375389,35176
720575941502403159,720575940629790224,815766
720575941617473749,720575940629770256,79317
720575941413882004,720575940623475677,211728
720575941436386860,720575940640591924,27406
720575941500251298,720575940621551238,804606
720575941510997008,720575940652578294,212605
720575941489187790,720575940616508319,86374
720575941560739187,720575940628824336,27011
720575941468235030,720575940637734734,54538
720575941552003463,720575940620380073,68658
720575941499280201,720575940615724706,43974
720575941482275267,720575940638722394,131301
720575941572806651,720575940610140309,76518
720575941427819348,720575940621955354,198232
720575941572439709,720575940618213561,544862
720575941507699746,720575940630118700,18082
720575941450135221,720575940632218947,101659
720575941449439413,720575940639038542,27018
720575941661271164,720575940638317683,1055052133
720575941458661023,720575940622974725,195144
720575941517629912,720575940628763464,69743
720575941441586383,720575940630708094,526829
720575941500710283,720575940625371024,84927
720575941566512438,720575940628137478,69169
720575941538067939,720575940620699412,58531
720575941550581108,720575940626791824,532433
720575941487071042,720575940627974013,805491
720575941534792626,720575940632108205,544545
720575941455161395,720575940630609196,93032
720575941443134122,720575940625929609,532863
720575941514046019,720575940622467293,815405
720575941629397996,720575940641562587,128770
720575941445208340,720575940627402058,549653
720575941550125885,720575940623947875,72741
720575941511583186,720575940618675803,170348
720575941443254954,720575940640470747,37215
720575941625212315,720575940615149999,813173
720575941476448321,720575940616303105,129926
720575941473394829,720575940628276674,144333
720575941612474086,720575940619212412,545100
720575941537518229,720575940610765991,62602
720575941626537883,720575940638638926,126936
720575941569756154,720575940615631321,43154
720575941688278390,720575940611471090,100657
720575941430712457,720575940626585744,78601
720575941537422066,720575940617795362,133604
720575941506699358,720575940623544712,98657
720575941514311683,720575940607291314,146318
720575941491809511,720575940626551707,818411
720575941611609052,720575940615195202,87524
720575941593217899,720575940654389921,202450
720575941076956631,720575940617208459,541979
720575941498006395,720575940626310159,39809
720575941502313559,720575940618759078,159811
720575941515959811,720575940609766293,389561
720575941533439875,720575940627714325,154134
720575941516388963,720575940611085358,522926
720575941439677151,720575940638290266,73733
720575941499497289,720575940612366061,132721
720575941518933427,720575940619122757,904426
720575941506477441,720575940624269036,123783
720575941538717053,720575940630912556,70114
720575941459677584,720575940613455786,817428
720575941560517358,720575940631332060,87531
720575941478797954,720575940630644807,104370
720575941638770719,720575940646265635,147378
720575941501843947,720575940620368775,121416
720575941588015159,720575940630070343,808915
720575941615805397,720575940632206244,125865
720575941510545936,720575940655762593,811634
720575941580066169,720575940615798045,68304
720575941632040635,720575940637000590,225702
720575941558091556,720575940626025776,89613
720575941567598962,720575940642395381,64516
720575941601313782,720575940629112258,81373
720575941563567762,720575940619421311,514107
720575941535946945,720575940608213426,169542
720575941526917453,720575940613296877,72080
720575941479264591,720575940612424232,55568
720575941527795366,720575940646929187,233051
720575941466629654,720575940621284523,19186
720575941496967040,720575940620738645,816475
720575941519613656,720575940621744731,563731
720575941532187877,720575940638813510,169739
720575941481655631,720575940628984373,46504
720575941464150797,720575940614183405,25313
720575941473645883,720575940607879691,206823
720575941500107403,720575940633323807,94684
720575941475827771,720575940612177882,67795
720575941529542091,720575940629545115,180771
720575941394045334,720575940629193546,76405
720575941640208159,720575940624805127,152488
720575941586469510,720575940634096353,42239
720575941554424548,720575940622569001,96017
720575941517159596,720575940629653626,37213
720575941498566729,720575940638940469,28777
720575941534743384,720575940630979781,144114
720575941577345502,720575940620695423,151908
720575941562212242,720575940621125542,45898
720575941593860389,720575940614831144,114069
720575941477169985,720575940616079060,214850
720575941723577658,720575940627145861,46312
720575941668774643,720575940628303114,215931
720575941447524628,720575940627511568,102425
720575941597699776,720575940635505259,117817
720575941533970154,720575940629750275,126087
720575941534350618,720575940635629163,549121
720575941578897753,720575940648668292,815669
720575941604577726,720575940630049836,124723
720575941518807468,720575940617764865,46058
720575941538287485,720575940612855219,524197
720575941515345251,720575940626876930,64282
720575941449712821,720575940629260803,111990
720575941629386732,720575940619626456,813870
720575941413724049,720575940632906055,29017
720575941631625632,720575940628035215,69462
720575941517794670,720575940635501560,37646
720575941608957929,720575940630998287,55736
720575941533960938,720575940618436497,1058174678
720575941482076669,720575940611441045,37696
720575941539560434,720575940624057226,531267
720575941541716060,720575940641130112,12790
720575941506576956,720575940615223458,150462
720575941572919547,720575940608740105,554383
720575941603280830,720575940614596094,63950
720575941554352282,720575940626726330,112039
720575941461131664,720575940640756851,546952
720575941659051032,720575940615553430,75934
720575941654951897,720575940624325355,814967
720575941691448984,720575940618967710,119049
720575941412573551,720575940627184403,46480
720575941598725020,720575940629314895,162869
720575941569922162,720575940623967466,197804
720575941486699330,720575940626746969,45192
720575941448122132,720575940619894875,111779
720575941436428818,720575940624680426,810120
720575941466558742,720575940625594174,806682
720575941541575260,720575940615748511,535510
720575941536879130,720575940624756836,534443
720575941552601662,720575940610303790,150651
720575941548507528,720575940620465996,135574
720575941624410220,720575940626108689,936028
720575941560371182,720575940628653199,520498
720575941607184237,720575940624685070,117669
720575941539130098,720575940625129037,127232
720575941625939308,720575940625199911,57789
720575941482404291,720575940612741781,190907
720575941644854433,720575940645098007,540090
720575941477612081,720575940640546648,37664
720575941566657846,720575940616603997,22689
720575941474256224,720575940614013923,569648
720575941606888813,720575940632525026,82291
720575941550865214,720575940622375894,241220
720575941582776159,720575940622009513,74962
720575941597316800,720575940611816115,500063
720575941589353540,720575940631680843,131963
720575941625744074,720575940626662673,114789
720575941530744293,720575940636574436,150121
720575941533655332,720575940616890041,515696
720575941593264753,720575940619410597,150893
720575941538273173,720575940607520434,133527
720575941442477994,720575940617113910,562969
720575941527899012,720575940616290527,144717
720575941575324936,720575940608998236,81659
720575941454340403,720575940621062474,83509
720575941440357973,720575940630430495,817228
720575941657227600,720575940624536467,97683
720575941524344345,720575940628731692,816119
720575941591482920,720575940615856345,18650
720575941591829032,720575940627270531,128667
720575941462251716,720575940608166101,38439
720575941438528991,720575940655377313,189641
720575941561517480,720575940614051555,41481
720575941514180172,720575940628115069,202714
720575941626231754,720575940624332426,56163
720575941629691618,720575940638084580,515625
720575941457255661,720575940635487845,31012
720575941553849939,720575940611135129,166586
720575941643899474,720575940623188830,22104
720575941595547269,720575940619509942,132783
720575941411630507,720575940628411925,550172
720575941480995151,720575940627407229,195389
720575941480339363,720575940612342770,112630
720575941456665325,720575940623979593,535603
720575941450827847,720575940624707516,902023
720575941414206612,720575940619899560,105112
720575941621747964,720575940622823244,108881
720575941561420333,720575940648557444,93912
720575941611777453,720575940605826238,76894
720575941609022794,720575940622065622,84495
720575941593583655,720575940614125539,94357
720575941660737336,720575940623499308,113122
720575941516476665,720575940629821775,515827
720575941528101816,720575940639546933,63981
720575941560616563,720575940621362753,62208
720575941505928869,720575940624314119,537639
720575941669308593,720575940630404823,116753
720575941686614255,720575940606364262,332251
720575941623967690,720575940646345251,60814
720575941686090735,720575940603067360,36262
720575941515565891,720575940629033219,42309
720575941430277079,720575940631118095,169373
720575941473168992,720575940628112636,73273
720575941431289559,720575940645102446,109685312
720575941352782640,720575940617143413,21710
720575941502596587,720575940622107928,210014
720575941603331262,720575940616689202,89548
720575941626713482,720575940619202008,93441
720575941440650069,720575940626133532,83795
720575941401275939,720575940623403196,74677
720575941490802407,720575940634524385,133445
720575941502387083,720575940641593333,47918
720575941532539621,720575940623521304,94956
720575941589967159,720575940626253605,140940
720575941459360070,720575940627682409,28059
720575941459379615,720575940635793562,514540
720575941631072738,720575940620197153,126069
720575941459119600,720575940605527776,147336
720575941581491039,720575940629746423,118320
720575941540745165,720575940630913142,54572
720575941494476743,720575940635854943,63494
720575941506690071,720575940627743833,224660
720575941549473652,720575940617871133,175712
720575941685859311,720575940635079193,147066
720575941519392728,720575940612965273,545356
720575941572430494,720575940633307729,65249
720575941611511213,720575940614046114,943181
720575941625982154,720575940615139495,20317
720575941447786677,720575940616930902,167906
720575941352533552,720575940619212165,28137
720575941466197078,720575940611071450,95494
720575941435729696,720575940645191112,47956
720575941484570374,720575940643414944,148768
720575941501924331,720575940623159465,199034
720575941482491846,720575940633396013,530024
720575941480304096,720575940613980200,110736
720575941552136447,720575940630008121,105795
720575941662676092,720575940632858020,806848
720575941574781947,720575940617540957,420583
720575941475934494,720575940618067771,407353
720575941590072375,720575940633791277,133743
720575941640408607,720575940627904058,575709
720575941626443914,720575940640144768,140072
720575941596844421,720575940640122240,557966
720575941480417504,720575940638589272,20134
720575941526190105,720575940622726663,31650
720575941408304687,720575940615729179,68078
720575941480320195,720575940637572318,111552
720575941495710663,720575940626452880,199364
720575941494598782,720575940638249791,394316
720575941485612941,720575940627045164,152297
720575941620048255,720575940618107527,148806
720575941534075370,720575940623323430,551166
720575941536330645,720575940629482362,42227
720575941652912340,720575940621612159,30698
720575941593533803,720575940623162317,527338
720575941452176506,720575940630507740,818700
720575941486614480,720575940631692881,218972
720575941577871953,720575940631397165,190939
720575941431663201,720575940619185099,57987
720575941618271615,720575940623867370,33165
720575941495483262,720575940629790507,255982
720575941526701478,720575940622943100,26905
720575941509908178,720575940637026671,108544
720575941520670131,720575940619657782,132526
720575941518497196,720575940629301442,120298
720575941566958695,720575940621266870,23224
720575941645386401,720575940618681122,81357
720575941658446160,720575940630910199,54910
720575941645655240,720575940636111735,550577
720575941560787059,720575940628029522,120170
720575941679987389,720575940610183619,11766
720575941534428248,720575940630786115,82840
720575941477865524,720575940617262453,38463
720575941441152207,720575940622718166,104710
720575941580242257,720575940610167961,91895
720575941505473303,720575940617984290,107995
720575941645289377,720575940620523942,122659
720575941471004791,720575940633759827,128306
720575941645265352,720575940627210596,132657
720575941572375560,720575940627721476,110140
720575941505004092,720575940621180097,554410
720575941723287354,720575940620201069,524961
720575941460252742,720575940620751231,29664
720575941538845077,720575940620699887,62892
720575941565879399,720575940621772148,85872
720575941453487529,720575940618034978,272789
720575941578679633,720575940642041032,127372
720575941535321010,720575940626960386,170435
720575941615414169,720575940627387523,543111
720575941453909555,720575940607104898,136579
720575941572847518,720575940623638967,133459
720575941653238745,720575940623725803,97375
720575941626396217,720575940613662530,124638
720575941643990136,720575940612959857,89819
720575941520171959,720575940640687861,144576
720575941438557919,720575940615604127,551018
720575941496233671,720575940616303774,170798
720575941451407017,720575940623651113,87560
720575941431620600,720575940633241952,88558
720575941412491375,720575940616955148,529484
720575941558135667,720575940614656162,238224
720575941555786241,720575940629063952,113630
720575941584194270,720575940631092567,580854
720575941598310336,720575940630550584,83869
720575941576014774,720575940616126476,811618
720575941491252169,720575940622088001,187844
720575941461813971,720575940620661675,111979
720575941613788703,720575940617289689,515187
720575941591125644,720575940653419766,75793
720575941527988100,720575940629270339,103291
720575941392316676,720575940623138584,808644
720575941491472048,720575940621033477,902459
720575941565220962,720575940631876153,131639
720575941520109934,720575940631765802,907363
720575941605885037,720575940612920433,140286
720575941498727035,720575940647734916,812495
720575941460096326,720575940629208058,80750
720575941446903316,720575940635916942,73071
720575941505448471,720575940628042885,139937
720575941551062590,720575940630328315,64397
720575941644722040,720575940610412773,163736
720575941353395760,720575940626952963,44539
720575941448336148,720575940613206169,101474
720575941523674443,720575940606229513,33968
720575941670226097,720575940633011537,157867
720575941555704659,720575940611494702,513069
720575941478310624,720575940626949918,134553
720575941559865838,720575940636819342,524622
720575941510184464,720575940629713680,30721
720575941608016493,720575940627098042,168801
720575941620049023,720575940625656039,268363
720575941637992821,720575940615929373,79786
720575941535411226,720575940619846497,1050364885
720575941669096881,720575940632251532,86773
720575941413086609,720575940627249039,929580
720575941574526203,720575940653362166,530776
720575941541391389,720575940628843367,152701
720575941583705951,720575940614660498,49572
720575941578244697,720575940626538056,76919
720575941498070178,720575940640957824,124055
720575941438716946,720575940644403656,26128
720575941426231380,720575940639399758,77101
720575941685772044,720575940612808657,63973
720575941450528334,720575940607777410,813832
720575941439269343,720575940630934828,71420
720575941441772239,720575940612049893,159890
720575941574135035,720575940628521463,137373
720575941459574854,720575940620731245,548391
720575941545233513,720575940615070119,814177
720575941596968348,720575940639139280,100120
720575941632838048,720575940612284387,518393
720575941518489011,720575940621094593,819101
720575941475720734,720575940625646055,196628
720575941559568173,720575940620394223,117386
720575941545047813,720575940626625301,152556
720575941539086973,720575940615851423,40508
720575941519301486,720575940627370110,521338
720575941482984390,720575940633970100,75575
720575941688459894,720575940606143078,159003
720575941569002490,720575940633816857,909633
720575941549975841,720575940632165138,554129
720575941465486678,720575940636806622,44472
720575941632919749,720575940626949907,928916
720575941625996746,720575940624407018,910903
720575941539328242,720575940611620306,145029
720575941535651048,720575940629365612,41913
720575941468179421,720575940641460725,560242
720575941553424211,720575940628076288,140398
720575941474454880,720575940629984055,524638
720575941412592020,720575940643041992,131799
720575941510043408,720575940607967241,194807
720575941480222799,720575940626430922,390191
720575941548521277,720575940630681538,86900
720575941533785176,720575940630905039,39123
720575941542565149,720575940633994391,43027
720575941472540480,720575940624366343,105470
720575941521997131,720575940630677807,85080
720575941555398483,720575940634545294,46012
720575941392178838,720575940633220423,80380
720575941612103341,720575940630468858,823213
720575941657176144,720575940644891927,45894
720575941505000386,720575940618720029,80270
720575941589578636,720575940622116385,150946
720575941533870467,720575940621758490,44317
720575941353130544,720575940630220282,150776
720575941437757503,720575940629821483,551814
720575941551565630,720575940634787996,533252
720575941482246653,720575940633616851,40700
720575941590417975,720575940646359662,110941
720575941506856482,720575940624336787,72601
720575941502866626,720575940611074606,96424
720575941567970674,720575940618562022,30899
720575941598849472,720575940621789473,134892
720575941689141912,720575940628644599,539353
720575941553491995,720575940638681845,109479
720575941661023288,720575940645698084,137159
720575941650837269,720575940617614173,43925
720575941600896809,720575940629664108,109267
720575941486202886,720575940630763724,52497
720575941496545408,720575940644175895,29398
720575941566771758,720575940631387463,99141
720575941493580464,720575940618567681,557883
720575941554046977,720575940622105697,126134
720575941565630983,720575940631326223,33151
720575941590716968,720575940610769506,60746
720575941460455494,720575940632969676,99674
720575941503679979,720575940642962286,161600
720575941526040486,720575940661243777,126193
720575941651109653,720575940630120901,821169
720575941668479475,720575940627190403,58517
720575941670298330,720575940641243125,549657
720575941554213147,720575940616289503,134321
720575941585469062,720575940612521166,39502
720575941624995995,720575940607872604,136136
720575941483916730,720575940621066605,68411
720575941595526695,720575940620271239,37248
720575941561817234,720575940618703700,580415
720575941586500062,720575940617039545,181003
720575941439726655,720575940618222932,173827
720575941516046851,720575940623680511,207562
720575941653680596,720575940621807451,187520
720575941499253321,720575940649837177,135335
720575941508378241,720575940637609390,102840
720575941458096966,720575940625217011,66443
720575941453144391,720575940633315041,158507
720575941434698638,720575940627320378,55508
720575941547994429,720575940622228918,68535
720575941600170793,720575940621555334,114353
720575941644128200,720575940642085595,59201
720575941461759501,720575940637952858,520065
720575941541968157,720575940623904181,810656
720575941514237507,720575940622368470,56699
720575941526038041,720575940611112142,189323
720575941514037315,720575940628398353,518598
720575941644539512,720575940639251827,180788
720575941429068425,720575940611600226,515864
720575941574750877,720575940640133454,905583
720575941538754453,720575940626710799,436473
720575941433576206,720575940622738579,132449
720575941493659006,720575940629956368,65694
720575941434081422,720575940649120121,205783
720575941448471828,720575940618482772,71824
720575941519637358,720575940629647554,22645
720575941623408010,720575940636891310,103284
720575941557076516,720575940615987862,112204
720575941411829652,720575940620914566,176209
720575941431139425,720575940624894052,83406
720575941439940815,720575940611728850,216960
720575941559330163,720575940614688059,517643
720575941562109440,720575940629608663,155198
720575941671066023,720575940623973578,59069
720575941480596866,720575940631225943,120000
720575941639355509,720575940621642155,151299
720575941476657201,720575940631639404,106911
720575941495034750,720575940618761243,151450
720575941486918466,720575940618173140,514194
720575941542848604,720575940624157769,101175
720575941506832700,720575940630610169,56577
720575941467121494,720575940628404471,267712
720575941435877920,720575940613070565,122401
720575941554491108,720575940618653697,514911
720575941432560398,720575940625314343,87525
720575941465643798,720575940624755383,812614
720575941579879157,720575940633995181,148264
720575941491759024,720575940629435497,91999
720575941546949481,720575940624060669,151788
720575941505302085,720575940623295949,22167
720575941429404591,720575940621050608,79251
720575941485447174,720575940621715550,100588
720575941604062649,720575940616167986,77255
720575941658050840,720575940630497986,138763
720575941443659690,720575940617293398,121198
720575941642444449,720575940628103806,818723
720575941626938425,720575940633597285,106383
720575941568507642,720575940648666756,177580
720575941440442575,720575940614140847,83764
720575941535791114,720575940614561183,512609
720575941544973500,720575940624682218,163816
720575941430950136,720575940622563524,200851
720575941612703405,720575940620964801,125038
720575941408091951,720575940616342582,50306
720575941564759350,720575940622057332,109578
720575941461850256,720575940630010494,21915
720575941506624290,720575940627287655,160459
720575941574004125,720575940621550964,808815
720575941454973677,720575940618978520,46488
720575941533745074,720575940640081725,97204
720575941550593908,720575940625393166,102868
720575941687872524,720575940636167092,35003
720575941431949153,720575940630699970,38984
720575941512106828,720575940619993803,31483
720575941526469122,720575940622390092,809881
720575941574940425,720575940629706618,520582
720575941461604548,720575940640787032,39511
720575941550220861,720575940621896180,139639
720575941511903820,720575940639843803,35408
720575941598884137,720575940611102437,178999
720575941413890076,720575940622258526,136226
720575941611138278,720575940620067531,148779
720575941642516385,720575940614518338,541456
720575941574606696,720575940627971068,517688
720575941508974209,720575940628592128,532779
720575941491010101,720575940632209227,219501
720575941620358527,720575940620706798,175404
720575941577845493,720575940615887775,96107
720575941533288129,720575940611145682,56971
720575941613700828,720575940627875388,23265
720575941534756634,720575940613870801,20576
720575941522469623,720575940635961200,524580
720575941435988768,720575940609006428,149213
720575941412456849,720575940638233572,67728
720575941522121803,720575940634103671,121852
720575941591345192,720575940636081144,356783826
720575941515711322,720575940612531150,91614
720575941669406897,720575940611541987,83769
720575941529226680,720575940632315467,129769
720575941469262557,720575940629967212,11235
720575941546015112,720575940618399444,226000
720575941492141543,720575940628779752,713207029
720575941663669372,720575940626649860,41527
720575941553401683,720575940618225573,161592
720575941504028247,720575940623063295,106867
720575941559964205,720575940626612073,65598
720575941571989832,720575940623576029,60855
720575941518437486,720575940644702152,172904
720575941643279304,720575940606397472,819736
720575941456782832,720575940631231180,96432
720575941553512839,720575940628741319,64043
720575941688985612,720575940613478963,121560
720575941431093262,720575940643757216,60717
720575941515596611,720575940634243775,74009
720575941506262844,720575940627291273,804316
720575941539353237,720575940624407740,103446
720575941477070442,720575940624885687,100735
720575941656899096,720575940632265442,45436
720575941565086103,720575940606991025,67179
720575941653343249,720575940635701496,192943
720575941564260247,720575940636400632,111664
720575941624904300,720575940614844603,34056
720575941480728032,720575940616615837,179305
720575941586071430,720575940626899305,71738
720575941687311855,720575940638809065,120998
720575941451852666,720575940609323844,34525
720575941539154813,720575940622404777,137956
720575941506287639,720575940620274029,87115
720575941567604218,720575940630925229,543203
720575941651618581,720575940627553608,67313
720575941599909673,720575940626008976,148824
720575941643295137,720575940617026572,48875
720575941508507602,720575940615840913,45036
720575941563140608,720575940624131988,80771
720575941507796293,720575940622530892,543736
720575941515604826,720575940613201834,85985
720575941416477980,720575940615838770,71259
720575941517388460,720575940627617866,43914
720575941554637466,720575940633950059,67697
720575941521764531,720575940624241449,529316
720575941574545821,720575940623904392,51076
720575941554895699,720575940619341744,548588
720575941654701273,720575940654435489,22013
720575941515695683,720575940639590470,119887
720575941448580174,720575940642126989,90035
720575941552771994,720575940629438531,72877
720575941559459343,720575940614527725,114125
720575941588955703,720575940626547996,33278
720575941529154488,720575940619073334,36694
720575941501276043,720575940629097078,57577
720575941509573842,720575940655029921,79254
720575941611003868,720575940621643713,820959
720575941435984160,720575940610535653,118100
720575941353475632,720575940611011953,204843
720575941451814215,720575940619497536,45415
720575941504677058,720575940605637920,185296
720575941573099934,720575940616222687,150078
720575941430931671,720575940621488560,44369
720575941611065418,720575940611197297,86559
720575941529115320,720575940628679912,141747
720575941534046552,720575940629324791,569177
720575941516144730,720575940620103509,122198
720575941588459332,720575940620979282,90016
720575941554837402,720575940610938330,192064
720575941551929855,720575940619955102,159902
720575941470975040,720575940626125626,136695
720575941626746762,720575940626311882,194838
720575941474210912,720575940635789620,156986
720575941473802080,720575940623225549,44510
720575941563780759,720575940636010488,88470
720575941482024378,720575940617679163,65315
720575941527268889,720575940620295105,142914
720575941547221108,720575940624457715,97395
720575941526119524,720575940622854840,157016
720575941462166416,720575940621076458,568188
720575941453382215,720575940633078575,111325
720575941435103776,720575940627049731,121457
720575941668986099,720575940638429824,71339
720575941595049174,720575940605423072,808933
720575941611986652,720575940621399828,18381
720575941453817769,720575940609813513,18286
720575941595131687,720575940610935410,108852
720575941527835012,720575940612906226,542355
720575941523289847,720575940607398153,113433
720575941653696273,720575940620479366,118634
720575941506589500,720575940622609246,120613
720575941496507591,720575940611420974,241696
720575941559831790,720575940616784582,134400
720575941466574166,720575940621668955,151675
720575941580130169,720575940617811929,38538
720575941473204576,720575940625403796,155367
720575941563482514,720575940636965221,131035
720575941515645795,720575940639062342,83466
720575941539620700,720575940629729787,816619
720575941501794443,720575940619651894,100030
720575941651167217,720575940636138591,23104
720575941643203922,720575940622862874,814733
720575941508861968,720575940625453340,99826
720575941432138593,720575940648530553,47263
720575941670213287,720575940631971911,546163
720575941533777386,720575940621485300,39307
720575941669689009,720575940619856222,47092
720575941446343956,720575940634322588,559364
720575941656032980,720575940612326362,41428
720575941458115142,720575940647073412,82981
720575941467095574,720575940638000061,79767
720575941509914066,720575940626094862,117844
720575941458720415,720575940627409424,530332
720575941496597959,720575940635466608,120586
720575941617629397,720575940627126458,89816
720575941406219182,720575940632850340,807857
720575941435269920,720575940632744621,170277
720575941475800628,720575940623999157,70923
720575941482284029,720575940621067952,535601
720575941640720927,720575940615269799,48647
720575941593332843,720575940622813208,156981
720575941491451312,720575940605977265,76560
720575941526187174,720575940640173264,58550
720575941415611420,720575940626857220,47939
720575941643339109,720575940624275199,810839
720575941580918905,720575940625679596,18284
720575941575612815,720575940623517405,62780
720575941644521554,720575940629973292,526758
720575941535996170,720575940626664680,69806
720575941473197098,720575940610967876,809249
720575941504434085,720575940638688575,195849
720575941447998645,720575940615896971,116370
720575941588774398,720575940638252672,26298
720575941473461600,720575940626341424,133832
720575941603883966,720575940612824239,199919
720575941498618235,720575940623115107,117522
720575941594752037,720575940621357552,61254
720575941516235923,720575940637042533,116258
720575941496349568,720575940622040929,71343
720575941552732955,720575940621898665,69936
720575941492414384,720575940605860710,134783
720575941733097771,720575940612821930,117204
720575941615645141,720575940627620489,111007
720575941451179386,720575940615214559,521339
720575941659314968,720575940636627684,97794
720575941479266639,720575940626134714,55623
720575941553636097,720575940622713889,164540
720575941505210418,720575940632761484,46420
720575941402456355,720575940619772062,803876
720575941658695760,720575940624454408,529218
720575941519650487,720575940643411912,848326281
720575941595136881,720575940621267376,101151
720575941478438368,720575940629944407,102114
720575941436679200,720575940628463559,83039
720575941509074305,720575940622789645,902469
720575941568832882,720575940617422646,232828
720575941535206938,720575940632113747,569120
720575941507024674,720575940627398808,134825
720575941559607534,720575940627530045,84625
720575941409073838,720575940633223251,813403
720575941480786630,720575940623072809,88608
720575941436726560,720575940634117075,143205
720575941632932027,720575940627080378,99201
720575941574147323,720575940623065013,35854
720575941548556424,720575940624358792,81160
720575941567040500,720575940632987859,141537
720575941547575432,720575940632433747,99338
720575941466840406,720575940617629597,803795
720575941539990653,720575940614064621,41867
720575941491068725,720575940614424287,123674560
720575941595815973,720575940624868391,103490
720575941461217988,720575940638307712,30955
720575941650500629,720575940625006855,138435
720575941568244526,720575940624950247,90321
720575941663370364,720575940645722660,163959
720575941439911375,720575940633656345,500040
720575941559493421,720575940624132488,110833
720575941503328194,720575940631300347,160873
720575941412333935,720575940611771158,66365
720575941514133324,720575940638721955,159368
720575941405037936,720575940613020274,41778
720575941470653248,720575940607924572,149666
720575941553143067,720575940622671860,25607
720575941450744391,720575940623324820,806944
720575941593736555,720575940631550735,547463
720575941487035856,720575940621246484,530825
720575941689200024,720575940631833175,148327
720575941663814780,720575940647467572,115732
720575941610063081,720575940621789423,99092
720575941410315947,720575940621638721,834125
720575941623772156,720575940617689816,79848
720575941535761345,720575940633211300,90039
720575941478113386,720575940644363168,191040
720575941506650974,720575940611588050,159923
720575941506753445,720575940617974942,517218
720575941528056964,720575940620638342,108958
720575941627789113,720575940649920633,102638
720575941632886944,720575940617128059,96276
720575941502163947,720575940629541187,816910
720575941565211239,720575940610016324,72646
720575941536542474,720575940633107027,50784
720575941633071008,720575940633580883,128337
720575941495797447,720575940615236582,811418
720575941425603668,720575940628996201,546440
720575941605469630,720575940627666462,532539
720575941490357966,720575940638595135,38304
720575941572883963,720575940633978649,78177
720575941504698674,720575940627132516,221457
720575941501356427,720575940613210354,214325
720575941481773498,720575940639511504,87296
720575941591255806,720575940611779989,125775
720575941352778032,720575940640159651,940785
720575941570041970,720575940614936360,33563
720575941619744994,720575940633201199,26053
720575941482164666,720575940627956605,187660
720575941539053517,720575940642459277,50612
720575941446512148,720575940629924924,97464
720575941566478439,720575940629832207,66946
720575941534504385,720575940629470736,36705
720575941590597118,720575940621504877,78144
720575941439906767,720575940637297271,471655
720575941574601993,720575940622784039,185004
720575941515684099,720575940629463281,543370
720575941531520971,720575940607970313,65561
720575941409312683,720575940617070405,37606
720575941499643298,720575940639003455,89114
720575941622994428,720575940613015186,134197
720575941466538518,720575940630580012,514062
720575941625057125,720575940617803265,29561
720575941595608615,720575940621807457,24746
720575941524771659,720575940629208987,550314
720575941575217309,720575940617365977,84715
720575941594159473,720575940633528109,49855
720575941680259517,720575940627877642,142130
720575941598006684,720575940615642946,27700
720575941555262035,720575940631505913,200798
720575941479758304,720575940633170503,560856
720575941502814258,720575940628071185,47904
720575941497305057,720575940624256511,147804
720575941507954305,720575940605073632,144899
720575941688347631,720575940631437997,99585
720575941529763256,720575940644355351,23822
720575941403983472,720575940622381053,139377
720575941572148040,720575940621197294,206573
720575941600902953,720575940616756993,83824
720575941589716791,720575940616040298,55105
720575941536229013,720575940634284755,112095
720575941593619237,720575940618493253,104673
720575941437959954,720575940636339307,30726
720575941483927106,720575940625619556,191373
720575941534496705,720575940613072754,98664
720575941640376607,720575940629212098,102390
720575941533318122,720575940611625682,97305
720575941580474869,720575940632201645,164228
720575941612967955,720575940635365527,71854
720575941434502176,720575940621686881,16949
720575941447695797,720575940632064824,106137
720575941513494860,720575940612526542,97302
720575941476705841,720575940617285332,555072
720575941429362351,720575940627200812,98818
720575941562231853,720575940637686414,82448
720575941604231670,720575940621732205,151777
720575941498017097,720575940621607489,109281
720575941519555032,720575940633412556,146366
720575941610205101,720575940622029850,520289
720575941352282672,720575940630718146,60246
720575941595748465,720575940625962920,157482
720575941486513293,720575940608806492,33199
720575941632353260,720575940639455541,62325
720575941637963637,720575940624639751,183495
720575941579849717,720575940639464867,531396
720575941599306432,720575940616526130,15119
720575941594090023,720575940621760147,42334
720575941624795756,720575940632812867,37345
720575941544415493,720575940611905173,94638
720575941624231626,720575940634469857,54497
720575941556231652,720575940618205474,102232
720575941505475397,720575940623360492,82743
720575941600662569,720575940621500608,911197
720575941531814787,720575940642586843,95855
720575941506650146,720575940618824000,808179
720575941630478818,720575940616144434,810653
720575941609619786,720575940612970666,814043
720575941430590857,720575940644077728,47762
720575941550538868,720575940641389728,107409
720575941611429222,720575940622785207,163446
720575941533191402,720575940620460679,67093
720575941450094005,720575940647397940,164830
720575941625958026,720575940632995501,52281
720575941652417236,720575940637690175,46133
720575941414825105,720575940606345649,92587
720575941481489594,720575940624676024,222629
720575941579420149,720575940621269742,107145
720575941547518388,720575940625006315,140967
720575941656297808,720575940606170801,526588
720575941514278243,720575940628419825,125219
720575941462011917,720575940620990049,151677
720575941570435828,720575940612527729,142315
720575941514924122,720575940618440943,66550
720575941537789077,720575940623407309,28368
720575941642903416,720575940622006950,149645
720575941410981487,720575940611128818,88001
720575941515911171,720575940630768940,44836
720575941493526704,720575940621490096,107291
720575941519689860,720575940630953423,117016
720575941408814127,720575940616623814,71185
720575941550007924,720575940638812900,160931
720575941390336260,720575940611287928,557525
720575941594188325,720575940620849835,202754
720575941554393345,720575940615928799,73833
720575941486407309,720575940635977114,96138
720575941560182766,720575940612303271,54006
720575941592093547,720575940612677613,124849
720575941586682846,720575940627563087,21771
720575941577717593,720575940617182267,46866
720575941525059842,720575940645277207,121012
720575941525803853,720575940616934924,21457
720575941539334525,720575940630365562,53592
720575941572754939,720575940620940097,95657
720575941480492483,720575940606213664,100529
720575941589782924,720575940630725687,527362
720575941547445128,720575940626799356,84834
720575941506318908,720575940628417864,535654
720575941590219518,720575940623150716,168671
720575941469997021,720575940627762344,811078
720575941525411074,720575940617414237,121534
720575941603327734,720575940627600271,537613
720575941553124609,720575940626523748,800891
720575941595640689,720575940628201554,160861
720575941502012811,720575940613014898,22506
720575941617858773,720575940606819849,64853
720575941573871355,720575940620045744,106385
720575941482869187,720575940616892062,112158
720575941462499853,720575940634897303,817792
720575941452297385,720575940621924890,14998
720575941454366771,720575940640867672,27488
720575941567282478,720575940610211029,580671
720575941439249375,720575940624189576,544041
720575941613245593,720575940629801410,32617
720575941571854238,720575940642025357,118163
720575941576837969,720575940617419659,92662
720575941578972505,720575940614485758,83526
720575941471708480,720575940636141048,111738
720575941651136497,720575940617330772,158520
720575941556808676,720575940606346332,130887
720575941450884942,720575940618341521,78621
720575941456931824,720575940633537069,118556
720575941525783373,720575940603853090,160648
720575941401954339,720575940630683514,212347
720575941669372071,720575940645505844,912071
720575941520204727,720575940641658676,43256
720575941652958705,720575940610909938,138244
720575941488585161,720575940640817549,906018
720575941545435828,720575940621426159,111343
720575941542721628,720575940628350407,29474
720575941625669322,720575940619505243,143070
720575941502654002,720575940634326172,515286
720575941613694483,720575940644640110,144134
720575941453767337,720575940624574356,75156
720575941393657238,720575940604681830,65381
720575941554545179,720575940622166998,87830
720575941559943725,720575940622895911,49828
720575941662216760,720575940633628836,42576
720575941400710435,720575940621601857,45263
720575941555898852,720575940624406408,214939
720575941542967045,720575940655842209,121537
720575941475069243,720575940660803201,140455
720575941521390007,720575940624153226,30014
720575941494623102,720575940630351554,75035
720575941482348998,720575940628741864,142932
720575941503998258,720575940631422824,61922
720575941634046395,720575940655564193,549267
720575941438441746,720575940646605876,99473
720575941514749843,720575940643963592,89466
720575941689109260,720575940635801242,541807
720575941470083136,720575940632418274,188965
720575941670317530,720575940638861289,520502
720575941478521450,720575940614016749,60156
720575941405843759,720575940621413670,814165
720575941630166252,720575940624665834,114020
720575941614271507,720575940619407445,75924
720575941558013711,720575940620174552,39255
720575941642630245,720575940628322348,805018
720575941432524046,720575940631053051,532335
720575941478768234,720575940615065706,69401
720575941574145974,720575940640070797,147920
720575941535542977,720575940633615807,519739
720575941652334613,720575940618083531,24965
720575941594578902,720575940644751639,108663
720575941508581922,720575940628065661,170246
720575941526188621,720575940628772763,23951
720575941501654923,720575940631316281,130784
720575941480630947,720575940619270046,204682
720575941504723250,720575940612287330,53585
720575941413382289,720575940629105001,534555
720575941470424951,720575940628593482,817784
720575941520961357,720575940632634707,23147
720575941497083873,720575940635736687,21779
720575941572713224,720575940617853853,105605
720575941605537645,720575940605397182,184362
720575941478272618,720575940631153465,24547
720575941596644764,720575940630007143,98708
720575941474198331,720575940629489751,74802
720575941652370905,720575940625709582,171227
720575941525443074,720575940616753809,77067
720575941439417791,720575940616512546,38313
720575941535726090,720575940616627522,81933
720575941500564363,720575940631019894,91440
720575941616532437,720575940630910203,385536
720575941462406413,720575940636718704,67232
720575941496472519,720575940630552570,901511
720575941507053858,720575940641438453,197503
720575941439728079,720575940615035810,548803
720575941644491640,720575940606785481,53471
720575941563195026,720575940623170593,530208
720575941732872747,720575940622905076,14231
720575941595167958,720575940636114027,49369
720575941512955345,720575940629882750,531013
720575941537630179,720575940618110292,65826
720575941531232229,720575940616664833,45462
720575941497824073,720575940631290156,137104
720575941564778550,720575940614676018,192634
720575941519045998,720575940618698397,301517
720575941507119233,720575940613433519,124317
720575941510766802,720575940623014185,111623
720575941672023207,720575940626510090,519262
720575941484713613,720575940633223052,54656
720575941453072297,720575940643979464,813350
720575941484093114,720575940637192169,165261
720575941411859627,720575940626566970,109964
720575941403638384,720575940612605462,37758
720575941481236643,720575940620024641,128637
720575941519316407,720575940616934203,20072
720575941510693330,720575940624326462,81173
720575941625916810,720575940620035408,531853
720575941686215663,720575940627746069,155472
720575941655173849,720575940632424779,80473
720575941533823320,720575940627766090,537446
720575941504534693,720575940626510232,28604
720575941501842059,720575940624018570,210615
720575941594436822,720575940659591297,93166
720575941496519296,720575940636082936,28284
720575941489401653,720575940621953264,121785
720575941564541440,720575940631780419,76198
720575941643977160,720575940627517180,67937
720575941632367291,720575940622006218,33405
720575941499761826,720575940629794919,806198
720575941565108534,720575940627604757,69457
720575941545980265,720575940623637995,63312
720575941484026946,720575940604610225,43348
720575941497606473,720575940629713963,92617
720575941471888704,720575940628111442,62922
720575941594869029,720575940616212034,45014
720575941569890206,720575940633229383,82492
720575941531584203,720575940629957391,807254
720575941485114765,720575940626294397,60773
720575941537621475,720575940611761009,100208
720575941588280388,720575940627741799,122082
720575941437497567,720575940629226204,50896
720575941644790136,720575940628369963,247117
720575941433703054,720575940639102015,224514
720575941499034786,720575940606048614,515106
720575941477830786,720575940628403274,169842
720575941520021171,720575940627282584,274247
720575941452570490,720575940647838852,62615
720575941438074386,720575940624614704,75143
720575941688649740,720575940622786985,551398
720575941496269952,720575940624877129,170240
720575941497541794,720575940632716461,125087
720575941482561990,720575940625032947,47446
720575941519720115,720575940645628695,192813
720575941574379165,720575940628358419,122962
720575941478399055,720575940613468625,529410
720575941533068810,720575940626460260,118078
720575941473655338,720575940625642302,40730
720575941623682442,720575940618011622,929247
720575941525669220,720575940610246498,145160
720575941623124426,720575940636189035,135018
720575941481234595,720575940618901918,83758
720575941491340519,720575940622846099,98936
720575941501858699,720575940640134589,185451
720575941591226366,720575940626436126,60591
720575941519908791,720575940635730367,202582
720575941505075762,720575940625307748,34632
720575941453274695,720575940608221252,25633
720575941589421124,720575940611180005,131401
720575941533603562,720575940641591760,104455
720575941393088662,720575940638004413,135708
720575941565321314,720575940627920207,32565
720575941597504924,720575940620567643,58071
720575941527419814,720575940627931413,126429
720575941554191258,720575940608964363,36507
720575941463731725,720575940618936221,188079
720575941489972430,720575940629887276,62837
720575941514276940,720575940626916810,122654
720575941609855977,720575940623457100,109221
720575941448378644,720575940620520430,109884
720575941562658962,720575940609719762,149988
720575941589186871,720575940615630186,120515
720575941490954805,720575940619355259,18000
720575941452918855,720575940625388948,45200
720575941484098746,720575940639999576,170003
720575941515402499,720575940628496646,534971
720575941651743729,720575940640543184,544744
720575941472554336,720575940639366478,29339
720575941590957608,720575940629508081,71114
720575941559977261,720575940630487594,31380
720575941427190612,720575940609600580,238044
720575941652942297,720575940617767937,97973
720575941498356603,720575940625469420,552552
720575941460627344,720575940643053620,57207
720575941636500341,720575940605341216,166153
720575941686574575,720575940642723469,102679
720575941505915682,720575940640445659,809640
720575941451621289,720575940645167492,125606
720575941628167225,720575940621181004,62154
720575941477683486,720575940632575388,30190
720575941484079034,720575940616948054,108368
720575941495345024,720575940612082090,58034
720575941578906457,720575940628750718,128241
720575941393856662,720575940627998723,112159
720575941391477910,720575940622931461,102055
720575941611739978,720575940630800762,111177
720575941454998765,720575940614817843,146983
720575941430805679,720575940625663269,535599
720575941401219619,720575940623425148,43539
720575941536070170,720575940627940599,180080
720575941456594413,720575940622806920,12744
720575941611898214,720575940622689245,197353
720575941574871400,720575940620228212,93190
720575941565625751,720575940626789392,516207
720575941452836167,720575940623897096,824848
720575941625222043,720575940634538341,923651
720575941562847488,720575940621550957,500102
720575941466417686,720575940629794412,81555
720575941637477749,720575940624752875,819096
720575941446633492,720575940622739463,108500
720575941527133209,720575940632254738,128314
720575941512816337,720575940622473599,192599
720575941492360574,720575940633563167,48312
720575941519128492,720575940621086702,810411
720575941568615982,720575940629974531,120938
720575941447546644,720575940620996265,86911
720575941626065004,720575940630917573,817603
720575941564358407,720575940618867627,235920
720575941468235741,720575940631982167,63559
720575941587137348,720575940614350289,72691
720575941601048361,720575940634212121,70373
720575941562852520,720575940623210717,581204
720575941447832340,720575940628718504,534543
720575941530336459,720575940629795739,66110
720575941572255134,720575940619506752,27691
720575941467080726,720575940628825594,580957
720575941661696056,720575940629304070,202467
720575941471360352,720575940621187753,805510
720575941521580471,720575940632213551,54301
720575941565905206,720575940632245039,120961
720575941538117352,720575940612376689,145314
720575941504903730,720575940624872581,71002
720575941516061027,720575940611390840,192373
720575941569967610,720575940612067242,92498
720575941427163220,720575940630544758,36289
720575941496809595,720575940624882173,66702
720575941533301514,720575940619571614,49049
720575941629432870,720575940622518092,119310
720575941430751151,720575940615690719,56647
720575941613802204,720575940628258835,146192
720575941477570609,720575940641462747,136867
720575941444451754,720575940625972668,179024
720575941516794796,720575940635667813,107866
720575941643247560,720575940615785228,805022
720575941591425164,720575940624655285,189724
720575941643944097,720575940627326553,123172
720575941489738185,720575940637570869,101269
720575941540504701,720575940633410199,164807
720575941604080057,720575940624571400,21711
720575941453646505,720575940615042513,808190
720575941571728798,720575940626862654,102950
720575941537444082,720575940628268226,908689
720575941659821880,720575940633879853,73862
720575941513540049,720575940626262524,65003
720575941679225789,720575940624492617,65888
720575941576212406,720575940638062682,95661
720575941536280842,720575940629784376,171324
720575941587200836,720575940634696161,28732
720575941565872999,720575940629071815,555949
720575941508501121,720575940647946292,75433
720575941449820282,720575940621889462,134297
720575941450511965,720575940625591171,161761
720575941520112819,720575940610129109,167674
720575941483813562,720575940625120492,73020
720575941563284322,720575940637618830,546045
720575941611664092,720575940617675521,51110
720575941574479517,720575940623253640,49037
720575941605277922,720575940619363008,20297
720575941460197446,720575940616172394,30331
720575941453422407,720575940613635813,539260
720575941513444089,720575940626350629,805138
720575941502619019,720575940617658710,58402
720575941471126539,720575940619718054,107935
720575941508635426,720575940629292806,156604
720575941659028048,720575940627071276,50092
720575941558649133,720575940620669110,805195
720575941430516399,720575940632601913,553237
720575941681678525,720575940630164780,210171
720575941488602318,720575940615433951,815053
720575941593299496,720575940606810057,169557
720575941563702952,720575940631441745,137598
720575941565764194,720575940633301073,86544
720575941483278278,720575940632216289,135046
720575941651491352,720575940610100946,36130
720575941477383489,720575940621746300,25553
720575941430135137,720575940607591810,34701
720575941513395409,720575940609773833,939894
720575941597836444,720575940624876730,50099
720575941606407789,720575940628713724,126890
720575941689109878,720575940630710523,42222
720575941537037800,720575940613554242,49924
720575941544875452,720575940633415054,530989
720575941593495335,720575940629180154,19324
720575941497035643,720575940625707924,810874
720575941496177225,720575940634710879,15407
720575941502522967,720575940621978109,93506
720575941732176171,720575940633925966,20442
720575941580364277,720575940604621257,524038
720575941406700591,720575940622240470,99118
720575941540820828,720575940628703249,503281
720575941625490540,720575940623161385,141125
720575941536115432,720575940612404502,113845
720575941434830112,720575940629233393,51385
720575941393008278,720575940633971169,155095
720575941721281338,720575940638146879,209909
720575941508763777,720575940619831206,53566
720575941441701467,720575940620395941,909613
720575941489748942,720575940606629809,55726
720575941655791060,720575940620655599,814041
720575941449810613,720575940636067252,43976
720575941609298662,720575940632504740,552527
720575941605415358,720575940617597881,107492
720575941515649785,720575940628740395,166457
720575941468003606,720575940644744727,38195
720575941498287483,720575940624365508,67256
720575941550019873,720575940644351944,69151
720575941514187340,720575940625429227,166674
720575941545220613,720575940628728619,534115
720575941516137475,720575940620008112,514187
720575941489758665,720575940609061077,516978
720575941525674918,720575940627896828,97808
720575941586630110,720575940626812924,163037
720575941429346185,720575940616057612,114764
720575941514183500,720575940622717683,177114
720575941688389494,720575940621689838,932050
720575941633854907,720575940626829840,45949
720575941611487974,720575940630102316,109372
720575941506662273,720575940644319796,580482
720575941615483033,720575940611203282,132081
720575941464976982,720575940623368375,516480
720575941515206147,720575940612751066,44202
720575941596746373,720575940614922146,72324
720575941499108577,720575940628202089,233553
720575941536812314,720575940640844632,155537
720575941535016882,720575940614173290,94469
720575941588927742,720575940632272744,108504
720575941475678513,720575940621214379,537082
720575941435912480,720575940613486819,62681
720575941524834379,720575940626213397,77453
720575941700293082,720575940622013680,539916
720575941564752231,720575940619446208,543911
720575941550644223,720575940624033515,103994
720575941592087848,720575940638635742,86225
720575941661835132,720575940622503133,552250
720575941631066348,720575940638944334,87334
720575941483649277,720575940609261148,932545
720575941535803073,720575940632572999,927179
720575941460305348,720575940618535303,64816
720575941430010505,720575940625163756,122870
720575941578206545,720575940617623389,134710
720575941511118608,720575940642345179,17615
720575941626465691,720575940610823010,100011
720575941502465623,720575940625381449,119601
720575941436363552,720575940612519317,181879
720575941543598877,720575940636520055,531209
720575941516922259,720575940614901151,97438
720575941633554592,720575940632692803,64803
720575941687791116,720575940622451859,50391
720575941588581253,720575940618073024,158543
720575941654215892,720575940632092178,108787
720575941494422910,720575940612788008,153671
720575941572718600,720575940637266800,174471
720575941656124752,720575940635260511,119548
720575941434229646,720575940629090127,50050
720575941688301295,720575940641195765,99031
720575941535666866,720575940630838519,223205
720575941460358214,720575940635968745,1064876188
720575941541364316,720575940622897178,141326
720575941431153367,720575940613434287,117489
720575941562475666,720575940629441150,39349
720575941507062341,720575940615019183,580947
720575941548691572,720575940611344789,127292
720575941547615521,720575940628539907,50733
720575941442093659,720575940624379792,137947
720575941645318817,720575940629278619,544537
720575941541428253,720575940627737481,212519
720575941502470231,720575940641459419,177666
720575941553875227,720575940629539834,549459
720575941639097973,720575940632675276,230847
720575941478523983,720575940630721150,539567
720575941430717359,720575940610744110,54787
720575941442202715,720575940624377929,34552
720575941573048585,720575940638137151,119822
720575941626670137,720575940618278545,74820
720575941564607634,720575940617687769,65954
720575941520653747,720575940625799610,35091
720575941489924556,720575940628325242,103219
720575941610738022,720575940625722237,105714
720575941578536693,720575940634395618,106120
720575941480508802,720575940617679577,186821
720575941628349478,720575940637130566,107965
720575941639294581,720575940624642492,936193
720575941658509392,720575940608132530,75542
720575941429268105,720575940627452263,99784
720575941428385199,720575940638403294,512095
720575941485417026,720575940637786950,208058
720575941504538172,720575940640356661,100348
720575941564842850,720575940619386203,96051
720575941507843422,720575940632512156,65271
720575941529676676,720575940603501024,40306
720575941490831049,720575940617943993,812144
720575941545572232,720575940628044154,135948
720575941567677554,720575940612312499,134870
720575941533922179,720575940623846413,550985
720575941584395871,720575940626774064,127208
720575941591258110,720575940627248280,184313
720575941659218968,720575940621468070,88056
720575941493351550,720575940607840981,555747
720575941558391278,720575940609928971,34661
720575941486515341,720575940626688144,72063
720575941609764781,720575940614411154,70913
720575941534956481,720575940631458335,56749
720575941439193132,720575940612160405,127568
720575941540628941,720575940614025903,537816
720575941500983019,720575940646783267,53639
720575941573295759,720575940629586843,62571
720575941517164691,720575940621810047,136576
720575941493726078,720575940624071315,130304
720575941560294701,720575940621270410,517081
720575941534283786,720575940619542107,536421
720575941436724512,720575940610894660,164852
720575941460087251,720575940629119985,106248
720575941614135827,720575940644075118,148902
720575941606406765,720575940623048584,87617
720575941691540376,720575940620714667,560199
720575941625193610,720575940625955472,165118
720575941626702393,720575940621656230,176534
720575941624636106,720575940627904133,95545
720575941514936835,720575940628390404,300339
720575941451845498,720575940623124905,185169
720575941482666950,720575940632810285,140436
720575941611660205,720575940626914960,33101
720575941487102982,720575940620528475,129263
720575941575827382,720575940618201345,108594
720575941568136698,720575940621278401,61824
720575941480996226,720575940637878494,58460
720575941626523274,720575940633510431,49482
720575941516428122,720575940629791275,54239
720575941624717052,720575940629298279,42026
720575941503336642,720575940638886372,210451
720575941521662647,720575940655273889,243690
720575941449505629,720575940655683489,87353
720575941484078589,720575940629287835,584096
720575941483636166,720575940616514098,111818
720575941431337720,720575940615398047,25826
720575941552975258,720575940615028433,194706
720575941480258243,720575940630691543,177772
720575941568396078,720575940625550067,529703
720575941575318159,720575940625049095,147617
720575941462868749,720575940633836954,520634
720575941504697367,720575940621749697,65934
720575941668189617,720575940621481450,107716
720575941408464299,720575940636075000,802523
720575941461094084,720575940617297625,79023
720575941526105858,720575940631407355,923901
720575941461813648,720575940624372362,84245
720575941659273552,720575940618127105,170912
720575941462348688,720575940612528346,198756
720575941689946776,720575940616686642,806152
720575941438071103,720575940619257157,151977
720575941452874921,720575940614628007,59947
720575941594887717,720575940624781799,531911
720575941569611258,720575940619490507,80903
720575941575099293,720575940629137196,88083
720575941688819830,720575940628698371,546051
720575941611213801,720575940634755482,135784
720575941519190894,720575940621466236,112775
720575941542069084,720575940625770254,137212
720575941555690724,720575940626180964,167723
720575941411106671,720575940605674417,82867
720575941540075356,720575940626544210,57810
720575941657855000,720575940631040207,810539
720575941580628981,720575940643094413,163012
720575941480187843,720575940628593681,66408
720575941631284460,720575940627440134,165452
720575941587294788,720575940630172922,146769
720575941482285507,720575940611790546,807010
720575941567871220,720575940627726441,90897
720575941569516788,720575940633738209,77419
720575941575343759,720575940621835952,813951
720575941572470779,720575940628399493,108930
720575941574430902,720575940629302910,112532
720575941407986735,720575940619992523,195134
720575941731824171,720575940626191635,49255
720575941495739079,720575940655606945,94142
720575941690678424,720575940638636533,814409
720575941545854132,720575940623274168,207736
720575941624531308,720575940627065899,138577
720575941564797184,720575940634429280,940701
720575941447023636,720575940615659679,128266
720575941507398725,720575940629234370,93438
720575941534437720,720575940615828074,199014
720575941592829224,720575940626801551,151522
720575941513874531,720575940611613337,118606
720575941573076808,720575940627234069,580969
720575941568236532,720575940616404191,548203
720575941495646151,720575940630424108,157900
720575941502867762,720575940624725995,93331
720575941584951518,720575940632161640,92628
720575941458468819,720575940633078829,126328
720575941546980788,720575940624060952,534811
720575941453709107,720575940605454025,132467
720575941507882334,720575940660333953,540501
720575941645521528,720575940620860766,203412
720575941480987066,720575940615740310,914722
720575941513355610,720575940622377343,108189
720575941513992185,720575940632524627,183383
720575941439927247,720575940644056480,141974
720575941492426366,720575940615257906,111059
720575941689383387,720575940605392160,97015
720575941593904342,720575940621170292,530377
720575941553180222,720575940614967603,187064
720575941495120071,720575940625844156,26072
720575941553551239,720575940617999761,68976
720575941439969247,720575940628665768,511947
720575941555323108,720575940612175858,24384
720575941514259921,720575940632798177,48861
720575941577830993,720575940626638110,80135
720575941479051650,720575940636783973,80504
720575941639451167,720575940639506109,543247
720575941633430203,720575940631109371,155192
720575941599858985,720575940639349693,53821
720575941663758460,720575940625053321,530213
720575941574523913,720575940630956345,45335
720575941438557202,720575940625072828,28530
720575941462211341,720575940625299947,558062
720575941476938292,720575940638288436,142242
720575941489641676,720575940625332199,69863
720575941591146238,720575940622212615,111582
720575941473407328,720575940637244479,106178
720575941439869151,720575940638269673,197255
720575941607289453,720575940639850915,78372
720575941413127023,720575940636898222,552969
720575941594626417,720575940613162675,89889
720575941626610284,720575940630882664,73892
720575941431184815,720575940631946287,72257
720575941478852687,720575940627583290,18302
720575941430357089,720575940614001617,907762
720575941502883890,720575940632283467,11284
720575941448159837,720575940613524647,214054
720575941576943976,720575940637168270,203287
720575941595614321,720575940611596467,63333
720575941680911549,720575940623021897,102475
720575941417186588,720575940635637422,136740
720575941393503638,720575940631913005,213296
720575941413419665,720575940618963365,185635
720575941644367698,720575940624569276,162006
720575941481948925,720575940625164076,131929
720575941530934147,720575940609316291,531403
720575941433722766,720575940616206534,80705
720575941554310628,720575940639126104,78354
720575941479266434,720575940633561427,199036
720575941554044955,720575940630007746,64177
720575941650842097,720575940608965899,70860
720575941539774589,720575940623464172,192896
720575941506674210,720575940614943455,100165
720575941481232291,720575940628305404,201993
720575941463548941,720575940615014353,114975
720575941512836817,720575940635819199,140262
720575941502834738,720575940640613208,41295
720575941628194873,720575940648667780,170748
720575941439566933,720575940642392461,520111
720575941485102477,720575940627059471,91244
720575941555107329,720575940615886559,163018
720575941415068700,720575940624280555,519419
720575941560566543,720575940612302259,17578
720575941544566377,720575940622742049,161230
720575941430724271,720575940626588965,120379
720575941508617762,720575940618617173,82424
720575941404288368,720575940612023922,520305
720575941411069867,720575940626916133,86025
720575941544588732,720575940606631014,174484
720575941633025221,720575940609929540,47576
720575941529361099,720575940618944891,121010
720575941723570234,720575940639690301,106739
720575941701619930,720575940621324833,21294
720575941394005910,720575940628900572,517436
720575941539522453,720575940639172285,900950
720575941474531936,720575940624345897,78706
720575941589512772,720575940627955581,194211
720575941471954496,720575940630797305,139996
720575941650106901,720575940629272850,112748
720575941549753150,720575940631775815,38203
720575941467118934,720575940625918224,111329
720575941447932180,720575940624092868,208130
720575941473345595,720575940639152966,26534
720575941440827739,720575940630022672,811806
720575941508921729,720575940614479085,911410
720575941495358592,720575940620102576,75975
720575941545375880,720575940630732414,814816
720575941497611593,720575940619898971,177380
720575941552814654,720575940620970375,84634
720575941656387096,720575940624058564,15257
720575941574822045,720575940625567124,526717
720575941467870941,720575940604065470,101658
720575941603945718,720575940606612670,812334
720575941657627984,720575940624696810,248984
720575941555771219,720575940647264132,108389
720575941574830089,720575940625140755,57685
720575941552643738,720575940628072903,89388
720575941455054061,720575940607856770,74113
720575941431529230,720575940617147963,134362
720575941592150824,720575940613470378,197964
720575941528375736,720575940620073711,64564
720575941503282519,720575940617796820,546337
720575941440703935,720575940628571753,85740
720575941448537934,720575940645625892,161179
720575941485713549,720575940613101797,167624
720575941560777843,720575940613754833,147234
720575941567973108,720575940637622885,36603
720575941413154196,720575940635957183,122453
720575941574277533,720575940644303639,178346
720575941489855694,720575940637882590,161670
720575941546262152,720575940617213883,104813
720575941526647577,720575940635444404,115408
720575941555664723,720575940616932027,85275
720575941551408538,720575940624193427,122038
720575941475734065,720575940632839272,95629
720575941525792002,720575940608956373,84872
720575941558435855,720575940621808225,217061
720575941620658815,720575940628857092,168386
720575941506836540,720575940628797973,62317
720575941534954584,720575940618787841,89723
720575941580122449,720575940613419762,104373
720575941552443290,720575940608295726,811377
720575941580099409,720575940643749280,145715
720575941536147393,720575940624883898,87891
720575941562915730,720575940640520563,143600
720575941593486806,720575940616005087,156855
720575941550002465,720575940625465733,126860
720575941572913822,720575940618572059,154390
720575941643957880,720575940612911283,113298
720575941657638992,720575940629222761,60308
720575941541567773,720575940623166669,124163
720575941616545749,720575940638509952,32867
720575941463652877,720575940631390940,30463
720575941515141987,720575940614464721,80682
720575941488543029,720575940645695268,76493
720575941431905784,720575940612109298,62495
720575941412478831,720575940637335012,160872
720575941596492913,720575940642197467,543260
720575941409473963,720575940632393529,122989
720575941430695855,720575940622425114,87436
720575941478509903,720575940647901060,806111
720575941519247027,720575940629299791,58112
720575941581771897,720575940629510518,172481
720575941539143573,720575940626566931,515903
720575941393062806,720575940630552182,120898
720575941625694572,720575940626952274,70945
720575941477919262,720575940629011703,48779
720575941441381327,720575940623365731,549711
720575941598561216,720575940640842880,124523
720575941554637732,720575940610343236,164164
720575941558407918,720575940632088401,167064
720575941533092739,720575940628797608,551320
720575941651686929,720575940624965927,168751
720575941552371457,720575940619969227,812127
720575941519333804,720575940637391423,170352
720575941584578270,720575940625649850,40101
720575941626478235,720575940607890377,131494
720575941519527095,720575940644042094,117080
720575941533014501,720575940628295189,811946
720575941631370466,720575940620705812,48949
720575941567338234,720575940638980149,945953
720575941486778374,720575940628852891,204616
720575941628684258,720575940625583204,37018
720575941652324373,720575940625870992,35393
720575941524380953,720575940626086158,175336
720575941508642142,720575940631823311,166566
720575941535135666,720575940617892189,512783
720575941633308832,720575940618194971,134327
720575941548245053,720575940625211685,113905
720575941467151958,720575940608148489,127868
720575941560758061,720575940605809538,151718
720575941476670750,720575940615038314,813687
720575941627576377,720575940624704509,811850
720575941445882900,720575940624016875,552701
720575941561763373,720575940628174279,186482
720575941511884108,720575940615714316,99023
720575941535261450,720575940621543083,53625
720575941436366368,720575940614687931,550396
720575941353397808,720575940631868364,120618
720575941554210843,720575940616353247,529087
720575941540316445,720575940618602274,217488
720575941663682684,720575940629245425,92674
720575941626467180,720575940623330047,814158
720575941447762964,720575940605893222,164849
720575941670158769,720575940612498073,61296
720575941578417497,720575940620560043,109861
720575941478752362,720575940617948957,45733
720575941608391498,720575940618324820,120960
720575941495149511,720575940627624317,131841
720575941533803651,720575940626815076,166086
720575941469317853,720575940610463427,145611
720575941478710914,720575940625267976,33133
720575941574875240,720575940614415411,139182
720575941612388454,720575940638137200,108568
720575941490057447,720575940621745441,130383
720575941507571223,720575940618057095,129950
720575941496797312,720575940629196273,513141
720575941461195987,720575940639626310,52190
720575941451705722,720575940621353076,520167
720575941537667826,720575940638487155,40859
720575941557221540,720575940610649464,551232
720575941499197921,720575940621038677,134878
720575941509708560,720575940627105881,175488
720575941527175524,720575940615085474,76423
720575941436610336,720575940628826116,518365
720575941440875711,720575940620490405,944746
720575941459925318,720575940628198673,910846
720575941458206879,720575940621312751,168913
720575941518476211,720575940641093595,183275
720575941410031983,720575940615723682,65745
720575941480467363,720575940621320803,45797
720575941619028095,720575940617212789,76592
720575941427413844,720575940619551611,173469
720575941473754464,720575940634729870,243317
720575941408747055,720575940632358418,69420
720575941483529914,720575940619565632,94818
720575941668521137,720575940615251362,816249
720575941681264061,720575940626822448,145371
720575941498103202,720575940635517108,116324
720575941630184998,720575940618945364,151245
720575941644049825,720575940618901675,112670
720575941519467443,720575940613692141,519583
720575941460256070,720575940623678488,182069
720575941502526347,720575940645980782,184116
720575941643606866,720575940629943119,553454
720575941350473008,720575940623350453,83515
720575941477289265,720575940630641465,158069
720575941613384924,720575940632214497,105263
720575941448852661,720575940631037148,149122
720575941512021580,720575940625880846,120953
720575941509452816,720575940617078971,529960
720575941609448937,720575940621259947,116811
720575941611833564,720575940638067934,44519
720575941544674665,720575940611177586,805950
720575941557552804,720575940621687668,44901
720575941659731512,720575940619859532,76425
720575941479089538,720575940618364325,168629
720575941462978448,720575940607432905,82771
720575941514636025,720575940626995880,84531
720575941394080918,720575940607395593,114182
720575941536966805,720575940618141268,220627
720575941589816318,720575940639159997,812359
720575941516934572,720575940609372373,38293
720575941459612742,720575940623836967,65914
720575941687276812,720575940632060946,48495
720575941533196376,720575940608528341,106393
720575941573934749,720575940613244335,146934
720575941490746830,720575940625365996,129692
720575941582390623,720575940629023870,91970
720575941527728806,720575940604843710,201939
720575941485831309,720575940624038340,26470
720575941549474877,720575940616411067,113638
720575941615601049,720575940631545541,217916
720575941441378511,720575940608362418,211032
720575941514822915,720575940621670235,226310
720575941567694074,720575940619137819,141330
720575941400700451,720575940633230929,814772
720575941549841697,720575940628236999,77203
720575941452123258,720575940633390500,48346
720575941490969909,720575940619678006,539435
720575941732111659,720575940610799566,520319
720575941490147788,720575940624689812,105438
720575941602042809,720575940629844346,185833
720575941515477497,720575940632070820,110416
720575941560078707,720575940629041916,239301
720575941458579952,720575940611255598,175174
720575941549688436,720575940608186307,59799
720575941543397405,720575940624429053,529119
720575941589969292,720575940621386017,38029
720575941550783294,720575940621815690,20597
720575941578482677,720575940631414180,76058
720575941542815261,720575940634727359,817455
720575941573370696,720575940639736179,808416
720575941669260711,720575940613518247,191944
720575941538818709,720575940623642858,160062
720575941534533354,720575940605468105,83080
720575941430816865,720575940620511408,68485
720575941530031051,720575940637597918,180061
720575941516150106,720575940609182556,814365
720575941687406831,720575940620498853,814854
720575941450543994,720575940632639007,143811
720575941508743553,720575940645156040,28612
720575941480695375,720575940636094815,171780
720575941444344746,720575940627382405,89646
720575941574594664,720575940637063543,813315
720575941627806777,720575940632364359,161595
720575941525244749,720575940619746171,64599
720575941353538352,720575940622186334,40756
720575941645620088,720575940629459420,135696
720575941670463921,720575940612790933,167302
720575941549490804,720575940626171880,78217
720575941476755050,720575940632523880,82019
720575941581657695,720575940625270259,107903
720575941540464253,720575940623878803,159606
720575941515276867,720575940620466368,201826
720575941575823449,720575940622374928,44301
720575941493961904,720575940630346614,51844
720575941631928556,720575940618520866,215705
720575941492446078,720575940633271447,124621
720575941480028384,720575940627539204,811805
720575941522677751,720575940639981109,90133
720575941626058348,720575940629761435,156228
720575941503297771,720575940622091903,198913
720575941565206582,720575940625140715,89792
720575941569591796,720575940633135697,128778
720575941592783211,720575940635383147,150068
720575941591386508,720575940623464150,28721
720575941391468292,720575940644174958,138897
720575941569788274,720575940629385086,106640
720575941497548513,720575940637639822,125665
720575941459127622,720575940622064929,168311
720575941573887227,720575940623541718,60755
720575941640778271,720575940626836349,135538
720575941608069229,720575940623619549,91562
720575941558903923,720575940626077735,151435
720575941631876768,720575940628889872,131428
720575941625465482,720575940617831508,912940
720575941425140308,720575940630424540,832424
720575941642443346,720575940635069209,75261
720575941569664762,720575940613724950,68917
720575941484265981,720575940636844901,177983
720575941457773040,720575940631616975,83116
720575941486126989,720575940640839768,156692
720575941511563218,720575940631175109,148023
720575941593968241,720575940634512992,815273
720575941610306790,720575940621402789,69512
720575941539512562,720575940634903577,458181
720575941687508463,720575940630743670,817026
720575941431051439,720575940618076902,117788
720575941507351621,720575940614299047,107327
720575941435858720,720575940628000273,117959
720575941579081817,720575940639652515,813593
720575941463003280,720575940622736764,196570
720575941568948986,720575940646690595,88528
720575941564175670,720575940603713248,146715
720575941460415632,720575940636434424,529867
720575941392594070,720575940639531334,51697
720575941508451362,720575940635646583,87336
720575941434224526,720575940623161869,547988
720575941437988159,720575940621937846,40998
720575941529371780,720575940625135143,98415
720575941439174700,720575940632585263,137533
720575941431687672,720575940634391950,118457
720575941425239892,720575940621082956,909198
720575941545796744,720575940618342946,123206
720575941545959092,720575940619710448,145639
720575941588934398,720575940631968843,23934
720575941655243481,720575940612307478,57892
720575941465198166,720575940629671294,87239
720575941508898654,720575940611392986,521807
720575941595592325,720575940620933067,114958
720575941439323071,720575940620206727,126606
720575941586973918,720575940622440150,137332
720575941656107220,720575940644609696,548062
720575941532169603,720575940608640370,57130
720575941665605363,720575940622300810,73741
720575941643651941,720575940641517008,546464
720575941701229530,720575940644146030,222115
720575941521999539,720575940628315197,136963
720575941631368674,720575940625676787,16294
720575941469137015,720575940626303058,818148
720575941471466871,720575940629391376,53992
720575941568227698,720575940629667710,48603
720575941394009750,720575940640519539,60437
720575941572460027,720575940622132406,37334
720575941392170134,720575940635847231,84469
720575941613988883,720575940623852996,329125
720575941533518372,720575940626218373,93120
720575941476202801,720575940610235950,519219
720575941440423771,720575940626900755,127029
720575941543684201,720575940627373161,60665
720575941515361027,720575940631475287,542203
720575941491457484,720575940632528927,550162
720575941584979422,720575940628316989,96154
720575941514608195,720575940606345760,220850
720575941587449924,720575940614811298,59811
720575941488628425,720575940616546233,221939
720575941485848326,720575940631539019,525378
720575941449724597,720575940632973383,806826
720575941562771602,720575940644682400,201032
720575941525864013,720575940612678637,137436
720575941516281091,720575940632300335,526869
720575941731173675,720575940651527670,51861
720575941657336088,720575940609499086,112479
720575941441499483,720575940634880281,532733
720575941575358056,720575940631307769,145157
720575941630927084,720575940624177225,167022
720575941540185725,720575940610663537,17281
720575941506700860,720575940611862990,74020
720575941572943262,720575940607855817,36805
720575941577425753,720575940634524271,807791
720575941462476045,720575940632649247,59772
720575941430918648,720575940625233296,107715
720575941595000871,720575940630564460,81794
720575941408413870,720575940634783898,82706
720575941657594392,720575940626674988,98738
720575941459194096,720575940610216772,102488
720575941432744846,720575940615764422,522746
720575941497322368,720575940609991236,40164
720575941732769067,720575940638006086,31868
720575941662966584,720575940619076997,96323
720575941484214013,720575940637304933,159142
720575941690529755,720575940628791351,515037
720575941490862389,720575940635702935,524806
720575941455402291,720575940624887335,815016
720575941624691196,720575940605022176,57815
720575941638477173,720575940624893931,907564
720575941532385509,720575940632743784,14753
720575941553380379,720575940603943456,551930
720575941579766773,720575940613222809,140655
720575941506625852,720575940620998253,80946
720575941430625889,720575940625168876,63780
720575941701827546,720575940627545162,39563
720575941523840331,720575940631128694,195315
720575941592602149,720575940630359296,182999
720575941557070884,720575940614570961,119360
720575941643326034,720575940626048387,513674
720575941565300583,720575940652375030,28975
720575941503084523,720575940620929416,55288
720575941645439649,720575940620354987,118060
720575941653740049,720575940625277785,145031
720575941552616475,720575940606108034,23028
720575941430796536,720575940639202532,818435
720575941509337616,720575940652617121,66295
720575941452261427,720575940617316569,29513
720575941614862745,720575940647830404,132743
720575941595047382,720575940637911741,90010
720575941475634538,720575940611736872,42182
720575941618684543,720575940610814682,123634
720575941531588483,720575940630761854,98225
720575941477598432,720575940626270154,94784
720575941553579748,720575940632503180,552580
720575941411234219,720575940622258714,531697
720575941609524457,720575940618810269,817576
720575941508100642,720575940631003351,580620
720575941506024252,720575940629505615,124384
720575941450484302,720575940616261771,807174
720575941563922944,720575940643801248,63287
720575941402049904,720575940632971591,139091
720575941487113026,720575940614654395,521007
720575941629556006,720575940632798264,126512
720575941663808380,720575940633459501,549473
720575941391516420,720575940624161936,148106
720575941565833826,720575940631844626,167978
720575941524433483,720575940613879227,815687
720575941471238208,720575940620992165,125978
720575941687916556,720575940608295032,532300
720575941590046519,720575940622968970,824886
720575941449672029,720575940605429950,534240
720575941437884178,720575940659234689,523013
720575941489576398,720575940607358642,179589
720575941644015816,720575940622392534,97004
720575941457935775,720575940631960633,539280
720575941527363353,720575940621150273,553795
720575941473180000,720575940630145311,515114
720575941392851460,720575940609033993,259331
720575941665485299,720575940626156618,109220
720575941516311043,720575940616389051,65626
720575941513760835,720575940642006157,52893
720575941598136732,720575940621336173,32808
720575941459037510,720575940628201791,817408
720575941532805605,720575940622260300,115351
720575941506625058,720575940620076248,70708
720575941592771947,720575940632990255,140308
720575941453700265,720575940637943774,82160
720575941472752736,720575940627679306,103845
720575941539681181,720575940630120186,100293
720575941572035229,720575940623894883,800436
720575941534084018,720575940630383673,514039
720575941645203576,720575940621121883,38247
720575941490107598,720575940613469545,112469
720575941450507898,720575940621717025,126778
720575941612052141,720575940611629266,811835
720575941580604537,720575940632637209,321272
720575941442517199,720575940630315367,20462
720575941596573596,720575940630026039,89206
720575941574720763,720575940635947000,29153
720575941565049959,720575940617136214,36963
720575941551560447,720575940611403874,86876
720575941608899049,720575940622159476,121558
720575941611462121,720575940646927668,111914
720575941515886585,720575940660258689,45478
720575941491403468,720575940631651659,131418
720575941352344368,720575940627811825,115565
720575941515936771,720575940624121599,155183
720575941525433956,720575940617973524,178206
720575941483348989,720575940618700504,34470
720575941573939613,720575940630738652,208014
720575941545947068,720575940614160179,139221
720575941667542515,720575940629989879,73015
720575941495489918,720575940627873608,803515
720575941546462644,720575940622225217,144262
720575941625708699,720575940634905006,64347
720575941598500800,720575940635150746,131223
720575941489076425,720575940617413469,83883
720575941591862156,720575940628722167,168396
720575941546314601,720575940632008007,200562
720575941535623144,720575940621989828,76062
720575941553452935,720575940604585662,994082949
720575941558114596,720575940612853234,126725
720575941492874672,720575940632082060,104415
720575941614138387,720575940626574878,119519
720575941536884968,720575940608622857,809325
720575941466052950,720575940630360119,519507
720575941655663065,720575940609534840,31782
720575941721790266,720575940625681850,32481
720575941569639794,720575940627034142,124790
720575941681625789,720575940644937160,25451
720575941459580063,720575940622646749,92236
720575941653241817,720575940640103283,134775
720575941598138409,720575940628006824,129686
720575941528141990,720575940631167548,69073
720575941460879300,720575940607053186,163823
720575941585314950,720575940630202011,47310
720575941458986911,720575940621819655,105980
720575941576514649,720575940623517910,71154
720575941607103341,720575940621100629,50010
720575941405208176,720575940639805237,145045
720575941452194631,720575940647056163,176261
720575941516244908,720575940611619630,527227
720575941636875893,720575940622823962,28793
720575941523188043,720575940616580027,940014
720575941593259816,720575940630172666,23342
720575941463360525,720575940630464503,150276
720575941547146420,720575940624200679,544538
720575941645298296,720575940622152406,114416
720575941447051445,720575940617723878,533879
720575941669447335,720575940608945163,102392
720575941535414616,720575940628806652,215687
720575941543017989,720575940633349587,93923
720575941431518857,720575940611332302,203836
720575941540370893,720575940646209902,553457
720575941599023913,720575940631483211,191561
720575941465432918,720575940632725816,33498
720575941553252670,720575940622469033,188732
720575941625699722,720575940625702892,910780
720575941489792206,720575940624855560,82580
720575941691546264,720575940631315144,81959
720575941632783264,720575940638767450,106821
720575941678574781,720575940629445626,223539
720575941688367628,720575940617023771,54069
720575941625546698,720575940628450054,130233
720575941495358080,720575940614310050,141208
720575941484218765,720575940637737088,542771
720575941496526535,720575940624694972,72786
720575941549290495,720575940630070583,28052
720575941515308537,720575940610979043,20332
720575941515010403,720575940637298350,911122
720575941593627687,720575940631332951,75808
720575941588963838,720575940622775907,45067
720575941451022151,720575940633626285,145842
720575941489897447,720575940618388463,100430
720575941457279981,720575940607341835,55533
720575941439735775,720575940617508281,256622
720575941516440922,720575940627938775,118800
720575941562635176,720575940614668347,539597
720575941458389744,720575940633188492,53919
720575941571837704,720575940616035771,55963
720575941475327530,720575940638417886,138844
720575941503876402,720575940617337973,907494
720575941548166177,720575940638257498,515794
720575941466990614,720575940634574943,62356
720575941597992092,720575940647278371,157199
720575941722736442,720575940644083912,119442
720575941566041134,720575940628210451,135962
720575941457701535,720575940631657047,135151
720575941577663833,720575940609696963,160313
720575941572876445,720575940646768675,137989
720575941641490258,720575940628571130,141698
720575941595352689,720575940627801481,134193
720575941498378619,720575940632288156,105301
720575941485135501,720575940638962008,91878
720575941392458646,720575940607440562,112249
720575941566822710,720575940615253354,545180
720575941574879752,720575940629375849,161177
720575941643121253,720575940647118883,112898
720575941613980569,720575940632685516,115951
720575941514254339,720575940619936020,25617
720575941584249951,720575940632372141,521734
720575941521512115,720575940653614838,108709
720575941564921954,720575940640782989,121677
720575941542281757,720575940614940625,185487
720575941459361606,720575940632015890,167341
720575941563584663,720575940626633880,522876
720575941547806088,720575940635654079,809338
720575941678953661,720575940615098043,21101
720575941480730019,720575940630747479,153586
720575941551788935,720575940629865475,125645
720575941626847626,720575940636586096,95359
720575941576336488,720575940630687247,204963
720575941591299326,720575940620476748,532882
720575941668619431,720575940612385971,146200
720575941593176433,720575940622723598,153470
720575941595076822,720575940614792623,133815
720575941687650060,720575940612593258,147486
720575941651794449,720575940606639392,40592
720575941460108432,720575940639502406,69403
720575941485567554,720575940621014465,63238
720575941489904181,720575940619829814,346871
720575941477398321,720575940627182522,187310
720575941482016963,720575940606200754,125986
720575941524721410,720575940622880332,256206
720575941493370494,720575940614436147,207779
720575941574038173,720575940616883387,22740
720575941482462153,720575940642513805,181073
720575941503197163,720575940616920347,81529
720575941610657769,720575940631225740,57957
720575941615738777,720575940630568412,70033
720575941483450298,720575940628903247,97864
720575941440630869,720575940628389116,808388
720575941563737088,720575940616036758,163701
720575941607550829,720575940639932760,141985
720575941480154091,720575940604847392,810551
720575941527048194,720575940613684370,73710
720575941592617686,720575940626736446,155843
720575941559854318,720575940631842104,18972
720575941644977528,720575940622313451,114732
720575941564926720,720575940626253073,74841
720575941599175104,720575940624984829,543394
720575941484049661,720575940627263763,26837
720575941553331483,720575940617187329,202880
720575941506895685,720575940634506871,90615
720575941432116494,720575940629550074,125073
720575941576967769,720575940623458915,188282
720575941533041125,720575940626196286,75176
720575941436575264,720575940614131949,135485
720575941624209546,720575940627504698,117157
720575941589588036,720575940615250143,533311
720575941446630420,720575940608631765,71680
720575941460241478,720575940624253257,102892315
720575941509480464,720575940637086382,535734
720575941553910017,720575940622171252,64507
720575941436868114,720575940616518612,104346
720575941510649360,720575940629498267,40715
720575941504108267,720575940628814391,116991
720575941456490989,720575940626210844,531551
720575941494668414,720575940622029734,547416
720575941654167825,720575940631563515,535922
720575941461032659,720575940612360755,809350
720575941527147686,720575940614746178,27308
720575941539033293,720575940617976389,910699
720575941442137807,720575940612962730,33084
720575941437934866,720575940635755438,167627
720575941602774774,720575940637453382,34186
720575941431636655,720575940624282248,136483
720575941590443319,720575940631576546,22231
720575941591919723,720575940616786315,550499
720575941548390260,720575940627629647,812430
720575941507696197,720575940639343438,132433
720575941448356942,720575940631488839,92560
720575941403579248,720575940623337471,50390
720575941433616672,720575940620976731,39592
720575941654347988,720575940637082334,113698
720575941437730834,720575940618821405,144991
720575941479313571,720575940609025092,148230
720575941505008834,720575940606552450,818784
720575941497996361,720575940625447915,28354
720575941593886501,720575940628075281,72213
720575941690295003,720575940625893159,41400
720575941596032295,720575940632413970,91221
720575941535163363,720575940619971669,521623
720575941545070341,720575940622740999,206931
720575941545511348,720575940625674533,132533
720575941450512718,720575940632233517,137702
720575941471637623,720575940622029494,205843
720575941578156121,720575940612761523,62695
720575941479373647,720575940622404991,63481
720575941603625913,720575940643619636,130406
720575941546401416,720575940627672402,65027
720575941542190109,720575940633519514,68372
720575941461223379,720575940643895200,79289
720575941596525445,720575940618186269,546469
720575941525365762,720575940633215303,77999
720575941589660228,720575940627902632,149212
720575941508506914,720575940628146908,96936
720575941477610545,720575940620573275,540358
720575941505498181,720575940615071122,149909
720575941516591064,720575940624229867,910329
720575941513999057,720575940627936744,39014
720575941399339811,720575940609870798,818630
720575941495570046,720575940621177222,558262
720575941459099844,720575940629152505,822252
720575941481979075,720575940626671016,86524
720575941477411124,720575940628443035,168853
720575941431033737,720575940614505937,552621
720575941351686192,720575940614046395,518475
720575941440420815,720575940643043213,241813
720575941481935299,720575940617129177,363173
720575941575926671,720575940631626287,167675
720575941451228238,720575940638884259,190355
720575941643465121,720575940643978144,96837
720575941515827971,720575940632742471,76667
720575941553082247,720575940624700139,192577
720575941534026584,720575940605379552,93666
720575941593984363,720575940620627792,57408
720575941463026064,720575940636900197,906328
720575941568963066,720575940624839165,148520
720575941439042767,720575940621565166,188633
720575941573224699,720575940615139690,807446
720575941632811680,720575940622727267,113701
720575941442231759,720575940632665252,137247
720575941496400583,720575940626527055,176300
720575941563610422,720575940627697021,38320
720575941625344906,720575940631204407,20499
720575941555676243,720575940616883643,181407
720575941502323435,720575940627501114,97328
720575941504558661,720575940633085463,124283
720575941687074934,720575940617590929,63610
720575941528287398,720575940632607884,209415
720575941506572197,720575940637281077,90077
720575941516052826,720575940615432298,805738
720575941590065804,720575940615803698,155718
720575941503706050,720575940630382812,41880
720575941455512170,720575940645348388,131958
720575941562086957,720575940637227438,547096
720575941668953331,720575940631128364,65204
720575941523272011,720575940610555086,41751
720575941431290894,720575940620692833,155763
720575941623573500,720575940628524304,115858
720575941565594631,720575940623682889,101916
720575941531088003,720575940633734739,153970
720575941559424883,720575940636658094,111031
720575941625503801,720575940633762841,183054
720575941566181166,720575940630508279,152363
720575941686515951,720575940621051120,29238
720575941639192351,720575940627062184,67076
720575941533866506,720575940623974602,13718
720575941572411899,720575940630368343,184296
720575941553192839,720575940633190369,127206
720575941593514277,720575940626344510,69700
720575941679006653,720575940609814281,152003
720575941430938894,720575940622239553,99264
720575941533797554,720575940634043247,63127
720575941602227702,720575940624999994,230646
720575941471682346,720575940629320490,185613
720575941594194801,720575940626698442,186295
720575941594758181,720575940628751104,110412
720575941560260879,720575940620070736,102815
720575941525946790,720575940628482447,515304
720575941470345483,720575940612488106,138376
720575941554595867,720575940610609075,133439
720575941500398242,720575940632724511,535436
720575941460605907,720575940623222410,123149
720575941551878462,720575940611794894,145810
720575941405909934,720575940615430450,518534
720575941426591060,720575940634615959,78458
720575941519587288,720575940644317476,105021
720575941510188498,720575940625566188,117816
720575941612110118,720575940627224049,58760
720575941570109428,720575940611848874,33358
720575941659331096,720575940615555257,108745
720575941449863495,720575940631287340,807419
720575941541241436,720575940617861649,456439
720575941481588934,720575940614498479,104405
720575941663081784,720575940633117229,815868
720575941554829722,720575940621295296,822879
720575941686843254,720575940624127219,89368
720575941431167407,720575940611947235,31167
720575941506635554,720575940624511120,79548
720575941555716836,720575940616408065,79802
720575941436824287,720575940643251748,39699
720575941576038248,720575940632034385,169674
720575941460000467,720575940622616670,111202
720575941512360268,720575940620644944,52305
720575941445098922,720575940632438058,133842
720575941641409381,720575940609164995,904753
720575941461390480,720575940633771684,59180
720575941593847766,720575940621893779,816127
720575941597298880,720575940621508336,52395
720575941584590943,720575940627272122,544817
720575941680766909,720575940612191194,119650
720575941486831622,720575940630790723,85568
720575941500577698,720575940621171828,217057
720575941436732178,720575940627476742,142167
720575941477543217,720575940616819061,149612
720575941504370519,720575940630153719,140387
720575941478718570,720575940635732916,151622
720575941555632804,720575940617396497,154976
720575941548350600,720575940618444571,811081
720575941626360266,720575940639256704,58737
720575941504273202,720575940634332773,32253
720575941551700735,720575940624240520,76169
720575941690138843,720575940631158981,128629
720575941440282965,720575940621272230,84330
720575941526344376,720575940629163898,88767
720575941515300442,720575940621424854,43441
720575941535942170,720575940632058179,138253
720575941526611110,720575940630824953,132687
720575941519960174,720575940620939685,62676
720575941569544306,720575940622066181,24274
720575941569710842,720575940620262420,816247
720575941703495898,720575940620491654,190438
720575941690617496,720575940627786515,517947
720575941507688030,720575940614540610,116538
720575941471644480,720575940608410307,121898
720575941480909254,720575940655940001,15003
720575941626396362,720575940622519156,234727
720575941546232937,720575940630834683,803246
720575941464272982,720575940633870431,120751
720575941544698044,720575940611090898,68434
720575941569324146,720575940628675846,37970
720575941454777907,720575940619266183,106135
720575941603511798,720575940622523681,177707
720575941562526306,720575940633313873,534099
720575941534566938,720575940609178051,63072
720575941440008671,720575940645731620,60167
720575941462237892,720575940632572264,139751
720575941576248502,720575940621960063,140700
720575941548978721,720575940623309517,106374
720575941527359654,720575940620774383,539363
720575941629436454,720575940628148873,151656
720575941522812491,720575940618035249,134330
720575941524761675,720575940626376510,116772
720575941626427338,720575940640181309,57542
720575941465163094,720575940626510812,91782
720575941552974746,720575940612053679,112619
720575941461140749,720575940618460957,122898
720575941633542587,720575940628194092,76867
720575941491267276,720575940628408070,155924
720575941405037680,720575940640095310,11562
720575941551880839,720575940620897621,580361
720575941480163296,720575940618709275,808130
720575941552814398,720575940627134460,93080
720575941527120568,720575940645946903,79724
720575941450111413,720575940650715638,70179
720575941535308314,720575940628250076,823540
720575941538627965,720575940622027527,113559
720575941561052205,720575940624672868,533514
720575941540712028,720575940642699976,45326
720575941449312605,720575940628657451,119525
720575941400987427,720575940632960716,50715
720575941497118793,720575940612346074,86173
720575941691589528,720575940619656664,192035
720575941489058505,720575940627015320,30043
720575941588659710,720575940632413767,911270
720575941480959618,720575940627675648,209619
720575941434077838,720575940620685039,41103
720575941553770323,720575940636529765,12689
720575941575860569,720575940622036860,108673
720575941552358143,720575940646428782,902297
720575941662467708,720575940632163655,120717
720575941497130368,720575940610306862,546569
720575941475950641,720575940620011435,188578
720575941507935522,720575940621665670,563593
720575941585437662,720575940644902179,162116
720575941633145541,720575940617954260,54144
720575941529954251,720575940637376368,73182
720575941689111564,720575940613922479,35053
720575941535521112,720575940607246859,88257
720575941610049453,720575940623125577,44401
720575941516526938,720575940623862040,56547
720575941702378970,720575940640145461,902324
720575941589777804,720575940639205464,142711
720575941556433380,720575940638135359,62738
720575941587602244,720575940619679281,113639
720575941624378732,720575940626820964,63673
720575941525110884,720575940624048898,147659
720575941575841718,720575940608257714,532552
720575941535389272,720575940623160102,49343
720575941482831802,720575940637289646,551242
720575941489247797,720575940630399866,533831
720575941410728363,720575940625846300,110789
720575941491504359,720575940614639630,71577
720575941688898934,720575940613428197,129212
720575941515476729,720575940638562356,203142
720575941481671366,720575940629243434,549659
720575941442118607,720575940641429237,83240
720575941549910078,720575940621208240,75033
720575941599341609,720575940614300994,142727
720575941560070126,720575940614688296,184098
720575941537470435,720575940629756556,94668
720575941435309710,720575940636521562,550620
720575941554330852,720575940616117947,42997
720575941525128525,720575940625038488,106487
720575941596581020,720575940631787577,144822
720575941510768144,720575940611642773,127038
720575941630532322,720575940626511920,32711
720575941414289809,720575940629636478,164297
720575941560791341,720575940607874761,42414
720575941533756504,720575940638875369,76522
720575941670332849,720575940622379582,113037
720575941392581380,720575940612834611,27802
720575941576777832,720575940611027810,114095
720575941403213936,720575940628581163,86760
720575941430099704,720575940632731679,91116
720575941543120389,720575940624339652,515070
720575941483792637,720575940613204650,141918
720575941524960612,720575940617425126,71421
720575941449247822,720575940634814315,93679
720575941655249625,720575940630809039,25764
720575941564916224,720575940652502006,60251
720575941536918298,720575940618631508,61245
720575941526693709,720575940613618498,169592
720575941610823498,720575940619140884,76787
720575941566403126,720575940622262192,166263
720575941509184129,720575940631922572,616249897
720575941433605134,720575940626603651,184504
720575941607875693,720575940636489583,116232
720575941443288746,720575940618303296,569874
720575941559512847,720575940622705413,77041
720575941504467260,720575940639291718,260134
720575941681200317,720575940631025724,109580
720575941560747379,720575940611174371,42547
720575941534378506,720575940613494447,86600
720575941485116557,720575940620118881,97392
720575941566016407,720575940610521412,140765
720575941667909297,720575940624788798,197416
720575941630950331,720575940614055318,268647
720575941565928039,720575940615993606,45315
720575941588895799,720575940622028528,552392
720575941439072223,720575940614696242,75195
720575941483507654,720575940626126622,35279
720575941600754985,720575940607179868,817028
720575941575966056,720575940639547957,809065
720575941562055080,720575940645204503,40698
720575941625448812,720575940609253059,157131
720575941472661290,720575940630936527,811552
720575941552472065,720575940636484600,75243
720575941535279386,720575940628092285,137575
720575941498757857,720575940622602760,580609
720575941488780492,720575940623875939,77922
720575941441831103,720575940622963992,516899
720575941594824741,720575940616279872,77337
720575941578634841,720575940632501263,112880
720575941431767471,720575940632821924,112600
720575941559774190,720575940660179585,87548
720575941546398900,720575940618418459,44832
720575941489290446,720575940644320200,178869
720575941658617936,720575940621117022,33028
720575941660856956,720575940615198370,53191
720575941572106910,720575940605658540,908755
720575941612444179,720575940635911066,135894
720575941730896171,720575940615098847,80517
720575941573717135,720575940621064687,124237
720575941513184003,720575940617457881,815609
720575941470401291,720575940609259356,88094
720575941546819617,720575940638792320,185518
720575941513553242,720575940616585565,40817
720575941642832504,720575940628473287,106675
720575941445035434,720575940611247085,214174
720575941723904058,720575940630357827,113541
720575941430625199,720575940633552671,92017
720575941685997295,720575940633654189,92654
720575941564079762,720575940617819682,67145
720575941452352122,720575940610776818,42220
720575941485341958,720575940618380081,30830
720575941475345713,720575940607121794,552292
720575941490899916,720575940621228422,169890
720575941490895564,720575940619686383,137570
720575941459661382,720575940608614155,39317
720575941453377193,720575940627580136,100026
720575941525828941,720575940623891637,138618
720575941413809692,720575940630138428,77832
720575941449439069,720575940634165646,29957
720575941470726208,720575940614567475,581364
720575941541220893,720575940612537497,35480
