BANC,FAFB,MCNS
720575941474126944,720575940642894628,10968
720575941436052000,720575940613266026,124578
720575941519241176,720575940645352814,10582
720575941703138522,720575940623264904,21929
720575941658841112,720575940638013274,11647
720575941569348858,720575940625182341,92936
720575941477577025,720575940629041790,51068
720575941639868277,720575940633969815,52665
720575941529711288,720575940623637226,12587
720575941592536939,720575940622830836,52112
720575941460102340,720575940618855883,12469
720575941626032074,720575940625887207,13034
720575941690957787,720575940609311586,22432
720575941523106295,720575940624280066,524225
720575941493318832,720575940621590237,29830
720575941598566812,720575940634057335,39143
720575941507243845,720575940620303380,514483
720575941595295783,720575940625003653,35232
720575941451350138,720575940612267518,16923
720575941532854501,720575940627855620,53581
720575941538066837,720575940624403843,39695
720575941644253266,720575940632033361,27952
720575941539118834,720575940628319335,87499
720575941507368005,720575940631505711,22480
720575941560433267,720575940645995543,16544
720575941580602869,720575940619273398,29867
720575941566679598,720575940622135757,23747
720575941404874352,720575940626557442,14157
720575941534222770,720575940616293855,12069
720575941576660840,720575940626117904,18513
720575941433415200,720575940615692690,12389
720575941564153234,720575940619266183,43340
720575941649901297,720575940618014528,18366
720575941529767812,720575940624967561,512929
720575941639508853,720575940616001036,531584
720575941477013825,720575940624082931,519400
720575941443480234,720575940626545410,523712
720575941447973140,720575940616936226,529488
720575941641209119,720575940628212695,34683
720575941612195501,720575940614384757,13508
720575941650789649,720575940628539735,45501
720575941562217517,720575940645176264,14151
720575941450811470,720575940605976521,152496
720575941596240241,720575940614438685,22469
720575941502213515,720575940622913123,17554
720575941552017663,720575940636333710,16746
720575941558807411,720575940616400470,13178
720575941506304828,720575940622276744,13503
720575941474543931,720575940629185084,42148
720575941510233616,720575940609025092,15650
720575941536507162,720575940608269102,156076
720575941520363511,720575940614153937,557817
720575941495998843,720575940622037926,13229
720575941520167790,720575940615307154,516204
720575941629872422,720575940641276917,12788
720575941571863709,720575940642798359,18568
720575941530093496,720575940628796780,15667
720575941603880182,720575940637396851,64873
720575941472609632,720575940631844300,41107
720575941534129330,720575940625101360,11239
720575941461205392,720575940622072299,69759
720575941567010930,720575940620373469,26661
720575941477889310,720575940615942924,524083
720575941573267784,720575940615288276,515804
720575941690766555,720575940621801456,23891
720575941562443362,720575940623863614,22979
720575941531735269,720575940626179614,15201
720575941454918707,720575940627758135,559107
720575941451871559,720575940659056001,284997
720575941596205425,720575940660269185,16471
720575941595515941,720575940608090069,512916
720575941506310821,720575940607178709,512720
720575941657558296,720575940657604225,120476
720575941532803160,720575940626268761,19428
720575941565122055,720575940614976662,106104
720575941573054646,720575940614128593,43649
720575941580594677,720575940633507637,50881
720575941668758449,720575940631542753,139941
720575941514787907,720575940611881139,16079
720575941564030055,720575940633296052,66446
720575941477298996,720575940629774274,186380
720575941537417341,720575940622155290,59703
720575941703146458,720575940628508534,68651
720575941513096012,720575940647755641,12850
720575941505143868,720575940618542808,149788
720575941651827989,720575940637629016,25687
720575941439550271,720575940623804260,33238
720575941536972018,720575940634825879,556450
720575941531528421,720575940638197737,85220
720575941413566748,720575940622944915,109486
720575941655117012,720575940621817326,15568
720575941595303717,720575940613235423,187243
720575941523079671,720575940626799920,514025
720575941604585662,720575940628467830,17333
720575941495147719,720575940626985220,52450
720575941442861482,720575940610091955,15681
720575941565293063,720575940630221563,19214
720575941350890544,720575940623934096,27735
720575941552165255,720575940619035989,89412
720575941505673566,720575940628582607,17120
720575941525888100,720575940613808326,44665
720575941477490794,720575940606718642,100113
720575941441893823,720575940612268199,67972
720575941499062601,720575940603545190,28288
720575941560597775,720575940627021349,23341
720575941496426695,720575940626278129,20962
720575941477736066,720575940628397138,197252
720575941513720979,720575940619389168,129436
720575941447838996,720575940613590579,15448
720575941468862583,720575940611610670,19450
720575941441162191,720575940639159029,24232
720575941628349990,720575940619077755,16098
720575941595940032,720575940626559055,132257
720575941652156657,720575940636933722,12762
720575941643557458,720575940624820861,817088
720575941490535600,720575940639919824,19570
720575941612042972,720575940611853265,89420
720575941472752736,720575940632512703,186858
720575941564705431,720575940628074199,151517
720575941516764819,720575940613668620,33424
720575941490249166,720575940622870349,44315
720575941504240407,720575940618614254,160013
720575941565124918,720575940635416686,63939
720575941433139598,720575940618876830,203146
720575941405855918,720575940612547698,50240
720575941597632041,720575940625758980,282479
720575941553577217,720575940630169764,85781
720575941436259602,720575940626919579,27170
720575941655952340,720575940630127660,62677
720575941490463541,720575940607606852,39941
720575941488139214,720575940619054433,129431
720575941473471072,720575940616813947,98013
720575941688674200,720575940614562207,26984
720575941472130315,720575940628744023,72797
720575941501878466,720575940618424235,265275
720575941532427698,720575940630174033,909723
720575941474324027,720575940625599304,42875
720575941552168959,720575940613796806,411507
720575941425384532,720575940621229962,81707
720575941512515907,720575940640962158,29930
720575941529822648,720575940617901447,243928
720575941526676301,720575940612586151,27607
720575941652493524,720575940641781133,22474
720575941511189836,720575940616356672,90710
720575941432295639,720575940617498507,26079
720575941401753635,720575940612698287,217430
720575941598492457,720575940622347784,224753
720575941611082826,720575940642027464,56214
720575941612340909,720575940622786317,29158
720575941440899023,720575940618440943,29310
720575941551514174,720575940603479910,88408
720575941569755550,720575940616729211,47264
720575941489377737,720575940610010521,25535
720575941665097203,720575940631124076,30465
720575941506229889,720575940620915224,38848
720575941404981360,720575940628398202,33007
720575941505929506,720575940625144061,295340
720575941436586784,720575940625963432,18556
720575941523526146,720575940623862590,53920
720575941480673154,720575940620149836,47285
720575941543962629,720575940625550398,36631
720575941456504560,720575940628800207,51024
720575941623347594,720575940619910177,164157
720575941474312800,720575940632934751,42792
720575941661428280,720575940605075116,62884
720575941574467997,720575940642411917,48618
720575941430513289,720575940625396252,30161
720575941553550471,720575940611976618,14801
720575941533380362,720575940616824709,140895
720575941547718461,720575940620632369,67107
720575941625993371,720575940633543531,71953
720575941689715931,720575940628116183,140650
720575941533339779,720575940613262495,168586
720575941634017723,720575940608877266,113166
720575941631020192,720575940630382075,22645
720575941535151898,720575940626193168,105298
720575941444941588,720575940647524473,34735
720575941544157628,720575940622020613,132923
720575941578736629,720575940633199383,119914
720575941466965725,720575940611807795,226016
720575941505656866,720575940629473067,810175
720575941623908298,720575940615401945,158228
720575941633124539,720575940618599150,122754
720575941535332952,720575940611102437,42125
720575941459850707,720575940626426823,117092
720575941534998282,720575940624211202,139436
720575941451322702,720575940603768497,53799
720575941720258362,720575940621304004,56587
720575941609599078,720575940618290523,139217
720575941503529522,720575940617689816,293452
720575941612873692,720575940632628122,82353
720575941534075370,720575940636098367,50664
720575941518945459,720575940634525303,48565
720575941629973986,720575940611223445,284115
720575941534721729,720575940622948028,342042
720575941533345034,720575940623887422,77796
720575941534495720,720575940627717676,172868
720575941429113775,720575940620595883,48949
720575941427920632,720575940633178872,556667
720575941504157675,720575940626628507,64272
720575941610874598,720575940627362715,133115
720575941453855027,720575940610376658,137825
720575941489207605,720575940604284128,217516
720575941438449452,720575940624106340,323454
720575941644062290,720575940614607675,205423
720575941510361298,720575940603786686,30929
720575941489792206,720575940614001595,203325
720575941535791338,720575940622951757,278337
720575941543139357,720575940607848649,66864
720575941574468712,720575940622939124,20559
720575941603310521,720575940635152153,24122
720575941701154266,720575940620004590,178714
720575941599083968,720575940632842707,146668
720575941515882499,720575940603956838,31859
720575941567293486,720575940612804209,512278
720575941730116395,720575940635678942,518779
720575941596178289,720575940634975386,529604
720575941564922519,720575940621435597,66198
720575941514702170,720575940620045829,527639
720575941480784770,720575940620419354,55630
720575941460634052,720575940623289578,57888
720575941521155767,720575940630448431,110166
720575941514873091,720575940611837649,521255
720575941603110134,720575940619682368,555796
720575941461378771,720575940644588324,139788
720575941403362672,720575940624742414,218583
720575941594546727,720575940645372964,36844
720575941536207882,720575940631526006,66180
720575941495974528,720575940622389640,522738
720575941521237431,720575940642926372,580255
720575941651042577,720575940633519514,122334
720575941690598552,720575940630849325,73110
720575941513839180,720575940633888608,205526
720575941565302279,720575940628844539,119539
720575941483783677,720575940613093010,71555
720575941483905021,720575940605360817,521020
720575941542714716,720575940618800064,15660
720575941600822825,720575940629712322,23615
720575941625583771,720575940626818250,115114
720575941551640575,720575940622873095,120798
720575941589320759,720575940626904392,514520
720575941663552124,720575940633924653,93348
720575941594214870,720575940636488110,58971
720575941441444031,720575940609870449,41896
720575941546354364,720575940616973313,113148
720575941562831616,720575940612461774,121045
720575941600533033,720575940643339976,1050403926
720575941563521536,720575940610477425,171879
720575941411799663,720575940623446604,136518
720575941614152089,720575940606678795,37215
720575941506552997,720575940616987097,21115
720575941483834877,720575940621442601,62463
720575941432378071,720575940627704263,105922
720575941688849420,720575940620610217,140776
720575941474934075,720575940628933419,152997
720575941639703327,720575940627808122,281132698
720575941461467332,720575940608956258,45622
720575941645527240,720575940616054843,525552
720575941560791341,720575940627798266,168481
720575941629841190,720575940637982552,48314
720575941703304666,720575940621070797,111331
720575941625115803,720575940630916087,72171
720575941680312253,720575940629709250,20930
720575941515445059,720575940617942336,47433
720575941412685713,720575940615067688,54129
720575941496341703,720575940628372123,89277
720575941577656565,720575940616245446,46871
720575941644434888,720575940622428167,60071
720575941569333236,720575940622044381,58405
720575941503762411,720575940620540893,165017
720575941568446766,720575940636309093,205884
720575941393354390,720575940623776458,237744
720575941586612446,720575940612970536,54163
720575941569678330,720575940627517442,518908
720575941564810496,720575940616739485,140742
720575941630993093,720575940631189295,558840
720575941590241591,720575940613686442,54597
720575941533618307,720575940639210724,23764
720575941571181128,720575940618225030,33168
720575941463966221,720575940625124937,152102
720575941581873785,720575940617619457,11468
720575941415900444,720575940631153920,103979
720575941479438304,720575940625112420,34224
720575941506655292,720575940613751186,41407
720575941594545029,720575940614688059,580972
720575941453027143,720575940612882355,133449
720575941483304902,720575940629212887,15566
720575941547204488,720575940633195148,14907
720575941525745229,720575940613374879,200345
720575941477886176,720575940615673949,522993
720575941732119851,720575940624841703,118318
720575941566402614,720575940616996294,30738
720575941644560584,720575940611509485,519569
720575941586101382,720575940645872004,536930
720575941573257103,720575940610675123,44814
720575941644281426,720575940639696755,542878
720575941595147377,720575940619785492,114216
720575941483721146,720575940617542872,524753
720575941509055698,720575940615444882,47271
720575941442187727,720575940621539171,52100
720575941463033744,720575940619155182,98462
720575941535901377,720575940612279538,101138
720575941552846215,720575940625022757,36124
720575941596126853,720575940627586170,530021
720575941539547517,720575940627380679,136504
720575941527126438,720575940626376213,71209
720575941652792049,720575940622306736,139913
720575941480121474,720575940628392786,65756
720575941573034312,720575940620437628,75664
720575941579322961,720575940629671499,56148
720575941467931926,720575940615066591,43573
720575941584610655,720575940630504991,180064
720575941542579804,720575940633687391,78342
720575941528796875,720575940619401563,154748
720575941565572759,720575940626403914,115137
720575941589487927,720575940608721347,130751
720575941533976242,720575940633816857,137373
720575941459174470,720575940613442070,40741
720575941450180189,720575940621218380,181443
720575941539183090,720575940638161973,123951
720575941438060511,720575940631984610,53998
720575941570855582,720575940624215757,47753
720575941625997420,720575940619584421,84766
720575941645306273,720575940630768707,532905
720575941541441116,720575940631620689,23858
720575941514451779,720575940613598105,21849
720575941503100907,720575940625488058,103630
720575941471641099,720575940644521764,53200
720575941574435579,720575940625659431,98676
720575941471511051,720575940617434395,172424
720575941416681244,720575940623311630,149335
720575941426991444,720575940625786260,148888
720575941462748560,720575940623785983,512186
720575941488822732,720575940613701791,518604
720575941557628836,720575940638548021,98554
720575941593461361,720575940636969182,529142
720575941667975155,720575940606958859,168823
720575941448036628,720575940630655007,196917
720575941577210193,720575940627935610,521635
720575941685989132,720575940613440479,144165
720575941598177065,720575940624988304,146190
720575941551613211,720575940636994111,519348
720575941615477913,720575940623857300,21991
720575941463847181,720575940621887841,23603
720575941527970470,720575940637800676,28043
720575941489271527,720575940607227228,118980
720575941467002198,720575940629167042,22567
720575941456897773,720575940606722150,18826
720575941442046927,720575940622020940,22834
720575941476660289,720575940632395420,84942
720575941457404742,720575940607837707,52191
720575941447705949,720575940629666971,70298
720575941526946306,720575940626849030,27547
720575941527427768,720575940614326782,121578
720575941486555277,720575940627523102,69938
720575941513444089,720575940625612474,36368
720575941450213754,720575940629312759,96138
720575941439862101,720575940628088823,169169
720575941408754350,720575940624602957,123681
720575941477820266,720575940615181273,194774
720575941511598290,720575940627543171,66309
720575941586001630,720575940626726330,183339
720575941617815765,720575940615914613,188346
720575941554309403,720575940638678616,513034
720575941596730501,720575940631537735,15458
720575941493997182,720575940633982303,169090
720575941652756721,720575940615973771,49630
720575941499209801,720575940625185613,153035
720575941505482917,720575940604479590,117782
720575941689846424,720575940625128067,61360
720575941439366747,720575940615687380,536264
720575941642522469,720575940616231252,165227
720575941656503376,720575940623228967,16886
720575941564172391,720575940619253869,200208
720575941543849577,720575940614837222,193259
720575941606929261,720575940652083190,13411
720575941548680308,720575940631372369,25184
720575941631908549,720575940620058537,32122
720575941438776620,720575940621947357,146116
720575941436486418,720575940619115398,57562
720575941476278065,720575940625949212,58573
720575941651773205,720575940624364474,580761
720575941603484350,720575940631373869,25242
720575941447434165,720575940608065987,210510
720575941609723750,720575940622081516,100809
720575941553746660,720575940622296573,46590
720575941479665999,720575940628207951,148054
720575941626134218,720575940623841779,149882
720575941573055631,720575940613988242,60682
720575941491928295,720575940624905223,12584
720575941536634906,720575940631420483,20254
720575941435389838,720575940621170880,19406
720575941520547763,720575940619284545,152053
720575941583888991,720575940623324087,148748
720575941504513986,720575940615973388,93129
720575941410131311,720575940626017917,17084
720575941596230769,720575940619758256,51364
720575941545100476,720575940624007694,234811
720575941449986909,720575940621180457,93756
720575941617538773,720575940622668031,83619
720575941569828090,720575940628526735,125080
720575941450658126,720575940630799042,12284
720575941653784081,720575940615950109,46177
720575941567478386,720575940622137633,917601
720575941662878844,720575940625007949,17225
720575941575504271,720575940614618683,306197
720575941480684674,720575940634926840,84698
720575941679854013,720575940619619675,522440
720575941551865115,720575940639621702,76490
720575941598975424,720575940637323071,519982
720575941574069917,720575940631568927,64852
720575941616982229,720575940625958922,521467
720575941472794976,720575940611963346,62193
720575941519069868,720575940607648267,123654
720575941578599257,720575940629055227,128611
720575941480721026,720575940624992258,159410
720575941658595352,720575940631163091,152914
720575941658042648,720575940621052118,202114
720575941461502675,720575940625314964,517464
720575941488189904,720575940615755147,11054
720575941626110602,720575940624783091,42101
720575941633009349,720575940627938775,58316
720575941609022794,720575940640421710,523846
720575941495071102,720575940642081952,273942
720575941572695049,720575940607790916,134386
720575941515994515,720575940618633944,63273
720575941524433227,720575940607657308,25498
720575941496743552,720575940626717573,529710
720575941612353811,720575940616752155,39798
720575941594260950,720575940631813796,521535
720575941544174441,720575940632385066,521528
720575941455057971,720575940620033590,53906
720575941524246347,720575940608335746,14053
720575941546015112,720575940617023174,29526
720575941460879300,720575940619113556,12462
720575941624151690,720575940623287228,24502
720575941527654840,720575940631275181,16601
720575941652034033,720575940630028359,19221
720575941495888000,720575940632808249,76635
720575941549444980,720575940616630557,155395
720575941516619180,720575940613987946,29355
720575941612747740,720575940640044752,65207
720575941456503024,720575940628212796,18633
720575941641435749,720575940630904121,25797
720575941643606866,720575940633411155,50811
720575941564712960,720575940635403230,514909
720575941564539904,720575940611972210,559505
720575941654225364,720575940628028163,518632
720575941578977781,720575940611094478,15081
720575941552865854,720575940618997150,521162
720575941596580485,720575940634263706,154101
720575941477269556,720575940619103910,156004
720575941609447145,720575940616708108,35558
720575941593660267,720575940607126485,151629
720575941479319715,720575940620423518,164401
720575941598468137,720575940628454202,515757
720575941462784912,720575940631725561,217533
720575941514897923,720575940632256481,33409
720575941510433296,720575940631154743,512319
720575941491347918,720575940630404655,23419
720575941497022025,720575940614348511,61587
720575941613905171,720575940618534977,529337
720575941605158078,720575940605115337,15251
720575941493382064,720575940625500395,159589
720575941468908765,720575940606345760,154952
720575941547430836,720575940635057759,514337
720575941584526175,720575940614795935,15613
720575941459254943,720575940625916190,67524
720575941493513904,720575940642729376,89472
720575941441772123,720575940637281077,43959
720575941480749135,720575940631176877,22306
720575941523493111,720575940640791155,31042
720575941586104710,720575940629925207,27782
720575941567764782,720575940618204224,151943
720575941456584685,720575940627501417,25984
720575941575569807,720575940630281580,128848
720575941586729182,720575940628505873,76161
720575941453031239,720575940631738472,529456
720575941490732341,720575940631631564,15942
720575941471794443,720575940643100301,15905
720575941644502392,720575940623974069,28920
720575941553542683,720575940652427254,77567
720575941490939852,720575940622585224,160450
720575941482309827,720575940625053186,20890
720575941564992007,720575940622027527,61982
720575941658256464,720575940632184928,536309
720575941516101978,720575940622448166,36743
720575941546424500,720575940604471473,76725
720575941505261874,720575940617650203,35377
720575941453362857,720575940629918775,590182
720575941494214782,720575940611848874,112404
720575941535352554,720575940624773916,170454
720575941467794966,720575940611143118,192829
720575941598460828,720575940632620845,19237
720575941526953986,720575940618221115,91112
720575941570168820,720575940612238632,39678
720575941448732494,720575940613739410,23143
720575941611140170,720575940622682564,545366
720575941620139135,720575940621907461,34386
720575941592631079,720575940618403719,36454
720575941575316381,720575940623937976,518375
720575941428809976,720575940619072158,518690
720575941465574742,720575940616296763,94580
720575941484144390,720575940631483167,24153
720575941540196637,720575940617920670,29044
720575941564453986,720575940626400125,14269
720575941565961879,720575940620576238,36624
720575941546848700,720575940636461710,157370
720575941655107540,720575940622717683,135899
720575941506091543,720575940627950135,137114
720575941539304434,720575940628254193,39570
720575941450007221,720575940631957933,529491
720575941506371493,720575940611527794,28254
720575941481308495,720575940629103468,26621
720575941580028405,720575940643249608,57052
720575941438535743,720575940627855107,22471
720575941502806251,720575940628708139,257650
720575941723425082,720575940634464864,37552
720575941533600899,720575940639675088,83735
720575941565321314,720575940630269689,20602
720575941413755284,720575940630001884,35715
720575941596573829,720575940604147633,71858
720575941499098185,720575940626441786,97760
720575941552845118,720575940626089368,530061
720575941643381960,720575940625641196,37863
720575941595926684,720575940629602090,116144
720575941574238984,720575940640353845,168444
720575941539217394,720575940634025111,28054
720575941412682351,720575940641238400,44343
720575941611414758,720575940622833577,414342
720575941504493250,720575940619188139,525108
720575941546076521,720575940615834598,54247
720575941483910653,720575940627662608,396307
720575941611719910,720575940634389390,38552
720575941440117595,720575940625436170,27519
720575941574119272,720575940653028257,35892
720575941560967213,720575940623062349,34641
720575941393630102,720575940638646480,519290
720575941533569546,720575940637352893,139035
720575941475686977,720575940610626162,129140
720575941534279914,720575940634640023,113001
720575941579224913,720575940610678226,519281
720575941473958186,720575940604842924,22461
720575941667623923,720575940622148391,25860
720575941596494236,720575940630949203,51682
720575941518702775,720575940613152423,544496
720575941513113676,720575940646288419,154230
720575941450163790,720575940623026876,137936
720575941452110458,720575940604736544,156615
720575941603177462,720575940637080154,159834
720575941479769474,720575940634258131,122745
720575941626474092,720575940637391582,506819
720575941526235929,720575940637455593,125369
720575941438381586,720575940638901875,19009
720575941579420149,720575940613348271,550660
720575941516202668,720575940622136129,26429
720575941485464717,720575940620899964,177548
720575941524126978,720575940610453162,535347
720575941401901347,720575940626672158,134130
720575941477890868,720575940615192588,817374
720575941540431196,720575940634248184,186896
720575941527113572,720575940611918578,157134
720575941461278419,720575940643820654,149196
720575941545533320,720575940610906538,88600
720575941690120344,720575940636596148,170115
720575941491407054,720575940623045267,129391
720575941535327466,720575940620736422,75228
720575941627135014,720575940620499952,48222
720575941461735876,720575940622518197,221504
720575941392524438,720575940615682246,157767
720575941529237688,720575940626745193,108133
720575941539280789,720575940606613771,59290
720575941477266718,720575940615592961,25254
720575941480730019,720575940621746300,41720
720575941407648174,720575940638953843,43487
720575941537055971,720575940619746907,86755
720575941567928308,720575940625079054,28793
720575941578868725,720575940623880427,38503
720575941671970215,720575940627580702,31871
720575941507148567,720575940619069953,323053
720575941506430524,720575940634147991,513932
720575941436266016,720575940638879651,53845
720575941431036553,720575940624956860,53258
720575941539169173,720575940615749051,34250
720575941681091517,720575940629806807,40763
720575941611299658,720575940624283882,41083
720575941544683452,720575940631106349,23395
720575941501276043,720575940636029503,50279
720575941452601159,720575940613500226,52190
720575941560539630,720575940645864739,530877
720575941496510331,720575940645451300,45476
720575941551922238,720575940611521778,22736
720575941511499218,720575940621136961,34172
720575941480766338,720575940624023539,61817
720575941486662096,720575940626324357,49108
720575941546562409,720575940641093595,88860
720575941628095545,720575940624105742,18573
720575941566335286,720575940646433059,26848
720575941455901933,720575940610366050,28097
720575941629940518,720575940622449800,28079
720575941490797769,720575940621804364,159036
720575941547120161,720575940612888178,519878
720575941508588834,720575940626784868,12660
720575941444249002,720575940613764817,41612
720575941475812417,720575940633215047,27562
720575941502743602,720575940635068046,121507
720575941513355985,720575940615510338,56232
720575941473602875,720575940604706592,50002
720575941626354826,720575940611959219,62737
720575941547293108,720575940622166998,42334
720575941546981256,720575940652809889,17078
720575941485617037,720575940624551056,55787
720575941615423641,720575940637803891,33709
720575941531891685,720575940615431327,529445
720575941441572443,720575940624107081,52572
720575941459902608,720575940626531177,520364
720575941597994688,720575940615606489,135099
720575941565262390,720575940631250744,25755
720575941503622123,720575940635688169,534948
720575941430726281,720575940626199177,150881
720575941599029184,720575940623929540,24485
720575941565769111,720575940633936941,33256
720575941438268716,720575940622867436,130522
720575941604096502,720575940639368782,226132
720575941546623676,720575940604910270,12523
720575941628851682,720575940624346917,96458
720575941514753539,720575940611597298,11574
720575941506805573,720575940621581121,37597
720575941439631583,720575940621273460,52196
720575941518368216,720575940616812217,26220
720575941485827981,720575940621636109,38120
720575941554138651,720575940623312107,20411
720575941612982425,720575940616420150,32392
720575941459077702,720575940627286344,167497
720575941593426725,720575940617368347,64504
720575941556337124,720575940609503074,61578
720575941447940372,720575940631201932,69901
720575941625546698,720575940625301860,46801
720575941538173416,720575940615794845,131344
720575941519368627,720575940628137577,108555
720575941607695725,720575940633164940,95205
720575941594434085,720575940616825122,36064
720575941353147440,720575940610637786,180875
720575941571764987,720575940640258613,121520
720575941437525804,720575940626579593,110198
720575941631188384,720575940610836885,514291
720575941563601462,720575940634893419,556502
720575941571806971,720575940632988351,20678
720575941628917986,720575940621155092,31541
720575941557598500,720575940628422479,45455
720575941562891618,720575940610263665,26295
720575941731006251,720575940633291418,58718
720575941703299290,720575940628778490,524469
720575941529119672,720575940623102090,127962
720575941436314400,720575940612821727,68701
720575941559304942,720575940633797530,32163
720575941520777719,720575940626053907,32450
720575941596181617,720575940633126983,515293
720575941352631600,720575940620633309,530301
720575941581079161,720575940632400409,41680
720575941535769114,720575940612937834,116161
720575941615487385,720575940637696627,32297
720575941439359167,720575940629424983,176833
720575941626321260,720575940615155910,44326
720575941690827995,720575940646086167,48016
720575941597531804,720575940629908540,54917
720575941598314025,720575940631291106,105206
720575941585597918,720575940635356828,52146
720575941625982154,720575940630617386,24396
720575941613630172,720575940628401451,32319
720575941436957202,720575940640294901,79041
720575941515224131,720575940625417353,31365
720575941546184840,720575940629213639,20980
720575941609764781,720575940645179592,27052
720575941557284900,720575940636662244,49839
720575941402863216,720575940607193986,522704
720575941537503381,720575940639887757,25154
720575941506427461,720575940609903602,83289
720575941628361766,720575940615775771,136213
720575941495922555,720575940623237161,33987
720575941431178081,720575940630028599,73974
720575941430739375,720575940629547836,126871
720575941625012379,720575940633021338,113792
720575941634314939,720575940616909981,173010
720575941619042943,720575940628356407,28487
720575941607869293,720575940624397582,29676
720575941519016046,720575940625790778,20007
720575941592341206,720575940622940967,54776
720575941393645462,720575940615742977,146988
720575941554139905,720575940633832628,144315
720575941555439105,720575940619667541,514987
720575941572749640,720575940628859751,63848
720575941700693978,720575940626476572,115860
720575941542625628,720575940613338152,544770
720575941545525128,720575940661338497,26137
720575941501844055,720575940618744047,515298
720575941687311855,720575940631317463,173503
720575941593160744,720575940643702551,29493
720575941563075730,720575940619196398,66750
720575941430975329,720575940640128720,30957
720575941667611057,720575940639161472,130667
720575941575268534,720575940617794939,536209
720575941505755159,720575940629106438,18286
720575941565993063,720575940659613569,534870
720575941477237297,720575940622731667,25312
720575941437700693,720575940623872263,71862
720575941434671392,720575940643177120,523957
720575941555467748,720575940623742461,581135
720575941505533093,720575940636868186,26488
720575941496618624,720575940630792275,142427
720575941591624332,720575940611477657,520587
720575941531116261,720575940611048154,24654
720575941605660269,720575940628120402,515232
720575941659209808,720575940633593804,84474
720575941474540062,720575940634046399,24671
720575941453842483,720575940632803007,71018
720575941435773484,720575940624326462,163633
720575941449589838,720575940621978904,171881
720575941407622959,720575940630771959,53161
720575941558858029,720575940622746365,168378
720575941410658475,720575940614884502,516599
720575941633602501,720575940611782874,13257
720575941539922813,720575940640589683,81334
720575941590349352,720575940652733089,185711
720575941485360848,720575940632180909,165623
720575941653715161,720575940643259684,31404
720575941513039459,720575940637906803,54907
720575941482284739,720575940630392879,24340
720575941583883359,720575940630925229,65672
720575941520986807,720575940618907757,513157
720575941611306470,720575940630677498,68810
720575941564707328,720575940631796803,22671
720575941520171767,720575940621595399,224261
720575941531876811,720575940627142666,25108
720575941510545936,720575940627442197,491190
720575941404925808,720575940620322753,919061
720575941554731162,720575940631156431,35351
720575941532477925,720575940617517661,527138
720575941654961625,720575940622857827,270708
720575941533581699,720575940633250530,232340
720575941632443589,720575940610202597,539151
720575941645029496,720575940629895491,46906
720575941555897060,720575940619251416,75922
720575941730533675,720575940604831264,118996
720575941439298367,720575940631425700,526062
720575941461947844,720575940617323803,195369
720575941520722867,720575940611137742,22417
720575941474233898,720575940626901322,197180
720575941453342121,720575940622604543,20718
720575941550175092,720575940610033301,1050111955
720575941600766249,720575940608603657,60292
720575941461297860,720575940626376841,28728
720575941404117104,720575940629155450,51678
720575941565390855,720575940635053468,179692
720575941462672909,720575940632183121,71299
720575941619082111,720575940615908795,525973
720575941658065488,720575940630684943,58941
720575941574451707,720575940624401968,37196
720575941530123448,720575940626188231,132476
720575941580703353,720575940631520839,33307
720575941666678515,720575940630521292,12803
720575941445607082,720575940622617748,817283
720575941681314237,720575940625734714,511993
720575941411130283,720575940608884693,32276
720575941408577583,720575940619983380,499904
720575941585065350,720575940629184000,79032
720575941414155665,720575940639838005,55807
720575941564867991,720575940616010937,48072
720575941540599933,720575940620981158,37961
720575941520572855,720575940621041488,345940
720575941432532951,720575940632949529,118682
720575941436071200,720575940638364750,73355
720575941414420884,720575940623564617,513125
720575941617613269,720575940616799547,39861
720575941454820659,720575940638639838,78555
720575941560115983,720575940620244719,53089
720575941473052768,720575940639164323,37792
720575941408347054,720575940621231966,62029
720575941589172222,720575940621566941,22345
720575941632851131,720575940639718453,74119
720575941481072323,720575940614866242,934247
720575941589175364,720575940619731393,131216
720575941723443770,720575940623988971,85753
720575941481054115,720575940626311049,915443
720575941575181238,720575940624109464,33653
720575941654744276,720575940629887695,133103
720575941472121664,720575940634141596,14022
720575941591036670,720575940628214887,13699
720575941514802787,720575940624533956,179528
720575941590944908,720575940618839472,86679
720575941539335317,720575940623673821,546129
720575941661742904,720575940631458529,108122
720575941537542120,720575940629343959,523428
720575941482473981,720575940624359432,522743
720575941513077457,720575940630033270,130553
720575941629103398,720575940636298085,25652
720575941722109754,720575940630642380,109477
720575941502236555,720575940631501779,143710
720575941594719974,720575940626200457,70705
720575941514493772,720575940625960104,313049550
720575941505592901,720575940625750105,522762
720575941555455716,720575940633142498,63391
720575941624316156,720575940621574592,537387
720575941459270815,720575940616098354,88758
720575941433211662,720575940629502172,163924
720575941689803416,720575940621216982,133019
720575941689476827,720575940632361111,556071
720575941412676463,720575940632714465,127894
720575941727167531,720575940623057642,184586
720575941557432868,720575940632081439,249245
720575941534524504,720575940633090771,345429
720575941477551156,720575940636267236,187144
720575941573629512,720575940644405870,549573
720575941543196189,720575940629840655,512295
720575941569715570,720575940639725987,183205
720575941466974550,720575940623535029,810541
720575941463187213,720575940620272037,513846
720575941669613233,720575940619998228,468519
720575941483793338,720575940610716770,53919
720575941488176181,720575940624818434,38571
720575941392392196,720575940609787256,555301
720575941536815848,720575940654932385,61907
720575941539271317,720575940617688389,542444
720575941453026119,720575940641562587,11847
720575941590096524,720575940618761250,42364
720575941512554060,720575940633367377,68734
720575941668440497,720575940630597839,512913
720575941716825131,720575940611345813,101318
720575941512552524,720575940632341452,152432
720575941569813618,720575940628848900,116251
720575941430294264,720575940629510338,163597
720575941690198936,720575940630608467,117685
720575941455983597,720575940623741795,34771
720575941440513877,720575940625032841,520510
720575941439749599,720575940628268843,23240
720575941524479307,720575940630004431,20888
720575941409831083,720575940632623842,23574
720575941565713815,720575940624970987,37015
720575941471429495,720575940622893960,516483
720575941412757359,720575940630352658,23870
720575941661072952,720575940643829102,25547
720575941563615890,720575940617067476,145815
720575941589444151,720575940617304404,42126
720575941411436143,720575940637907312,42547
720575941572933627,720575940644237591,190294
720575941638421365,720575940630462172,175014
720575941504903228,720575940631272003,321434386
720575941594056231,720575940625868184,239977
720575941690029208,720575940606254002,202063
720575941499080009,720575940633540447,516216
720575941658887192,720575940617874555,107685
720575941679830717,720575940613061118,522754
720575941568442362,720575940659164545,126837
720575941534627265,720575940620634537,443183
720575941522631415,720575940613942557,514426
720575941560946279,720575940636487598,141663
720575941476381505,720575940631204163,111660
720575941549136756,720575940614184671,132980
720575941639298335,720575940616439697,138213
720575941553905409,720575940620015201,166688
720575941554220827,720575940631248940,17221
720575941642291557,720575940625950553,50439
720575941573447675,720575940609630357,24852
720575941662306616,720575940633422490,142440
720575941429890697,720575940627154063,512829
720575941632557984,720575940621307230,126302
720575941521403827,720575940604714208,142590
720575941461850308,720575940618977365,152473
720575941467530774,720575940619150040,925607
720575941484011261,720575940626179334,527361
720575941587849028,720575940624859834,350401853
720575941409904299,720575940617815687,343346
720575941438682898,720575940632324689,26248
720575941470612800,720575940627286149,126350
720575941541604637,720575940632146340,253648
720575941657684560,720575940611837938,363186
720575941440646607,720575940654562209,65469
720575941413275284,720575940617524053,249842
720575941572911944,720575940624005572,94086
720575941595149425,720575940610464195,182779
720575941651397617,720575940624406664,30401
720575941452051783,720575940630952901,27028
720575941439761493,720575940623942119,325265593
720575941469997175,720575940622749709,210111
720575941498603131,720575940621198017,20554
720575941670277287,720575940633394784,163887
720575941405178992,720575940628344074,564193
720575941632881605,720575940619038379,457710
720575941611060713,720575940634761208,238209
720575941626220396,720575940617486081,164459
720575941555318500,720575940622091340,220220516
720575941408393007,720575940629767161,237978
720575941534896306,720575940617351990,179108
720575941691093656,720575940627595024,118627
720575941515983962,720575940625136228,299288
720575941452751943,720575940642506184,284053
720575941532555493,720575940623820725,230378
720575941486694210,720575940613481256,389641
720575941522203383,720575940629226044,406121
720575941559050767,720575940621308540,518627
720575941459354015,720575940632193055,908685148
720575941573844489,720575940625680074,428438
720575941658407448,720575940622643661,323027797
720575941479723906,720575940610208046,794490506
720575941431349207,720575940607770972,106814
720575941559054607,720575940624683152,177248
720575941448826037,720575940617109597,588642
720575941626268524,720575940627752443,570638945
720575941491301607,720575940625494053,281057
720575941538125544,720575940630425285,535512
720575941590478334,720575940617063325,435333
720575941461001924,720575940625360784,180317
720575941562265256,720575940623708135,423778
720575941617803477,720575940631461451,519875
720575941439657279,720575940639619792,314960
720575941522269431,720575940626375785,127912
720575941466683414,720575940631911761,520926
720575941508506914,720575940626860487,215871
720575941416599836,720575940618696920,60498
720575941452995655,720575940617483318,225829
720575941731743275,720575940624828464,201931
720575941538559730,720575940613886687,166510
720575941441749199,720575940627510409,222819
720575941476715585,720575940614014431,302159
720575941689999256,720575940617232477,242173
720575941569943546,720575940631295116,181265
720575941527924134,720575940634703987,352444
720575941595865895,720575940625889625,193094
720575941441316047,720575940622526355,525227
720575941481086403,720575940620356468,215093
720575941546473404,720575940640604951,272753
720575941687403759,720575940622961604,205282
720575941626358124,720575940623705894,265000
720575941612499164,720575940630187727,346129
720575941458100464,720575940633983639,508478
720575941536185793,720575940638871128,956023
720575941515619418,720575940635399160,205314
720575941456701677,720575940646540910,145847
720575941521305011,720575940607811420,120627
720575941432002263,720575940624066279,525229
720575941658442776,720575940624834547,711179276
720575941480172930,720575940622953983,337014
720575941562265768,720575940628700571,104545248
720575941603290809,720575940616903209,391902
720575941428435119,720575940614636950,632847201
720575941476179761,720575940631737005,927826
720575941604147134,720575940615656498,182225468
720575941470936896,720575940621077253,535965
720575941625400458,720575940639405912,928361
720575941490118965,720575940634662810,296982
720575941597042565,720575940630925330,403791
720575941481132227,720575940617986345,423539
720575941437251858,720575940639427416,189075
720575941503707442,720575940626606594,205095020
720575941722291770,720575940628891774,943302
720575941514224707,720575940609476562,581710868
720575941581632121,720575940609785208,316132
720575941599597609,720575940617398502,538117
720575941590457484,720575940620885342,22354
720575941625078171,720575940639004032,919249
720575941462218180,720575940640611803,909498
720575941413390481,720575940617654818,812830130
720575941578906357,720575940638191679,943463
720575941662605180,720575940618856896,97027
720575941643178853,720575940631549231,350750
720575941440348863,720575940615719029,564692
720575941476578100,720575940608104540,430460
720575941525827330,720575940629837628,289180
720575941489760565,720575940630662737,552278
720575941544963333,720575940617733593,165795
720575941578761817,720575940620217782,151915
720575941458795078,720575940628589438,979869775
720575941459988947,720575940632082463,300535
720575941623300860,720575940621513566,158576
720575941476377137,720575940624091061,175062
720575941483732922,720575940628707600,321054
720575941442331343,720575940635425893,167313
720575941523188043,720575940626093553,908793
720575941525991426,720575940621805261,58494
720575941442227663,720575940623013355,153948
720575941628831782,720575940619419757,105395
720575941557969444,720575940612951789,162905
720575941435837070,720575940631425361,268396
720575941560115727,720575940629453694,343840
720575941536093450,720575940623940681,407819
720575941465890646,720575940633293794,246234
720575941430163887,720575940618609799,71357
720575941524451659,720575940611353457,302827
720575941482703811,720575940625420290,327352
720575941480631426,720575940631321618,254366
720575941486680898,720575940635172191,475202322
720575941458665887,720575940613996959,203234
720575941498654587,720575940605915872,552780
720575941645351329,720575940640262645,1037165389
720575941644634312,720575940628672122,25582
720575941575089039,720575940624079544,908747
720575941589084727,720575940630098243,128571
720575941444061354,720575940632494818,158715
720575941594396967,720575940636365540,408508
720575941474477371,720575940643318052,238266
720575941651723285,720575940613781983,278749
720575941669523633,720575940621583367,266262
720575941611923814,720575940620544801,307879
720575941643967352,720575940623224044,283181
720575941625460170,720575940604524465,216573
720575941473047693,720575940609098286,195910
720575941600174889,720575940619938217,279816
720575941703430618,720575940638419534,902216
720575941563533714,720575940614926790,651813160
720575941569821810,720575940627629315,241890
720575941515808003,720575940603911340,216121
720575941573696520,720575940646142004,182914
720575941526193177,720575940631393823,186879
720575941619002751,720575940631494687,120657549
720575941486919565,720575940616713473,383889
720575941634167483,720575940611160952,922369
720575941624219132,720575940615747259,747796417
720575941506869157,720575940625368578,223975
720575941564958050,720575940629611996,956012
720575941519882862,720575940628951287,268100
720575941479663746,720575940624849040,231047
720575941441012175,720575940626690120,173087
720575941447481620,720575940620572933,498041
720575941606801517,720575940627586091,624308414
720575941528135846,720575940626329993,353000
720575941483576006,720575940612901807,275236444
720575941408873519,720575940627890231,938975
720575941626052460,720575940626756117,261548
720575941655587028,720575940619360065,840000381
720575941619317375,720575940629343799,517352
720575941639588639,720575940620860766,17347
720575941496195783,720575940635465317,387514
720575941504896562,720575940627090521,550256
720575941506128407,720575940630704953,193356
720575941548231048,720575940624365500,216778
720575941603062774,720575940625520412,464937
720575941492178407,720575940622198664,150992197
720575941591618188,720575940604352689,208272
720575941560456051,720575940628958842,639917279
720575941482185667,720575940616551563,923628
720575941478108993,720575940624974266,519549
720575941435553166,720575940627807761,955899
720575941433144590,720575940631639097,919213
720575941560231951,720575940619793134,428737
720575941585752030,720575940626879484,925375
720575941589074231,720575940617479169,196862
720575941539794125,720575940623503945,137038
720575941516563449,720575940620250294,227905
720575941574853519,720575940634648568,285620
720575941549093236,720575940639088885,220770
720575941651538965,720575940610036834,189107
720575941537303779,720575940627674630,325980
720575941467544342,720575940642168205,112413882
720575941502942039,720575940614996018,925991362
720575941496474240,720575940633915327,230736
720575941467728406,720575940619974193,521484
720575941687786358,720575940606698882,390433
720575941441744219,720575940623205705,222240
720575941593455211,720575940632677145,245617
720575941553557531,720575940625495298,954471
720575941564333714,720575940630209658,227551
720575941534541400,720575940620979888,201053027
720575941483932045,720575940628781333,23511
720575941498040393,720575940626049098,96958
720575941477559604,720575940611504869,259299
720575941688804364,720575940659770497,791416133
720575941680248509,720575940620555252,184468
720575941438746175,720575940622281399,922590
720575941482183878,720575940611068053,919289
720575941644569761,720575940614778124,243579
720575941560259822,720575940611437973,309407
720575941645268897,720575940622517530,339258
720575941457219053,720575940628790142,424050443
720575941652117781,720575940643403208,105375
720575941580077813,720575940632308684,186020
720575941495594112,720575940622346180,513646
720575941559805166,720575940615879995,958880288
720575941639366005,720575940631247431,144792
720575941625061787,720575940630947176,927197
720575941431530593,720575940648191609,168808
720575941658114896,720575940609065774,151472
720575941690311387,720575940645941102,162742
720575941496134599,720575940628826172,553227783
720575941499787111,720575940611007717,423427
720575941562273704,720575940628117118,229440
720575941504247234,720575940626649084,298220
720575941702994650,720575940629903903,229401
720575941500918411,720575940623112339,300061
720575941643951736,720575940620715789,344177
720575941431436024,720575940645108936,134712
720575941541997597,720575940620783898,237523
720575941506002787,720575940635549364,128819
720575941555732708,720575940623209703,514424
720575941722317626,720575940624266061,517257
720575941482695354,720575940619551824,391643
720575941633329568,720575940626252062,148931
720575941535689242,720575940621106102,739955728
720575941563509160,720575940643396768,881104563
720575941526169881,720575940626461706,204580
720575941436208160,720575940632258468,309610
720575941463893005,720575940633933975,400246414
720575941611461706,720575940621321748,297455
720575941411789167,720575940627265043,325966540
720575941555507713,720575940620993193,213955
720575941611426634,720575940620024560,635198882
720575941691267992,720575940631353764,208854
720575941499051745,720575940610926762,712732813
720575941491763687,720575940626826005,364416375
720575941526912770,720575940617723878,228296
720575941483828733,720575940632252068,211618
720575941438483263,720575940625549128,232995
720575941482150342,720575940611237034,519247
720575941559105295,720575940617720221,214983
720575941661557304,720575940626618696,177450
720575941492178663,720575940606922674,415235681
720575941594731734,720575940645611652,176139
720575941392923798,720575940635745855,920382
720575941688242444,720575940631444013,331154
720575941533472643,720575940643850862,237207
720575941450723150,720575940632423394,923713
720575941723904058,720575940619210968,126095791
720575941626141804,720575940611905138,278658
720575941489518133,720575940622651389,419997
720575941435032864,720575940618709371,388541892
720575941431809633,720575940632880173,516218
720575941630695394,720575940628912390,109103
720575941529643192,720575940614122803,980589689
720575941579737845,720575940606123209,321572
720575941603304950,720575940630552151,885642755
720575941504422450,720575940618896660,229545
720575941568455674,720575940639443328,550998
720575941614474649,720575940620621665,566251
720575941529305272,720575940627707753,97547
720575941613241820,720575940619407495,841588314
720575941632747168,720575940618590262,147667916
720575941614953113,720575940639405683,522306
720575941573705992,720575940622811903,274047
720575941479988610,720575940640027637,158617
720575941573733789,720575940614236575,570912
720575941476225822,720575940617362150,178454
720575941631213804,720575940649430393,550890
720575941554727066,720575940604439072,220921
720575941353213744,720575940627397386,539006
720575941600002857,720575940629591746,237565
720575941578100313,720575940621124033,218478
720575941566472551,720575940614212514,123968
720575941573509385,720575940620997409,69606
720575941473673056,720575940604662444,519558
720575941625455771,720575940640130432,932780
720575941404249200,720575940628993900,143937
720575941526524516,720575940609712226,466614
720575941580903289,720575940629309177,213211
720575941499320994,720575940640837027,512835
720575941539775357,720575940616017676,390191
720575941623311612,720575940606986691,17362
720575941652238065,720575940633551002,554336
720575941514255683,720575940627108625,827600769
720575941490062133,720575940609732654,370737
720575941653205265,720575940615856779,519546
720575941530456011,720575940616561035,348727044
720575941574956041,720575940625814274,307312
720575941498056571,720575940620028080,442779736
720575941536932323,720575940638389437,555319
720575941498906018,720575940621244510,185437
720575941638477429,720575940617041728,70171
720575941510683408,720575940613118610,82328
720575941496794496,720575940621593972,31055
720575941655597017,720575940626149578,383609
720575941466682134,720575940620459702,897061253
720575941679800765,720575940628818023,246573
720575941591992360,720575940620953254,53338
720575941450710350,720575940623164856,100451
720575941515862883,720575940634815327,138616
720575941554038426,720575940637468735,119709
720575941598243776,720575940622559882,168653
720575941427337300,720575940627820026,338148
720575941404699504,720575940620496555,50515
720575941511593938,720575940631097462,99882
720575941452472391,720575940624214798,19636
720575941611379530,720575940620744152,56994
720575941690855899,720575940643792032,62013
720575941579270481,720575940630541399,49237
720575941536140314,720575940619390400,54370
720575941535579585,720575940634401471,102978
720575941427943764,720575940611119578,91782
720575941431592545,720575940606698598,141224
720575941551658495,720575940610586597,541479
720575941662127416,720575940626422513,22293
720575941535573697,720575940630881111,101101
720575941536744474,720575940619675056,146728
720575941640718879,720575940624934787,541635
720575941564537954,720575940621501453,145062
720575941605500094,720575940621044863,521480
720575941572645534,720575940608053084,122920
720575941496188871,720575940627740009,518907
720575941633159328,720575940622662896,158428
720575941548192136,720575940644590116,224922
720575941514080076,720575940626122535,515724975
720575941438270764,720575940614589243,164424
720575941565301511,720575940629621820,139335
720575941619673215,720575940624802435,152767
720575941508609153,720575940626522155,15659
720575941438887954,720575940626283838,85057
720575941401579555,720575940631089256,91360
720575941632957344,720575940627708815,53253
720575941431340536,720575940629336770,256925
720575941624971914,720575940614522847,181166
720575941579624785,720575940621291852,183161
720575941503947863,720575940623090412,735098006
720575941688387084,720575940615650646,383372
720575941515784676,720575940620296107,189046
720575941491218638,720575940638410611,355682
720575941431428449,720575940632002017,76843
720575941539214485,720575940616032406,46384
720575941526968578,720575940612652975,106888
720575941503622743,720575940622690824,146667
720575941574092027,720575940635129952,37938
720575941519324014,720575940616856605,139410
720575941519158488,720575940618910075,142238
720575941516689043,720575940613949034,43971
720575941502059403,720575940630658627,127007
720575941453183047,720575940639076954,18875
720575941477577524,720575940622633693,105616
720575941469945821,720575940626308117,48878
720575941653804049,720575940606805705,32071
720575941459448991,720575940631372764,511870
720575941438866476,720575940624872380,62520
720575941417002780,720575940614434046,120738
720575941732769067,720575940621017633,151871
720575941475379259,720575940630593384,44274
720575941652515825,720575940615816498,209656
720575941513858124,720575940630374987,118426
720575941645720264,720575940628818492,146931
720575941732991275,720575940629939499,35923
720575941461615059,720575940632412178,44440
720575941508607838,720575940621725168,125286
720575941659438160,720575940616581186,104058
720575941408170799,720575940623706405,185977
720575941461833924,720575940626719621,15533
720575941483358717,720575940630671734,35630
720575941604241337,720575940632786586,521273
720575941546667452,720575940626859283,13092
720575941409214894,720575940629509948,15835
720575941585231838,720575940630440645,18279
720575941604056505,720575940625486357,17253
720575941611457098,720575940633995181,24517
720575941545102597,720575940627962238,542131
720575941483785213,720575940633146961,20033
720575941431364088,720575940622625741,84876
720575941537542888,720575940623482355,145253
720575941410638612,720575940627069256,508381
720575941498599035,720575940615427734,371362
720575941527295910,720575940628429056,173031
720575941526718466,720575940616275174,530180
720575941513865425,720575940629263872,214857
720575941590154295,720575940610981362,451940
720575941593196651,720575940619108299,130821
720575941565173814,720575940622542517,77637
720575941617550037,720575940605877728,44079
720575941480419919,720575940633791935,513647
720575941579900497,720575940617785817,179881
720575941460796336,720575940634512992,435223099
720575941602078137,720575940622480372,47110
720575941484216762,720575940634588642,125406
720575941470976064,720575940629232492,178532
720575941566567271,720575940629677655,181683
720575941454999533,720575940628891863,19550
720575941459456708,720575940625038090,37587
720575941489678389,720575940628419527,22194
720575941553382483,720575940622018698,28655
720575941537133205,720575940612584173,124238
720575941485014278,720575940638881699,47533
720575941603918009,720575940624468557,101055
720575941643100024,720575940628760136,38913
720575941401416483,720575940612201586,49314
720575941643103096,720575940622475619,74040
720575941624097644,720575940632474425,85254
720575941540504013,720575940626701886,40480
720575941509464530,720575940629090203,64648
720575941551198463,720575940614056810,523868
720575941391186436,720575940616596308,48229
720575941671480487,720575940626800552,97438
720575941598868009,720575940614923314,48333
720575941501832427,720575940619342134,48576
720575941631203525,720575940622912124,56913
720575941590922536,720575940629484791,65437
720575941687752972,720575940629938731,30255
720575941651743729,720575940615451451,60146
720575941572850590,720575940622693414,521631
720575941527000420,720575940623690471,65389
720575941626330425,720575940640368859,109808
720575941436487468,720575940633809783,51588
720575941535135666,720575940621882308,95508
720575941686360438,720575940651812342,60088
720575941562319250,720575940628682752,66368
720575941468793463,720575940624593982,59681
720575941545369524,720575940625655992,36986
720575941519301804,720575940628653711,129029
720575941687730956,720575940624020723,106050
720575941611268828,720575940614955304,455618
720575941439962965,720575940604749758,42756
720575941609737449,720575940606952028,60217
720575941504385340,720575940626200522,65696
720575941539121021,720575940612628885,50310
720575941548365684,720575940615124370,45007
720575941599692073,720575940625822809,69272
720575941436092434,720575940632626146,45239
720575941517066899,720575940628744721,57156
720575941602284278,720575940659856001,160606
720575941577501429,720575940631230508,52456
720575941508023169,720575940623312876,46857
720575941506603429,720575940626916936,21721
720575941590196791,720575940627332708,49381
720575941461622724,720575940603495340,73966
720575941445026730,720575940628365211,32014
720575941554964051,720575940616133186,50368
720575941587375940,720575940611221397,59745
720575941491440871,720575940612078102,54244
720575941609886950,720575940637671342,15366
720575941541945117,720575940628343143,40767
720575941609920745,720575940631378892,54488
720575941537771250,720575940644608036,92339
720575941428829103,720575940645117640,130355
720575941547974973,720575940629204303,40378
720575941666267379,720575940649571961,131408
720575941555294803,720575940627917315,20004
720575941449904974,720575940633888211,66683
720575941643940257,720575940637050089,141652
720575941617780351,720575940630851036,107513
720575941569196532,720575940607088329,56541
720575941436340242,720575940627685509,93782
720575941496221568,720575940637415086,81332
720575941642779000,720575940611564506,97634
720575941547409588,720575940613837566,43203
720575941686580342,720575940633360610,531003
720575941685678575,720575940624574537,515973
720575941572667656,720575940618723531,25041
720575941554589185,720575940626097681,79417
720575941474943786,720575940627546217,95233
720575941587007300,720575940613005791,114281
720575941451176617,720575940622862324,513274
720575941503792834,720575940630342135,51977
720575941477632052,720575940637178714,41567
720575941570386590,720575940620958558,50548
720575941721185338,720575940604351078,538090
720575941456874655,720575940646051694,100060
720575941412383124,720575940611787493,23588
720575941624101002,720575940630914863,48674
720575941645256609,720575940628995884,48123
720575941467615709,720575940644355351,49349
720575941490765621,720575940633685459,11225
720575941551956763,720575940630466346,37009
720575941438828050,720575940618924379,54327
720575941496228219,720575940615686715,84797
720575941511704908,720575940610311025,52964
720575941651491857,720575940631176310,36154
720575941535734506,720575940627889033,22374
720575941643279304,720575940613261795,511803
720575941590982398,720575940641607888,41751
720575941524717389,720575940638623710,526593
720575941652915161,720575940623208269,94773
720575941596525445,720575940626742769,43289
720575941496953929,720575940629411781,25558
720575941500799115,720575940616738683,95704
720575941623894218,720575940618090433,94065
720575941565858151,720575940631342843,96122
720575941628411449,720575940625056266,532403
720575941393183382,720575940610630553,100284
720575941475525185,720575940626941928,534434
720575941540854045,720575940615856267,556461
720575941667722417,720575940614349535,56904
720575941437291327,720575940618844501,61102
720575941545085445,720575940640277592,135790
720575941440416341,720575940621396115,35130
720575941531191499,720575940630334586,26158
720575941534221594,720575940628777371,57441
720575941502395586,720575940630878519,52409
720575941649827093,720575940625769530,526904
720575941593918827,720575940631292667,520331
720575941483980474,720575940648342905,50639
720575941546915516,720575940625675010,88531
720575941497669794,720575940622620961,45447
720575941512649681,720575940620764692,513097
720575941461949892,720575940630204098,25340
720575941489145550,720575940623368629,82522
720575941411270767,720575940628788552,593936
720575941617906559,720575940621535809,70535
720575941536588570,720575940618860081,518150
720575941526759780,720575940622619018,100764
720575941459823174,720575940614402966,25211
720575941471712523,720575940622497791,36202
720575941505019973,720575940619685803,62238
720575941496912865,720575940621608363,140524
720575941603354297,720575940621962219,33913
720575941459870534,720575940626542985,63084
720575941451224142,720575940631589284,58292
720575941505898812,720575940628238479,59056
720575941569817202,720575940637558589,110053
720575941447606709,720575940622419480,516925
720575941554202395,720575940618940096,50288
720575941431331832,720575940628545406,54871
720575941541990236,720575940623125491,83730
720575941504861207,720575940625702380,534871
720575941730458155,720575940611282611,99884
720575941506407553,720575940623543309,533088
720575941452410951,720575940626462184,51478
720575941577104985,720575940627030790,41389
720575941554151707,720575940627709287,535198
720575941571278408,720575940627287482,515404
720575941567654388,720575940629135607,52632
720575941450270813,720575940623326443,58634
720575941460503622,720575940611905331,153019
720575941436923922,720575940619395494,523460
720575941639106847,720575940611134833,29469
720575941569342452,720575940622570278,91310
720575941414126737,720575940627663515,111833
720575941579680889,720575940618160273,546731
720575941475677470,720575940612854378,81551
720575941594954454,720575940622958059,514032
720575941528259494,720575940620200624,137947
720575941485902288,720575940630131919,93287
720575941643287240,720575940638822205,534456
720575941536867570,720575940627358961,85844
720575941526917453,720575940635090457,533309
720575941656879696,720575940625343806,85106
720575941495354055,720575940619367105,89956
720575941390795012,720575940623435239,104321
720575941540671005,720575940625943165,84033
720575941527766968,720575940630692456,39849
720575941598604073,720575940624285261,96149
720575941463152528,720575940617763046,32523
720575941549945343,720575940621215659,527122
720575941567626484,720575940628206439,540260
720575941559254317,720575940620750463,64232
720575941593161256,720575940629016364,105852
720575941488243664,720575940615006248,822047
720575941408893358,720575940630720382,77990
720575941486444866,720575940614829730,29066
720575941477735233,720575940625161368,533460
720575941438152277,720575940622404376,45022
720575941485502726,720575940623145876,95889
720575941622377468,720575940610475994,559848
720575941666289651,720575940621306956,17176
720575941581421151,720575940637119302,102318
720575941658583120,720575940621639704,125392
720575941687987439,720575940632745186,535930
720575941490117068,720575940639784912,30623
720575941439665727,720575940635479950,519019
720575941536618689,720575940634185626,33696
720575941452964167,720575940615177383,75127
720575941546036872,720575940626257930,30430
720575941448048404,720575940611201998,536469
720575941562212242,720575940624226963,80540
720575941514558355,720575940604907710,517828
720575941543392029,720575940611855826,95482
720575941513721593,720575940638927960,55739
720575941500523659,720575940624945808,40176
720575941487096070,720575940639072128,19853
720575941432146273,720575940619857798,534524
720575941611893677,720575940621110464,28239
720575941450713678,720575940618032930,129073
720575941486747970,720575940622964477,25125
720575941554453275,720575940627740432,66510
720575941449971066,720575940632592609,40105
720575941632821691,720575940638900558,48608
720575941579043665,720575940623737831,59586
720575941578880089,720575940618082516,162136
720575941614196755,720575940648360580,14971
720575941666268403,720575940616390237,61689
720575941595593767,720575940633617356,98266
720575941649850133,720575940630112411,48635
720575941612107181,720575940629620779,72634
720575941557982479,720575940614190767,198498
720575941573950472,720575940619949878,195407
720575941595114023,720575940622110335,39351
720575941562221458,720575940642426357,28973
720575941478103873,720575940634107290,32765
720575941578091097,720575940629148163,28761
720575941405094000,720575940617888788,64186
720575941533603562,720575940611600226,530438
720575941429210799,720575940634682487,74385
720575941593389095,720575940612165859,89903
720575941440039647,720575940630482503,93624
720575941540951325,720575940613256982,87976
720575941514014554,720575940635870576,153605
720575941508524417,720575940655940001,95075
720575941554660250,720575940639199977,31607
720575941594487589,720575940604212396,28243
720575941462504592,720575940628412944,76614
720575941483585789,720575940612133489,48907
720575941352965936,720575940650857337,31605
720575941593451047,720575940611750618,82870
720575941524957028,720575940616341563,47326
720575941506534178,720575940626806012,40500
720575941481236303,720575940617024818,28862
720575941449247822,720575940615966918,52102
720575941505150743,720575940631275863,118513
720575941461032659,720575940627511582,19834
720575941553369171,720575940635435159,53571
720575941629107170,720575940630581323,38240
720575941666505459,720575940632674605,128161
720575941533268056,720575940618366528,113100
720575941547978557,720575940610814682,117828
720575941530244069,720575940621318084,63015
720575941638621301,720575940617932101,87830
720575941623810442,720575940627564135,59514
720575941631359392,720575940653367030,104132
720575941403058800,720575940637250661,30017
720575941561774893,720575940620475339,129919
720575941526055846,720575940622408542,60211
720575941483330301,720575940612968421,20542
720575941643548104,720575940613013246,42878
720575941555372289,720575940629850895,92216
720575941545039109,720575940648798073,63658
720575941452672563,720575940630388086,133181
720575941588886014,720575940622309921,88083
720575941457170672,720575940621602047,66013
720575941551993735,720575940617779781,78507
720575941577354577,720575940619689024,78087
720575941629400802,720575940633333729,67658
720575941512258892,720575940624362227,77177
720575941447874229,720575940644164718,114793
720575941486125008,720575940625631896,58799
720575941624176330,720575940629183337,51135
720575941513911043,720575940613821290,27566
720575941478871715,720575940626481964,107858
720575941537147797,720575940613118760,97899
720575941572403976,720575940635637428,93947
720575941504526396,720575940629082359,50741
720575941550146303,720575940610047698,113218
720575941473084714,720575940606577865,130953
720575941686748172,720575940633212316,83483
720575941534695706,720575940622569619,49801
720575941489410254,720575940604229152,51821
720575941609316170,720575940638835800,43094
720575941569353722,720575940621573161,36705
720575941645317793,720575940630464824,72873
720575941570481822,720575940631665837,45145
720575941484828934,720575940634414999,120898
720575941643440033,720575940626510789,97792
720575941657572432,720575940617636609,127542
720575941564383591,720575940626177417,74989
720575941622566908,720575940632640993,40614
720575941571664712,720575940616396703,154065
720575941499125217,720575940621107336,54235
720575941668013745,720575940633683757,135185
720575941582608991,720575940612093351,30480
720575941489902901,720575940625318804,23906
720575941593901681,720575940638864256,96830
720575941471919456,720575940611140325,126832
720575941546410376,720575940626220588,149027
720575941525433956,720575940622300810,123390
720575941508476254,720575940607174153,61242
720575941538738813,720575940611297433,53929
720575941643638472,720575940620117268,57041
720575941610569062,720575940638212942,64423
720575941588975614,720575940641411547,108724
720575941580079993,720575940624999114,66269
720575941630286316,720575940634111167,147779
720575941472966698,720575940636011127,103982
720575941544698729,720575940617424468,53572
720575941641908069,720575940622486057,90856
720575941439744347,720575940632149217,38572
720575941577894389,720575940633265844,60828
720575941567893550,720575940627047912,30134
720575941689039323,720575940630692906,43979
720575941478654176,720575940623160757,51180
720575941574513929,720575940640833013,49832
720575941679394749,720575940623040263,39797
720575941599718697,720575940616865058,69493
720575941441838683,720575940607854549,62972
720575941613674393,720575940623025944,158741
720575941476235316,720575940629784108,122739
720575941553314561,720575940617588198,120019
720575941534191041,720575940628541456,154939
720575941478841474,720575940616917772,143604
720575941489133769,720575940616915468,134574
720575941545489513,720575940612687346,111749
720575941554494948,720575940605398048,107379
720575941517524952,720575940610732130,123726
720575941448767822,720575940631270556,103460
720575941562886656,720575940626835545,123201
720575941486434310,720575940630342907,110365
720575941450987335,720575940638806591,136820
720575941454957805,720575940613877299,127487
720575941540503933,720575940632093800,43630
720575941470086208,720575940623893128,42936
720575941593609767,720575940646245923,134058
720575941547543073,720575940624595893,59911
720575941656914712,720575940619597878,51464
720575941469888064,720575940609943928,126962
720575941575000841,720575940648819321,85817
720575941662488632,720575940627314009,44184
720575941516074586,720575940614723189,55891
720575941495595719,720575940632099897,34204
720575941610870886,720575940616934203,107117
720575941651136789,720575940624558012,72213
720575941547969313,720575940630271336,84528
720575941429418671,720575940638698880,60673
720575941465190998,720575940622280199,51133
720575941688757772,720575940619636206,69999
720575941591688555,720575940610256846,52319
720575941564861494,720575940659358849,49182
720575941570538398,720575940616476884,52274
720575941566351414,720575940634315115,43417
720575941689913051,720575940623917838,549223
720575941431172015,720575940616910749,52194
720575941514243321,720575940626322988,126614
720575941572583944,720575940615718027,64109
720575941602182585,720575940631816143,127269
720575941488057808,720575940629317436,58459
720575941439849439,720575940607390421,45087
720575941480722050,720575940634431339,53573
720575941489966311,720575940605762406,122016
720575941563662487,720575940627950418,49749
720575941533022808,720575940631256271,56033
720575941602066678,720575940614586349,33796
720575941454660845,720575940624122908,90523
720575941477562474,720575940650450934,85707
720575941572713224,720575940624083470,44716
720575941642499922,720575940622908745,121148
720575941450231418,720575940640217845,32400
720575941485020678,720575940610690709,123842
720575941631233477,720575940626124365,47685
720575941554589412,720575940642459021,111964
720575941637256053,720575940625952258,100310
720575941572724637,720575940650521209,101072
720575941475531806,720575940623087498,110386
720575941572717576,720575940631994193,125440
720575941454768877,720575940631186596,132079
720575941572998045,720575940646080803,67003
720575941563823762,720575940623769783,19842
720575941653284825,720575940603596972,41769
720575941431404792,720575940628584954,47061
720575941579239413,720575940627558188,113759
720575941459232159,720575940632160716,48960
720575941639521909,720575940627844943,59028
720575941615645653,720575940612299571,49789
720575941602236345,720575940624384037,37050
720575941721547322,720575940632462417,54497
720575941517220780,720575940621334989,50963
720575941552068743,720575940628460968,72214
720575941489796300,720575940635363696,49512
720575941689681560,720575940626233512,20303
720575941351483696,720575940621380011,30585
720575941502000875,720575940608938076,74063
720575941622726396,720575940608165298,47704
720575941556002276,720575940624917799,44956
720575941624387018,720575940621454501,48546
720575941687423471,720575940623054375,47310
720575941548428916,720575940628245607,28387
720575941469404939,720575940631359279,48384
720575941471856480,720575940637344590,27067
720575941506978433,720575940630119224,37485
720575941476285505,720575940611275310,36421
720575941571861576,720575940637584240,32082
720575941577785169,720575940618069077,112231
720575941651817745,720575940630088955,41376
720575941391464196,720575940607152085,41881
720575941578850385,720575940645603095,51397
720575941590222590,720575940632851993,57850
720575941493249968,720575940612258513,30908
720575941448513373,720575940612971157,29315
720575941540902941,720575940631187048,28823
720575941544867433,720575940632103251,34582
720575941519611319,720575940622364254,73582
720575941486214150,720575940613384562,21120
720575941456797168,720575940608720137,123386
720575941450770503,720575940615040943,94023
720575941503362135,720575940603391404,44281
720575941502685122,720575940627685419,136526
720575941511902028,720575940629435497,115065
720575941473135146,720575940623724071,30890
720575941601983990,720575940633697983,107303
720575941496410235,720575940639476864,117105
720575941627499833,720575940646216227,45218
720575941688976792,720575940612788008,66612
720575941534616152,720575940624244922,25636
720575941687939852,720575940616078751,51828
720575941651731473,720575940636536238,117871
720575941598547648,720575940615925298,41071
720575941554276068,720575940619496640,42288
720575941613646044,720575940614582765,59515
720575941433341710,720575940625662360,47058
720575941550716478,720575940614789900,30751
720575941436041490,720575940639103952,95605
720575941516830636,720575940628953559,91204
720575941590560040,720575940618135973,26769
720575941434150432,720575940652611745,22966
720575941565758615,720575940644096366,63665
720575941583256159,720575940603672032,60336
720575941461285843,720575940620028737,81292
720575941545822652,720575940615235751,46288
720575941498895177,720575940621953133,39520
720575941444453802,720575940624537240,52597
720575941544540521,720575940619927105,55671
720575941483704829,720575940619390086,66410
720575941401508131,720575940618213103,66685
720575941559493421,720575940630009339,99161
720575941569401588,720575940615998091,48645
720575941463750413,720575940610219618,45394
720575941631284640,720575940631697633,75841
720575941655632340,720575940626488914,50719
720575941473003562,720575940614052970,46256
720575941429258671,720575940624081852,107583
720575941391084804,720575940627623467,44360
720575941429294985,720575940630577450,59322
720575941609648617,720575940635722597,44638
720575941457388272,720575940617983355,72228
720575941548179060,720575940633298380,82421
720575941650037269,720575940611550426,30566
720575941603740350,720575940622299606,74566
720575941565735734,720575940617496896,77255
720575941641746533,720575940624611835,146706
720575941521293815,720575940631773523,37612
720575941530096056,720575940625301285,51674
720575941393503638,720575940622213853,53345
720575941590885374,720575940622624937,80597
720575941552180507,720575940618552806,60371
720575941559541293,720575940615135998,92197
720575941563906055,720575940631486163,52131
720575941481232070,720575940629524780,41371
720575941391216022,720575940637104710,89255
720575941606048877,720575940658529665,97483
720575941476826929,720575940640289368,58535
720575941413923729,720575940621548897,41491
720575941431152265,720575940615808598,24918
720575941564846695,720575940611863666,46855
720575941506543906,720575940620991582,26274
720575941686930038,720575940640753104,149903
720575941514153059,720575940625180803,35549
720575941403052912,720575940612627106,34984
720575941590581502,720575940619434432,36867
720575941573781755,720575940621733853,42624
720575941401613091,720575940632401804,38360
720575941469941771,720575940616735489,30207
720575941570592670,720575940617226869,100402
720575941541586717,720575940639646022,53419
720575941445111978,720575940619978363,48263
720575941506792471,720575940624265511,21993
720575941595468325,720575940630502162,106223
720575941550260084,720575940618543873,107259
720575941439539647,720575940620710360,122013
720575941450125149,720575940625879890,48230
720575941610936553,720575940620179160,86158
720575941662618680,720575940629154545,47037
720575941572376059,720575940633218863,21336
720575941476691562,720575940615637846,39264
720575941408671791,720575940624186407,26788
720575941554393060,720575940629078011,38881
720575941535714280,720575940627675497,32661
720575941589609612,720575940624238640,20874
720575941452076410,720575940623435189,24117
720575941618535039,720575940628013562,41222
720575941547571517,720575940624961667,33904
720575941642903416,720575940619000815,59811
720575941513803217,720575940637545013,30942
720575941594055281,720575940605738114,32281
720575941491237836,720575940607484939,46698
720575941412622191,720575940617446539,34821
720575941594058353,720575940627349578,77538
720575941571827272,720575940614082194,56550
720575941483943421,720575940619276459,29959
720575941436636946,720575940619986676,59999
720575941506447013,720575940608076210,37245
720575941611524060,720575940625162754,61099
720575941564904551,720575940625313881,56803
720575941572575240,720575940629161334,54929
720575941459357139,720575940608601412,73832
720575941587259204,720575940617859288,50693
720575941519123628,720575940629860815,39422
720575941645222520,720575940614066399,53160
720575941489662156,720575940625657177,33712
720575941459883460,720575940620332577,32585
720575941521485815,720575940624672868,49359
720575941411046767,720575940634040312,58178
720575941496548731,720575940640369883,51332
720575941436488236,720575940626073098,40726
720575941586720734,720575940615338891,49089
720575941413784977,720575940635051545,42898
720575941511984972,720575940617933528,56902
720575941568736500,720575940641251792,63110
720575941403107952,720575940634821733,57192
720575941562466706,720575940631414223,60635
720575941439711835,720575940624823283,149488
720575941479448143,720575940621281485,69344
720575941609306954,720575940629932547,45914
720575941651152405,720575940638968920,32257
720575941401905955,720575940634331036,40766
720575941535055848,720575940614330258,28031
720575941578534645,720575940633378274,112201
720575941481376847,720575940632787863,41152
720575941658397264,720575940641240205,34901
720575941573041929,720575940618445241,128686
720575941603056318,720575940625818501,47504
720575941504669975,720575940621922925,65915
720575941452557619,720575940606173630,54626
720575941642602360,720575940631086151,47016
720575941520938487,720575940630683729,56483
720575941511647564,720575940628915718,67807
720575941609448937,720575940629531139,80145
720575941533093354,720575940638137140,97475
720575941643454113,720575940623138708,60680
720575941569704050,720575940625962920,24844
720575941595675292,720575940624448492,88353
720575941582578527,720575940624790781,21287
720575941468551901,720575940618267227,20808
720575941488529461,720575940632429794,97534
720575941636875893,720575940632810652,90987
720575941547689588,720575940634226287,35181
720575941512554961,720575940621505404,95985
720575941467831517,720575940621431028,89339
720575941488835785,720575940624499947,94567
720575941479038371,720575940624142020,49295
720575941459902916,720575940626082855,64906
720575941488992457,720575940640218941,47222
720575941479379619,720575940616176852,36484
720575941533912586,720575940615202134,52386
720575941505689404,720575940603067360,47077
720575941661790776,720575940614646495,51453
720575941641287269,720575940607573973,56443
720575941513630554,720575940625834554,37835
720575941503803883,720575940627978556,94128
720575941480786630,720575940621582830,61989
720575941571812254,720575940620996357,48086
720575941459202771,720575940615529019,100493
720575941554464740,720575940615967377,19608
720575941503423319,720575940626351108,36805
720575941476231530,720575940631087431,79084
720575941573570703,720575940616989964,25463
720575941438318911,720575940623194151,43651
720575941623777900,720575940609585250,65843
720575941577900377,720575940633219399,40183
720575941412597140,720575940637848179,52314
720575941521223415,720575940628308904,61937
720575941643406024,720575940626489644,103346
720575941535812033,720575940621011696,124458
720575941506654814,720575940626852373,112750
720575941688864475,720575940619453611,125024
720575941526095782,720575940644084503,40298
720575941530832869,720575940623440639,90321
720575941548374388,720575940642908813,96404
720575941441917903,720575940621023526,65682
720575941469487627,720575940636804927,54821
720575941601965814,720575940623116582,112745
720575941526768516,720575940614376498,61630
720575941410921387,720575940637862318,60782
720575941473071675,720575940625780026,23297
720575941558647923,720575940617861755,120943
720575941437682143,720575940629121527,48341
720575941687771375,720575940632435999,133411
720575941611607260,720575940606920578,126710
720575941541125724,720575940617729977,55100
720575941439947867,720575940627066884,38101
720575941553101569,720575940635093785,126075
720575941563864471,720575940615630934,115673
720575941609795817,720575940619438539,119876
720575941631208389,720575940630706683,122607
720575941643547297,720575940627170250,124468
720575941479120291,720575940620992865,132570
720575941626692665,720575940617812441,24398
720575941502380887,720575940608074162,104418
720575941533864114,720575940606665564,47404
720575941660769336,720575940618010942,122162
720575941482001850,720575940615088894,138214
720575941577390417,720575940611591907,43769
720575941688794742,720575940628871276,36932
720575941480456928,720575940622706420,29139
720575941448185934,720575940621807599,13574
720575941522572791,720575940638722138,19623
720575941490580021,720575940610499570,16021
720575941487303120,720575940626678035,515064
720575941599042089,720575940640425806,27000
720575941590914558,720575940625150443,130534
720575941653043473,720575940618486219,39664
720575941433795726,720575940625820293,50243
720575941466656854,720575940640582352,32349
720575941411479979,720575940606649376,531354
720575941470713207,720575940624916226,77590
720575941564541440,720575940629901328,145374
720575941452382535,720575940629459671,514280
720575941534627610,720575940630065995,63636
720575941533476530,720575940618788033,67958
720575941400457251,720575940628656683,140866
720575941536620314,720575940607718101,54492
720575941592006507,720575940629333868,61771
720575941591359272,720575940628793856,26352
720575941522430967,720575940635818175,34877
720575941626160748,720575940622783368,78022
720575941593923947,720575940625133770,512536
720575941524631627,720575940628228251,156464
720575941562476434,720575940627887888,107876
720575941448907086,720575940629669531,32946
720575941536184330,720575940622240355,29186
720575941530938597,720575940628632064,58228
720575941470212928,720575940622489235,27211
720575941407316142,720575940634690529,48901
720575941534400010,720575940645308196,20979
720575941666613747,720575940621260052,30714
720575941578246901,720575940616179050,80504
720575941353180976,720575940627400522,24283
720575941655360724,720575940617652180,70262
720575941573614587,720575940639057240,22248
720575941458278470,720575940615933078,52648
720575941430658007,720575940641626056,24772
720575941564748178,720575940618927892,100103
720575941511464914,720575940629515258,25527
720575941451470458,720575940639895003,25854
720575941552883774,720575940623652083,34407
720575941624545691,720575940647068451,40343
720575941477640257,720575940611439587,62587
720575941568154994,720575940635515232,39947
720575941657211928,720575940609548920,42815
720575941574888457,720575940626752655,53344
720575941593959531,720575940613337041,53523
720575941629051174,720575940617945649,35397
720575941721719098,720575940622511507,514123
720575941566705710,720575940624062355,89238
720575941688026607,720575940618064950,84834
720575941593764645,720575940646118276,531187
720575941508912656,720575940622280447,515304
720575941565199719,720575940612473640,80835
720575941466046486,720575940637122111,58265
720575941536032232,720575940621337880,47450
720575941451781801,720575940617984212,100316
720575941631434437,720575940644521582,535233
720575941409603243,720575940630446970,46745
720575941453181255,720575940622732266,560574
720575941686419439,720575940633272147,110906
720575941403315312,720575940618627669,109846
720575941568290350,720575940627373086,87273
720575941657318168,720575940643696676,118502
720575941502337111,720575940631760441,64344
720575941536122088,720575940623356040,28217
720575941470024715,720575940615350284,21205
720575941573068701,720575940630429945,80906
720575941642868050,720575940619889729,88922
720575941637984629,720575940621843382,104519
720575941505868055,720575940619454379,112775
720575941436395820,720575940630766610,96424
720575941657333016,720575940624489708,102769
720575941495341184,720575940632374867,113599
720575941411445615,720575940637688639,90900
720575941533800170,720575940622710655,104825
720575941462441997,720575940649361785,118929
720575941553836545,720575940627681103,98425
720575941668426161,720575940641648436,86578
720575941409746603,720575940615239285,98911
720575941574285711,720575940614147123,104990
720575941575413352,720575940616731665,95390
720575941565345639,720575940640999309,123419
720575941569311858,720575940630420730,88725
720575941449141326,720575940640894883,106945
720575941578379345,720575940642643252,98193
720575941436975404,720575940625668878,88815
720575941497633353,720575940621617391,86697
720575941687335798,720575940631570733,108099
720575941446744596,720575940618961773,70790
720575941430785633,720575940634065433,94669
720575941563905122,720575940614952635,123316
720575941650535957,720575940632240465,105841
720575941513762371,720575940627378965,128149
720575941548210977,720575940631809091,76140
720575941541362524,720575940630756712,131070
720575941610651309,720575940626484361,117312
720575941643990472,720575940632453459,99814
720575941453599027,720575940645524846,84762
720575941533818712,720575940634954009,90763
720575941552497031,720575940639650126,122827
720575941562723218,720575940654702753,113496
720575941476395585,720575940617343557,51640
720575941503321138,720575940612775958,109816
720575941568145658,720575940617712214,94485
720575941654166996,720575940638428998,107945
720575941593996327,720575940627834511,106182
720575941557681572,720575940638421582,27659
720575941526801252,720575940623041717,78840
720575941521356791,720575940617145361,111286
720575941593410855,720575940623194406,120892
720575941558889198,720575940620279131,104607
720575941351717168,720575940634834330,125123
720575941485166477,720575940624167143,121183
720575941504964517,720575940640632528,132532
720575941604127478,720575940628844048,165295
720575941523313655,720575940629320010,22883
720575941556172627,720575940627363356,52652
720575941450704762,720575940628484201,519975
720575941437176594,720575940626669114,63314
720575941562777234,720575940628708868,36311
720575941453162311,720575940630981796,44126
720575941480731075,720575940627782479,84913
720575941474364256,720575940629993167,20378
720575941654178004,720575940620459284,37305
720575941468474077,720575940631575889,21686
720575941543536901,720575940612696854,124835
720575941592265579,720575940645786222,126733
720575941408029487,720575940619741131,119570
720575941533806770,720575940612337893,151835
720575941539085005,720575940629107984,123750
720575941593145384,720575940625623994,30436
720575941531292645,720575940607839189,11372
720575941528556984,720575940645730852,64355
720575941657743184,720575940629329212,46718
720575941536241674,720575940631057468,13387
720575941670299303,720575940653742753,33185
720575941593247016,720575940630908876,32259
720575941640487199,720575940623382237,34654
720575941533882858,720575940614755526,30408
720575941602703350,720575940627692677,60028
720575941632353260,720575940622368294,535134
720575941613049308,720575940610581617,53157
720575941505785623,720575940605793894,94737
720575941487110210,720575940610887829,179869
720575941616293845,720575940628105883,32175
720575941491191753,720575940625746709,43599
720575941595334533,720575940608915211,72180
720575941438288191,720575940624007056,53897
720575941462555917,720575940636563630,140676
720575941510044882,720575940622042662,50415
720575941589286468,720575940632889145,21173
720575941515346778,720575940620774405,53191
720575941612891100,720575940642898376,518440
720575941573288712,720575940607415132,51898
720575941540612221,720575940616325791,529192
720575941553773191,720575940631214556,51252
720575941633181115,720575940633104992,30880
720575941514733561,720575940615238075,35929
720575941595873063,720575940632828441,59171
720575941624706506,720575940627184446,32941
720575941506516037,720575940618475992,514996
720575941579387637,720575940626132101,30217
720575941671764135,720575940624735413,101203
720575941594090023,720575940623428937,95266
720575941533810520,720575940623043307,40947
720575941623027708,720575940622510832,78762
720575941439852479,720575940630454263,119506
720575941536956392,720575940623343613,85070
720575941529160376,720575940627305212,68536
720575941569478394,720575940607854531,32223
720575941520009907,720575940614310627,72364
720575941480941903,720575940629153020,10034
720575941450999367,720575940608906249,92938
720575941567617582,720575940615974294,107293
720575941402440995,720575940617219933,553895
720575941449518685,720575940630848579,93495
720575941452364103,720575940621712152,64092
720575941554230170,720575940627809960,58593
720575941518650222,720575940629806206,153859
720575941625519468,720575940613876787,88166
720575941594812273,720575940622846099,63612
720575941606494573,720575940621146956,43867
720575941633145541,720575940629568300,37316
720575941516155226,720575940616946900,556376
720575941667125491,720575940627090664,30719
720575941679976125,720575940613042403,55062
720575941568882420,720575940619028289,81506
720575941441336271,720575940626126622,38675
720575941644514642,720575940622556457,130147
720575941478581610,720575940617035521,514004
720575941449355869,720575940607580171,157159
720575941486693517,720575940612335714,23160
720575941549100093,720575940614205708,56087
720575941559350766,720575940627209990,103364
720575941611159213,720575940628433511,50185
720575941492506544,720575940643398180,90296
720575941544884229,720575940632316690,103997
720575941559592051,720575940635767524,927157
720575941392686742,720575940635962254,553738738
720575941510759440,720575940614254860,28371
720575941536948456,720575940636807652,45722
720575941574889225,720575940616025750,61849
720575941565761687,720575940624294143,30406
720575941506450492,720575940631393495,57792
720575941532745347,720575940628716294,12661
720575941433359886,720575940634140627,14764
720575941461996944,720575940629248374,16432
720575941658318928,720575940609393506,63107
720575941504695602,720575940632238253,525456
720575941654273753,720575940611080410,55845
720575941654383577,720575940616578165,118194
720575941702419162,720575940613022367,55061
720575941545008901,720575940638563968,57490
720575941563484818,720575940620578645,43698
720575941460509651,720575940629368015,17544
720575941479592416,720575940635516084,134521
720575941482334662,720575940623706365,44424
720575941431973217,720575940621810415,114587
720575941502135691,720575940625755413,68029
720575941559355151,720575940628090055,63764
720575941559351311,720575940640229437,74205
720575941522667511,720575940637852590,100866
720575941732788011,720575940622130646,73426
720575941627946553,720575940644907543,53885
720575941435309856,720575940627141066,64805
720575941533612931,720575940625045790,242286
720575941554812243,720575940636160319,58085
720575941507864098,720575940618048724,28574
720575941546593716,720575940635243182,31183
720575941439741525,720575940628398786,51723
720575941467032342,720575940640402829,32262
720575941631980524,720575940630454867,102366
720575941507619874,720575940613463954,25625
720575941535450817,720575940622431049,69274
720575941470785547,720575940627042308,166832
720575941642853733,720575940627103484,61942
720575941592937579,720575940627261190,43218
720575941539394965,720575940608093449,153713
720575941687985135,720575940631591199,216960
720575941486591810,720575940620717551,518234
720575941529216952,720575940624742032,41172
720575941688684812,720575940609905220,84604
720575941519854190,720575940637212894,55164
720575941533014245,720575940618551345,72476
720575941513374673,720575940604444081,20997
720575941569534458,720575940609181508,80354
720575941467931414,720575940632842963,136957
720575941439292479,720575940633352929,61177
720575941615507865,720575940614354326,15058
720575941569031674,720575940649865718,204303
720575941539590293,720575940631289135,19971
720575941486685250,720575940622994312,522430
720575941491214286,720575940619587520,22140
720575941452943273,720575940625503321,25555
720575941652073201,720575940626354057,36164
720575941625734538,720575940613803747,54308
720575941537119971,720575940641323405,21207
720575941558369907,720575940609664963,35873
720575941575021725,720575940612293730,63344
720575941401227299,720575940622440486,515653
720575941530757835,720575940628966912,513717
720575941652645873,720575940631586924,36233
720575941545932220,720575940614046687,79913
720575941553887879,720575940628008196,524695
720575941537568488,720575940636242153,21912
720575941652322837,720575940616998668,18542
720575941544233733,720575940634731188,514897
720575941522706167,720575940620206356,49568
720575941458539935,720575940619737070,43937
720575941439430463,720575940639003470,109450
720575941567584302,720575940604643872,518222
720575941480940963,720575940627475722,514793
720575941460704467,720575940606066306,532689
720575941476858420,720575940629972431,517688
720575941538885013,720575940615677499,520167
720575941556302308,720575940618156381,512269
720575941518633176,720575940614309039,70808
720575941579715409,720575940631684321,147622
720575941572911176,720575940639453555,77225
720575941473302880,720575940624666604,41889
720575941549450557,720575940631186432,27158
720575941612489133,720575940631097159,530374
720575941539722109,720575940612173738,82348
720575941467070742,720575940630799161,102974
720575941574145949,720575940632659938,30944
720575941596189297,720575940629661306,141383
720575941410567083,720575940606039072,57913
720575941538002659,720575940622627466,110291
720575941480383139,720575940646439044,57232
720575941507110423,720575940629044071,80565
720575941504685762,720575940618184896,116137
720575941690353371,720575940631900845,22857
720575941412846959,720575940626408454,23237
720575941495704775,720575940612031469,17028
720575941579230197,720575940625063098,532451
720575941688180492,720575940615731818,43164
720575941407910574,720575940613664790,107891
720575941516851347,720575940613072382,89773
720575941462924944,720575940635662510,541628
720575941688229750,720575940612895697,63475
720575941505877564,720575940630765047,83653
720575941474250026,720575940637891049,28868
720575941490923212,720575940636802270,20947
720575941452354887,720575940614581516,77976
720575941538554261,720575940609956547,76432
720575941460805843,720575940639383605,581122
720575941613803228,720575940620451207,526594
720575941626427338,720575940630853663,51717
720575941545978812,720575940623673331,75584
720575941456195309,720575940623295271,71199
720575941560080399,720575940611394730,63637
720575941506676247,720575940619616123,102217
720575941490395081,720575940642839092,52677
720575941520941491,720575940621610572,52327
720575941490142773,720575940638131544,58267
720575941506115749,720575940632116687,179020
720575941529371780,720575940632556392,155394
720575941560404974,720575940611770978,18258
720575941655450068,720575940613047519,62565
720575941503550039,720575940627792401,141509
720575941508132702,720575940620929345,152763
720575941632892320,720575940623165257,159203
720575941549325089,720575940625877178,60190
720575941576455016,720575940625005031,531248
720575941595759655,720575940610171234,147396
720575941561914925,720575940622549801,79280
720575941535176882,720575940638689001,26860
720575941594779685,720575940619280110,437025
720575941667266547,720575940637949161,154433
720575941578638581,720575940616426869,142083
720575941638205557,720575940633710105,106115
720575941680381117,720575940621457577,87697
720575941498627657,720575940612770418,72111
720575941479489154,720575940625765306,160889
720575941460719044,720575940619723979,96231
720575941525761613,720575940623438571,126002
720575941479763363,720575940605431840,125552
720575941438651436,720575940620012321,521384
720575941414623772,720575940621504269,89841
720575941475968030,720575940620424641,66038
720575941624994459,720575940624537836,46991
720575941485639309,720575940625532689,63097
720575941555280100,720575940617143966,117811
720575941476762945,720575940640158939,48122
720575941587991863,720575940608413193,111197
720575941535285426,720575940627073448,98104
720575941545383273,720575940640451280,137438
720575941542966557,720575940615959252,136581
720575941430048175,720575940628254263,54202
720575941568903412,720575940617540838,112697
720575941514915065,720575940638963363,140883
720575941560103795,720575940614183218,88000
720575941415760156,720575940619465904,92679
720575941573030301,720575940632177453,156450
720575941653938905,720575940632745261,95861
720575941458019999,720575940625572240,49545
720575941515244890,720575940630519035,81385
720575941642797925,720575940629952374,101010
720575941559891571,720575940623443859,136048
720575941511378130,720575940624713660,83783
720575941550863871,720575940614386738,79690
720575941473055328,720575940629342458,124690
720575941479224288,720575940614784918,130324
720575941644073633,720575940643544224,81143
720575941472819296,720575940626102628,70322
720575941670132913,720575940645344110,127593
720575941514542179,720575940615895858,152548
720575941505379237,720575940629911084,68254
720575941662770044,720575940616121501,130972
720575941505433916,720575940625529477,96721
720575941571498398,720575940629894391,148486
720575941577395801,720575940611394019,111655
720575941553749402,720575940658321793,66105
720575941456337133,720575940608407049,175767
720575941352202800,720575940623067114,138439
720575941410191275,720575940623253994,150781
720575941658216272,720575940622017148,125813
720575941565461607,720575940628755023,101133
720575941531609061,720575940615671494,103832
720575941626202267,720575940622013564,47901
720575941553173787,720575940622294808,62003
720575941573422587,720575940626430339,83576
720575941506239045,720575940615219778,523630
720575941498046177,720575940614887830,75774
720575941522636023,720575940603045804,102283
720575941431063822,720575940630471695,123894
720575941413778580,720575940623543303,133214
720575941507532066,720575940627568646,31720
720575941554081363,720575940615263903,112040
720575941574649526,720575940621044701,145352
720575941575852136,720575940637810239,70235
720575941438716895,720575940631256168,60172
720575941609944394,720575940617865280,43876
720575941517637292,720575940654491553,142769
720575941438665746,720575940617849920,50304
720575941658032208,720575940629967756,56424
720575941690130584,720575940627585286,65379
720575941441508815,720575940619895329,59442
720575941585186014,720575940629839863,56284
720575941514525955,720575940623105023,83341
720575941502256834,720575940619967879,106691
720575941610869734,720575940649228665,152860
720575941688312438,720575940624682426,74368
720575941590623372,720575940620282758,52402
720575941352978224,720575940631624761,51430
720575941410289579,720575940622538461,86876
720575941466800406,720575940620333958,132649
720575941625541787,720575940630114108,95158
720575941515372025,720575940614822742,524809
720575941471299959,720575940628060934,139008
720575941482957309,720575940639733211,20773
720575941625167818,720575940619519909,133671
720575941625674651,720575940627834359,63394
720575941536465384,720575940634942362,129189
720575941603004406,720575940623679495,51354
720575941446789908,720575940630219055,129903
720575941577571417,720575940619795883,47026
720575941565362274,720575940630733137,61962
720575941595062897,720575940612023983,534786
720575941539895757,720575940626669957,47997
720575941614417305,720575940627367189,123421
720575941660443192,720575940643063200,138335
720575941563183623,720575940617473748,42908
720575941624995995,720575940614200426,112749
720575941595592325,720575940632010567,88655
720575941526887524,720575940614218346,63942
720575941593157227,720575940618371777,61605
720575941459045958,720575940623430365,91487
720575941559323630,720575940611954801,90393
720575941515283523,720575940631647043,69650
720575941602482422,720575940616702262,63629
720575941629425446,720575940626216573,53756
720575941490634441,720575940625309882,114090
720575941459644063,720575940643619863,18727
720575941604918718,720575940617864961,12969
720575941604014070,720575940625690256,56277
720575941552688702,720575940612730538,108285
720575941572873737,720575940619518854,23938
720575941471403019,720575940612697714,44097
720575941458912752,720575940626605200,100485
720575941508849281,720575940619882868,46181
720575941508526370,720575940639494528,27249
720575941467916310,720575940613219474,40841
720575941476913457,720575940622462685,47357
720575941552711998,720575940613082282,536398
720575941591369356,720575940613857130,33082
720575941626162331,720575940638192829,156203
720575941480353154,720575940613053146,544412
720575941668537331,720575940630570204,52504
720575941412612719,720575940632727577,531312
720575941578963545,720575940627180618,57210
720575941611888358,720575940623874708,30383
720575941723316282,720575940613110703,87927
720575941480613711,720575940623097271,23164
720575941574540296,720575940627134470,543394
720575941461355475,720575940631639567,26570
720575941555334401,720575940627583290,49251
720575941445030314,720575940631759052,138241
720575941488400336,720575940627853449,142846
720575941565695639,720575940623084109,89464
720575941688609548,720575940619529455,29298
720575941633244357,720575940612896485,98794
720575941475698491,720575940627828306,63748
720575941435653262,720575940623860116,77581
720575941617858773,720575940636666970,181406
720575941533842307,720575940612494997,516454
720575941451068238,720575940620321739,41547
720575941500233378,720575940617623350,88007
720575941536994330,720575940635216282,51946
720575941417049884,720575940630509074,70204
720575941596926853,720575940635681966,144543
720575941491651020,720575940637054554,573061
720575941553979527,720575940622914548,103026
720575941688991244,720575940609774347,545896
720575941451172686,720575940629167612,116232
720575941553023038,720575940638398773,173226
720575941453683881,720575940633227428,65108
720575941591755404,720575940645469731,48392
720575941575169033,720575940625399275,92581
720575941472299072,720575940621690760,138396
720575941578890585,720575940605393888,172452
720575941464135693,720575940624327828,24958
720575941514326860,720575940620465172,37783
720575941498876027,720575940622762740,516495
720575941417065756,720575940627852367,58074
720575941523626743,720575940632666649,159249
720575941440779605,720575940638077262,71195
720575941523482871,720575940642770592,530362
720575941554404123,720575940646050158,93231
720575941515688259,720575940636444479,74478
720575941626479724,720575940607964427,60824
720575941633363141,720575940640023869,537496
720575941633632672,720575940627959880,37254
720575941536806426,720575940609125641,56908
720575941402014499,720575940625334794,518976
720575941519571895,720575940623852996,186081
720575941555942913,720575940629606641,529246
720575941471240256,720575940639151960,20456
720575941547229620,720575940626227774,28683
720575941441234111,720575940621481450,56138
720575941408800047,720575940620294420,44409
720575941559494415,720575940608729795,247786
720575941556877796,720575940623497340,35517
720575941540261581,720575940629163820,58594
720575941549506932,720575940611016910,16829
720575941507979077,720575940629669433,91740
720575941495729019,720575940625530114,136369
720575941654974169,720575940637444771,58156
720575941458853702,720575940627560386,42529
720575941529819832,720575940623234567,40588
720575941490651337,720575940618423899,54923
720575941608283978,720575940632680895,48575
720575941586999518,720575940625080197,88089
720575941449938013,720575940621363469,91157
720575941517006296,720575940620328828,54278
720575941500564363,720575940619679111,814392
720575941409701035,720575940632286816,55905
720575941499397003,720575940615964485,90679
720575941474474270,720575940628074711,70598
720575941602373054,720575940619249648,542621
720575941514645850,720575940614413685,155035
720575941497832777,720575940624049338,133408
720575941438841311,720575940635677668,184141
720575941486681808,720575940636643406,155279
720575941539971533,720575940625487256,515574
720575941432483425,720575940630865724,14780
720575941586294918,720575940625442795,62553
720575941517020014,720575940609019512,178115
720575941636685429,720575940623194632,197172
720575941479419299,720575940631700219,73097
720575941476218654,720575940622192141,533543
720575941588254206,720575940629936348,102317324
720575941615407257,720575940645693220,551911
720575941459141446,720575940637824575,131810
720575941652800497,720575940634283616,85555
720575941566403126,720575940623191073,14237
720575941512376908,720575940631252051,124737
720575941547960609,720575940637794163,169954
720575941670005425,720575940618574983,244397
720575941473435277,720575940631217782,921954
720575941644023672,720575940629162870,188343
720575941671285671,720575940612955107,910534796
720575941449682510,720575940630060887,429535
720575941589520183,720575940627603432,262241
720575941432147297,720575940622344216,274169
720575941554333441,720575940619940811,556393
720575941494537086,720575940625841214,269127
720575941535019096,720575940630759485,438727
720575941460163910,720575940633813309,201695766
720575941591986728,720575940626956298,303718
720575941574411165,720575940637844157,229434
720575941393191574,720575940626327720,923862580
720575941625461659,720575940637731817,383657
720575941644189304,720575940617989417,948367089
720575941461874372,720575940630835195,666801768
720575941537768675,720575940619969329,123737608
720575941543029277,720575940628708170,954627
720575941528581508,720575940633280107,302245
720575941391953156,720575940616356281,217300
720575941605048510,720575940633353568,244034
720575941466904342,720575940614735372,920378
720575941625985947,720575940616704581,160284
720575941464125197,720575940637002574,182862
720575941501356427,720575940627444746,559265
720575941560667693,720575940635114347,209417
720575941482161862,720575940613666666,211093
720575941661538872,720575940625485657,203974
720575941574222856,720575940638822515,239398
720575941610753257,720575940629009786,901030
720575941523087947,720575940627685864,249230
720575941432254222,720575940638249917,75932
720575941565679767,720575940632458195,563630
720575941504110274,720575940613428008,398485
720575941480144514,720575940630253420,513287
720575941593426472,720575940627209734,454027165
720575941544574725,720575940619903215,260295
720575941722247482,720575940625073154,102317176
720575941611013962,720575940622146698,554335
720575941556453028,720575940629792018,987123564
720575941604214518,720575940618682526,163395
720575941510571536,720575940625491556,1033806156
720575941411771247,720575940631512376,124058
720575941598781888,720575940639246195,525242
720575941663392892,720575940629004158,606196441
720575941553671047,720575940634365620,289691
720575941401511971,720575940631468831,969739619
720575941615104665,720575940621051501,156608300
720575941442078811,720575940621322634,156120
720575941491006668,720575940638817725,38936
720575941441815899,720575940634530155,325080
720575941502303627,720575940621456349,514314
720575941589556292,720575940641786101,248353
720575941590210359,720575940617192148,245127
720575941438657042,720575940626399550,878712549
720575941595520807,720575940627528964,515011
720575941625164955,720575940635221172,802749
720575941449867598,720575940654611617,218270
720575941587891767,720575940645700228,39713
720575941507584325,720575940627575573,22981
720575941473184315,720575940622588165,91190
720575941507805569,720575940618566657,47047
720575941409079723,720575940627100176,73419
720575941609669706,720575940619252718,37178
720575941450419805,720575940605928066,53669
720575941402677360,720575940628613372,56915
720575941526299650,720575940633967842,60970
720575941520954615,720575940638946805,88258
720575941439460831,720575940624013606,41089
720575941493209982,720575940609762094,96134
720575941513774801,720575940612553189,56909
720575941662617912,720575940626684488,56638
720575941535931363,720575940621325993,139914
720575941627263270,720575940658541697,59135
720575941408758955,720575940633548895,575476
720575941690878427,720575940609171721,802295
720575941612229037,720575940611639978,25707
720575941668250099,720575940626416145,39513
720575941606045293,720575940615954838,48923
720575941470818679,720575940645077527,24854
720575941687097100,720575940620608950,20533
720575941481537222,720575940628064260,518983
720575941513997521,720575940634921140,531169
720575941653974545,720575940629928062,536433
720575941564349842,720575940616412738,15104
720575941510968080,720575940625764745,514372
720575941440011727,720575940617815225,31993
720575941474187323,720575940631202899,50924
720575941519831512,720575940616915753,577902084
720575941523572471,720575940616333627,42154
720575941486562701,720575940626607626,921951
720575941545274117,720575940626290760,107837
720575941430507145,720575940617216320,18842
720575941438214700,720575940636282431,525190
720575941546037692,720575940607924098,542313
720575941498824571,720575940628567934,141402
720575941460847812,720575940614777247,94310
720575941434514062,720575940615839581,119475
720575941476124721,720575940628411612,533345
720575941486961872,720575940610029432,41787
720575941610128813,720575940635696535,105128
720575941439669567,720575940634442091,524851
720575941562861410,720575940632617164,77975
720575941731789611,720575940628920987,159261
720575941595884145,720575940624527091,94674
720575941496722816,720575940608163285,60137
720575941427512404,720575940648768377,152788
720575941547739316,720575940623931918,516494
720575941521570231,720575940640771547,88056
720575941461975748,720575940632267112,25410
720575941593607126,720575940637490776,235061
720575941626435483,720575940628692055,515758
720575941435317134,720575940617393435,155298
720575941572171166,720575940644438039,524761
720575941557352686,720575940618518766,32464
720575941459216287,720575940617373268,16942
720575941503528171,720575940615679282,17331
720575941564682135,720575940626569554,575398
720575941553985875,720575940627850622,33333
720575941636531573,720575940619389680,804883
720575941556839204,720575940617446449,133485
720575941614483475,720575940605188542,26824
720575941651139349,720575940611462885,22404
720575941598191808,720575940613725371,141369
720575941610908137,720575940621522190,135809
720575941480693187,720575940614398570,90850
720575941545219464,720575940622136573,110429
720575941567187962,720575940638159472,42002
720575941604982462,720575940621274845,27715
720575941588369662,720575940637660733,55546
720575941485889858,720575940616169787,103189
720575941643030945,720575940626187014,96166
720575941604501182,720575940647574916,126597
720575941452260659,720575940644994436,519385
720575941500700139,720575940608838958,240034
720575941558552591,720575940632716698,72021
720575941516069625,720575940616824965,111207
720575941655157209,720575940637431613,131295
720575941608733673,720575940630333911,24350
720575941592328741,720575940627748352,76875
720575941434859296,720575940627645263,823201
720575941506644028,720575940619905916,38731
720575941568305658,720575940633702511,366006
720575941472597051,720575940618393478,35345
720575941593057064,720575940646554659,56511
720575941438848479,720575940623052728,53514
720575941492003559,720575940608900050,144990
720575941584961246,720575940627903804,61311
720575941562316039,720575940620200413,57655
720575941501969714,720575940628266235,58424
720575941595605029,720575940610309034,43730
720575941592986481,720575940627588602,143082
720575941543804189,720575940615719252,253152
720575941435493164,720575940618029733,138437
720575941592612903,720575940624813437,73646
720575941573117341,720575940622949820,76330
720575941549450301,720575940611765032,114184
720575941603555830,720575940616197021,517264
720575941546026684,720575940621086079,167799
720575941407929391,720575940629681168,157110
720575941580702585,720575940621025037,67361
720575941605147757,720575940634173176,131237
720575941478341283,720575940629786103,140831
720575941730219051,720575940618197840,93834
720575941450874958,720575940628352000,180111
720575941609026122,720575940623935159,545375
720575941579062261,720575940622006506,69651
720575941548939553,720575940619489857,124562
720575941440787803,720575940629422183,28394
720575941557485988,720575940621090398,18274
720575941584219614,720575940632098204,85950
720575941468917213,720575940622102709,117480
720575941589534007,720575940629791288,25464
720575941508475998,720575940625053829,20828
720575941453364137,720575940612815766,88994
720575941557487396,720575940616457670,26503
720575941534264152,720575940626529276,192465
720575941455474925,720575940618544469,75468
720575941615525785,720575940642454216,53676
720575941414381460,720575940623949668,45894
720575941505852485,720575940636266615,83559
720575941668600563,720575940614702239,249310
720575941439987291,720575940615424086,109959
720575941432169687,720575940611844210,138316
720575941550210877,720575940613637785,32752
720575941573170697,720575940634007891,14798
720575941703327194,720575940628802632,173749
720575941667403953,720575940635095141,136908
720575941534336600,720575940625767196,34004
720575941633271200,720575940616032187,117074
720575941462724752,720575940625767568,79373
720575941582729311,720575940615894246,67622
720575941538026109,720575940637851069,16428
720575941615459993,720575940615650009,51519
720575941525873689,720575940631589919,164791
720575941516268378,720575940610409957,37004
720575941438661394,720575940628455996,69219
720575941546065852,720575940638352803,526644
720575941445882900,720575940621228168,512930
720575941408883371,720575940615083439,113858
720575941502212951,720575940621908420,27369
720575941513844985,720575940627101512,521657
720575941415800092,720575940630760771,45192
720575941551853851,720575940610594766,97787
720575941686040844,720575940604518944,196296
720575941611044841,720575940636528959,207353
720575941606825069,720575940605834882,102029
720575941624302730,720575940620567045,30801
720575941539490941,720575940633925788,81238
720575941588028228,720575940625925892,66246
720575941515219449,720575940631824744,20697
720575941430333103,720575940614090803,520222
720575941432699662,720575940623229368,84360
720575941588012087,720575940619447535,172928
720575941540642845,720575940617959729,71469
720575941582788959,720575940630706247,141515
720575941535576001,720575940616586077,85331
720575941474751803,720575940619549611,61560
720575941490935753,720575940620874996,25001
720575941560204815,720575940643423392,550823
720575941485384333,720575940638846080,98430
720575941408351406,720575940622789611,112294
720575941477408106,720575940619443376,174813
720575941638562933,720575940618849877,40201
720575941526909284,720575940629574615,90835
720575941482764474,720575940630317415,71932
720575941533685258,720575940611903601,164099
720575941487765968,720575940606774281,159211
720575941523410507,720575940633671705,71695
720575941461357581,720575940623752741,44070
720575941430543023,720575940658674049,87077
720575941353089328,720575940615988710,273774
720575941482603773,720575940618675803,137702
720575941667986675,720575940626351256,89657
720575941687968374,720575940635280495,34684
720575941554755923,720575940624056467,518162
720575941569356276,720575940610161813,57252
720575941467819030,720575940624023480,117356
720575941448649653,720575940613211955,176983
720575941583986054,720575940632424779,116824
720575941526239001,720575940623540813,171585
720575941610886061,720575940630898515,198252
720575941540504701,720575940611250650,14591
720575941624355580,720575940619488621,35297
720575941478105986,720575940621478861,191647
720575941621865468,720575940628306114,15836
720575941506206814,720575940622840300,179308
720575941554251291,720575940630558751,174319
720575941685802735,720575940627954375,145371
720575941702094298,720575940629235047,158196
720575941477733738,720575940631118610,83277
720575941494611070,720575940629388027,152649
720575941485487426,720575940604833982,174299
720575941633125536,720575940604955057,173056
720575941460987347,720575940626705029,12790
720575941629766182,720575940628928772,552768
720575941513884506,720575940627399783,140134
720575941479442400,720575940632424011,156190
720575941514490179,720575940625619458,142010
720575941538261373,720575940639688064,105469
720575941518120108,720575940640613339,41533
720575941464616534,720575940613830559,64694
720575941533420931,720575940634209376,185655
720575941435955500,720575940626267261,141883
720575941473463867,720575940606550706,24847
720575941544918021,720575940628750718,63502
720575941604213494,720575940620476381,14316
720575941513560931,720575940630696399,25328
720575941431331247,720575940619899668,40419
720575941432047201,720575940614149318,157315
720575941663588220,720575940641785845,14261
720575941431726689,720575940618111261,141834
720575941547761012,720575940632880796,207547
720575941431632225,720575940612875560,162207
720575941505384508,720575940618259766,25872
720575941540370893,720575940629148315,231285
720575941498972539,720575940626870846,15242
720575941583863518,720575940629137196,55413
720575941535439386,720575940635727735,125345
720575941611360230,720575940622224553,20622
720575941476013162,720575940641369296,112109
720575941479720066,720575940653093025,90014
720575941521103095,720575940637935011,512492
720575941456480496,720575940632464557,28732
720575941630759621,720575940629245527,154383
720575941625967050,720575940611596467,125884
720575941414055964,720575940614554930,512633
720575941393538966,720575940630890282,98879
720575941489689653,720575940603875616,67293
720575941522438391,720575940614328994,148442
720575941604006134,720575940636574527,13037
720575941612127251,720575940612704209,18729
720575941632599532,720575940614871336,182223
720575941638515317,720575940633209647,116454
720575941614718361,720575940626828955,70317
720575941655061977,720575940622657285,525349
720575941457424710,720575940626871025,521009
720575941392849924,720575940638337845,518513
720575941544923909,720575940610437093,568738
720575941447991828,720575940638824245,112471
720575941614543891,720575940628838006,69733
720575941723920698,720575940619834094,524060
720575941539527037,720575940621595328,141733
720575941435143456,720575940627467087,52931
720575941407599151,720575940612423208,152462
720575941630052066,720575940618681168,110372
720575941450158685,720575940616564829,513768
720575941499005665,720575940631431251,523894
720575941461302724,720575940646030388,142915
720575941574095611,720575940644671342,24310
720575941502754283,720575940612921458,916034
720575941541655388,720575940640757888,127437
720575941490624718,720575940632157631,514185
720575941435160864,720575940632113871,76425
720575941452632233,720575940635371164,35362
720575941452092538,720575940608688942,46327
720575941634353851,720575940628199802,11756
720575941501345163,720575940644562286,11442
720575941588634436,720575940611561965,45709
720575941572575646,720575940629521861,57957
720575941645244792,720575940612004209,66445
720575941667663347,720575940607345074,578754
720575941575522920,720575940633117591,85922
720575941491396814,720575940628173138,103112
720575941554120475,720575940636082936,531184
720575941460820164,720575940610048558,519314
720575941537715944,720575940616045497,93881
720575941479476559,720575940623748298,40142
720575941645322913,720575940644545060,40465
720575941569430522,720575940616885597,39707
720575941580141301,720575940618773302,144206
720575941459621572,720575940636247273,37347
720575941506089239,720575940621292996,178839
720575941686130294,720575940612824239,194305
720575941609615206,720575940611211542,60370
720575941594777383,720575940611240627,107471
720575941614512147,720575940625669032,27340
720575941445087402,720575940631558191,512748
720575941530934147,720575940638136117,59669
720575941448581213,720575940636107694,52898
720575941462184973,720575940631301447,52654
720575941441460927,720575940614110375,173743
720575941520336823,720575940635837029,58847
720575941574750351,720575940625708336,91471
720575941652782577,720575940613894398,137543
720575941471528512,720575940642878368,519277
720575941567240948,720575940627377346,209528
720575941427807828,720575940622172042,527618
720575941488047568,720575940621798382,51973
720575941657915672,720575940627166632,39656
720575941611279337,720575940630076887,49043
720575941596075121,720575940625179236,96206
720575941628243769,720575940608822226,31576
720575941528836024,720575940644615790,151820
720575941554325843,720575940627799808,65054
720575941594162795,720575940629515126,534834
720575941460815571,720575940618153296,107460
720575941670392999,720575940604847392,230056
720575941629774572,720575940616963229,206644
720575941531626213,720575940606196098,86213
720575941521180151,720575940603903264,10505
720575941610798569,720575940622403542,121817
720575941623400444,720575940613530636,53101
720575941576812648,720575940617797149,52326
720575941526950221,720575940612486371,26972
720575941574625167,720575940612439761,46559
720575941490840009,720575940632511759,44533
720575941459360070,720575940624192549,24709
720575941564351586,720575940617124865,17869
720575941413264017,720575940615021864,59823
720575941408573614,720575940625677193,55736
720575941504713666,720575940642740260,76071
720575941632462021,720575940637300708,67181
720575941477886017,720575940628131371,33887
720575941475540027,720575940624895113,56343
720575941352263984,720575940620586735,51056
720575941599679017,720575940657810561,88844
720575941545667260,720575940631962705,80114
720575941554697370,720575940631528566,34071
720575941639525493,720575940629678331,32644
720575941440507477,720575940610623186,35068
720575941459118239,720575940617091033,20685
720575941568806770,720575940620382400,49983
720575941578416473,720575940627253510,36223
720575941610108333,720575940621845018,166057
720575941413713812,720575940633177570,98652
720575941502229899,720575940629108332,111335
720575941595022449,720575940602415584,57149
720575941462725008,720575940613151706,37118
720575941481333946,720575940622362109,80620
720575941475432507,720575940605694240,35546
720575941411354539,720575940606659970,58435
720575941449236317,720575940617678471,65332
720575941439620181,720575940624576806,531945
720575941595487781,720575940603715296,516906
720575941605050558,720575940637846947,151762
720575941667594417,720575940622672324,539353
720575941564380519,720575940623035742,50197
720575941560094323,720575940627000207,552593
720575941428845961,720575940624799490,170467
720575941518138796,720575940604167712,28169
720575941586584542,720575940617160000,56708
720575941480293539,720575940631896936,138610
720575941564343138,720575940605956553,156143
720575941594494757,720575940621677702,129124
720575941499576715,720575940629551375,17047
720575941477429022,720575940626567701,26815
720575941430676655,720575940626376600,50660
720575941535009368,720575940632255388,99284
720575941480683138,720575940630122491,50464
720575941592448808,720575940619550708,145530
720575941392651158,720575940621900321,147591
720575941549998369,720575940623056422,24808
720575941595812485,720575940647784569,133614
720575941449964922,720575940640443533,91776
720575941485907010,720575940634095767,164849
720575941408581547,720575940624037863,125212
720575941623507052,720575940630387730,109041
720575941641680978,720575940629401163,137425
720575941534116786,720575940622312472,117879
720575941552917383,720575940619718054,101916
720575941611890918,720575940616035990,28959
720575941573865117,720575940634309565,124536
720575941669171377,720575940618709184,68438
720575941520315575,720575940628091803,46436
720575941611413993,720575940631971871,172025
720575941476922654,720575940633529707,20002
720575941505553317,720575940604906016,87266
720575941590931084,720575940625067294,177539
720575941459040196,720575940634040244,163407
720575941623448219,720575940635319407,172232
720575941507213847,720575940634007647,48099
720575941408657711,720575940629613196,76852
720575941633725627,720575940624827993,79125
720575941663538300,720575940630316647,74219
720575941511608273,720575940615043112,17754
720575941430686127,720575940625294217,158958
720575941515948035,720575940623434535,118697
720575941595081430,720575940628971513,129084
720575941596736901,720575940634571383,13069
720575941518110124,720575940630902609,102840
720575941555143937,720575940633304913,99589
720575941563279762,720575940603804704,216034
720575941541999708,720575940648001156,28055
720575941539327893,720575940634990271,42124
720575941574129928,720575940630539794,24732
720575941538419605,720575940609806712,101593
720575941484927117,720575940623855397,15724
720575941566034279,720575940618097573,170990
720575941634323131,720575940635611060,180267
720575941643361656,720575940628966479,65609
720575941514363482,720575940613191591,436612
720575941639820319,720575940623808805,527526
720575941565390434,720575940635008607,79077
720575941483969277,720575940626852400,537495
720575941534267370,720575940629932035,63538
720575941524309323,720575940621123934,35488
720575941560546675,720575940607350793,33380
720575941535264746,720575940629001935,157770
720575941435251086,720575940633189145,92212
720575941460296848,720575940644614947,168875
720575941525248770,720575940626605211,152295
720575941352968496,720575940630057039,148915
720575941505525783,720575940611872426,133524
720575941431207087,720575940623404109,178252
720575941412226415,720575940642837870,167420
720575941551090943,720575940636037604,138941
720575941550616831,720575940632658131,64483
720575941537923299,720575940629964856,120165
720575941483848189,720575940613901170,16831
720575941623968764,720575940629979087,17808
720575941477620532,720575940625752778,159854
720575941411252907,720575940626463869,53198
720575941413704084,720575940633396767,70494
720575941444365994,720575940654927777,544826
720575941520797107,720575940631467949,66404
720575941427594068,720575940640884312,21990
720575941568818938,720575940618887217,115666
720575941585070558,720575940617172436,72963
720575941525452008,720575940631394920,238356252
720575941455118387,720575940615828923,40393
720575941540544637,720575940634320319,115221
720575941576997431,720575940604355872,555234
720575941645227169,720575940629720958,41795
720575941625384842,720575940615230175,273974394
720575941508480094,720575940624524848,743179180
720575941458978207,720575940611845034,342961
720575941508861278,720575940620822893,397749
720575941594045142,720575940633555425,975394666
720575941415194260,720575940627714310,536998
720575941575303432,720575940631997580,332877
720575941538265832,720575940616642363,918039
720575941569343090,720575940629114959,922113
720575941440438463,720575940633475424,242879
720575941597992092,720575940637612095,944907
720575941541997085,720575940617166882,925497
720575941564745728,720575940615596171,224955
720575941477408798,720575940631907143,722547202
720575941400897827,720575940632274636,317827504
720575941498686587,720575940619270535,212619
720575941520125623,720575940612419763,142423
720575941550087284,720575940630664273,215822
720575941479680130,720575940659131009,112824
720575941568201518,720575940631240296,222393
720575941535351018,720575940619357264,394261749
720575941614803865,720575940623071270,298517
720575941506731543,720575940620293652,426803
720575941662590264,720575940629416318,533618
720575941505209394,720575940610259370,272263
720575941556396516,720575940631393484,512552
720575941554978458,720575940623267732,221428
720575941592618603,720575940618451285,291345
720575941644367442,720575940638422387,936218495
720575941611491942,720575940650244342,263851661
720575941440194389,720575940636530921,157219
720575941595355094,720575940623265258,247534
720575941590203703,720575940621515190,101583
720575941475925278,720575940624604560,786482749
720575941407945263,720575940634755041,535840645
720575941466690326,720575940627948111,203780
720575941584770655,720575940627318696,955939
720575941604153534,720575940614174943,324311
720575941731700523,720575940634294111,201419
720575941586072542,720575940633378411,901811
720575941515107833,720575940612800153,217784
720575941473820458,720575940627442709,195446
720575941607886445,720575940637568838,262567
720575941516166746,720575940629721399,1025832598
720575941555750483,720575940638212166,492933218
720575941516317689,720575940627431311,288638336
720575941503297218,720575940620156763,798773698
720575941594976551,720575940630866939,242202
720575941552915774,720575940630958673,218595
720575941537823715,720575940630824239,155433
720575941662968700,720575940633031085,534309
720575941651713265,720575940635579128,512631
720575941553295422,720575940612856854,153891
720575941631179244,720575940626530564,781461741
720575941453262761,720575940619793940,234867
720575941412851823,720575940630044409,225552
720575941655791316,720575940613403390,214318
720575941456881389,720575940634941887,214813
720575941536156648,720575940616889915,567846
720575941536812314,720575940614705567,103917697
720575941518301144,720575940628081393,316798582
720575941625723803,720575940626769304,246904
720575941596225905,720575940630773778,353032
720575941526943746,720575940622695861,182918
720575941589923326,720575940632889313,185978
720575941455160883,720575940638202852,922225
720575941670198961,720575940628865641,404599
720575941593613096,720575940644262935,954509
720575941404901488,720575940617234077,175933
720575941575763816,720575940631978956,417046
720575941652847345,720575940625162168,311545
720575941558363684,720575940629710444,422690
720575941480492000,720575940623361427,920750
720575941556496548,720575940619912021,930758
720575941578897909,720575940612029297,241016
720575941474477627,720575940619548225,199328457
720575941528999352,720575940631467565,620383895
720575941667522547,720575940629824378,422978
720575941539488717,720575940629355064,111451471
720575941514246723,720575940634859188,602736959
720575941515346169,720575940607635012,10438
720575941415716636,720575940617795814,514024
720575941549059901,720575940631367520,493774068
720575941431486679,720575940615455230,145088940
720575941559124239,720575940616631001,189216879
720575941449802845,720575940628873295,565848
720575941470950464,720575940634181984,523980024
720575941716033067,720575940614302370,942168
720575941441946459,720575940627015942,74362
720575941688166156,720575940614484626,145642
720575941519649134,720575940623924007,137224
720575941516238426,720575940619954693,46710
720575941732226091,720575940641254133,29260
720575941589044990,720575940612202419,40528
720575941550187124,720575940605602946,124822
720575941439244511,720575940626793871,65000
720575941414729620,720575940610909809,174801
720575941410811307,720575940612404478,518530
720575941452149882,720575940626457221,93765
720575941690682075,720575940637143359,77392
720575941483362045,720575940629860395,199106
720575941627608633,720575940624701698,185706
720575941510865106,720575940626495238,75639
720575941687952879,720575940640986075,298521
720575941442395855,720575940618173787,317223538
720575941569480692,720575940613698747,71593
720575941625175498,720575940613950530,130973
720575941477411124,720575940616706594,165928
720575941569115898,720575940612197101,60429
720575941644808609,720575940632259887,157197
720575941441494107,720575940631931183,269157
720575941496553088,720575940605912678,278747524
720575941507510145,720575940644038180,183656
720575941624935626,720575940630461265,76949
720575941515396451,720575940611617326,518787
720575941456844269,720575940611916274,926818612
720575941691270040,720575940630996072,228334
720575941454848563,720575940630990732,603410970
720575941532690149,720575940634414231,301842
720575941681232317,720575940629888599,916503
720575941493553584,720575940603870688,309983293
720575941604111606,720575940620605745,87434
720575941511377874,720575940608233941,56752
720575941598918080,720575940639209013,59860
720575941508632449,720575940604566449,512217
720575941401991715,720575940646916148,18904
720575941557412516,720575940620144251,119037
720575941461407699,720575940615607308,137019
720575941481209423,720575940653599478,90391
720575941469768669,720575940614636450,107233
720575941404941680,720575940628890024,61060
720575941599086784,720575940633990812,20049
720575941557745572,720575940631253778,54392
720575941596425841,720575940618043806,37193
720575941554092033,720575940614393250,131936
720575941468734685,720575940624749258,61116
720575941526686797,720575940620298260,77349
720575941579736913,720575940629268986,158343
720575941539670933,720575940624037052,399456
720575941651994133,720575940622342852,503560891
720575941503799019,720575940626703637,222929
720575941643306597,720575940610102830,215707
720575941469792477,720575940627598891,921014
720575941518682478,720575940614803266,512238
720575941523175671,720575940626730058,956014
720575941633212859,720575940628823639,172693
720575941477801793,720575940647423353,63606
720575941499778722,720575940620681837,104620
720575941526854477,720575940611645333,66550
720575941471503479,720575940615250235,57934
720575941416736796,720575940624896951,155171
720575941640607775,720575940634906213,43476
720575941612207533,720575940615630685,564792
720575941416825372,720575940638190414,164686
720575941564022114,720575940628945145,38581
720575941472426048,720575940661325697,124730
720575941686948108,720575940622310582,82027
720575941432120535,720575940626185244,46458
720575941571640734,720575940622431860,78110
720575941610433610,720575940629169095,164420
720575941594635813,720575940630523979,117572
720575941662688636,720575940634281442,107162
720575941655129556,720575940628394455,54692
720575941670294193,720575940627475203,65350
720575941551992711,720575940621887197,48393
720575941502791986,720575940632153826,62542
720575941484652354,720575940621041005,170601
720575941436112428,720575940625891472,529436
720575941530920139,720575940612036978,109936
720575941573199247,720575940620885598,59381
720575941505343045,720575940623187677,99665
720575941486968717,720575940631249147,81474
720575941486452034,720575940627515225,14682
720575941563348370,720575940615660650,27908
720575941415374364,720575940607182466,137204
720575941426024532,720575940621791237,129216
720575941572272635,720575940642052749,97529
720575941644267681,720575940606522123,80560
720575941565221735,720575940612903793,18953
720575941526917965,720575940624019992,81466
720575941502173323,720575940631356580,70084
720575941567825266,720575940612762074,236542
720575941609792586,720575940616230815,71202
720575941686719500,720575940626814512,110613
720575941437742559,720575940623461709,109717
720575941611443932,720575940633283609,59280
720575941535513578,720575940627283545,107364
720575941426049876,720575940635310743,31842
720575941631448992,720575940633655694,155386
720575941537381874,720575940627020008,65354
720575941472966186,720575940638135359,134692
720575941624746954,720575940611526776,106024
720575941523379787,720575940620743151,46938
720575941544520965,720575940614649581,69427
720575941400008739,720575940632477101,61789
720575941661702780,720575940623559523,545069
720575941556898084,720575940621079661,98561
720575941518234734,720575940613877555,145420
720575941524771661,720575940635084639,531853
720575941491584716,720575940625059586,58258
720575941411560363,720575940650876150,79101
720575941563430824,720575940629580252,541766
720575941551062590,720575940622204808,169636
720575941554188315,720575940618193921,164149
720575941513913164,720575940621633889,178949
720575941475615041,720575940628188751,86380
720575941525765030,720575940621391971,93127
720575941504234149,720575940628778773,138461
720575941572467209,720575940633070732,135832
720575941406558382,720575940626390078,542403
720575941485059394,720575940624359241,36415
720575941645391009,720575940633163437,49375
720575941462310032,720575940622668671,31375
720575941534533464,720575940624919079,68827
720575941497546658,720575940607969289,75955
720575941552704318,720575940643325069,116953
720575941484131837,720575940619797126,59026
720575941561229480,720575940606258110,179361
720575941410505583,720575940619198996,142491
720575941557275684,720575940620490093,72354
720575941535779555,720575940635667607,117337
720575941549980671,720575940618829915,533023
720575941519801710,720575940615928799,99567
720575941619382655,720575940631408557,103448
720575941391402500,720575940612603176,91237
720575941660296760,720575940626258746,151576
720575941703571418,720575940632961376,109167
720575941535540312,720575940629588559,33201
720575941568465710,720575940626630673,60827
720575941574583400,720575940632726436,26019
720575941525540633,720575940639986877,521604
720575941520736435,720575940627274984,126458
720575941472058635,720575940623010283,102000
720575941458358086,720575940617519033,81083
720575941534419482,720575940626577490,54538
720575941528293030,720575940626377093,541643
720575941471588619,720575940655774113,79720
720575941624224876,720575940628318024,525730
720575941436428332,720575940630771451,99107
720575941489493708,720575940644093719,177690
720575941471853152,720575940634331128,71025
720575941454716979,720575940615916594,103183
720575941479171151,720575940644739108,38531
720575941496367227,720575940631046144,143433
720575941527888806,720575940605736364,48037
720575941461909715,720575940626875976,124212
720575941445649066,720575940627941704,74975
720575941489847244,720575940628315925,71989
720575941593419813,720575940628056842,41187
720575941554766490,720575940622333353,63730
720575941524971341,720575940637817670,138318
720575941508635664,720575940607838473,40873
720575941486151888,720575940638434749,29566
720575941460730579,720575940628787052,73420
720575941489420750,720575940618674203,72107
720575941620331391,720575940616129183,107821
720575941644979656,720575940616133442,56919
720575941436390188,720575940629877266,118368
720575941544565097,720575940640729216,22272
720575941547591457,720575940647804468,106591
720575941572046345,720575940612741799,119558
720575941660556600,720575940630818135,137449
720575941573683087,720575940610576708,38313
720575941469297271,720575940613394073,30009
720575941504401317,720575940620016251,70115
720575941400000291,720575940638138601,140523
720575941414712604,720575940639800910,152297
720575941469991744,720575940626087980,114154
720575941558097679,720575940633436823,146421
720575941660590392,720575940625480250,146357
720575941653813465,720575940649752441,114574
720575941493193136,720575940630547420,105153
720575941558126863,720575940650137977,146145
720575941558339310,720575940624136485,126875
720575941508585744,720575940627168003,71041
720575941391126276,720575940612081777,137006
720575941481090467,720575940623941134,32790
720575941497795913,720575940632789933,66958
720575941438448213,720575940628504337,153665
720575941515827971,720575940630912556,190271
720575941391230212,720575940635608983,35987
720575941410923119,720575940611902674,75527
720575941669543847,720575940613001841,75471
720575941631727035,720575940626401869,112262
720575941410908527,720575940641682128,87358
720575941637268597,720575940628894402,99628
720575941624303754,720575940626897964,119218
720575941552245787,720575940633087535,52217
720575941490004277,720575940619665019,37661
720575941498391009,720575940616134612,57925
720575941509427666,720575940634344217,147587
720575941598884137,720575940639894947,151090
720575941469716747,720575940633201828,117716
720575941449927290,720575940621721838,124004
720575941601980601,720575940626967311,124699
720575941486586509,720575940618636112,64372
720575941459898564,720575940628343173,176895
720575941598922908,720575940627077834,56476
720575941626150508,720575940622660490,34049
720575941654227412,720575940641223120,26246
720575941642433874,720575940643192205,115084
720575941502814258,720575940624885429,137594
720575941595352101,720575940609643531,112134
720575941642968914,720575940613595373,148157
720575941469179511,720575940627566213,102108
720575941436339244,720575940638607326,101398
720575941533381810,720575940606062002,156440
720575941563465826,720575940616999541,130105
720575941661142584,720575940609937762,45804
720575941563430407,720575940633726862,106391
720575941594116465,720575940631516690,157856
720575941481931194,720575940632412175,152956
720575941469344631,720575940641057744,140822
720575941490700341,720575940616239060,113013
720575941481403555,720575940637328447,50682
720575941525387289,720575940623849196,90306
720575941534237450,720575940611964053,88129
720575941617830613,720575940611565778,51258
720575941638670367,720575940631172665,110155
720575941435418912,720575940623275081,122608
720575941594876037,720575940618181606,144885
720575941576684121,720575940623212988,36481
720575941488834357,720575940628570871,23686
720575941650294037,720575940636074853,128364
720575941690920411,720575940635739743,76226
720575941414000276,720575940644713838,50678
720575941475494430,720575940612657010,124168
720575941525072973,720575940638300388,126503
720575941525096548,720575940624487268,64745
720575941481899261,720575940614473414,129076
720575941462375568,720575940616069682,149281
720575941506645086,720575940633453485,122146
720575941559678479,720575940621263553,116913
720575941535888867,720575940626636176,89892
720575941528127416,720575940625844664,65304
720575941615836629,720575940630996754,126078
720575941613699481,720575940630920412,96030
720575941517456856,720575940617097814,157506
720575941585656710,720575940623773576,114407
720575941432156513,720575940636126831,74091
720575941448371293,720575940635500223,108319
720575941448810318,720575940625997258,134908
720575941525451545,720575940613264662,155516
720575941488203984,720575940636490158,38630
720575941434199072,720575940639362869,49955
720575941540059597,720575940621543533,55957
720575941460712592,720575940624485828,56320
720575941548245053,720575940627020069,62458
720575941688959451,720575940608895427,132299
720575941482008506,720575940631666124,43035
720575941652078577,720575940618003515,21234
720575941562886546,720575940610120405,45776
720575941426067540,720575940613708967,59661
720575941473764667,720575940617407705,102845
720575941573819791,720575940638839529,108822
720575941644596129,720575940642843848,36242
720575941475558942,720575940622570083,38861
720575941572358664,720575940636381040,167128
720575941554257380,720575940614574061,78626
720575941497330657,720575940608565003,150568
720575941527738534,720575940631408604,25012
720575941550649406,720575940611489754,43189
720575941465956886,720575940621827789,113042
720575941530905317,720575940632357187,70622
720575941722612538,720575940629141863,62596
720575941495120000,720575940621739184,96823
720575941686960908,720575940619895679,111381
720575941609704937,720575940622320637,68541
720575941525010946,720575940607982466,37915
720575941558004239,720575940628241171,136875
720575941636998517,720575940646209059,110224
720575941524810754,720575940637757929,123809
720575941624331658,720575940631015255,201512
720575941521263607,720575940623021897,121093
720575941478840995,720575940629167878,45705
720575941484902978,720575940627784945,77263
720575941448344245,720575940605353905,105725
720575941577672949,720575940611882725,84580
720575941456826608,720575940628138005,91158
720575941436240672,720575940644500640,68315
720575941489076425,720575940608498699,46944
720575941573367048,720575940645592628,104419
720575941576716633,720575940642105248,36341
720575941592622632,720575940634433887,88321
720575941493233790,720575940615151870,101152
720575941597304768,720575940609221641,80394
720575941499153314,720575940611217394,37411
720575941626133817,720575940623088678,33019
720575941519140023,720575940634424056,111294
720575941484536642,720575940622981193,86447
720575941442114767,720575940614326499,27946
720575941572776349,720575940618172187,23171
720575941611406154,720575940621650175,50480
720575941529431243,720575940628298768,37832
720575941481886717,720575940616712278,76312
720575941453100339,720575940610501093,68243
720575941533420675,720575940637731955,35587
720575941447846837,720575940614839714,77662
720575941472025696,720575940632574253,76759
720575941589610124,720575940624483012,36681
720575941552226331,720575940622333097,66924
720575941548442685,720575940624970933,47642
720575941436474156,720575940620086622,35659
720575941472046688,720575940611768178,58339
720575941670928551,720575940621715182,27026
720575941732656171,720575940631440687,42524
720575941486121869,720575940628846577,67720
720575941642408018,720575940640278387,18326
720575941562828032,720575940633516825,46022
720575941703302874,720575940611934674,38324
720575941545498292,720575940612432021,97448
720575941508564865,720575940652650486,106911
720575941624363372,720575940635909227,74120
720575941470023232,720575940639850037,93319
720575941453005383,720575940631188039,52865
720575941609289290,720575940621954157,45782
720575941661738364,720575940619422854,114072
720575941554249188,720575940616734581,59589
720575941584236422,720575940615481461,71913
720575941638665247,720575940635018335,137458
720575941551927175,720575940628608744,96352
720575941643594696,720575940644282528,140677
720575941454933997,720575940628181992,123172
720575941562342802,720575940627735050,102646
720575941564923239,720575940620913345,43905
720575941438490453,720575940605709740,105470
720575941574865000,720575940627179389,105304
720575941567841138,720575940616630713,82817
720575941534130202,720575940632988973,95615
720575941563779991,720575940640775843,86613
720575941559622957,720575940618703700,150902
720575941609806569,720575940627305658,29103
720575941509262546,720575940610816881,111032
720575941552608666,720575940628726787,129461
720575941430303841,720575940640935309,97344
720575941591198760,720575940635276895,146248
720575941507181662,720575940635070143,149188
720575941509680338,720575940635066798,117314
720575941591871851,720575940635233471,154130
720575941552003463,720575940640682611,132684
720575941519327927,720575940622456589,163343
720575941656933400,720575940620785574,113911
720575941643200376,720575940623495411,126330
720575941506592641,720575940622010956,122790
720575941490070734,720575940640133053,67895
720575941469828160,720575940616525073,102514
720575941582729567,720575940613323262,119414
720575941468551645,720575940609496782,69141
720575941528165304,720575940628266578,99410
720575941476802154,720575940627466066,131337
720575941584585950,720575940627501445,165922
720575941475735601,720575940619067045,72706
720575941610801894,720575940613986316,142263
720575941513440835,720575940620245072,141434
720575941572512763,720575940628627432,89826
720575941473428576,720575940628545643,50973
720575941460765328,720575940616867894,166161
720575941643351457,720575940628253266,210753
720575941572830473,720575940630486265,71044
720575941566059318,720575940627796996,122744
720575941574072463,720575940627307620,64509
720575941526169254,720575940621836397,221606
720575941498076834,720575940626188848,235387
720575941525204249,720575940644121032,433166791
720575941485332742,720575940614740655,350714
720575941558567539,720575940612102754,210489
720575941582466399,720575940631237420,138428
720575941609660393,720575940630832428,245841
720575941489312718,720575940607821001,518409
720575941564496018,720575940639730365,545563
720575941429600393,720575940648026756,91839
720575941518457260,720575940629579769,143720
720575941624441802,720575940620673670,125200
720575941589055742,720575940610396718,103314
720575941530112715,720575940636687215,46749
720575941624552586,720575940619249061,42508
720575941493511038,720575940616149249,86986
720575941475609630,720575940604121278,156124
720575941689244824,720575940610478531,16461
720575941533437930,720575940626070714,189882
720575941597393344,720575940629664847,93075
720575941465421142,720575940613478678,134589
720575941637710197,720575940626477208,95099
720575941450714446,720575940624473904,39318
720575941484999565,720575940623828884,512268
720575941546048692,720575940629464049,537809
720575941633775803,720575940618382292,57807
720575941550596095,720575940633178764,55595
720575941414598036,720575940614662195,63710
720575941565951847,720575940632640737,72262
720575941486259778,720575940635082091,86983
720575941461049811,720575940625428368,95804
720575941515636371,720575940628290618,134960
720575941595156613,720575940623660740,74864
720575941610587110,720575940619668696,170673
720575941568671220,720575940635365527,75099
720575941497584353,720575940623789823,72123
720575941562622098,720575940639806909,96117
720575941640996895,720575940630504279,80012
720575941391491588,720575940632783673,116706
720575941497508169,720575940630373623,145579
720575941593450198,720575940627019688,40125
720575941408133294,720575940608187314,63659
720575941457294576,720575940631599980,60203
720575941482307581,720575940617688866,56062
720575941415121180,720575940620237648,33244
720575941448667229,720575940611730642,52130
720575941657270808,720575940616423366,107361
720575941669734321,720575940614727678,92355
720575941482222522,720575940631569464,76275
720575941439748699,720575940628223570,123760
720575941594413425,720575940630298471,88324
720575941448627037,720575940636749167,63227
720575941490029004,720575940623554311,157605
720575941549487476,720575940633502125,147985
720575941568368884,720575940614721534,99013
720575941552326279,720575940603339232,94866
720575941612691558,720575940629179898,20600
720575941631380640,720575940631167535,110885
720575941554124115,720575940640032088,97480
720575941503158834,720575940615262358,95128
720575941536348643,720575940632631889,131998
720575941490983399,720575940617018183,90567
720575941490107367,720575940614991997,112150
720575941577323097,720575940646927924,140647
720575941631713184,720575940624932280,106901
720575941429718447,720575940620591494,104014
720575941564694582,720575940621422774,106480
720575941490341863,720575940628158407,62426
720575941446537236,720575940612100314,154376
720575941451278407,720575940621229702,110363
720575941515462905,720575940612125914,81008
720575941653606617,720575940615611148,102380
720575941489358793,720575940612909037,143138
720575941479086210,720575940609998802,131075
720575941481638342,720575940616343967,236248
720575941558724334,720575940621931297,130862
720575941628252985,720575940635491758,114002
720575941534545089,720575940626156365,105553
720575941545257148,720575940629301442,68953
720575941574120079,720575940621619382,103303
720575941612965139,720575940620249173,127245
720575941666950131,720575940628241649,40825
720575941553008794,720575940627731801,69104
720575941447664660,720575940617540411,104239
720575941631771040,720575940637682573,134558
720575941624783724,720575940616248991,129183
720575941489423049,720575940620589136,152737
720575941505696316,720575940631997752,105499
720575941622926332,720575940626621898,142237
720575941563874658,720575940633641186,110453
720575941624224411,720575940624388756,106916
720575941595217541,720575940626315085,306289
720575941527729284,720575940609453013,271794
720575941539018621,720575940635154076,27423
720575941537612530,720575940622216709,151872
720575941490448359,720575940620659053,63657
720575941655370196,720575940617374950,132019
720575941552620827,720575940617174758,92141
720575941485151298,720575940632666705,169181
720575941616183509,720575940630283068,94587
720575941436938028,720575940614342823,81504
720575941630753004,720575940631975505,104218
720575941644815048,720575940620054101,80702
720575941571074206,720575940616832373,139392
720575941540803453,720575940622036044,77346
720575941489433289,720575940631827256,97752
720575941558762020,720575940611216867,51920
720575941597059996,720575940619531072,203010
720575941413138324,720575940629549178,134052
720575941449207886,720575940628382026,162197
720575941688091766,720575940625163651,48795
720575941603828670,720575940616293087,74419
720575941550747391,720575940620534710,58419
720575941497022592,720575940625154181,81643
720575941607857517,720575940635679127,575914
720575941689393115,720575940632958178,106716
720575941554233171,720575940631306538,122044
720575941515373971,720575940622010700,197153
720575941721872442,720575940623788012,100746
720575941568454132,720575940626944286,101242
720575941626342201,720575940607583939,102151
720575941574289807,720575940616748817,96300
720575941392163734,720575940636021611,61708
720575941624699291,720575940643866568,107888
720575941450683258,720575940630131456,116697
720575941574118139,720575940634670693,46956
720575941689278683,720575940623446092,87853
720575941583229023,720575940618569885,122034
720575941655152345,720575940609518946,47273
720575941512637772,720575940644466711,19889
720575941623031036,720575940639230180,516793
720575941643659858,720575940617317819,104170
720575941535276466,720575940632021096,53643
720575941459134192,720575940625762050,17836
720575941652410129,720575940621587846,203683
720575941413302164,720575940607177494,62046
720575941431912206,720575940625953598,122153
720575941438462431,720575940610233301,331718
720575941439060821,720575940629486891,102524
720575941486707152,720575940628358662,67567
720575941500851595,720575940628436810,410617
720575941502394091,720575940622006950,74702
720575941538975637,720575940617494417,60784
720575941474311264,720575940627126889,119210
720575941514479875,720575940623746023,34726
720575941534732993,720575940627074566,88855
720575941548268577,720575940613021810,129861
720575941558901486,720575940622396284,111764
720575941537536227,720575940623151496,65995
720575941541825884,720575940621673200,126886
720575941412275823,720575940619197899,81589
720575941458028447,720575940629202681,46169
720575941476868638,720575940628889872,58192
720575941530298571,720575940645655150,557367
720575941529479096,720575940621685773,67863
720575941569013106,720575940621695983,86262
720575941552042046,720575940619530545,59970
720575941668993713,720575940615272415,38160
720575941587898692,720575940638053539,49657
720575941589003319,720575940627903384,44296
720575941595578757,720575940628783632,87958
720575941569333362,720575940622050910,131516
720575941624694939,720575940614505937,63430
720575941626909753,720575940609334025,135647
720575941632134816,720575940621647019,125129
720575941667390195,720575940635409855,44080
720575941563901184,720575940612819891,92162
720575941508212514,720575940634464869,73006
720575941467506966,720575940632114658,49022
720575941505622076,720575940649428601,957077
720575941652822257,720575940638285696,155619
720575941576650856,720575940640559165,79631
720575941594470181,720575940605305777,108654
720575941560507763,720575940625502308,574015
720575941502113419,720575940615663466,33505
720575941643540069,720575940611209109,84449
720575941469183709,720575940628837436,582095
720575941489706293,720575940609313092,139750
720575941507895074,720575940627407887,46163
720575941490351049,720575940615219367,92731
720575941506948668,720575940620422413,413003
720575941458269343,720575940619407670,133785
720575941611560365,720575940628716588,75756
720575941430778505,720575940624811755,120566
720575941471185216,720575940621762330,100497
720575941627552569,720575940622198652,56009
720575941538657173,720575940641658676,63917
720575941514434371,720575940608604484,43152
720575941485914886,720575940629048119,39793
720575941552976007,720575940609261892,50274
720575941458224112,720575940607703497,36659
720575941598720412,720575940614465199,30429
720575941476746036,720575940628825282,192903
720575941652030961,720575940609561646,81173
720575941688163596,720575940625055498,137101
720575941452605609,720575940643841844,116188
720575941438716223,720575940627390095,52160
720575941590148862,720575940624466116,89179
720575941568914290,720575940633243949,91732
720575941439777759,720575940620224677,666697242
720575941506549061,720575940631308648,104078
720575941596049797,720575940622109004,517163
720575941614646425,720575940615474978,42256
720575941690830555,720575940613688743,41362
720575941495904199,720575940621513036,92003
720575941551932222,720575940621314124,73163
720575941612312237,720575940615132335,178392
720575941573559547,720575940625101668,138074
720575941546410089,720575940606475465,87005
720575941527322278,720575940647199779,30044
720575941541835356,720575940626051386,78510
720575941573997981,720575940623857043,135128
720575941549076001,720575940604285105,175884
720575941546586729,720575940616674909,39645
720575941461854864,720575940637104100,100583
720575941643068005,720575940640371253,70442
720575941654395097,720575940619824075,515043
720575941592242472,720575940622012326,104623
720575941583785055,720575940622224934,117534
720575941643476818,720575940614748926,143096
720575941474769467,720575940612251746,176029
720575941574690043,720575940635731063,49777
720575941483844538,720575940630015995,88305
720575941468181526,720575940610316130,524390
720575941529422724,720575940615942978,60414
720575941645571784,720575940605781449,54017
720575941431263919,720575940611736872,45802
720575941569053554,720575940631627884,543203
720575941564633600,720575940604762028,41228
720575941593229608,720575940615792946,159653
720575941626653834,720575940629730064,63772
720575941577978969,720575940645721636,96077
720575941689370264,720575940616287645,516564
720575941490814412,720575940632718050,542891
720575941556809892,720575940629389827,63367
720575941474844731,720575940640267608,117189
720575941645344417,720575940623883412,101124
720575941633736379,720575940617903617,123308
720575941583854943,720575940611784618,29000
720575941574875791,720575940621171700,634745126
720575941486079750,720575940655164833,72768
720575941632517536,720575940628761643,107411
720575941557817124,720575940628741319,131294
720575941597867420,720575940627860552,101008
720575941437849388,720575940626490174,143188
720575941537080291,720575940621040244,68907
720575941594356694,720575940631158815,142111
720575941587126238,720575940628741864,555638
720575941590787724,720575940619986352,36025
720575941466219862,720575940636527728,148957
720575941492014055,720575940612091315,135191
720575941645581000,720575940614250961,134582
720575941503693035,720575940623905255,132767
720575941430788600,720575940618822429,533468
720575941441175643,720575940636712055,63654
720575941575011983,720575940628989227,32857
720575941481487439,720575940630348875,17187
720575941485938242,720575940631499818,123946
720575941514753603,720575940625728284,46686
720575941549563197,720575940625635074,66893
720575941510944722,720575940621648225,109397
720575941658471504,720575940619705792,19764
720575941633294523,720575940615080367,40263
720575941589597495,720575940621535403,93006
720575941554219418,720575940622704922,54790
720575941615327641,720575940632361035,83858
720575941486228621,720575940636709477,159397
720575941444911274,720575940632225361,30962
720575941470743415,720575940612404502,90609
720575941625751916,720575940623982058,109069
720575941560827693,720575940610881912,92376
720575941461217988,720575940647469603,126028
720575941627662393,720575940615082671,62584
720575941431528033,720575940629508990,165299
720575941583990623,720575940628833129,112742
720575941671067303,720575940627126538,65653
720575941564359936,720575940628539304,131722
720575941546105276,720575940605076140,122800
720575941526324482,720575940628600143,103706
720575941462149008,720575940631514107,111752
720575941534476120,720575940633876013,178932
720575941546896820,720575940626082693,131898
720575941633180603,720575940631989189,109877
720575941474996027,720575940634014637,162717
720575941533082755,720575940621683494,24579
720575941480757839,720575940623276046,90398
720575941554171546,720575940632481249,195836
720575941651629077,720575940633703649,139577
720575941481576899,720575940631945064,140138
720575941528585092,720575940612992774,131059
720575941565771318,720575940616790389,105320
720575941427642452,720575940627877150,42537
720575941590576382,720575940633877985,98849
720575941549964404,720575940629362795,141468
720575941483258554,720575940633200524,93408
720575941558040868,720575940633345375,60943
720575941508055646,720575940619172254,127140
720575941688342134,720575940616753809,42234
720575941482725062,720575940639935989,134114
720575941546742617,720575940608372693,205233
720575941481841859,720575940616289364,170037
720575941540388813,720575940653171702,17005
720575941480021472,720575940635694015,518104
720575941611688934,720575940633172684,485322
720575941520883127,720575940615959702,276378
720575941546206809,720575940623894057,165047904
720575941477431361,720575940640886616,521270
720575941503592023,720575940623005210,927272
720575941604032697,720575940609285315,11267
720575941540628941,720575940617218629,30689
720575941489930185,720575940635878042,31427
720575941529902008,720575940619318619,710176974
720575941536405480,720575940622857801,79299
720575941492241328,720575940623004685,167201
720575941512850252,720575940626143570,139662
720575941642482533,720575940645210222,141289
720575941455615213,720575940606331996,60098
720575941528663940,720575940610101210,93593
720575941689827035,720575940611985448,99108
720575941624197228,720575940628531308,164216
720575941630034658,720575940623353013,44748
720575941431387351,720575940619713200,81197
720575941440190911,720575940626668304,55227
720575941653235729,720575940621332574,137734
720575941451082830,720575940622803850,126945
720575941483868602,720575940628226604,549323
720575941653931225,720575940635537271,67378
720575941481980102,720575940645759523,71512
720575941629690662,720575940620955149,151224
720575941613602067,720575940611454833,123523
720575941392445846,720575940612436264,136233
720575941652385009,720575940629201423,77729
720575941521972299,720575940624453868,127739
720575941524728322,720575940638208627,95518
720575941471045696,720575940611664281,72495
720575941577772121,720575940604319078,48912
720575941731831339,720575940612563454,117446
720575941553282970,720575940621554968,287798
720575941555162084,720575940623171268,71501
720575941442976938,720575940633021631,194889
720575941468877789,720575940611286990,79783
720575941439750607,720575940616798784,139887
720575941573147387,720575940616589142,151710
720575941351937840,720575940631108179,63814
720575941503776706,720575940630094444,68162
720575941536216858,720575940612067034,79911
720575941663081852,720575940621612159,75053
720575941541511772,720575940613218344,113074
720575941657888080,720575940621487088,133873
720575941563716096,720575940645303918,195397
720575941505196709,720575940637685476,237248
720575941503459890,720575940620746662,170919
720575941404459632,720575940603984486,95265
720575941476304945,720575940630288440,114889
720575941610674153,720575940627519748,166749
720575941438513887,720575940618353186,110328
720575941515220217,720575940627138888,63483
720575941413228689,720575940619148117,172017
720575941430012847,720575940646604932,137061
720575941452284329,720575940613863330,140961
720575941593757654,720575940624144107,100592
720575941613255577,720575940633155226,75958
720575941551892798,720575940604824236,69501
720575941439628751,720575940627910160,88711
720575941574353673,720575940610214769,71128
720575941449558094,720575940628406828,145026
720575941560030991,720575940624695335,127471
720575941505236284,720575940622467293,104535
720575941577784153,720575940605491302,153083
720575941583997318,720575940622559669,151395
720575941482584506,720575940607154955,137995
720575941432611543,720575940639212632,117077
720575941549045364,720575940623289831,128942
720575941653238545,720575940628843931,206455
720575941458283935,720575940631057209,117936
720575941506545980,720575940659323521,80663
720575941476307742,720575940625910354,160400
720575941567365934,720575940628599555,96746
720575941604121590,720575940630620812,146801
720575941491537356,720575940625793317,102548
720575941413487761,720575940610739930,121501
720575941461439376,720575940632123695,73196
720575941471152651,720575940624229322,152118
720575941415807260,720575940611810531,71610
720575941594356263,720575940604318129,95186
720575941573678493,720575940621853353,158470
720575941548831549,720575940625030233,50705
720575941554768211,720575940628561111,146923
720575941471715680,720575940610308757,77858
720575941642988114,720575940629532098,181464
720575941612911324,720575940607352003,89623
720575941561394733,720575940632068383,923406
720575941429865175,720575940617876048,59715
720575941495768960,720575940611611378,109321
720575941542798877,720575940615896989,105676
720575941632039109,720575940632718291,222130
720575941489498677,720575940629500542,93288
720575941534972338,720575940616547648,76272
720575941610187850,720575940629485354,129292
720575941542849884,720575940625642340,73721
720575941545533628,720575940620956173,303093
720575941618447999,720575940622249949,75106
720575941560113523,720575940616672822,135993
720575941555970899,720575940609104579,78544
720575941554433819,720575940632736045,69842
720575941567195130,720575940644837655,84811
720575941431881313,720575940617857053,567586
720575941575120054,720575940612796786,53592
720575941534500618,720575940631624673,268292
720575941731415851,720575940632951266,88023
720575941540594813,720575940618470383,41899
720575941589513982,720575940608433476,77219
720575941497540937,720575940610167987,72913
720575941410352299,720575940642347936,84638
720575941526058573,720575940633004383,92040
720575941481885382,720575940623554748,61938
720575941564736103,720575940630969555,114103
720575941502857451,720575940628711631,101490
720575941630940652,720575940621538431,67544
720575941545528425,720575940639056061,106882
720575941566310966,720575940636553306,88775
720575941506096407,720575940620465996,75260
720575941610148269,720575940613272799,92574
720575941469781056,720575940616647990,70380
720575941473887018,720575940636356836,39655
720575941566144814,720575940620947981,49752
720575941486080141,720575940611586453,93128
720575941435245856,720575940615344315,105134
720575941442999210,720575940628152838,547586
720575941437666092,720575940637746520,72234
720575941504821669,720575940620507862,80201
720575941470693643,720575940626002494,562916
720575941547307400,720575940633552820,237109
720575941500085131,720575940614490018,17488
720575941612399836,720575940631594809,118041
720575941613650707,720575940629164283,87232
720575941489126453,720575940621590250,110338
720575941514918905,720575940611450134,78155
720575941514725779,720575940623356493,118204
720575941499430473,720575940610137050,129330
720575941507185221,720575940615101452,88109
720575941508189313,720575940627210373,53851
720575941564110087,720575940633908124,86079
720575941597551552,720575940645390468,90944
720575941410171051,720575940630399995,122631
720575941574795785,720575940624158650,76005
720575941564384354,720575940629261159,101786
720575941585532126,720575940624597228,86180
720575941625154762,720575940626343665,71366
720575941517101715,720575940629734442,169403
720575941661639992,720575940627741562,102457
720575941559747566,720575940659765121,85110
720575941668013555,720575940629202167,129892
720575941407486511,720575940629211666,74553
720575941669470641,720575940624520254,168564
720575941516251747,720575940640277080,539157
720575941645341048,720575940606352050,35506
720575941434410528,720575940618306776,161150
720575941508743553,720575940615582988,141946
720575941668591091,720575940622251242,135321
720575941515493635,720575940631893847,159710
720575941559454446,720575940620666315,133648
720575941487922384,720575940624722924,99529
720575941633220768,720575940647804212,24565
720575941554454682,720575940603391778,116219
720575941535115096,720575940636292203,103428
720575941486914370,720575940647311651,522957
720575941535485528,720575940624889323,17249
720575941554148891,720575940629162551,29983
720575941440401493,720575940623129769,52737
720575941581164409,720575940624456586,534673
720575941590841740,720575940637271615,21010
720575941483423942,720575940626856220,71864
720575941440014047,720575940628274504,46785
720575941482272195,720575940619219264,60207
720575941483645114,720575940631225740,32034
720575941491821287,720575940608285788,45174
720575941507083102,720575940613686434,136698
720575941477764417,720575940612225814,549019
720575941731191339,720575940633782753,138577
720575941480174978,720575940628188359,33884
720575941536063242,720575940627117574,569525
720575941566366774,720575940623112957,21971
720575941463360525,720575940606429206,59870
720575941559650575,720575940636246008,83013
720575941416369948,720575940608606556,53378
720575941482491846,720575940624511049,151677
720575941525281124,720575940638214975,41422
720575941469460957,720575940621106961,64814
720575941546934708,720575940621841279,176917
720575941535658506,720575940623687182,557423
720575941669689009,720575940623306620,231879
720575941497608521,720575940622158113,138794
720575941686970892,720575940616085917,129365
720575941546817160,720575940635531671,141907
720575941671943335,720575940638121694,53307
720575941572855198,720575940628448711,108517
720575941688984182,720575940626893258,523613
720575941477655582,720575940619181551,61020
720575941497077120,720575940626602288,191319
720575941452267386,720575940618208985,513264
720575941550411581,720575940615584671,100854
720575941432667863,720575940633982035,87750
720575941480948354,720575940610825458,122080
720575941412975471,720575940618467485,940825
720575941511078416,720575940630815735,536011
720575941510530064,720575940623521318,47134
720575941595549733,720575940626876930,52013
720575941535743410,720575940628192764,29732
720575941491656679,720575940609685717,214309
720575941568277294,720575940629707002,82165
720575941613613276,720575940624150857,178611
720575941625900746,720575940617527297,314238106
720575941447783956,720575940630743972,182027
720575941412751727,720575940624578795,197826
720575941452918855,720575940639467829,195315
720575941586530694,720575940641693941,519111
720575941633715387,720575940622500872,41178
720575941655471321,720575940604870316,76948
720575941688675596,720575940620656219,940946
720575941531737035,720575940611964366,73518
720575941482752451,720575940607309954,106965
720575941547909044,720575940632023353,192103
720575941611540042,720575940645782068,58678
720575941504242482,720575940640854656,143734
720575941612418662,720575940625950052,516799
720575941645684424,720575940625684569,44643
720575941409023662,720575940626693769,17479
720575941554605083,720575940623363598,176189
720575941612097894,720575940633844962,168855
720575941475044155,720575940631270573,289631
720575941626178250,720575940628006855,134524
720575941497420160,720575940628331688,170581
720575941524324095,720575940642250997,175276
720575941531584203,720575940644218528,139458
720575941604522742,720575940612968666,217495
720575941440906581,720575940615506399,65174
720575941491330505,720575940625494093,500328
720575941516695289,720575940615734850,227415
720575941536698817,720575940623698372,107142
720575941553285438,720575940661193345,186930
720575941557931172,720575940620818358,353303
720575941595815973,720575940621278166,182805
720575941493828784,720575940636381432,182263
720575941639894389,720575940612298389,164588
720575941438219282,720575940620546053,182969
720575941564332598,720575940610105283,43626
720575941591499627,720575940605566054,809240
720575941574269839,720575940628355914,105989
720575941477095988,720575940615518314,81339
720575941611375690,720575940625662451,531895
720575941402690160,720575940616758868,81962
720575941557215652,720575940630179287,187801
720575941610485225,720575940607662857,500063
720575941555721444,720575940635841399,131995
720575941495736448,720575940615083154,102683
720575941611904745,720575940625555749,71110
720575941411178411,720575940612111346,527270
720575941589917950,720575940629226058,810886
720575941730972971,720575940632501668,808288
720575941462251716,720575940611917426,105330
720575941574631094,720575940645809687,186025
720575941434094112,720575940620117163,813679
720575941529277624,720575940612533477,545027
720575941548415777,720575940628037257,32744
720575941551685438,720575940622278890,48375
720575941477683486,720575940627971594,209179
720575941565377634,720575940631970144,902427
720575941655993556,720575940625000947,83642
720575941625962395,720575940620925899,801264
720575941470653248,720575940621831600,19310
720575941686808950,720575940620839105,56490
720575941440375381,720575940622089313,79141
720575941640797983,720575940621080711,813772
720575941549015668,720575940624382698,59043
720575941652281105,720575940618287952,178960
720575941449154382,720575940629914191,52252
720575941617113045,720575940625011955,128167
720575941496465095,720575940631412811,81442
720575941639496223,720575940615892310,34939
720575941504870053,720575940612830577,87451
720575941524522571,720575940622659847,910308
720575941526681165,720575940631228665,73126
720575941576984168,720575940607567881,132664
720575941497114752,720575940617328477,900956
720575941574042806,720575940652687094,211512
720575941645624952,720575940626981647,120931
720575941504880293,720575940611213786,811870
720575941516083347,720575940623833869,165087
720575941579369809,720575940638454350,25813
720575941659150160,720575940638167664,212282
720575941391703446,720575940633660333,35773
720575941482282691,720575940632644639,58398
720575941510462480,720575940634782489,126168
720575941457606896,720575940613684205,121855
720575941433281312,720575940612983978,190217
720575941475632689,720575940647054900,255794
720575941434245262,720575940622884897,104481
720575941598396060,720575940628464527,73728
720575941415724572,720575940607259913,61581
720575941670331354,720575940615325607,129604
720575941614756821,720575940625655088,539766
720575941574684086,720575940620596651,22057
720575941553032839,720575940617316753,166802
720575941450481998,720575940615886278,74771
720575941653581529,720575940623458840,37379
720575941604015294,720575940635424174,809223
720575941555095123,720575940652785057,141451
720575941528068228,720575940641886605,907402
720575941524912205,720575940645370660,110484
720575941538651634,720575940607290633,125238
720575941472927328,720575940636893582,209559
720575941554414490,720575940609226076,45387
720575941514138873,720575940624785422,61641
720575941406669486,720575940630105964,63690
720575941625779355,720575940615449174,119673
720575941503912023,720575940647522356,66688
720575941660756792,720575940623352873,137017
720575941574976776,720575940618808349,80154
720575941393354646,720575940605686793,203757
720575941590542903,720575940611690190,804859
720575941353095472,720575940653415926,134407
720575941594478373,720575940613645541,44441
720575941406119342,720575940612373423,138983
720575941432143319,720575940640090576,26336
720575941513840963,720575940608481372,110430
720575941452133801,720575940618007877,21745
720575941482130371,720575940620911280,531860
720575941435151758,720575940638134761,153205
720575941549074209,720575940644699552,45768
720575941577641561,720575940608725717,157075
720575941515111002,720575940611492910,248480
720575941496327552,720575940613410666,122814
720575941551804807,720575940624033535,1052272390
720575941533834162,720575940628118440,90708
720575941496621435,720575940616024844,808006
720575941483572477,720575940626268464,20752
720575941516009059,720575940618663488,170348
720575941476376372,720575940631824325,806838
720575941400823843,720575940621050608,815181
720575941506474334,720575940624107191,149696
720575941552763527,720575940630829586,70124
720575941479595744,720575940614324008,524373
720575941479605378,720575940635100572,116425
720575941534179594,720575940611292339,814070
720575941439866459,720575940631081356,520238
720575941506004796,720575940621763767,814688
720575941687738095,720575940609530653,152396
720575941483704762,720575940611750769,32313
720575941577508185,720575940622879758,810803
720575941624325116,720575940626993338,80469
720575941604242873,720575940632227897,55330
720575941531722469,720575940614727976,172017212
720575941513917795,720575940621496436,136471
720575941459532703,720575940656086177,112757
720575941560991533,720575940621781825,35260
720575941572671752,720575940612718554,62602
720575941652912340,720575940624531208,134074
720575941416287260,720575940626022218,79529
720575941626638956,720575940629462534,144459
720575941413989404,720575940618822523,72209
720575941731849771,720575940631467026,908964
720575941547041468,720575940611740851,108229
720575941658109008,720575940618602274,78825
720575941406258606,720575940627778703,36869
720575941519658679,720575940637351525,911978
720575941602029046,720575940630862799,83463
720575941630785733,720575940637463262,541539
720575941463627789,720575940614219370,190536
720575941499646370,720575940654070689,155253
720575941475541563,720575940629191409,119837
720575941532400306,720575940621683071,49611
720575941611720156,720575940620084560,108703
720575941393214724,720575940631379512,102339
720575941473674848,720575940629591543,161188
720575941535651048,720575940637090416,137885
720575941538533874,720575940627979401,120390
720575941658573136,720575940619665005,529852
720575941594565671,720575940628493820,812466
720575941602050294,720575940631190267,532856
720575941503773955,720575940630951375,542339
720575941626078154,720575940624559338,67867
720575941408783022,720575940607410866,118972
720575941514647811,720575940630445519,817812
720575941569548914,720575940616589888,70263
720575941565831266,720575940637185399,568902
720575941569638900,720575940640555635,944206
720575941572635805,720575940605475262,117519
720575941670279857,720575940619288929,80141
720575941629499874,720575940622093132,252056
720575941414483348,720575940625309164,39612
720575941440780735,720575940622029317,73373
720575941623454875,720575940633388205,832851
720575941654164436,720575940631740970,118303
720575941562280872,720575940612647141,531001
720575941521589431,720575940631629765,519428
720575941442305743,720575940629829175,109938
720575941463462157,720575940623263843,86842
720575941536082147,720575940614500392,226980
720575941655288276,720575940626680842,209264
720575941504938034,720575940620585094,821340
720575941479375072,720575940631152440,815859
720575941550899967,720575940628429841,20345
720575941458465776,720575940630171959,112779
720575941411703697,720575940612476122,203973
720575941529407620,720575940622518749,137986
720575941444991402,720575940637095598,905039
720575941584623326,720575940622104584,189513
720575941526287106,720575940613526323,123690
720575941472935008,720575940636294263,32053
720575941439199807,720575940630744940,38430
720575941435921170,720575940631870671,807212
720575941556386084,720575940615100979,111456
720575941480100843,720575940605622118,216959
720575941474483249,720575940622040447,91838
720575941632032965,720575940614833002,512675
720575941631186412,720575940625590053,96397
720575941613245593,720575940637618254,180334
720575941563750568,720575940621273259,60078
720575941539593621,720575940627869309,137402
720575941510043408,720575940629337470,172229
720575941465821014,720575940630518743,158340
720575941592456487,720575940629955446,525797
720575941490727477,720575940620251608,956123
720575941426110036,720575940615539602,130465
720575941447099412,720575940631880040,116311
720575941618486399,720575940632581423,820451
720575941475746097,720575940628958405,124464
720575941558698285,720575940643495840,84712
720575941603544310,720575940612462030,132022
720575941731717419,720575940628315197,136180
720575941613207571,720575940620908532,145128
720575941517080748,720575940640707491,542673
720575941393762454,720575940614641202,543558
720575941669640615,720575940627129672,28893
720575941414465428,720575940614118627,546761
720575941542137436,720575940653558518,71678
720575941393185284,720575940615054186,110518
720575941560572275,720575940638962851,24160
720575941558286574,720575940649784953,59740
720575941538278627,720575940620777315,86316
720575941522244855,720575940624855303,514198
720575941461960644,720575940621774433,119651
720575941578910453,720575940636293518,181229
720575941623089404,720575940621725350,78456
720575941430524152,720575940631947079,829857
720575941590064183,720575940639673715,159080
720575941456653293,720575940622518399,150214
720575941610670182,720575940609435843,55602
720575941645098696,720575940629857579,122317
720575941505441349,720575940626805520,94359
720575941507983966,720575940623510541,284134
720575941563256978,720575940634992735,810959
720575941628444985,720575940613414117,516047
720575941459729478,720575940612238255,1051062549
720575941481657530,720575940642470875,814955
720575941484821510,720575940627299483,143346
720575941610610662,720575940660579201,73857
720575941448388372,720575940623330318,903325
720575941503499755,720575940612930533,41581
720575941408079278,720575940611206702,814286
720575941571039134,720575940643848836,61181
720575941574442235,720575940633195053,96906
720575941428263672,720575940614773307,82091
720575941463935501,720575940621814593,123635
720575941604137662,720575940607415474,45965
720575941577858129,720575940629871146,51122
720575941556466404,720575940622520724,828434
720575941576058294,720575940629919387,143293
720575941431153367,720575940619602311,808612
720575941469639645,720575940623192353,194913
720575941536421603,720575940630433730,103596
720575941639665183,720575940630251575,106673
720575941639854367,720575940616264710,230756
720575941548643444,720575940638235482,56002
720575941528126340,720575940618829725,85649
720575941529416632,720575940626976970,46618
720575941662084220,720575940614239795,42062
720575941441112155,720575940618989853,522911
720575941469817920,720575940628499322,527682
720575941629914918,720575940617831169,104866
720575941643189093,720575940623946948,253933
720575941460274758,720575940635059551,38762
720575941508753954,720575940623221774,158484
720575941612617881,720575940624024555,50500
720575941476350017,720575940609739203,54817
720575941565857687,720575940626268488,58252
720575941603750585,720575940611296610,102471
720575941439196991,720575940624797959,32774
720575941503158722,720575940625462064,242463
720575941414682260,720575940626064138,805547
720575941452465833,720575940629022961,125935
720575941549224703,720575940619876702,129332
720575941572380667,720575940645165335,818748
720575941539935357,720575940627718738,79435
720575941466978134,720575940620672609,161584
720575941604856546,720575940609787285,529744
720575941542957404,720575940616306078,526317
720575941483986429,720575940623325516,87443
720575941477147713,720575940629039403,30439
720575941479369123,720575940614186914,234560
720575941690557403,720575940614576168,149750
720575941496420992,720575940617500633,46145
720575941653589716,720575940632394380,82778
720575941475874154,720575940628256655,810658
720575941681500605,720575940621173718,103559
720575941411604395,720575940617087718,82996
720575941679987389,720575940628471720,215683
720575941531435237,720575940614050271,96115
720575941590130316,720575940606915849,553560
720575941578243929,720575940615405566,542993
720575941570546846,720575940632581945,102817
720575941523553527,720575940635446264,77968
720575941611062761,720575940605868990,28345
720575941527948966,720575940621793263,130535
720575941535145704,720575940634839032,77342
720575941566480950,720575940624911132,563728
720575941411286383,720575940606336958,803928
720575941545288809,720575940622774535,158098
720575941514301699,720575940631402348,160079
720575941611504230,720575940606778033,550058
720575941569320562,720575940621749697,91500
720575941518435182,720575940620687425,87480
720575941628515366,720575940647527044,819941
720575941574177181,720575940627736392,133863
720575941574688182,720575940624394730,134040
720575941408413870,720575940619407445,120849
720575941474526506,720575940628077138,323598
720575941576282550,720575940628653308,803934
720575941526887757,720575940617333307,122951
720575941611486172,720575940605332070,103250
720575941504581797,720575940607474098,815950
720575941351174704,720575940623026764,201906
720575941414726801,720575940614055180,539512
720575941498146889,720575940625486571,161490
720575941440582997,720575940624337338,190616
720575941613557267,720575940618906688,175450
720575941628411430,720575940629560527,46900
720575941514145379,720575940609328226,150984
720575941594209061,720575940608780380,12895
720575941525302694,720575940625979667,66583
720575941445849876,720575940623013564,129469
720575941524882946,720575940628724296,539158
720575941662610300,720575940636087919,812019
720575941690978267,720575940627091898,67795
720575941561973037,720575940635106204,58779
720575941461934035,720575940634319827,184901
720575941653861588,720575940625160683,536189
720575941451023482,720575940628748456,128747
720575941444573866,720575940611959011,529745
720575941520108215,720575940623096600,905767
720575941654706900,720575940631139435,102075
720575941439993311,720575940624828391,38867
720575941506700860,720575940618502091,530921
720575941536348899,720575940617485286,500053
720575941667958771,720575940629534211,814692
720575941688562395,720575940618926875,41227
720575941490844878,720575940631502700,123259
720575941623796732,720575940612664273,104876
720575941430407928,720575940614124463,793720445
720575941563837608,720575940630659522,81823
720575941534642954,720575940637846702,563981
720575941477432350,720575940622908254,40266
720575941625555564,720575940625124360,130636
720575941686893039,720575940639710517,101467
720575941477256257,720575940619889355,815144
720575941454979309,720575940635715320,24083
720575941518922167,720575940628782185,90888
720575941431298318,720575940628067922,39759
720575941722043706,720575940624432309,813609
720575941661345336,720575940612828309,142314
720575941413092975,720575940606315040,70001
720575941574207753,720575940630734202,159597
720575941731688491,720575940616986811,236826
720575941515674458,720575940626761534,803974
720575941473753915,720575940626255632,315481
720575941476334132,720575940625447155,47490
720575941579363061,720575940631207980,138196
720575941680280815,720575940616331487,143474
720575941416122908,720575940638863987,530718
720575941650729233,720575940634967962,548549
720575941506711681,720575940615042479,74844
720575941407983534,720575940620515857,818636
720575941626264202,720575940621048405,202109
720575941602142178,720575940629960955,45194
720575941523695435,720575940624431654,49543
720575941487678672,720575940660171905,68828
720575941477550385,720575940610485458,500187
720575941617175935,720575940616122043,805454
720575941534000259,720575940629760567,99655
720575941505860887,720575940621282774,120248
720575941528356043,720575940616636940,67695
720575941561305901,720575940637784548,533659
720575941612831708,720575940627107271,74197
720575941539518613,720575940631180562,99065
720575941482592707,720575940624984368,121028
720575941474160736,720575940609828821,131283
720575941644433096,720575940640160053,33338
720575941401994275,720575940624185319,57134
720575941645237409,720575940612194983,214855
720575941523297099,720575940623511700,811362
720575941574618619,720575940633300819,84856
720575941542134620,720575940621956317,123391
720575941552375194,720575940622981153,542334
720575941655469012,720575940630276199,53977
720575941613100563,720575940635065625,819980
720575941452950185,720575940620179915,33764
720575941548470561,720575940630046506,87640
720575941553247827,720575940625916444,125256
720575941487268816,720575940638554175,108685
720575941392971670,720575940637454222,101517
720575941433508366,720575940626449195,78312
720575941450036917,720575940619097211,533458
720575941553090970,720575940619026203,104119
720575941496702848,720575940617442022,194587
720575941495412167,720575940615364817,261747
720575941583439399,720575940612531921,123031
720575941453242931,720575940625559566,177584
720575941525224614,720575940618697506,542974
720575941602000569,720575940640240373,47241
720575941498712955,720575940641535221,152386
720575941480772175,720575940620807437,26495
720575941414451604,720575940624736007,532521
720575941467840278,720575940621275045,142037
720575941544904116,720575940621466236,552859
720575941515759763,720575940612093619,855317
720575941534349656,720575940629500265,182847
720575941573563144,720575940613560342,500031
720575941478752362,720575940642292109,144344
720575941626683786,720575940629499130,80513
720575941544376764,720575940639337781,15253
720575941525649741,720575940609323100,131350
720575941545687996,720575940621464344,820146
720575941686971375,720575940625514599,167845
720575941506284055,720575940640413347,819061
720575941642319954,720575940633446175,16255
720575941566476086,720575940603383008,818354
720575941551826687,720575940620824852,191630
720575941527763332,720575940623274760,520032
720575941546193332,720575940624041203,179312
720575941483669446,720575940631925096,156791
720575941508990674,720575940630467031,130346
720575941591257128,720575940646989091,131228
720575941567651186,720575940629376155,155776
720575941475777345,720575940624498869,803371
720575941578751825,720575940626381002,63255
720575941438713311,720575940624930055,817665
720575941570439412,720575940634739863,118450
720575941567828782,720575940625092154,814118
720575941484268541,720575940604198828,815273
720575941611080425,720575940624304934,204510
720575941472412480,720575940607710921,802884
720575941593918934,720575940637763150,137784
720575941639703925,720575940623578151,44978
720575941552085247,720575940638737085,523885
720575941547915581,720575940630176506,934953
720575941527351428,720575940633885741,571599
720575941454137069,720575940622449878,54518
720575941470076171,720575940628996348,50852
720575941511294417,720575940616031417,869772
720575941482965178,720575940622143273,83250
720575941445512106,720575940623567945,35523
720575941703704794,720575940613982435,138726
720575941528237444,720575940617731217,107441
720575941555751425,720575940610009306,131873
720575941596756160,720575940652505078,104634
720575941722194234,720575940628688104,120468
720575941431375497,720575940636710263,140366
720575941522829815,720575940615276511,121543
720575941440333247,720575940614276002,513254
720575941478288864,720575940618338534,52471
720575941426485076,720575940628212742,47154
720575941573325065,720575940616643284,41738
720575941688542191,720575940617626324,60501
720575941534431454,720575940631889938,185871
720575941580430457,720575940623016644,817575
720575941504881724,720575940620402718,97255
720575941402439971,720575940620739566,117981
720575941485535440,720575940627174247,206701
720575941474252640,720575940626483985,543714
720575941533485505,720575940622713114,89032
720575941455744496,720575940623313110,817473
720575941595878001,720575940631418105,66185
720575941564621202,720575940629856811,581132
720575941433281038,720575940617570902,132301
720575941430556887,720575940628747594,28660
720575941510961618,720575940630610046,126475
720575941575918425,720575940637268110,518445
720575941608157293,720575940624508147,199558
720575941506763042,720575940631438073,95373
720575941496678272,720575940637970921,38099
720575941490181173,720575940606943945,196639
720575941591303422,720575940618502329,103788
720575941488121296,720575940621487536,136609
720575941401075747,720575940630154041,208512
720575941462221968,720575940633264888,94390
720575941456467103,720575940621531328,37393
720575941462089997,720575940636463471,55388
720575941439994203,720575940621546572,68171
720575941515353091,720575940626532354,40638
720575941595979164,720575940625021959,160104
720575941609619786,720575940637500558,41130
720575941701270234,720575940626411813,99641
720575941644735137,720575940603498357,939644
720575941529197259,720575940660133249,542481
720575941429296888,720575940613310486,31354
720575941661456952,720575940637939773,56133
720575941565763938,720575940616056806,170635
720575941533345923,720575940635543220,144116
720575941403522160,720575940635760495,87197
720575941534565402,720575940623441885,112307
720575941481857978,720575940625492455,809972
720575941578238801,720575940630247784,150224
720575941441486031,720575940630289146,134619
720575941515844345,720575940627876881,16845
720575941670025137,720575940637335012,44106
720575941435688590,720575940607890121,271522
720575941537679858,720575940618794565,536454
720575941721840186,720575940613877151,37805
720575941545955252,720575940620769927,154248
720575941444857770,720575940633130592,54442
720575941492421502,720575940616366011,106423
720575941506570661,720575940606676169,806904
720575941518383532,720575940618322971,106753
720575941530100920,720575940626742814,51209
720575941729943083,720575940636812901,75282
720575941668591793,720575940642483163,118542
720575941430011055,720575940621111472,54915
720575941460549572,720575940629785183,86327
720575941552714138,720575940606409150,121237
720575941643605960,720575940623189281,205843
720575941560175631,720575940613710102,531864
720575941580122449,720575940612645017,545614
720575941591701355,720575940624032264,807194
720575941595038085,720575940625073801,200456
720575941559457837,720575940635287476,814323
720575941512551377,720575940616859259,192572
720575941670063783,720575940622580741,911444
720575941639534879,720575940611108721,535230
720575941502070210,720575940612312499,79156
720575941689054326,720575940631724099,547033
720575941517855404,720575940624058549,539268
720575941527073538,720575940620937675,82576
720575941534560746,720575940617747614,802403
720575941430850808,720575940608623113,25549
720575941541903133,720575940624865575,591301
720575941439515327,720575940624857324,107058
720575941597792924,720575940621021632,25703
720575941630097446,720575940641934221,155500
720575941601284086,720575940623059238,194266
720575941491352039,720575940618851521,118760
720575941475962433,720575940628528377,96131
720575941471182091,720575940629664359,821769
720575941447090452,720575940616698566,814024
720575941633542075,720575940624179241,92907
720575941531245259,720575940617930641,537420
720575941593551399,720575940628017816,147772
720575941576575158,720575940635848696,90441
720575941462438413,720575940618860884,203734
720575941568909818,720575940631659205,819549
720575941618536319,720575940628727887,90217
720575941480337315,720575940612197986,939916
720575941614964121,720575940631627843,525345
720575941526176537,720575940609970801,158886
720575941612282342,720575940605572064,810100
720575941532149635,720575940628132922,44948
720575941416193564,720575940626287644,56197
720575941566218087,720575940618184000,136132
720575941542262876,720575940628175381,146526
720575941495797447,720575940621366644,823408
720575941632566764,720575940632212271,51303
720575941551707802,720575940612844693,80821
720575941526079654,720575940633294817,31380
720575941551059455,720575940633081484,140453
720575941575176335,720575940625021960,89804
720575941522823159,720575940622105438,824054
720575941414101137,720575940607648178,114344
720575941662198652,720575940627667112,234286
720575941573056328,720575940615075990,67357
720575941614064147,720575940626224784,188868
720575941437249836,720575940630376826,112659
720575941477391153,720575940615105130,56266
720575941585415390,720575940614915379,809310
720575941468786699,720575940636370665,63179
720575941630880955,720575940615681938,49163
720575941611485417,720575940622730010,906223
720575941477503809,720575940620158447,110279
720575941514237507,720575940608953795,135429
720575941596670085,720575940631788871,143908
720575941560511503,720575940616617985,37160
720575941511073808,720575940624923319,84134
720575941620207231,720575940628431632,244477
720575941527606438,720575940618032162,178222
720575941447408221,720575940655345057,530784
720575941449983098,720575940638732122,104640
720575941433275278,720575940623252521,80041
720575941513919747,720575940611423842,199879
720575941439436123,720575940607225522,89735
720575941506541150,720575940621455017,163383
720575941430244527,720575940638403294,119522
720575941596370033,720575940629148412,93084
720575941429509847,720575940634826135,145262
720575941611946669,720575940623280639,52565
720575941488876489,720575940619724593,807043
720575941574348701,720575940631275821,26213
720575941723651386,720575940633515940,803739
720575941518890606,720575940619016001,516893
720575941452313415,720575940641583835,909924
720575941462091920,720575940610604437,804378
720575941515972195,720575940628407375,914266
720575941503767090,720575940632906055,30124
720575941589677452,720575940643823816,818704067
720575941448909237,720575940611739746,122354
720575941521640267,720575940613934706,77221
720575941612561581,720575940629860967,67727
720575941588577157,720575940612166553,68714
720575941569318514,720575940653561249,155149
720575941524170315,720575940630692668,52762
720575941393349892,720575940626818332,197943
720575941471034999,720575940632513581,31930
720575941534925400,720575940617611732,815131
720575941553247367,720575940641677008,101700
720575941593615574,720575940638015600,172358
720575941482036675,720575940622322857,384458
720575941688031862,720575940628236175,811553
720575941431128417,720575940628679362,30577
720575941588957239,720575940620371371,20850
720575941558310382,720575940637407845,527342
720575941530919883,720575940629833020,152508
720575941476999217,720575940644145687,74475
720575941552641178,720575940615664779,83447
720575941493687422,720575940631365203,88419
720575941532170371,720575940630590935,52298
720575941543222301,720575940622056391,17565
720575941554637732,720575940618120961,159331
720575941580341493,720575940617187515,88027
720575941459695812,720575940614449448,820213
720575941430158767,720575940622257985,60641
720575941553345107,720575940611204323,197543
720575941534068568,720575940639209917,116559
720575941433528974,720575940645157320,92537
720575941406877870,720575940639279448,808461
720575941563318114,720575940632539193,57073
720575941351776560,720575940623798455,58723
720575941612641433,720575940624008803,111788
720575941511745356,720575940629087682,515523
720575941645712072,720575940626005581,97075
720575941536501002,720575940638516029,312492
720575941414464145,720575940625450526,74193
720575941481606595,720575940640461987,56326
720575941563826590,720575940632190735,218060
720575941437663807,720575940634260435,118153
720575941670333658,720575940626164286,123119
720575941623295178,720575940637794672,218719
720575941484162746,720575940621595119,817805
720575941537748456,720575940627742597,49236
720575941603296697,720575940644089032,100523
720575941684766703,720575940620800276,530752
720575941461693840,720575940621614435,34021
720575941466417686,720575940626571592,30228
720575941610514921,720575940625232316,530676
720575941622979836,720575940624389316,808164
720575941575777974,720575940616715381,27223
720575941426112596,720575940610277188,93187
720575941559965741,720575940634888855,173601
720575941439588159,720575940627919370,18172
720575941537346453,720575940660436097,112377
720575941498794619,720575940629180419,166006
720575941569021684,720575940614003427,45097
720575941475680321,720575940622499879,78944
720575941503520343,720575940624050407,155631
720575941411792299,720575940624487975,104705
720575941584562654,720575940615176671,92803
720575941625878730,720575940636719471,805534
720575941496893819,720575940605098626,189234
720575941723611962,720575940631506117,192943
720575941483171325,720575940614321583,72613
720575941504582204,720575940625405744,115857
720575941560349229,720575940638200297,143195
720575941429326511,720575940627209278,76057
720575941514302979,720575940628817863,54589
720575941493547975,720575940631721721,98729
720575941589374718,720575940609405646,34493
720575941449785949,720575940622972167,194604
720575941538724221,720575940613264918,32436
720575941670123687,720575940644052503,89554
720575941643925861,720575940631689559,139996
720575941505238588,720575940622867788,542589
720575941595875953,720575940630610558,21097
720575941451662663,720575940644317719,14392
720575941470284765,720575940647453316,91018
720575941490059317,720575940631765522,217074
720575941450085703,720575940618701339,914499
720575941522394699,720575940627594216,37551
720575941716818987,720575940634809184,170300
720575941612877331,720575940620301141,234968
720575941557650654,720575940642230005,807968
720575941450886478,720575940625054727,202675
720575941515853827,720575940615953350,179398
720575941629336102,720575940617095837,201075
720575941689041164,720575940623398524,534450
720575941563103744,720575940639341245,79902
720575941430413527,720575940630718464,230996
720575941455963629,720575940625589069,115944
720575941528742328,720575940626569060,202407
720575941558340367,720575940622275542,542050
720575941671678375,720575940621601472,143892
720575941565070695,720575940615628967,45440
720575941470077047,720575940644710964,103131
720575941518866030,720575940615457703,89279
720575941671066023,720575940637863657,34247
720575941487894224,720575940632212527,158513
720575941669189809,720575940630972178,74658
720575941589328638,720575940618969684,546701
720575941522005239,720575940617542374,33005
720575941652200465,720575940627780229,55288
720575941552283419,720575940621773551,532881
720575941450879303,720575940644874020,187833
720575941602008310,720575940638928035,166496
720575941449571406,720575940632502543,170210
720575941432137687,720575940632328761,116796
720575941511052242,720575940623238441,655263575
720575941492914864,720575940628789500,150945
720575941536037658,720575940622061132,75208
720575941605273197,720575940633084717,817455
720575941352076848,720575940617198521,118894
720575941456342175,720575940621881782,31081
720575941450624839,720575940628789698,807306
720575941557417764,720575940629593859,182701
720575941513481169,720575940617686356,202711
720575941474665514,720575940603722412,517173
720575941408928430,720575940607593858,121940
720575941543394309,720575940631567687,110173
720575941409139759,720575940632016911,513822
720575941504828722,720575940612243313,79025
720575941438709567,720575940611697870,412938
720575941353292592,720575940624305737,175903
720575941406589487,720575940621731675,118410
720575941625266331,720575940620485029,114682
720575941590252172,720575940626245676,218577
720575941517190547,720575940629056811,539608
720575941444632490,720575940619260737,33616
720575941467064285,720575940621229552,904030
720575941430666159,720575940629087275,23997
720575941533621426,720575940618984020,136589
720575941497237120,720575940621308656,174920
720575941508923170,720575940613163955,68630
720575941431243534,720575940613431215,534002
720575941488205769,720575940638247357,146384
720575941523137015,720575940632032587,552229
720575941587307588,720575940641130368,911590
720575941552558910,720575940615181735,531408
720575941497816226,720575940619056413,106233
720575941582744927,720575940613608089,119519
720575941539861965,720575940618067739,815894
720575941633303456,720575940621680133,814720
720575941554656228,720575940621549377,34488
720575941498092194,720575940625675708,201696
720575941722825018,720575940617146809,171006
720575941548405565,720575940638795846,429689
720575941602200566,720575940631119319,908946
720575941477319489,720575940631259129,802372
720575941511809234,720575940626702480,562562374
720575941499155937,720575940609948228,62058
720575941549655102,720575940627505277,167474
720575941470091383,720575940624262379,135902
720575941564788231,720575940633457695,16924
720575941436492076,720575940638467294,78229
720575941564297623,720575940612700450,526596
720575941604579262,720575940624126183,807751
720575941670318810,720575940622034390,83616
720575941428198484,720575940631425235,135214
720575941703163354,720575940629258758,74055
720575941560385807,720575940634729870,21631
720575941510064338,720575940624065357,140556
720575941604169913,720575940636707930,184878
720575941557695470,720575940626641539,543719
720575941684990447,720575940632783161,21253
720575941534890730,720575940627330562,98290
720575941631120620,720575940618236283,816845
720575941573674056,720575940618458769,807822
720575941477639745,720575940617208251,129641
720575941514311683,720575940633165337,521670
720575941568243706,720575940620393131,96571
720575941536824346,720575940626977226,88961
720575941595229477,720575940633038127,905663
720575941437461010,720575940633372627,143147
720575941657975064,720575940620646849,42133
720575941611127017,720575940626582300,809428
720575941448780878,720575940624210154,79905
720575941456668141,720575940613405098,66244
720575941534879754,720575940626424397,126510
720575941570369268,720575940635613079,862184
720575941562113063,720575940610261346,914432
720575941519309239,720575940640625267,908695
720575941497189248,720575940631187004,237843
720575941442121563,720575940623431935,106940
720575941514292314,720575940620783750,43068
720575941535974938,720575940639727861,193075
720575941533052138,720575940623901892,69085
720575941613788703,720575940638099689,106181
720575941681052349,720575940620044935,114517
720575941440709467,720575940627956093,91093
720575941489778382,720575940626993171,133072
720575941453567027,720575940614694517,131965
720575941391212548,720575940623054038,910302
720575941504311356,720575940613602730,179149
720575941525956633,720575940614831035,548729
720575941449737397,720575940625808627,909365
720575941391509910,720575940629959247,30434
720575941518585772,720575940611006170,50926
720575941502596587,720575940613051699,40809
720575941471045751,720575940624020009,533858
720575941547666612,720575940633164514,73223
720575941561104429,720575940612450453,517519
720575941472495200,720575940641633525,90946
720575941653710297,720575940613504882,175672
720575941651109653,720575940628210255,816930
720575941506357598,720575940619665323,804023
720575941617864405,720575940618422557,91366
720575941594757669,720575940632257578,143244
720575941438398271,720575940632581540,95692
720575941602429118,720575940621369536,110138
720575941438972735,720575940613173201,829590
720575941662620728,720575940622840790,107533
720575941567112306,720575940628494587,70453
720575941652838641,720575940631740447,80020
720575941509917200,720575940614891518,125879
720575941506635554,720575940613122218,813461
720575941520004531,720575940614303143,20971
720575941505566231,720575940621482177,522944
720575941569208820,720575940616666310,71992
720575941588920631,720575940615302879,31557
720575941531794405,720575940630521695,205833
720575941573204662,720575940616260146,515202
720575941574835599,720575940616417842,101896
720575941472379744,720575940644624288,48349
720575941477488234,720575940639347765,109904
720575941450094005,720575940611642210,68745
720575941563422098,720575940631584057,22888
720575941484195514,720575940631191353,120963
720575941527945400,720575940624812519,129262
720575941604270014,720575940617553880,99875
720575941512018897,720575940655926689,116868
720575941481287421,720575940621081253,176053
720575941461699012,720575940632386346,808868
720575941506467106,720575940631525583,159314
720575941488386512,720575940617474561,26515
720575941466462294,720575940621107136,94540
720575941614672659,720575940623044521,533451
720575941508703838,720575940640788131,166997
720575941432770318,720575940638336419,815642
720575941562193576,720575940626094094,54218
720575941614626835,720575940619869912,202862
720575941555471332,720575940620589848,815740
720575941533376600,720575940632987729,935691
720575941454965229,720575940621406429,67285
720575941624559562,720575940638776127,810014
720575941525201154,720575940627420162,144595
720575941589422590,720575940618961822,43945
720575941536697354,720575940631967831,196799
720575941510399248,720575940637351598,103509
720575941584911326,720575940629796507,72808
720575941463868173,720575940618875805,810996
720575941461713296,720575940612433901,113169
720575941552875547,720575940621071203,176348
720575941570723230,720575940639053939,72701
720575941555043585,720575940623544285,802153
720575941568802292,720575940627935996,558021
720575941568654382,720575940621107553,56262
720575941468546167,720575940620030774,189656
720575941660514872,720575940635146431,163183
720575941476419393,720575940616097163,560537
720575941534384065,720575940613009298,20041
720575941659147544,720575940630763898,144537152
720575941477216308,720575940621739508,110970
720575941438678290,720575940623142365,817512
720575941632294075,720575940612856529,811615
720575941508318046,720575940624908440,134348
720575941551555583,720575940620228428,143030
720575941526278681,720575940641783437,184200
720575941515094521,720575940642713229,144877
720575941657320472,720575940635487072,37028
720575941504748226,720575940619229563,902844
720575941411137451,720575940605190624,55511
720575941721428026,720575940620225612,120218
720575941443679402,720575940640567101,117837
720575941574625033,720575940623948727,37833
720575941572943262,720575940640352640,805490
720575941571049374,720575940618510225,136963
720575941580123985,720575940617766228,49252
720575941559459343,720575940604721376,36149
720575941547848584,720575940630098587,808312
720575941509017360,720575940617986589,531627
720575941625963210,720575940626144574,903102
720575941451565993,720575940617893981,97232
720575941567762170,720575940633032599,151387
720575941590362408,720575940608193475,144850
720575941497231073,720575940615778463,127744
720575941452193146,720575940619793997,553438
720575941582694751,720575940627289993,170609
720575941612067558,720575940618486181,173205
720575941536490901,720575940621389764,940924
720575941594705703,720575940615303391,827446
720575941593354535,720575940629799362,112426
720575941476163434,720575940620801304,808437
720575941459919430,720575940612605041,814054
720575941632412652,720575940632011871,117573
720575941517227692,720575940612229861,143247
720575941624993644,720575940609244110,197732
720575941471026955,720575940630991119,546790
720575941504325029,720575940620690415,563788
720575941468932061,720575940631094999,209994
720575941592562727,720575940633380909,904932
720575941584789726,720575940632517955,49225
720575941466164502,720575940635845483,154811
720575941495655111,720575940620011034,137252
720575941626440586,720575940624922910,821279
720575941539187405,720575940632977828,128667
720575941508829218,720575940640725411,548218
720575941571289758,720575940611932389,811073
720575941657499984,720575940618325917,523827
720575941495680123,720575940621548276,182958
720575941568135162,720575940616338363,807299
720575941520027571,720575940632488003,443190
720575941491903408,720575940616902230,28480
720575941535377642,720575940637950781,200343
720575941643224677,720575940627428124,908117
720575941552547226,720575940627556126,184963
720575941531598795,720575940619648926,153225
720575941432242785,720575940628440219,100399
720575941688239478,720575940621398348,65942
720575941685239023,720575940625537511,818186
720575941534090418,720575940622814429,909871
720575941539677901,720575940632628291,517847
720575941686488303,720575940631887464,194527
720575941491243468,720575940625695271,19734
720575941568707886,720575940630462167,89271
720575941491882672,720575940620937236,138605
720575941589554258,720575940627142428,91561
720575941565759495,720575940612717530,90922
720575941456387824,720575940635437151,137783
720575941534448216,720575940630424121,67590
720575941412090735,720575940639030249,103728
720575941534146482,720575940635906714,86008
720575941434322062,720575940619062341,26004
720575941518317228,720575940625562552,120804
720575941680809149,720575940630764922,801258
720575941604009401,720575940611832490,551109
720575941455187507,720575940630141050,114623
720575941514281681,720575940617891997,520058
720575941597182144,720575940631594604,382341
720575941668474099,720575940618242353,804597
720575941520032691,720575940620324735,78588
720575941536213224,720575940615164926,38986
720575941482985469,720575940619856464,810783
720575941534554712,720575940629504262,19092
720575941506861441,720575940627306124,120372
720575941492003504,720575940630805463,59327
720575941687406831,720575940604988332,105444
720575941525263014,720575940623361672,516727
720575941690405083,720575940616313394,514087
720575941475381297,720575940630030970,41284
720575941507670341,720575940636191845,271892
720575941476865332,720575940615059240,99960
720575941491435184,720575940621955693,36822
720575941429321313,720575940627661640,68741
720575941485984208,720575940635303776,150786
720575941556372964,720575940634607129,39986
720575941503376983,720575940629371978,72093
720575941689958040,720575940629375081,96017
720575941668187569,720575940625812007,813109
720575941652392209,720575940615935889,27568
720575941568395566,720575940614208977,91698
720575941559552527,720575940620054125,117242
720575941448813237,720575940620642520,100946
720575941440009051,720575940616391180,551112
720575941605916013,720575940630442745,806393
720575941579296081,720575940629223477,500043
720575941488433870,720575940618143003,104973
720575941483221245,720575940633284639,51034
720575941390994948,720575940605528166,100318
720575941573616123,720575940636221296,37022
720575941580093265,720575940611422840,28778
720575941575714998,720575940627302019,514652
720575941514810202,720575940644705736,49790
720575941452612659,720575940623943863,33831
720575941627280697,720575940627088625,123177
720575941540535388,720575940609135829,532193
720575941548233249,720575940626215443,71592
720575941507048738,720575940646405998,99645
720575941456067824,720575940633343825,67891
720575941486978000,720575940639716285,95843
720575941551427207,720575940632915503,15477
720575941525040642,720575940632311692,42271
720575941642206034,720575940621740897,580827
720575941641897573,720575940624045155,143282
720575941629144102,720575940639706301,130521
720575941536054499,720575940638364638,818712
720575941432369879,720575940608015627,816726
720575941520675507,720575940616116230,76628
720575941471027723,720575940616394939,208130
720575941668657651,720575940606455474,816374
720575941460972176,720575940622282790,26703
720575941534255114,720575940621766680,83896
720575941552244798,720575940612320739,137430
720575941529416376,720575940638942015,164101582
720575941681256637,720575940629810704,46923
720575941519524524,720575940623991221,178147
720575941549558388,720575940617488541,184908
720575941544257541,720575940622153136,46329
720575941603601910,720575940616697483,573608
720575941553907457,720575940620961974,94165
720575941505249852,720575940613200307,32598
720575941527048324,720575940618194617,179588
720575941535979457,720575940626976664,74183
720575941518669996,720575940637783017,171178
720575941633366688,720575940628401173,544612
720575941611510748,720575940612836245,32606
720575941451020922,720575940624712521,71178
720575941550000673,720575940620987307,84538
720575941555408292,720575940623832102,75090
720575941599407552,720575940621064384,49128
720575941566635062,720575940620914311,810919
720575941654093073,720575940625372174,548219
720575941561482029,720575940613403458,25341
720575941564612247,720575940613567244,113057
720575941527184642,720575940616276770,135958
720575941640555551,720575940623384831,478230
720575941595213445,720575940605659872,809536
720575941406854447,720575940634215525,37504
720575941461100228,720575940638782015,816586
720575941587367991,720575940620721067,73454
720575941670060455,720575940611473301,69605
720575941644736082,720575940630522193,800297
720575941723491642,720575940614611142,89688
720575941439795775,720575940619938901,807690
720575941548569917,720575940660175745,99145
720575941642447442,720575940629623375,117120
720575941631442156,720575940632122947,524979
720575941583201887,720575940624253930,76390
720575941633527200,720575940623393038,91208
720575941564798306,720575940631283543,68135
720575941548990324,720575940612429994,532415
720575941630741730,720575940628890998,99813
720575941609472330,720575940618776354,821221
720575941448653661,720575940622071813,842821
720575941535082778,720575940629794304,38340
720575941590579710,720575940614701730,536028
720575941538411413,720575940624903411,91118
720575941453108137,720575940620576276,41548
720575941653760724,720575940634811232,129965
720575941690178200,720575940621272285,95288
720575941448739509,720575940619963015,813410
720575941351511088,720575940659185281,537439
720575941391907588,720575940633861293,153444
720575941611741417,720575940620385997,545388
720575941553656804,720575940617555083,79650
720575941503678402,720575940621489243,125213
720575941506713148,720575940638571583,231725
720575941457139270,720575940625853989,33407
720575941490902581,720575940623720935,103574
720575941522693111,720575940635368092,666846464
720575941597606044,720575940624270517,810405
720575941502414935,720575940614352867,86242
720575941412448145,720575940623407740,804168
720575941593564197,720575940622402544,129815
720575941404906096,720575940622820330,815600
720575941605438142,720575940638768612,65838
720575941642567841,720575940640067133,70891
720575941688042203,720575940621732902,155021
720575941528060070,720575940617761885,807834
720575941480080579,720575940623611491,89598
720575941440788309,720575940617598621,179774
720575941507449367,720575940640159293,107178
720575941452462505,720575940627671061,20849
720575941452436551,720575940630521145,64560
720575941526739878,720575940605266865,517651
720575941639167861,720575940607968523,52882
720575941631211963,720575940627350504,115693
720575941671007911,720575940619030813,932791
720575941554131227,720575940616529083,16963
720575941521740467,720575940630210871,106740
720575941573583432,720575940625770483,808488
720575941540855388,720575940605984642,813377
720575941612636313,720575940634133600,176175
720575941559628270,720575940634513515,143822
720575941574321928,720575940626128147,132674
720575941658628944,720575940611637418,49688
720575941671315879,720575940618305108,37314
720575941578897753,720575940628974864,171732
720575941507010142,720575940611673586,18418
720575941443419818,720575940625753872,811547
720575941538644429,720575940630110263,529103
720575941645212024,720575940610401860,142842
720575941538706381,720575940609318409,32070
720575941539332557,720575940612267362,520928
720575941495113671,720575940634377698,105099
720575941657365840,720575940660975233,82158
720575941681284797,720575940629396240,69132
720575941450235997,720575940619693179,112550
720575941524877593,720575940628866860,57487
720575941519487598,720575940632263954,78813
720575941503411506,720575940621402388,163459
720575941593424424,720575940617448029,819835
720575941543333637,720575940628265575,97809
720575941547188148,720575940611448818,155909
720575941438453804,720575940616167744,89461
720575941545050548,720575940640006528,812745
720575941452500346,720575940628623108,915735852
720575941536116456,720575940629063921,70469
720575941557220900,720575940620793680,302835
720575941501549195,720575940615741250,179507
720575941544650089,720575940630746220,204616
720575941391879940,720575940609550946,808933
720575941472101930,720575940621083995,150947
720575941626171594,720575940647278371,96015
720575941564334343,720575940620530392,568933
720575941479495648,720575940630790201,518758
720575941462371085,720575940631242972,87337
720575941535129576,720575940641929973,166457
720575941620400767,720575940630902991,101273
720575941504117042,720575940620969454,1051967587
720575941498067169,720575940617110233,47720
720575941630147820,720575940628250823,82274
720575941590639656,720575940629076585,68423
720575941586053598,720575940640145059,170626
720575941613725337,720575940623105100,110413
720575941580644985,720575940627753349,531948
720575941489671625,720575940631783507,37376
720575941521348531,720575940650482041,44568
720575941440949967,720575940619489445,94498
720575941530899659,720575940611373169,145790
720575941594018411,720575940621701846,812509
720575941414922644,720575940613802090,121083
720575941465926998,720575940623490954,526195
720575941478092353,720575940632983972,47933
720575941481991875,720575940623903112,134247
720575941513469772,720575940632994444,816972
720575941503441387,720575940617009638,85867
720575941451312967,720575940633080915,159534
720575941491330791,720575940631524460,193748
720575941454736109,720575940640707955,217750
720575941506833477,720575940630930259,81396
720575941520107955,720575940623498634,63250
720575941576730472,720575940612862693,101244
720575941657079632,720575940633279180,125901
720575941592002088,720575940606721201,803385
720575941605225406,720575940612825770,806162
720575941459029830,720575940633848787,179637
720575941453055047,720575940616028566,526997
720575941577238105,720575940613944785,101513
720575941529127044,720575940622172457,163612
720575941402891376,720575940612251059,86587
720575941481888451,720575940640905205,64227
720575941590220684,720575940620884719,45261
720575941450486906,720575940632426282,86728
720575941619322751,720575940631964620,173303
720575941527149412,720575940611543342,806042
720575941534613786,720575940618201620,188416
720575941579018329,720575940617836801,802647
720575941508611362,720575940624881349,113095
720575941500644491,720575940639366864,186714
720575941624130698,720575940615359647,142131
720575941526489220,720575940617459515,131399
720575941576573544,720575940609000715,547458
720575941616992213,720575940629712762,823890
720575941629426658,720575940633615533,95285
720575941514305626,720575940625181112,160413
720575941565453207,720575940613782239,824235
720575941450976327,720575940630612280,906460
720575941406857390,720575940621569414,807565
720575941450425269,720575940626685785,93330
720575941611272934,720575940637191525,530763
720575941410940843,720575940636720503,515317
720575941543812893,720575940620033585,48214
720575941563720704,720575940626282371,81031
720575941479768399,720575940611830963,546083
720575941662123900,720575940619039771,37778
720575941591935083,720575940629449342,187358
720575941440713563,720575940615213535,105501
720575941578640209,720575940628405514,912480
720575941663919740,720575940629723241,43261
720575941456985837,720575940619771263,34118
720575941653778644,720575940622988582,105210
720575941469599095,720575940622638324,118481
720575941474197819,720575940617065689,543530
720575941538735509,720575940631593925,116068
720575941518269868,720575940626779440,807827
720575941436379936,720575940614764840,14253
720575941498983074,720575940615982047,541823
720575941435633170,720575940607341835,93558
720575941548030241,720575940628654927,515785115
720575941444552874,720575940635509088,72973
720575941404662896,720575940632792111,145715
720575941523591927,720575940628885254,512140
720575941581559417,720575940641071093,39628
720575941575292598,720575940634360056,936810
720575941575045021,720575940631161815,50642
720575941618506623,720575940643477796,94918
720575941537413608,720575940628930663,524583
720575941449601205,720575940614724915,819594
720575941475532097,720575940603859372,109245
720575941589782924,720575940610198211,105222
720575941489920487,720575940632458514,822897
720575941643696978,720575940635887467,150861
720575941653675025,720575940639065828,108558
720575941531553765,720575940604733216,517281
720575941573438501,720575940622110546,108626
720575941686853871,720575940622126597,45655
720575941626535579,720575940628514545,108852
720575941478231146,720575940633200943,170854
720575941577008465,720575940616727782,513778
720575941441244607,720575940624253675,96504
720575941581207417,720575940616858073,814277
720575941502031595,720575940619586353,147896
720575941506772759,720575940633609773,522929
720575941553485851,720575940624251528,216757
720575941476612404,720575940612693544,83270
720575941578344437,720575940627974666,53390
720575941479485007,720575940603457760,53681
720575941630709218,720575940642845069,45881
720575941574674575,720575940612957363,222200
720575941527232537,720575940623432682,138508
720575941643911525,720575940630798393,533920
720575941514517850,720575940615594641,120604
720575941531872899,720575940617421110,126299
720575941454020077,720575940607012017,52158
720575941599016233,720575940612110946,530070
720575941470399243,720575940621317814,515473
720575941590801960,720575940639064036,166197
720575941573074427,720575940632900812,582287537
720575941595380101,720575940635744863,123652
720575941457126637,720575940640420174,954136
720575941561918253,720575940616220765,835497339
720575941409876847,720575940626261822,812299
720575941589165879,720575940616894651,91232
720575941534755250,720575940629938895,85536
720575941609662441,720575940621399156,500331
720575941457244909,720575940637236287,159408
720575941432284119,720575940627811825,105977
720575941639611253,720575940610682578,825582
720575941504452146,720575940633519308,86582
720575941554907649,720575940625766631,177661
720575941436891359,720575940632400696,138798
720575941409031595,720575940630107586,121216
720575941574203657,720575940629687143,174541
720575941431139543,720575940630377854,24012
720575941540542333,720575940617438865,348174
720575941565972631,720575940637165157,41044
720575941545425157,720575940611904218,33084
720575941564659346,720575940626615738,107047
720575941518683308,720575940634933856,545400
720575941732111659,720575940630215618,51239
720575941441247679,720575940609802197,172350
720575941535149802,720575940629936890,43601
720575941554382363,720575940637850596,912673
720575941458676383,720575940618224601,91780
720575941626286474,720575940617970900,16054
720575941486642128,720575940611722962,161947
720575941504490917,720575940611588194,48865
720575941525094221,720575940629334257,817715
720575941612859667,720575940623780872,168386
720575941654811097,720575940619530558,529696
720575941507256343,720575940623881223,72074
720575941625739402,720575940631433954,803863
720575941557695524,720575940628862268,28204
720575941575268495,720575940617167316,70270
720575941571536798,720575940620057502,172641
720575941633650107,720575940627055749,93813
720575941668054449,720575940625938856,124959
720575941411188395,720575940621217670,72664
720575941584337118,720575940617278237,586548
720575941560886311,720575940631133952,103510
720575941618221439,720575940624976330,143456
720575941555974145,720575940618951232,812736
720575941549819710,720575940633166151,251377
720575941429900425,720575940640825741,123650
720575941506960734,720575940625387593,925697
720575941732843307,720575940616568537,106703
720575941623383195,720575940629819002,193072
720575941463092368,720575940619656789,524688
720575941491672012,720575940623027414,347926
720575941688927862,720575940632172330,153433
720575941584929246,720575940626610831,806722
720575941578376025,720575940613956767,38771
720575941519189614,720575940630832727,819650
720575941504386610,720575940608399115,25151
720575941565462326,720575940616438085,43328
720575941662576440,720575940630052293,131878
720575941655705044,720575940631911186,46824
720575941595999877,720575940620245589,535807
720575941467587862,720575940618557008,96108
720575941667547123,720575940606552422,220577
720575941466537238,720575940623979959,539260
720575941463927821,720575940615944854,29854
720575941410019695,720575940623926247,91586
720575941493655984,720575940605000928,133978
720575941560379118,720575940646519918,234475
720575941526524772,720575940623104280,55509
720575941391696022,720575940613428978,170885
720575941472478048,720575940627720329,63626
720575941472410688,720575940639478325,65572
720575941482747078,720575940626502970,108933
720575941531412965,720575940637521118,59015
720575941652327153,720575940619212165,500313
720575941507665221,720575940618300465,84326
720575941529822411,720575940630469370,817523
720575941504315964,720575940637306677,516376
720575941530296011,720575940629296714,175437
720575941451792711,720575940633295967,88757
720575941489984974,720575940629599081,163640
720575941591290508,720575940613806358,74920
720575941590889323,720575940627456529,813923
720575941542756381,720575940634229218,55385
720575941425239892,720575940616087519,76072
720575941572925583,720575940617724390,530018
720575941592754027,720575940604630752,43973
720575941437721900,720575940620055905,150132
720575941441090255,720575940626052752,58710
720575941408310575,720575940628808235,81769
720575941505630117,720575940628585987,540359
720575941474428970,720575940628516081,74242
720575941598342848,720575940621367944,73433
720575941575823286,720575940633734369,46967
720575941652075281,720575940623952152,82792
720575941522883403,720575940621390975,170460
720575941662153340,720575940626717712,513351
720575941610439145,720575940628940137,138918
720575941573396623,720575940614269351,812837
720575941565040994,720575940607920732,57385
720575941550024509,720575940633824703,121344
720575941392613380,720575940621699822,934942
720575941569205498,720575940607073666,812648
720575941597808028,720575940608135858,143914
720575941655431129,720575940619324107,49160
720575941506969694,720575940633021741,206778
720575941440457045,720575940616476555,277462
720575941402304291,720575940625870992,78192
720575941487113026,720575940624153880,146288
720575941495116158,720575940624423432,227733
720575941564791094,720575940617992678,148239
720575941628820518,720575940629220214,235397
720575941431620745,720575940620461165,70075
720575941429792687,720575940635482766,907638
720575941471790912,720575940626570648,124067
720575941539035853,720575940612727722,209436
720575941580130169,720575940617672093,103289
720575941406541103,720575940631804845,124208
720575941489132492,720575940612938902,210889
720575941494906750,720575940609154517,84417
720575941544485993,720575940638002142,26281
720575941593050664,720575940620757231,935121
720575941574074767,720575940650866553,63471
720575941473365088,720575940623980285,829153
720575941572080968,720575940660477313,121071
720575941611824873,720575940621139365,129062
720575941593860389,720575940608537027,86877
720575941576089014,720575940606954507,58492
720575941572928264,720575940627789650,76343
720575941610237770,720575940611052642,62537
720575941508533776,720575940622761054,512653
720575941449253981,720575940651527670,101810
720575941529334200,720575940630061824,124552
720575941574655887,720575940631838945,199721
720575941595519857,720575940623707656,104114
720575941440030687,720575940640219709,532462
720575941595487857,720575940618753565,155749
720575941502415191,720575940630486142,529081
720575941441270479,720575940618963510,133316
720575941496683643,720575940618466384,47648
720575941574346397,720575940613051621,19820
720575941642312274,720575940631625953,122656
720575941687338102,720575940617642897,821512
720575941439828827,720575940617877465,144249
720575941450605690,720575940637822323,36079
720575941473229664,720575940615385055,149846
720575941477887139,720575940627582525,821479
720575941501974210,720575940632613262,73964
720575941507131927,720575940607817173,181615
720575941483960973,720575940635177891,104080
720575941680712637,720575940606578110,1079514751
720575941615336601,720575940626695811,1053839535
720575941540883548,720575940650294649,819429
720575941614618387,720575940611377893,530175
720575941522987511,720575940622006192,45968
720575941597057692,720575940618263892,79586
720575941665916403,720575940616825138,90743
720575941501522827,720575940611313578,534810
720575941591691916,720575940630838380,109194
720575941438223071,720575940617954049,217482
720575941691116507,720575940622736169,151908
720575941563235591,720575940624799240,127453
720575941543216669,720575940626022808,267030
720575941438825045,720575940628706280,39569
720575941428024148,720575940623465596,128614
720575941579405557,720575940622198388,68136
720575941573647773,720575940631965763,815934
720575941686532620,720575940615842278,74360
720575941518345900,720575940617258821,158056
720575941591225896,720575940618334145,80545
720575941595382055,720575940620324929,170002
720575941579638005,720575940635557527,819167
720575941432391265,720575940617674214,232191
720575941550388596,720575940628712964,118629
720575941409103663,720575940638500430,84931
720575941404931952,720575940638982478,545851
720575941564162102,720575940645327412,98162
720575941633854907,720575940637945670,66829
720575941643830629,720575940630155931,812000
720575941465850646,720575940621973598,135056
720575941506696252,720575940625664487,18570
720575941470652992,720575940615856411,182630
720575941476898353,720575940613971171,116025
720575941502454667,720575940624449032,99810
720575941591858728,720575940611681173,75818
720575941477083444,720575940635448312,839090650
720575941504270679,720575940638268835,93930
720575941566252590,720575940647887236,153604
720575941499170978,720575940627407000,94144
720575941632336059,720575940640164917,808927
720575941487722960,720575940627985162,103503
720575941524046948,720575940627094044,22612
720575941539365581,720575940606447793,154967
720575941586756830,720575940627919114,100852
720575941578173273,720575940626422832,139067
720575941404949872,720575940653379830,813086
720575941529700740,720575940635302300,211351
720575941594580593,720575940628685333,109649
720575941548333960,720575940613207471,152019
720575941453803433,720575940627447897,76186
720575941609585129,720575940630583863,226271
720575941449753269,720575940624288356,50046
720575941720333626,720575940620575960,170159
720575941426591060,720575940632779932,562721
720575941565203298,720575940616866758,818467
720575941579588945,720575940635370079,129895
720575941652414485,720575940621744321,128703
720575941629374434,720575940634362999,234884
720575941538018034,720575940623270102,806602
720575941502024587,720575940606533809,98792
720575941427120468,720575940619425605,816572
720575941569825650,720575940629971650,100343
720575941506782789,720575940610200217,29870
720575941612101862,720575940626962618,174084
720575941545534900,720575940628560636,137533
720575941687761135,720575940640675235,801451
720575941431804664,720575940628381000,181758
720575941475055675,720575940628285700,154342
720575941630201382,720575940608071602,61474
720575941529852856,720575940634520033,59486
720575941431153678,720575940625097998,810098
720575941540766669,720575940632353453,73783
720575941559370767,720575940628266373,70754
720575941503950167,720575940625654078,270753
720575941538690253,720575940624387992,806915
720575941588993604,720575940616637670,43219
720575941506721815,720575940628619202,75149
720575941391432598,720575940632760996,89740
720575941550834494,720575940635580768,71203
720575941466091862,720575940626974906,814006
720575941576297832,720575940620540619,939958
720575941480210306,720575940615303586,128524
720575941680809661,720575940626882506,839470
720575941569308916,720575940617366155,46219
720575941550482292,720575940632089807,292315
720575941489591500,720575940606408625,812375
720575941458869407,720575940628470268,149215
720575941573938952,720575940631539852,35959
720575941537485032,720575940613944813,35811
720575941546198152,720575940639468789,198830
720575941553636097,720575940626366982,159910
720575941461338052,720575940632280338,126482
720575941508978049,720575940629729084,65832
720575941471405376,720575940615043158,517701
720575941502880855,720575940606236337,59542
720575941352049712,720575940631225303,82861
720575941731024171,720575940633788642,199515
720575941690341851,720575940619572382,557870
720575941466667286,720575940625771085,27631
720575941531529859,720575940623596899,199335
720575941559958543,720575940624994941,810087
720575941688039436,720575940619477809,206065
720575941618908031,720575940623885960,533606
720575941555166977,720575940621294501,109817
720575941555229185,720575940620174552,113156
720575941450866042,720575940629909370,60610
720575941564933218,720575940621581802,45306
720575941626386796,720575940646500718,140416
720575941644421832,720575940630048593,146515
720575941488689717,720575940628324170,34910
720575941438312927,720575940623927559,53953
720575941586405510,720575940613199279,40443
720575941459397791,720575940640687475,108746
720575941645177720,720575940621564598,800250
720575941451794857,720575940640794483,201495
720575941560827431,720575940630839895,554808
720575941549984289,720575940624100104,54329
720575941526696781,720575940626771914,140347
720575941435795598,720575940624923198,92639
720575941545027433,720575940621804329,92307
720575941578916341,720575940621348591,570699
720575941509982930,720575940640228979,817597
720575941458512112,720575940635183728,531725
720575941592269931,720575940628874039,218638
720575941624580972,720575940606627761,807779
720575941552778523,720575940639142589,35073
720575941532488170,720575940628955189,819215
720575941512525009,720575940604738225,810987
720575941625693036,720575940626915472,99573
720575941619865727,720575940618090836,127347
720575941507020567,720575940620297607,106289
720575941534759450,720575940607869826,812412
720575941546077364,720575940628996867,810663
720575941437298220,720575940611717525,816106
720575941469508573,720575940638620905,56381
720575941573672456,720575940634381207,95784
720575941469625867,720575940632254545,1078099767
720575941594591781,720575940617423105,162004
720575941537860067,720575940621784303,805607
720575941564839778,720575940621018790,196319
720575941482830589,720575940632270098,56616
720575941532141187,720575940621574109,140430
720575941532327909,720575940631242447,117901
720575941497632329,720575940612733553,102063
720575941612371430,720575940619543857,530764
720575941494382791,720575940627063634,110988
720575941458656467,720575940645254692,144654
720575941483571398,720575940623927444,113639
720575941491613671,720575940626552010,816631
720575941448750158,720575940627856698,154812
720575941515678611,720575940637284965,818523
720575941588794436,720575940610686162,237101
720575941413965969,720575940631527887,123939
720575941575362447,720575940617945915,28918
720575941632418757,720575940638534878,165451
720575941702002138,720575940610322115,57654
720575941594417777,720575940621673983,930670
720575941430035119,720575940623337852,60499
720575941496577735,720575940632518225,23678
720575941505197116,720575940628789559,806685
720575941547012232,720575940614558445,52469
720575941687111663,720575940640732760,127229
720575941476123441,720575940640251811,515151
720575941489828046,720575940620952948,51198
720575941453072199,720575940621236918,544568
720575941527177986,720575940624939447,110126
720575941486614480,720575940637115493,85730
720575941552562567,720575940628369963,193289
720575941623277211,720575940614320611,120937
720575941657974352,720575940633518381,164303
720575941607888237,720575940623861757,135585
720575941670078129,720575940632759353,133758
720575941538888597,720575940624466470,79013
720575941507889502,720575940625732745,191053
720575941506813500,720575940624345796,172935
720575941494430080,720575940608806492,936362
720575941459144900,720575940630710521,174074
720575941651251441,720575940623696136,516835
720575941568712442,720575940610403267,21969
720575941652410901,720575940627649641,133723
720575941426815060,720575940632282524,905632
720575941565498007,720575940633710306,183628
720575941559009262,720575940635557823,529867
720575941607221613,720575940617535837,182593
720575941514683395,720575940631217915,119805
720575941628651046,720575940624105098,99878
720575941505241669,720575940650082038,102337
720575941560265587,720575940635819199,150125
720575941564772706,720575940620031308,281543
720575941413086609,720575940644310807,94127
720575941544550076,720575940626454786,26633
720575941425950804,720575940630472535,152707
720575941526713188,720575940621383804,86946
720575941456760735,720575940611990738,62345
720575941557798638,720575940642618843,810613
720575941583134559,720575940606053041,108577
720575941722896186,720575940624918089,200404
720575941539697045,720575940606628530,109340
720575941691632280,720575940614143942,518167
720575941645064312,720575940638053693,140012
720575941629768418,720575940633704217,120111
720575941475812382,720575940638181086,120406
720575941731227179,720575940632236818,175313
720575941489056201,720575940632266577,125870
720575941542328837,720575940625706895,99175
720575941521722547,720575940623830419,136514
720575941503893995,720575940611913170,122438
720575941628469542,720575940617397341,92796
720575941431296782,720575940637636830,139930
720575941427379540,720575940621106465,15080
720575941555665747,720575940625654759,62007
720575941537878397,720575940612256938,173332
720575941481381062,720575940604962528,43003
720575941476297268,720575940611266402,156519
720575941490942926,720575940635286196,172906
720575941579538677,720575940617480790,64031
720575941643995080,720575940625854990,31709
720575941519697774,720575940628329990,134664
720575941597743296,720575940625346889,32227
720575941452272967,720575940639415248,811468
720575941459208915,720575940628842570,805461
720575941480802979,720575940614796171,149666
720575941513177603,720575940632637032,153732
720575941637506165,720575940631256182,64935
720575941472177962,720575940620113457,391127
720575941575392009,720575940630008121,152540
720575941547366516,720575940614704337,820507
720575941504589733,720575940635382975,811418
720575941559603950,720575940640211022,155295
720575941476657201,720575940612418201,90956
720575941504447813,720575940616836421,543286
720575941582117753,720575940635213931,544165
720575941554075271,720575940639010392,118230
720575941538177685,720575940640148277,566185
720575941569002490,720575940613896829,338564
720575941687853019,720575940614582687,59690
720575941550434164,720575940617502977,194525
720575941564123026,720575940620744664,32091
720575941503328194,720575940630578423,124431
720575941610330342,720575940605532617,180555
720575941624472428,720575940627139344,355929
720575941642142565,720575940623664664,114625
720575941549156980,720575940605535404,95357
720575941408249135,720575940621029255,537120
720575941486519504,720575940617216441,133798
720575941653008089,720575940633455073,58948
720575941483668934,720575940623384968,208271
720575941450030158,720575940629482878,204682
720575941554424986,720575940626386301,210915
720575941617096917,720575940626857418,805856
720575941579318097,720575940620915565,852571
720575941482748925,720575940628747463,75722
720575941652410836,720575940616849420,820061
720575941433484302,720575940625798439,942091
720575941445525418,720575940610761284,39223
720575941652873684,720575940624103935,228229
720575941592219944,720575940621138352,177182
720575941625619914,720575940626638108,516561
720575941687929051,720575940629105670,213652
720575941624614396,720575940630894585,118791
720575941553667867,720575940621957364,149732
720575941453960499,720575940608412611,431916
720575941411552111,720575940638664767,818317
720575941665714419,720575940625166828,829386
720575941515968259,720575940635795166,907600
720575941654112273,720575940629320236,125338
720575941732546603,720575940605338290,32130
720575941576558518,720575940622362589,805722
720575941498798498,720575940618295252,136194
720575941524474699,720575940625243465,815282
720575941076956631,720575940605254846,118181
720575941533272152,720575940606179761,67336
720575941435810702,720575940614507217,124257
720575941482391482,720575940643459016,209471
720575941539345021,720575940627887354,804290
720575941553942273,720575940604949705,193731
720575941459422790,720575940628467561,79042
720575941469760375,720575940625522151,98481
720575941440182363,720575940624147600,94847
720575941610780006,720575940619113748,511891
720575941458872991,720575940623166302,52487
720575941505209157,720575940625666547,908472
720575941574571407,720575940624881671,427037
720575941497519483,720575940635626488,31629
720575941476502577,720575940614385570,514472
720575941481323459,720575940621271387,186958
720575941477680945,720575940633142170,29020
720575941479787906,720575940640266318,54501
720575941462437776,720575940625968016,50753
720575941593425959,720575940615358887,63505
720575941548802164,720575940616182228,142678
720575941610677478,720575940609232137,36643
720575941460253124,720575940607286146,17896
720575941479153091,720575940616489010,819514
720575941517527512,720575940621357155,90972
720575941554231579,720575940617665851,21772
720575941414417300,720575940620493300,327128397
720575941564884119,720575940632092985,123092
720575941520774071,720575940630957775,541735
720575941592237608,720575940623788522,58478
720575941700779226,720575940619392891,181959
720575941687754508,720575940654449313,137931
720575941547509281,720575940628068008,517044
720575941572645115,720575940660273537,50077
720575941652269073,720575940647081251,914586
720575941571589704,720575940628342184,40605
720575941549165345,720575940605878706,128264
720575941506231621,720575940619276446,166002
720575941547488180,720575940627290457,543586
720575941685690124,720575940615151446,811786
720575941414825105,720575940628045480,247541
720575941544261225,720575940611509989,48457
720575941559140967,720575940626463781,102190
720575941455065907,720575940617108539,146897
720575941598769564,720575940618099385,162604
720575941429486295,720575940621092205,811107
720575941607948653,720575940629707628,805627
720575941414862737,720575940620197104,560551
720575941509503954,720575940642460635,161670
720575941625296266,720575940634574004,27521
720575941619716479,720575940636987767,33573
720575941584111494,720575940626667876,160580
720575941591656588,720575940638542426,157462
720575941596910236,720575940628533591,143431
720575941595133223,720575940635149669,547668
720575941629121004,720575940617616129,516386
720575941490675660,720575940626261348,25741
720575941554046977,720575940623443165,136499
720575941536368882,720575940616420438,819860
720575941516375907,720575940606369382,65823
720575941624479852,720575940607508169,116787
720575941566717434,720575940605369312,77966
720575941642608072,720575940621326874,513293
720575941515791939,720575940629631870,34570
720575941430940152,720575940611958963,48410
720575941521019575,720575940623485917,189217
720575941552032391,720575940618796116,552439
720575941662754104,720575940637631845,78574
720575941438423615,720575940623646502,112006
720575941525792100,720575940634388622,40603
720575941613109523,720575940615354811,20823
720575941533756291,720575940642198491,106471
720575941544068457,720575940625889319,202889
720575941478746218,720575940634706035,807372
720575941621675516,720575940607867593,151225
720575941588183620,720575940624224951,162381
720575941505105212,720575940634087287,530601
720575941667537907,720575940620121424,151931
720575941582446431,720575940616012322,814161
720575941555405732,720575940625116092,151663
720575941439038252,720575940643261220,541502
720575941455032813,720575940629428303,43453
720575941497154944,720575940626664592,65262
720575941405027440,720575940613509101,45213
720575941446259988,720575940629412156,156564
720575941407858094,720575940611354414,910147
720575941431186057,720575940621947233,810906
720575941451436922,720575940613845516,37630
720575941497805179,720575940628390404,94583
720575941434418464,720575940612371569,214802
720575941594719190,720575940622051169,813513
720575941594943781,720575940614367981,129809
720575941596270449,720575940624919482,532686
720575941461762259,720575940627410840,819614
720575941448205749,720575940633920654,64556
720575941611096678,720575940617828893,701647131
720575941482761213,720575940644014628,804464
720575941557564142,720575940627831122,110751
720575941449938101,720575940639505213,813456
720575941520364467,720575940627200923,26338
720575941531741643,720575940615685794,211934
720575941480708431,720575940626595074,78600
720575941430655113,720575940632260577,52921
720575941535360746,720575940623341240,545811
720575941688220534,720575940600150793,22832
720575941530120120,720575940614160179,23306
720575941516377946,720575940621168037,171773
720575941542899804,720575940616390100,543538
720575941590342440,720575940612595349,211800
720575941490115529,720575940615790230,161778
720575941572231177,720575940650235257,176669
720575941595346821,720575940625725261,531883
720575941587770180,720575940630749647,110559
720575941540141597,720575940605758688,817666
720575941524725325,720575940621951514,145377
720575941538089458,720575940617927641,135013
720575941548517768,720575940628269628,816772
720575941604146878,720575940630673145,120565
720575941533072771,720575940628306784,128210
720575941510374098,720575940639852915,537973
720575941561433234,720575940621083270,114253
720575941453154473,720575940624202032,542046
720575941513814083,720575940611987150,109417
720575941731091755,720575940603773798,46812
720575941478635114,720575940630769612,531101
720575941662613628,720575940623081449,45548
720575941439720283,720575940614925054,114689
720575941623696522,720575940633791277,131729
720575941563866536,720575940635289963,52263
720575941436550688,720575940627520258,25417
720575941620358527,720575940630980396,91156
720575941502620978,720575940622020528,168456
720575941463846157,720575940645288740,29715
720575941531617483,720575940626721874,512404
720575941440063951,720575940618559515,154158
720575941564124167,720575940621524673,816472
720575941448430612,720575940618723156,189868
720575941686842351,720575940635384727,525010
720575941504686652,720575940633509471,152636
720575941644077473,720575940628406149,555838
720575941554096385,720575940627425918,81631
720575941407051182,720575940611050052,120080
720575941503414871,720575940615385086,811170
720575941489633996,720575940642381787,907502
720575941529374155,720575940634066146,57824
720575941534856024,720575940619045908,816781
720575941431060655,720575940629648427,236523
720575941456193261,720575940628186682,151089
720575941573691899,720575940625079027,102862
720575941501207531,720575940625017351,53103
720575941536563939,720575940620976299,546216
720575941458844063,720575940626916282,537668
720575941540290077,720575940645821207,409488
720575941605372606,720575940617537117,144630
720575941595912743,720575940616333499,519017
720575941589363524,720575940622722175,218527
720575941411896175,720575940606595686,99513
720575941609124938,720575940633815522,114821
720575941657296920,720575940629810219,35023
720575941478733186,720575940621020598,908893
720575941488193488,720575940616540603,98308
720575941416420124,720575940618393428,515851
720575941518969516,720575940610412386,156604
720575941476987422,720575940618673748,91904
720575941542799645,720575940628823674,94501
720575941549549940,720575940618978609,808718
720575941528059064,720575940621841904,108040
720575941506529701,720575940625027401,52132
720575941593536470,720575940625857923,138340
720575941514966275,720575940629995087,103352
720575941630160610,720575940615045226,168433
720575941564806754,720575940633842146,132912
720575941633492933,720575940630072911,131883
720575941498041979,720575940626926538,38512
720575941545941692,720575940646101870,554015
720575941612110118,720575940627820035,539907
720575941594858097,720575940609175758,95244
720575941512543308,720575940633575597,168355
720575941561210024,720575940634666521,80409
720575941416239644,720575940624285578,815054
720575941516637177,720575940631572527,820131
720575941567728378,720575940646106903,139377
720575941595426087,720575940625213966,527100
720575941552777607,720575940621116655,544743
720575941565576967,720575940630758782,548592
720575941525942372,720575940622660223,16311
720575941529173636,720575940608604427,117863
720575941481696591,720575940631175621,546964
720575941485832589,720575940636828527,518797
720575941652878553,720575940615327338,120087
720575941573005563,720575940615451498,52682
720575941431458775,720575940612179173,177835
720575941439433663,720575940613619090,805377
720575941514625273,720575940639845976,154079
720575941411845999,720575940618991429,111952
720575941553171483,720575940617324317,171910
720575941569721502,720575940624638650,106600
720575941592961494,720575940632170255,160655
720575941523350263,720575940618087636,518288
720575941411070891,720575940633574052,135499
720575941473166890,720575940625694285,104204
720575941524839912,720575940628998555,49093
720575941563646610,720575940642182619,33150
720575941477384500,720575940636996159,113525
720575941624575996,720575940605839718,104131
720575941606423149,720575940624298277,112907
720575941731385643,720575940619122598,816105
720575941595076822,720575940655171233,71375
720575941475372091,720575940623556839,100044
720575941472661290,720575940625657236,41771
720575941564108800,720575940638398185,156952
720575941478737258,720575940617443677,25356
720575941494622078,720575940614330287,73777
720575941623219914,720575940646168372,84713
720575941475342641,720575940609456395,31382
720575941643123045,720575940609533635,581332
720575941702131674,720575940634215836,33155
720575941498807675,720575940631784279,148297
720575941535709416,720575940624013239,815801
720575941566757678,720575940638224730,72948
720575941502516055,720575940626891466,517895
720575941512359500,720575940637894110,79918
720575941586453726,720575940659780993,93025
720575941435530784,720575940640156301,553737
720575941393003268,720575940621885862,518755
720575941631133420,720575940614277859,542662
720575941554117377,720575940627948937,182048
720575941663370364,720575940630949750,163868
720575941560533486,720575940632110031,71499
720575941610924774,720575940606519910,76698
720575941611920045,720575940633116095,57424
720575941487067202,720575940642626779,398883
720575941521824179,720575940611634898,1079026313
720575941538630525,720575940625157629,173324
720575941568553586,720575940613506582,118531
720575941640941599,720575940625686200,813526
720575941430142089,720575940620428112,106134
720575941483500730,720575940618650625,939899
720575941610154217,720575940616025706,28804
720575941435115662,720575940611229486,54249
720575941449661789,720575940625171289,172950
720575941623681532,720575940604880864,95430
720575941474397280,720575940613267367,810156
720575941512900049,720575940624717752,821578166
720575941507658369,720575940629659727,71988
720575941470058304,720575940619689265,64507
720575941414270100,720575940634928747,155814
720575941412028015,720575940630947087,145969
720575941644633938,720575940633606052,69598
720575941643168120,720575940628815420,116110
720575941564128566,720575940615046450,812281
720575941619566207,720575940612753882,141617
720575941577800537,720575940636230746,111126
720575941534906034,720575940610585442,87181
720575941594180203,720575940618306112,58188
720575941599290409,720575940653576438,739865
720575941563458055,720575940629836087,74701
720575941462151824,720575940626873232,137025
720575941530862467,720575940626791312,136789
720575941532342245,720575940625523749,135548
720575941437217324,720575940615971596,46478
720575941517358995,720575940634268386,97411
720575941473206587,720575940631696353,174450
720575941534788634,720575940628739834,821869
720575941457804784,720575940640493400,825736
720575941626347210,720575940611596078,144235
720575941565020002,720575940605581158,813222
720575941534630666,720575940614218221,130880
720575941568474414,720575940620387964,933139
720575941554608723,720575940639210037,78042
720575941549814846,720575940636904538,92454
720575941553814151,720575940616540043,156589
720575941591244542,720575940620537264,125089
720575941577682777,720575940631238284,112642
720575941537043944,720575940615980694,819623
720575941460681156,720575940623833068,524092
720575941625323419,720575940621160870,113040
720575941497869025,720575940623742090,826475
720575941477226292,720575940628248463,534394
720575941476745265,720575940639640483,118945
720575941594725413,720575940617116466,215518
720575941556942244,720575940626887938,46296
720575941498625186,720575940625506279,189884
720575941515172451,720575940631519852,517849
720575941436179232,720575940617750155,16830
720575941535353866,720575940622305304,59575
720575941536172259,720575940624138242,56184
720575941566590311,720575940642147829,221711
720575941516345347,720575940630975313,815545
720575941598269084,720575940617034438,547835
720575941589910583,720575940619629141,290333
720575941504077506,720575940637834608,800604
720575941626459756,720575940611348373,202896
720575941459762758,720575940628157702,223769
720575941659208216,720575940630970531,78886
720575941539299570,720575940614813334,105282
720575941512643916,720575940637679549,20810
720575941455967213,720575940638634206,108794
720575941436172562,720575940628621544,158485
720575941486800962,720575940646289955,13908
720575941556200886,720575940629015851,91400
720575941562163368,720575940618364166,130724
720575941555134803,720575940645638708,166304
720575941533714212,720575940621996570,154106
720575941475006267,720575940623223721,518653
720575941575932303,720575940628738728,161076
720575941498379337,720575940623148643,46141
720575941501557387,720575940632685004,42309
720575941449660509,720575940633583585,244866
720575941439719119,720575940643406615,818098
720575941495454407,720575940621068197,167017
720575941572558920,720575940624204682,500112
720575941722428474,720575940637860014,57593
720575941469137015,720575940605154336,81624
720575941602152438,720575940618349825,539859
720575941557059748,720575940619675712,181540
720575941667452147,720575940627552089,84099
720575941637952543,720575940637845470,819453
720575941565251374,720575940628513768,37862
720575941490969909,720575940630552182,953372
720575941471180811,720575940646332036,817552
720575941512058065,720575940607996338,134139
720575941522159863,720575940633287394,176169
720575941566435638,720575940622998920,61168
720575941608467530,720575940626358617,110114
720575941606629485,720575940619804582,548138
720575941473085994,720575940624130186,342366
720575941670302641,720575940607540681,151107
720575941539165565,720575940628730536,1051928410
720575941515387139,720575940621665670,162175
720575941611846630,720575940625795345,126804
720575941562925319,720575940625206530,194906
720575941554507492,720575940618468130,545783
720575941522617931,720575940630065563,89438
720575941550429951,720575940627997425,550272
720575941545952700,720575940631565049,30926
720575941645148024,720575940630192682,815153
720575941479949903,720575940606947970,45505
720575941490091239,720575940648476281,188618
720575941551666238,720575940621848781,29917
720575941578407413,720575940629563152,215854
720575941408966830,720575940628506871,106139
720575941545512884,720575940636010488,129045
720575941536724968,720575940618871792,183721
720575941644911816,720575940619425694,51621
720575941508666658,720575940624202387,63597
720575941414690708,720575940624482195,162075
720575941574836745,720575940621113620,220730
720575941435013664,720575940631839819,147945
720575941401477667,720575940624729236,116974
720575941632284091,720575940634177250,912552
720575941459803859,720575940612686229,345137
720575941491219175,720575940616385842,50146
720575941479414240,720575940631014656,175941
720575941651102961,720575940622428585,122546
720575941563019944,720575940621546281,554447
720575941475816222,720575940637636029,117510
720575941517537240,720575940632655161,530900
720575941557625971,720575940625596308,54168
720575941547656584,720575940631011781,185398
720575941552728147,720575940616637533,245550
720575941631985349,720575940621474736,28317
720575941432743054,720575940610390340,71973
720575941522340024,720575940626864688,113043
720575941497868001,720575940638632538,807872
720575941533745539,720575940625175059,76006
720575941533729667,720575940621365012,134220
720575941551945351,720575940617974942,185072
720575941644431560,720575940622099878,139556
720575941496030592,720575940621888169,522304
720575941536609729,720575940630792399,815326
720575941432059863,720575940631524111,130982
720575941500685963,720575940621588974,522884
720575941560341007,720575940619239734,40589
720575941469899485,720575940618538565,288217
720575941430535087,720575940618699841,547737
720575941614825881,720575940624730212,554629
720575941663669372,720575940624046007,145432
720575941553326419,720575940633149521,120417
720575941564175670,720575940621388301,103060
720575941563312384,720575940623581064,95824
720575941508499728,720575940625696748,127414
720575941595268389,720575940612854421,515236
720575941522525624,720575940631656504,904524
720575941412137839,720575940620485568,555933
720575941593587237,720575940629491906,109178
720575941466623830,720575940614181886,919429
720575941502630283,720575940632046540,102610
720575941596765317,720575940629146618,23709
720575941549701182,720575940625390059,532088
720575941475122730,720575940627322088,815512
720575941562103853,720575940624711687,534802
720575941654675417,720575940612052578,154803
720575941611671114,720575940606437990,550362
720575941624449226,720575940638050020,824789
720575941490222901,720575940631158784,104564
720575941575716534,720575940635425460,132855
720575941590528510,720575940624332426,12871
720575941539104125,720575940624369642,111931
720575941470295517,720575940635224995,59671
720575941513498179,720575940607500297,34869
720575941432880910,720575940620243335,113185
720575941504368066,720575940614890159,63507
720575941565095063,720575940628295482,112805
720575941437899999,720575940609667083,814108
720575941430759672,720575940631900247,107994
720575941436698943,720575940627128969,22141
720575941669883057,720575940619929560,1051333245
720575941516373497,720575940640472027,810981
720575941538093032,720575940644537504,558612
720575941539947981,720575940625259081,28750
720575941690473112,720575940628232956,556927
720575941658581584,720575940607389788,49681
720575941580604537,720575940635404896,111407
720575941731270955,720575940644607854,810164
720575941539165077,720575940632416095,93048
720575941519897016,720575940610424515,188670
720575941554471451,720575940639579581,119325
720575941485994758,720575940612814821,158639
720575941657438744,720575940632214546,202177
720575941440796251,720575940608313611,106952
720575941524752484,720575940613050577,156955
720575941463206925,720575940626439498,103408
720575941561500205,720575940609690377,523825
720575941482322106,720575940612157041,912335
720575941490114791,720575940639938357,102041
720575941720492346,720575940627461380,534964
720575941413783956,720575940607486921,140145
720575941585496030,720575940624293578,101385
720575941671435687,720575940638331718,13793
720575941654084052,720575940627435592,83584
720575941602810870,720575940638564661,72486
720575941494526846,720575940631817669,550261
720575941524258891,720575940620196336,80443
720575941603633398,720575940626238029,540080
720575941515711322,720575940632832568,41957
720575941526032409,720575940633626593,180482
720575941490904012,720575940650770297,60335
720575941492373936,720575940612201329,132707
720575941562222375,720575940641689040,76969
720575941631466144,720575940633600225,525331
720575941631698885,720575940605615049,58236
720575941612519270,720575940615501983,156512
720575941576327784,720575940623018778,203888
720575941507670853,720575940629930831,93788
720575941507430178,720575940629304681,52285
720575941564324498,720575940615730875,174114
720575941580249077,720575940615755586,35816
720575941513955577,720575940623614355,299852
720575941513623249,720575940625302672,70357
720575941584058246,720575940612095637,46995
720575941416171292,720575940617500811,130012
720575941630281510,720575940617288763,124874
720575941637399669,720575940628939419,137640
720575941404322672,720575940616896710,151060
720575941518579054,720575940618502841,56624
720575941505043735,720575940614462887,531923
720575941527825830,720575940637677790,49369
720575941584196742,720575940609174392,812077
720575941461742020,720575940631993299,1004255645
720575941505665093,720575940630346538,50579
720575941433772430,720575940613557288,217127
720575941440377179,720575940622223203,250132
720575941638924917,720575940640775512,170751
720575941686473996,720575940616861964,812826
720575941558221860,720575940605165024,30824
720575941505017026,720575940617529629,154233
720575941623408010,720575940619916629,186172
720575941595674407,720575940625130248,105036
720575941657400600,720575940633513261,84705
720575941489885132,720575940619977045,217817
720575941429836463,720575940625236884,818220
720575941450656122,720575940622311364,818960
720575941652326421,720575940607557554,83523
720575941634127803,720575940618490782,218148
720575941462157837,720575940626886525,127932
720575941498818273,720575940633755828,134569
720575941550867774,720575940615083381,113068
720575941533978305,720575940645913198,38903
720575941521455287,720575940639181284,903440
720575941534566938,720575940621268827,536418
720575941477248106,720575940610327538,109197
720575941626281866,720575940609183581,191374
720575941661859384,720575940642562267,529354
720575941626318794,720575940622578390,109052
720575941633825723,720575940623946957,94720
720575941392594070,720575940617860667,518408
720575941452570490,720575940632353295,825288
720575941483923642,720575940651505654,41096
720575941643552673,720575940620540180,282960
720575941581623391,720575940625607178,222222
720575941534139314,720575940634470681,74160
720575941554326811,720575940635624343,158583
720575941481149603,720575940637319231,52788
720575941504620965,720575940641522421,21006
720575941547664776,720575940627249338,514819
720575941490451404,720575940630833786,132492
720575941412196207,720575940618364293,148664
720575941526518274,720575940634627353,73781
720575941496280448,720575940617282117,24552
720575941517451692,720575940625984270,20257
720575941686886006,720575940619832491,36073
720575941584578182,720575940615049565,91242
720575941434906766,720575940609525769,54349
720575941534690282,720575940619848301,56344
720575941476080177,720575940609502473,148539
720575941703671770,720575940627275018,811684
720575941597391296,720575940632121145,154618
720575941626371385,720575940629841255,90955
720575941576978933,720575940615525307,93192
720575941527299405,720575940623826729,158137
720575941400178467,720575940625253694,96158
720575941450269006,720575940644919240,180375
720575941632699835,720575940634332897,15796
720575941518533486,720575940627070820,535967
720575941560437805,720575940604125920,500275
720575941554398692,720575940612033429,62465
720575941513752131,720575940632904043,814224
720575941660713528,720575940620127573,67032
720575941506167973,720575940624483722,81146
720575941663052856,720575940644882212,74479
720575941473790048,720575940627897338,526658
720575941602628537,720575940605608160,44221
720575941554338131,720575940633146475,515175
720575941513824076,720575940650605689,88273
720575941546036412,720575940616204091,818021
720575941653417745,720575940630905415,149346
720575941644498296,720575940626548368,542413
720575941668986099,720575940609308171,202662
720575941504682405,720575940617853585,58496
720575941563425287,720575940627964805,69939
720575941638840351,720575940626802224,527449
720575941519329203,720575940609612041,174844
720575941592508523,720575940632265543,172808
720575941454304307,720575940621435201,140019
720575941532568195,720575940621665886,814331
720575941590237694,720575940632471891,582632
720575941538840818,720575940627081474,50848
720575941507943440,720575940648488580,70493
720575941437384978,720575940607497429,27381
720575941429681912,720575940636559796,16786
720575941467302230,720575940628126449,43408
720575941442479823,720575940622897878,100214
720575941574622473,720575940640060787,92921
720575941525060708,720575940616422367,35802
720575941593533989,720575940633590445,124807
720575941504886844,720575940624710378,117185
720575941400872227,720575940624548332,912824
720575941521314227,720575940630838570,818190
720575941643197304,720575940633696738,113915
720575941462454580,720575940628451175,107606481
720575941640301599,720575940627344066,190197
720575941563412834,720575940625729688,61411
720575941562344594,720575940621382932,184098
720575941654566873,720575940638145651,924420
720575941478426218,720575940625877762,1255339972
720575941508647202,720575940646916404,292464
720575941491841740,720575940621594561,52710
720575941437489964,720575940631378169,524629
720575941645510817,720575940614923666,233788
720575941441067455,720575940608675851,22214
720575941482448893,720575940640675456,175033
720575941601691174,720575940616053215,34710
720575941572080030,720575940624286404,807165
720575941554310884,720575940621117022,31342
720575941452604467,720575940633979603,93738
720575941583182213,720575940643929800,59697
720575941461548688,720575940641114676,806461
720575941550860862,720575940621200408,113957
720575941457311728,720575940614884754,96455
720575941526324226,720575940613436327,152338
720575941492775344,720575940609890261,818975
720575941563671976,720575940619635614,62784
720575941501794443,720575940621605637,815025
720575941519795379,720575940623136726,552275
720575941613762969,720575940632226641,119782
720575941575139849,720575940630813751,95346
720575941613114332,720575940655705761,84445
720575941667999731,720575940637150798,112699
720575941594117483,720575940632551016,25737
720575941535580682,720575940648699524,90272
720575941529704068,720575940640471504,538968
720575941531431883,720575940612819763,126727
720575941612213350,720575940621668742,145868
720575941555740388,720575940631494863,162777
720575941558280430,720575940613246322,92740
720575941512816337,720575940608805444,513897
720575941504429733,720575940629072134,28951
720575941473957947,720575940634313953,35343
720575941351552816,720575940625027260,172064
720575941630984172,720575940647739513,93910
720575941547788424,720575940635493044,222454
720575941483235770,720575940631300347,817371
720575941561857837,720575940638529343,133128
720575941721321018,720575940629693946,85749
720575941477218410,720575940625680060,270825
720575941614810009,720575940632975699,85459
720575941530961125,720575940627481658,33952
720575941591552107,720575940609399506,89729
720575941552725127,720575940617259387,515262
720575941521267383,720575940620448639,155915
720575941603655353,720575940635668843,192172
720575941650855701,720575940629489424,74456
720575941652237809,720575940626436126,140785
720575941687922806,720575940638012016,816857
720575941461206541,720575940608341443,193526
720575941406727727,720575940627668818,516720
720575941466130006,720575940611324530,863522732
720575941429655288,720575940626936107,810660
720575941547523873,720575940629672783,813967
720575941461672132,720575940632497167,814263
720575941539105741,720575940611157458,61553
720575941439294431,720575940607113346,129754
720575941606849389,720575940611111317,130607
720575941611093677,720575940621085622,512416
720575941505372325,720575940631225943,142692
720575941467716118,720575940634380257,381614
720575941703458266,720575940621190127,17714
720575941534212289,720575940623513741,111876
720575941459656006,720575940615430230,93858
720575941679184829,720575940619659861,171349
720575941451217223,720575940622538790,140123
720575941440961231,720575940645984366,60920
720575941625551306,720575940627036203,180712
720575941597285824,720575940640911245,167312
720575941470970635,720575940624806152,818635
720575941554590747,720575940625409003,136621
720575941453703081,720575940625673767,140254
720575941435047456,720575940633355724,145481
720575941545580732,720575940614955518,253303
720575941655473113,720575940611407054,30032
720575941439774015,720575940623650072,173612
720575941436407340,720575940622654376,139112
720575941614179737,720575940614792086,94934
720575941498566729,720575940613362346,167107
720575941474880571,720575940605162720,128788
720575941631084485,720575940618265233,147211
720575941645012424,720575940647503748,822639
720575941624194412,720575940630252994,93958
720575941431193102,720575940632038095,173546
720575941538004195,720575940610821188,127774
720575941631775931,720575940620822151,320325
720575941462142608,720575940625176563,171068
720575941629057830,720575940639471950,92298
720575941663075896,720575940632297487,109792
720575941407203631,720575940637127053,525236
720575941622043132,720575940615345554,908158
720575941441887423,720575940650893177,114920257
720575941549232189,720575940623979302,125818
720575941622425084,720575940630616082,27584
720575941477545012,720575940618141073,112050
720575941525872294,720575940621074390,110883
720575941595137319,720575940624687594,157588
720575941476112193,720575940647379764,172053
720575941553875227,720575940629084777,75577
720575941569415418,720575940607744201,226351
720575941429212591,720575940658904961,814316
720575941480349519,720575940628058505,817735
720575941479122083,720575940623941354,82713
720575941594832261,720575940654893729,65545
720575941536989466,720575940633222604,156196
720575941481159622,720575940629941351,933842
720575941651695601,720575940622622502,911453
720575941546311048,720575940608951509,513330
720575941569626362,720575940629654544,534808
720575941509877520,720575940602790610,157505
720575941506070657,720575940626505534,90528
720575941452644423,720575940659946625,164936
720575941601769718,720575940621587324,111960
720575941663705468,720575940624331755,554776
720575941545621684,720575940632110799,29193
720575941531451851,720575940611566233,95747
720575941506662309,720575940623873829,102807
720575941438327084,720575940626029852,107516
720575941574779899,720575940625245163,74739
720575941498937161,720575940639812942,205307
720575941612657325,720575940620316632,86853
720575941503616450,720575940642841636,34503
720575941612918937,720575940610020035,65669
720575941430323849,720575940618175266,131394
720575941471318592,720575940634745451,115205
720575941626940966,720575940640240885,532750
720575941499121889,720575940630059335,57918
720575941541716060,720575940606027454,74911
720575941559439987,720575940644422816,135340
720575941558609523,720575940612420338,80619
720575941618471807,720575940634199778,119115
720575941631538619,720575940635964302,808998
720575941551669566,720575940620412070,203219
720575941478666882,720575940632591171,26450
720575941508203649,720575940641482741,187937
720575941534601921,720575940636961758,31852
720575941517155244,720575940619984030,149153
720575941501978455,720575940621009249,74048
720575941438573868,720575940629039515,808736
720575941564808711,720575940632987987,71817
720575941469910539,720575940629974683,223348
720575941472762922,720575940618844189,819284
720575941457689072,720575940614891315,161761
720575941433219086,720575940631317292,815710
720575941432825815,720575940630709882,64262
720575941555872769,720575940634599137,145576
720575941574926440,720575940654171809,545654
720575941604710334,720575940631789615,110030
720575941464134925,720575940623200076,39135
720575941535864803,720575940620324774,114527
720575941565033984,720575940610022357,152310
720575941482655171,720575940632125135,817975
720575941563584663,720575940628628055,850533
720575941470712075,720575940617734203,816933
720575941670238641,720575940625475307,188096
720575941563394967,720575940625412414,532697
720575941686771980,720575940620104361,86619
720575941506107159,720575940631450451,120010
720575941614296339,720575940608354434,818701
720575941625853339,720575940635234199,239818
720575941451914153,720575940624924600,817307
720575941552881179,720575940611708882,150680
720575941583489119,720575940625116659,125300
720575941534783208,720575940615209778,78528
720575941468697355,720575940623050522,124318
720575941479636610,720575940616856971,906069
720575941508974209,720575940645012168,120824
720575941468001501,720575940625570062,220807
720575941529697464,720575940632482385,133769
720575941527120642,720575940627917544,117521
720575941474442014,720575940624065207,189973
720575941442199503,720575940611117380,436108
720575941631520236,720575940612212954,153503
720575941430716297,720575940618252177,113058
720575941596490396,720575940632617420,133554
720575941609751469,720575940628390543,51318
720575941629793762,720575940627719496,132167
720575941406763567,720575940619500352,46229
720575941580077301,720575940624403914,161279
720575941565301550,720575940632476739,533861
720575941590084919,720575940629588047,815657
720575941465206806,720575940619663701,182152
720575941534049624,720575940612671194,163354
720575941482364413,720575940616964766,117817
720575941644601464,720575940624078436,543366
720575941454711091,720575940637052535,909131
720575941528588491,720575940632077081,155129
720575941468087517,720575940632179783,174268
720575941353103920,720575940623606040,227063
720575941431727497,720575940618050880,75498
720575941554620929,720575940652841462,205148
720575941557375247,720575940631982167,47632
720575941623442684,720575940644819400,847034
720575941638862879,720575940625422996,116658
720575941498133577,720575940608031154,112257
720575941591191806,720575940628126571,81991
720575941489348041,720575940621707380,43033
720575941662070396,720575940621907265,18107
720575941412933265,720575940632160057,203355
720575941603794678,720575940609709269,68389
720575941598153408,720575940624711497,118914
720575941603197886,720575940626383460,254980
720575941481092431,720575940630778981,138744
720575941493498288,720575940616812091,145765
720575941594928935,720575940630826794,905729
720575941545563068,720575940642986381,106215
720575941666130675,720575940612437234,941001
720575941497315145,720575940629555578,912258
720575941595391109,720575940632504643,90760
720575941440735317,720575940624747751,912763
720575941644679250,720575940611124344,108645
720575941544958652,720575940626906686,65325
720575941558764526,720575940634023393,542249
720575941563633303,720575940613095642,79348
720575941503131627,720575940619475376,813304
720575941582403935,720575940631978543,40600
720575941553640676,720575940611447160,62284
720575941686838284,720575940637143262,60933
720575941463359501,720575940619709622,101941
720575941552229631,720575940641988597,549531
720575941503668567,720575940635674303,81082
720575941438363347,720575940609437397,54707
720575941510998226,720575940644593312,208419
720575941552699015,720575940638799011,53699
720575941507128866,720575940627003547,170162
720575941457330416,720575940624373577,31161
720575941625791882,720575940611862990,59394
720575941490990028,720575940626698442,102735
720575941515382851,720575940620489972,135893
720575941481681350,720575940626312525,63789
720575941624442570,720575940610815510,177129
720575941434465934,720575940620460624,514311
720575941678420925,720575940613383653,35626
720575941630572485,720575940620379233,541998
720575941444486314,720575940622537855,907350
720575941502122839,720575940633236132,564222
720575941610699241,720575940619754166,214649
720575941574549256,720575940639258301,62005
720575941552678554,720575940624631530,69091
720575941557667620,720575940616946886,102662
720575941485558594,720575940621123393,140688
720575941473819178,720575940624811722,77228
720575941658584656,720575940608368085,53290
720575941529528196,720575940605764064,58224
720575941629587494,720575940631810872,86199
720575941662565944,720575940628484907,155809
720575941440333915,720575940633446507,78678
720575941535613162,720575940623650997,538070
720575941437757503,720575940632350511,142153
720575941519696819,720575940624368003,532468
720575941459528774,720575940621819245,106687
720575941525350500,720575940625050445,104000
720575941413567636,720575940617750562,912677
720575941393492374,720575940611338866,330963
720575941547810484,720575940631237079,542765
720575941518401452,720575940626302982,521562
720575941352755504,720575940626348606,143831
720575941412577937,720575940620903662,198774
720575941574439862,720575940622856781,53992
720575941450457422,720575940621073903,59748
720575941480102018,720575940616512546,820489
720575941429779192,720575940631014359,19575
720575941722047290,720575940644562120,178764
720575941585488094,720575940622944261,101841
720575941450219598,720575940617553809,61820
720575941551193971,720575940620971691,810473
720575941542565893,720575940621121140,63571
720575941466440278,720575940634117216,818114
720575941564944903,720575940631437997,140474
720575941431462359,720575940634359251,123464
720575941661556860,720575940621403887,479566
720575941653144793,720575940621536609,20607
720575941659215440,720575940607520451,580963
720575941612518108,720575940622166298,818753
720575941454965866,720575940630418263,542552
720575941516071779,720575940631801401,551994
720575941595296881,720575940633764909,76055
720575941470035211,720575940622671454,92672
720575941571431326,720575940618575773,110088
720575941524145508,720575940626359856,61161
720575941625638794,720575940617712438,544169
720575941442312655,720575940608422769,60873
720575941527166564,720575940615669910,40487
720575941429123832,720575940624107400,199291
720575941517050003,720575940632108205,818614
720575941626531274,720575940623938125,128565
720575941505294908,720575940648665977,177666
720575941554625363,720575940634682593,820333
720575941625265772,720575940619368289,41282
720575941520119223,720575940620615515,105077
720575941453445447,720575940623331916,819678
720575941435798560,720575940631217879,93331
720575941549117812,720575940628513796,38076
720575941480524162,720575940630651510,107487
720575941514998163,720575940632858020,35620
720575941452442793,720575940639440885,84253
720575941533837912,720575940621641921,541818
720575941480411846,720575940612589170,188991
720575941516176899,720575940612169709,103994
720575941412372369,720575940634402785,131789
720575941507184965,720575940624732052,19799
720575941459002015,720575940629467262,128477
720575941599530281,720575940626240514,154479
720575941539061746,720575940616829908,75056
720575941572153865,720575940619800001,70882
720575941512059345,720575940637405358,101603
720575941472554336,720575940621921345,141011
720575941513909859,720575940636812772,241813
720575941620477055,720575940627220327,130494
720575941535047361,720575940625948430,171989
720575941590022711,720575940615708066,76842
720575941469952887,720575940615010933,810984
720575941546797192,720575940610239608,525083
720575941480419267,720575940633429726,186566
720575941503849707,720575940625703434,29646
720575941616487381,720575940626858695,24444
720575941573579529,720575940615764886,103886
720575941471456267,720575940619029277,81484
720575941521640011,720575940634676122,39774
720575941516423315,720575940633726178,28074
720575941474727985,720575940625309116,85442
720575941435860622,720575940617366969,152561
720575941408447535,720575940627402073,148055
720575941445313044,720575940620197658,108265
720575941680434877,720575940622397308,112451
720575941574705000,720575940615520159,15130
720575941530647755,720575940620451800,890541
720575941533036978,720575940631764397,905002
720575941438501183,720575940620763887,99672
720575941515060570,720575940631165613,175078
720575941482757059,720575940616546521,84611
720575941507640449,720575940644423204,26152
720575941478921696,720575940629933559,116843
720575941497735586,720575940635704568,88765
720575941589671223,720575940610164163,45944
720575941652251409,720575940622140532,517135
720575941548017544,720575940610907490,34867
720575941607319661,720575940632159545,151138
720575941475820091,720575940613294632,545581
720575941565758006,720575940611853522,162357
720575941351173168,720575940636613774,211676
720575941553308551,720575940628795196,811679
720575941564309511,720575940623055556,104464
720575941583371142,720575940619163051,23244
720575941540849357,720575940623042006,109589
720575941610635181,720575940609466307,121878
720575941671088039,720575940634862490,812613
720575941588143415,720575940635480750,82036
720575941507264791,720575940631144479,517531
720575941479755394,720575940624572679,816407
720575941521884919,720575940635666283,49333
720575941560805032,720575940616039391,517436
720575941438434322,720575940617849373,109704
720575941501890539,720575940623601193,88561
720575941525495117,720575940628700668,820832
720575941607424877,720575940620704091,242603
720575941451533946,720575940647447161,821320
720575941427512660,720575940638886628,805925
720575941508185950,720575940635091351,55746
720575941476141598,720575940619691131,92228
720575941564916224,720575940623930623,87717
720575941445349908,720575940612637354,164063
720575941691243160,720575940630711127,49209
720575941557569316,720575940639264245,123657
720575941519595736,720575940628270714,143442
720575941589772114,720575940612568499,161326
720575941536414947,720575940614340202,560347
720575941589958455,720575940629010432,98157
720575941459263391,720575940618753088,62038
720575941506556325,720575940623905416,216331
720575941400803875,720575940636740270,103585
720575941434483086,720575940629373995,113366
720575941653526289,720575940628415473,197549
720575941480834639,720575940627801447,526098
720575941655641817,720575940630065720,84632
720575941507779397,720575940610440402,47941
720575941595299461,720575940646314094,815377
720575941434225440,720575940645149207,145600
720575941454018611,720575940632842687,175841
720575941588919863,720575940625978867,935233
720575941583057247,720575940621832630,163985
720575941624443132,720575940627544146,176388
720575941501771619,720575940622508073,169535
720575941655543257,720575940619789248,44511
720575941603596990,720575940640155709,185428
720575941480687267,720575940618651864,812857
720575941400845091,720575940628061692,110432
720575941427051348,720575940623545624,98573
720575941669118375,720575940638146879,535647
720575941501815490,720575940617110459,162367
720575941526541990,720575940628912388,580319
720575941627788070,720575940647338019,19374
720575941527633830,720575940620242055,550441
720575941688178671,720575940633838361,125114
720575941576485302,720575940619101248,164234
720575941623040764,720575940631049291,809451
720575941534264242,720575940614559469,126211
720575941690414811,720575940619646941,114250
720575941480747650,720575940629472298,16203
720575941538101987,720575940636158315,114787
720575941476790046,720575940647008820,161223
720575941539498645,720575940617010293,87144
720575941644260040,720575940609108174,61740
720575941687084300,720575940619513920,60671
720575941570434804,720575940605724081,32570
720575941534901018,720575940612863407,500143
720575941431597193,720575940618944084,89340
720575941596678021,720575940620198772,114917
720575941593571877,720575940627196004,526139
720575941353070384,720575940611558866,90181
720575941542386205,720575940628143162,127727
720575941614810899,720575940625594552,390116
720575941450894919,720575940604626912,817254
720575941416768284,720575940627287145,177789
720575941488232137,720575940619726727,57237
720575941593562837,720575940646473838,148348
720575941450197853,720575940630149687,294994
720575941472006923,720575940638825279,61804
720575941650496277,720575940626044734,809135
720575941551637146,720575940627771652,109551
720575941515451971,720575940615820703,19223
720575941485510978,720575940628191656,103274
720575941527899012,720575940614837502,181278
720575941731661611,720575940635895194,536927
720575941467323613,720575940634549148,816633
720575941535761434,720575940629236291,151591
720575941470213085,720575940631036503,81340
720575941513923587,720575940625713934,72415
720575941634274235,720575940629376087,1061606088
720575941481147266,720575940621173025,27981
720575941491227854,720575940634234524,72095
720575941434406944,720575940631164580,72386
720575941514611811,720575940639775907,95305
720575941610188106,720575940616800780,545991
720575941566156590,720575940640325464,164547
720575941595543173,720575940627521566,31641
720575941581720159,720575940630156875,97058
720575941516477400,720575940612070883,77204
720575941550210559,720575940614838971,78165
720575941575242760,720575940627449243,128200
720575941404081776,720575940622000822,517379
720575941543900677,720575940628730372,223483
720575941475496753,720575940623318247,831437
720575941473330747,720575940632601913,802672
720575941605926765,720575940632747172,120583
720575941573206415,720575940644397092,97107
720575941544723717,720575940609905454,37726
720575941496895867,720575940627913112,183544
720575941519527095,720575940619688533,180270
720575941437693996,720575940612281698,14592
720575941481806671,720575940620542037,183280
720575941684998383,720575940632003176,144226
720575941475908148,720575940606335334,170407
720575941511550418,720575940625215416,581105
720575941662669948,720575940610259406,172608
720575941515352979,720575940615761986,157866
720575941609808873,720575940634086295,123462
720575941513429763,720575940627654216,71430
720575941447003573,720575940629638211,803114
720575941653196505,720575940629977047,159811
720575941536595939,720575940628665799,86027
720575941486611266,720575940612149418,250901
720575941556554468,720575940622527868,101933
720575941626645049,720575940625626638,161067
720575941666736371,720575940614443175,252785
720575941507104350,720575940618187101,173604
720575941525933389,720575940629875906,813987
720575941650284565,720575940639757475,810168
720575941477322548,720575940626183196,106721
720575941481680323,720575940639070527,134164
720575941588674181,720575940618518969,110667
720575941491350478,720575940630487287,243510
720575941644005240,720575940616884236,61987
720575941503788965,720575940621478790,908669
720575941626495434,720575940634661601,83926
720575941478091114,720575940632131403,114995
720575941663788412,720575940618077953,78047
720575941488734156,720575940630813484,118900
720575941590503678,720575940639047908,394595
720575941609625674,720575940606618982,101066
720575941533518372,720575940621298164,110042
720575941527723686,720575940630905683,546224
720575941534918634,720575940624515530,911597
720575941560558574,720575940630041615,516534
720575941639802655,720575940632611615,133091
720575941461065997,720575940618124061,249575
720575941479098592,720575940622298793,72924
720575941687240460,720575940639617651,113417
720575941475764529,720575940634811743,127579
720575941499439329,720575940625579160,106114
720575941448749646,720575940611057587,127587
720575941519730099,720575940632015890,87261
720575941655087572,720575940615446338,148405
720575941546805609,720575940634622303,149391
720575941466237718,720575940626916133,106849
720575941530120933,720575940634530786,812833
720575941515612051,720575940630265082,153335
720575941688376438,720575940632032652,188041
720575941574008328,720575940622761566,48444
720575941588988484,720575940622074206,115676
720575941430966625,720575940614054685,107502
720575941486732354,720575940630651383,108594
720575941502194007,720575940631320694,169605
720575941651811093,720575940616612806,176396
720575941535108786,720575940615329602,109561
720575941603828470,720575940619357275,136005
720575941500571531,720575940622096589,172111
720575941679007677,720575940625996051,846740
720575941579972853,720575940616395276,60615
720575941475732510,720575940645405060,138323
720575941413378196,720575940618229465,23104
720575941414885012,720575940628849404,238565
720575941594380145,720575940620533825,908398
720575941408086063,720575940616834165,127400
720575941530166731,720575940630241676,137845
720575941536633576,720575940609138012,40011
720575941469463261,720575940628465295,903209
720575941352199472,720575940632060264,69690
720575941624067836,720575940627937157,130976
720575941615630745,720575940638017626,169272
720575941550919486,720575940638135006,912630
720575941507241089,720575940621291440,20630
720575941514925459,720575940637973104,181992
720575941657790744,720575940605953982,66781
720575941508707618,720575940648246649,62973
720575941654300121,720575940620787904,45023
720575941605913197,720575940628950906,807409
720575941407235502,720575940608112139,165206
720575941591938600,720575940615099298,912774
720575941427969108,720575940612850545,54088
720575941658890064,720575940633886125,118560
720575941527285176,720575940612370069,29082
720575941668676273,720575940631442540,64776
720575941564496023,720575940611493752,101628
720575941519107500,720575940624219597,167427
720575941425974356,720575940619773606,911535
720575941723824954,720575940620923606,87488
720575941400989219,720575940628473287,66165
720575941638337653,720575940640173184,127876221
720575941670020263,720575940622356957,75733
720575941639777567,720575940636498907,134259
720575941428518319,720575940615205855,69873
720575941460319940,720575940621628038,139461
720575941702020058,720575940641373147,168804
720575941553699463,720575940620577901,807235
720575941549958717,720575940618398155,83644
720575941629576674,720575940626694602,125942
720575941505881413,720575940640737651,50825
720575941481190330,720575940641592973,168973
720575941576460889,720575940605504446,207066
720575941547027561,720575940632420906,811116
720575941440573013,720575940612114530,94326
720575941575161096,720575940625099191,23190
720575941528178308,720575940620217304,182120
720575941583977823,720575940628353244,824288
720575941575529103,720575940621508033,193701
720575941565684322,720575940621344427,529742
720575941477912938,720575940613473765,147160
720575941410224811,720575940625267431,39301
720575941521156787,720575940606555403,161418
720575941391304452,720575940617832758,822372
720575941702957018,720575940623536106,50099
720575941551480831,720575940614357407,87847
720575941445249706,720575940625774948,88197
720575941469763595,720575940624268105,50565
720575941555700132,720575940648235641,146055
720575941506226210,720575940627924220,152129
720575941518484396,720575940631066107,518163
720575941453553203,720575940621448869,152272
720575941584985439,720575940628347208,534769
720575941586229126,720575940619877848,532929
720575941506905879,720575940631695841,134359
720575941534939841,720575940615322023,23350
720575941702148570,720575940615234207,116794
720575941502470231,720575940637024631,821529
720575941626807334,720575940616968166,93395
720575941522613239,720575940628856836,128145
720575941503552962,720575940620649641,119548
720575941566635318,720575940635911396,813207
720575941626649964,720575940613772194,143123
720575941451236174,720575940619944606,34929
720575941467865110,720575940632257091,93057
720575941544010245,720575940632222539,806709
720575941612240358,720575940629592835,169448
720575941661648764,720575940624334826,87138
720575941496650875,720575940627148234,56686
720575941539574989,720575940639751741,812782
720575941548137588,720575940605547552,94193
720575941581748857,720575940619367083,373411
720575941589528716,720575940629004035,57216
720575941552472065,720575940626903554,524186
720575941563822226,720575940631572588,131914
720575941477985386,720575940626051111,926838
720575941557669668,720575940619022427,128996
720575941590045324,720575940632931236,102920
720575941555891027,720575940617689428,108353
720575941451913287,720575940631481012,113791
720575941548388488,720575940611313966,128394
720575941669259441,720575940618187782,574357
720575941589889534,720575940616790713,129317
720575941563835655,720575940614816598,811764
720575941529322628,720575940628928272,65351
720575941488554037,720575940634349304,140662
720575941548886845,720575940611111061,37741
720575941538200050,720575940605984102,97932
720575941476966449,720575940618292785,529554
720575941564885095,720575940607638485,511972
720575941722706746,720575940613603350,221013
720575941527939716,720575940616786433,809392
720575941687640332,720575940635278432,100821
720575941439213909,720575940624740279,107029
720575941604500470,720575940626097482,102677
720575941658664784,720575940639859534,116080
720575941454922291,720575940644664520,277261
720575941678519997,720575940620612590,163713
720575941491439847,720575940613594535,29623
720575941401704483,720575940631524805,515399
720575941454760173,720575940624694823,80027
720575941506868037,720575940629841274,28119
720575941489396277,720575940612951722,100760
720575941518783192,720575940621414509,174729
720575941562227239,720575940609498744,93406
720575941520518323,720575940627561605,806344
720575941593377393,720575940645372270,147182
720575941514437731,720575940611033514,811016
720575941404622960,720575940624674947,542950
720575941685783564,720575940615244851,580944
720575941484300550,720575940628691718,163500
720575941550863422,720575940619842695,821459348
720575941536136936,720575940639779547,176027
720575941573814281,720575940619265963,159236
720575941466131734,720575940624101158,255381
720575941534693130,720575940620862746,59985
720575941502076866,720575940624967305,531614
720575941525349197,720575940632591897,173447
720575941534874090,720575940630559488,804709
720575941431444577,720575940621149679,912899
720575941579817205,720575940637387583,114189
720575941470088203,720575940615981173,518387
720575941612826076,720575940624525715,992060213
720575941554567140,720575940619699068,170553
720575941573996041,720575940623293695,126495
720575941516708499,720575940621884656,203826
720575941732504107,720575940634009314,41293
720575941415411996,720575940621245124,80185
720575941554858724,720575940616795478,127238
720575941597215424,720575940621641454,519034
720575941569656478,720575940635747064,814573
720575941429376905,720575940623252723,811403
720575941591678315,720575940620980560,87007
720575941503993538,720575940641883867,79016
720575941540498813,720575940623031134,513898
720575941611743846,720575940616265670,109420
720575941573109576,720575940605940000,134568
720575941592764267,720575940614125874,410325024
720575941612595814,720575940613639538,60629
720575941537859555,720575940628458812,40689
720575941513411395,720575940626449200,144426
720575941605656429,720575940617023956,547916
720575941515673411,720575940622754053,96427
720575941470303197,720575940637835182,516383
720575941569245298,720575940628207528,133876
720575941602514934,720575940627638610,809471
720575941412769172,720575940627446415,70297
720575941518303671,720575940635260590,183963
720575941558195748,720575940612435198,199272
720575941452168570,720575940642495373,547275
720575941614730393,720575940626985418,93970
720575941479289568,720575940617964091,180522
720575941639028255,720575940624583101,120444
720575941466161686,720575940619760433,167228
720575941688753371,720575940614299955,104850
720575941527686788,720575940612592626,546031
720575941499197346,720575940627023047,194483
720575941544753769,720575940622139302,529917
720575941490454220,720575940626633880,29920
720575941538128626,720575940637126286,51897
720575941565781351,720575940627021612,816415
720575941643369416,720575940629860089,137685
720575941614963097,720575940630026770,149061
720575941531853187,720575940635522911,813830
720575941485663554,720575940628762600,31228
720575941484113594,720575940640609525,49348
720575941437606444,720575940626020941,165422
720575941534296242,720575940613980456,107315
720575941475405115,720575940639069493,108446
720575941508490590,720575940633287469,109281
720575941566793575,720575940612711603,36493
720575941624282108,720575940603728561,32334
720575941436638240,720575940618005990,44039
720575941644120993,720575940626755461,127389
720575941564921954,720575940613000085,37422
720575941671179687,720575940618670370,153275
720575941578443097,720575940633847010,525793
720575941668526835,720575940644228040,551709
720575941534572466,720575940630228606,146377
720575941445077930,720575940624875751,550508
720575941504572741,720575940612498638,124240
720575941610741350,720575940616675033,99466
720575941568302330,720575940618858909,35012
720575941532889731,720575940613291749,814324
720575941555864036,720575940639513533,31370
720575941443682474,720575940630902595,110530
720575941537715149,720575940617922772,78819
720575941599526953,720575940635592805,225013
720575941581894265,720575940620560775,809129
720575941658019920,720575940646285364,85583
720575941538343829,720575940632225583,115791
720575941448973134,720575940616685618,49576
720575941475884849,720575940605480369,41984
720575941555213722,720575940633429452,140180
720575941351421488,720575940612638437,811094
720575941543773445,720575940606095532,137239
720575941465822550,720575940615782045,178728
720575941450693966,720575940636482552,820855
720575941613370131,720575940620695022,100357
720575941486596674,720575940622638153,196628
720575941642625697,720575940647415331,817447
720575941616283349,720575940632960716,333223
720575941489458382,720575940631735826,92069
720575941448910158,720575940626906058,580196
720575941563722642,720575940626855268,71887
720575941630492130,720575940628555536,38660
720575941580171253,720575940613497366,42304
720575941477278529,720575940624277226,47442
720575941650858481,720575940604912770,202121
720575941476397876,720575940621254053,259791
720575941431378313,720575940606607294,158838
720575941593517270,720575940615419359,550051
720575941460972301,720575940623057688,160258
720575941575073949,720575940632361743,96985
720575941439195221,720575940617109298,103780
720575941558254707,720575940612972693,72417
720575941576480360,720575940629763575,514710
720575941486694466,720575940632153615,95661
720575941408361646,720575940644592494,155767
720575941573060254,720575940617022277,100345
720575941564463616,720575940622944525,529575
720575941539180925,720575940625948362,817724
720575941585592710,720575940631965783,816971
720575941543585212,720575940614638442,35678
720575941477781313,720575940624238285,80244
720575941564979042,720575940620440411,173144
720575941569950834,720575940630201794,203483
720575941434202254,720575940620901029,77533
720575941523763787,720575940620954533,572637
720575941448161044,720575940606675150,189319
720575941560220275,720575940620257216,540019
720575941596481393,720575940637031566,23491
720575941536277018,720575940619589492,147790
720575941507410526,720575940614727720,103399
720575941512019153,720575940628618106,87873
720575941605767650,720575940632405816,64699
720575941534102977,720575940620954900,134335
720575941571525790,720575940628788496,119783
720575941486156941,720575940616953467,200851
720575941589917694,720575940625137456,94677
720575941531031012,720575940615495314,808901
720575941618295167,720575940610756465,512279
720575941537937640,720575940614051340,46105
720575941498815561,720575940611694565,550416
720575941568006132,720575940615090444,20186
720575941657651280,720575940615572597,70937
720575941512896076,720575940624700344,104018
720575941546911156,720575940631830083,70421
720575941533784451,720575940612251055,500272
720575941498877563,720575940627853882,907775
720575941490061621,720575940636382071,811653
720575941481021181,720575940623352760,38758
720575941642478241,720575940618510868,903980
720575941466150486,720575940618288251,130074
720575941555288577,720575940632513180,132177
720575941566206311,720575940624045607,111082
720575941578407157,720575940630204636,449384
720575941533711396,720575940640249715,650928059
720575941491113673,720575940637869028,81259
720575941583638494,720575940621395476,63309
720575941690249179,720575940614196191,164070
720575941437674540,720575940630748030,124652
720575941560294701,720575940642864781,85484
720575941429802377,720575940625994728,17292
720575941498276065,720575940629206032,259761
720575941412796271,720575940615130730,70423
720575941403317104,720575940606578790,903119
720575941408480683,720575940626754352,28997
720575941643686738,720575940628896299,566759
720575941471467895,720575940624721149,101626
720575941491989680,720575940627286300,121997
720575941503555819,720575940628719375,515241
720575941475206961,720575940613040101,542255
720575941475678779,720575940623942911,56081
720575941611151590,720575940616593986,96521
720575941449417550,720575940612611498,84608
720575941545918900,720575940621659483,146057
720575941414013076,720575940623138485,79131
720575941589470206,720575940617505492,139134
720575941428715695,720575940628543431,807341
720575941602290934,720575940640215504,98224
720575941638172533,720575940627098042,148516
720575941521155763,720575940627540484,908993
720575941631881147,720575940636625806,155388
720575941464139021,720575940624701365,814575
720575941566331438,720575940625642644,809356
720575941559749391,720575940620719124,68169
720575941460974276,720575940632150412,1017424586
720575941558126095,720575940606871497,804757
720575941448176989,720575940631169017,47736
720575941644777889,720575940612903603,67012
720575941484199165,720575940639495238,68749
720575941558985252,720575940660454529,193727
720575941505004338,720575940628134410,130126
720575941559037455,720575940616361282,24704
720575941643842209,720575940627404090,116782
720575941593576999,720575940613092466,136622
720575941559153767,720575940630444508,46519
720575941497827657,720575940618695714,113324
720575941461266116,720575940634978935,556922
720575941671605927,720575940635248791,137746
720575941624546954,720575940618300628,147399
720575941493328254,720575940626600336,837075
720575941568308782,720575940625306812,139968
720575941642630245,720575940624282248,123077
720575941448378644,720575940639611381,541613
720575941519637932,720575940616833110,155689
720575941527093860,720575940631203896,805058
720575941480264899,720575940629481515,89653
720575941538570365,720575940624359605,809489
720575941536081123,720575940613372402,193282
720575941529696696,720575940648146820,67936
720575941473519914,720575940616351233,88590
720575941611725741,720575940616717429,44137
720575941504551228,720575940614377228,808872
720575941579175249,720575940645081288,766592451
720575941594543399,720575940618994043,547791
720575941450574970,720575940631634937,123850
720575941497518203,720575940624924711,118317
720575941611046377,720575940637037939,150556
720575941352670768,720575940623175969,67268
720575941541903708,720575940626134202,125423
720575941531356107,720575940625451920,532441
720575941501555083,720575940624280979,16364
720575941530348216,720575940630479631,155458
720575941585414022,720575940632453162,211832
720575941498920098,720575940640063805,45606
720575941508247681,720575940631787471,905123
720575941633628859,720575940619967067,140656
720575941472957226,720575940648906617,117310
720575941408812462,720575940611480930,64554
720575941546490504,720575940635730527,818865
720575941500092043,720575940627571773,846363
720575941575047016,720575940634338515,186060
720575941496799867,720575940621380190,40861
720575941392382724,720575940628298885,74292
720575941632660411,720575940621765813,809195
720575941432719374,720575940633198673,89736
720575941454007859,720575940610515698,815013
720575941574118395,720575940604500960,79987
720575941476372017,720575940622948872,226903
720575941631907515,720575940641312208,69490
720575941534657514,720575940641041872,554121
720575941568906484,720575940612892786,115309
720575941552203775,720575940632858951,97924
720575941561468205,720575940615941270,556829
720575941564865682,720575940628402023,521174
720575941438629695,720575940607457714,824096
720575941654030809,720575940630897260,132403
720575941574478075,720575940611214894,812565
720575941516332691,720575940629821483,291562
720575941490239948,720575940625551340,817705
720575941573659912,720575940635260351,807337
720575941505288613,720575940623699480,929469
720575941480826563,720575940623940557,210391
720575941543622917,720575940623671053,513300
720575941595818791,720575940626875663,19524
720575941573856669,720575940631909944,101368
720575941545241193,720575940633194195,517493
720575941441927887,720575940616611001,55563
720575941539167101,720575940621340353,45379
720575941563842199,720575940618202658,147300
720575941455403882,720575940607529417,158408
720575941524021069,720575940616468383,815556
720575941563899392,720575940620602236,98932
720575941525934850,720575940621952577,802477
720575941431942670,720575940622893089,123498
720575941502072407,720575940614709043,809553
720575941610309037,720575940625801415,910850
720575941552476807,720575940614431594,128064
720575941531394179,720575940639814051,132362
720575941626444652,720575940612656101,163015
720575941629727714,720575940628037141,69940
720575941477470238,720575940606855810,85899
720575941452968243,720575940614049261,79070
720575941565921431,720575940615999547,815073
720575941626123419,720575940618312789,116355
720575941500231842,720575940634455403,69994
720575941438859861,720575940630213367,808027
720575941567597050,720575940624524582,118059
720575941538185955,720575940626649433,910351
720575941503095019,720575940608296917,544050
720575941546532488,720575940638398942,113190
720575941508899713,720575940629008079,808524
720575941631204844,720575940636894022,55665
720575941583573599,720575940627717575,146169
720575941571659016,720575940614510899,814132
720575941514374803,720575940624663482,813309
720575941463377421,720575940638920681,225294
720575941559646067,720575940632181579,106954767
720575941511570764,720575940606731198,55302
720575941642992229,720575940635028671,383627
720575941543759109,720575940607808457,143437
720575941579004661,720575940614853794,517633
720575941593094614,720575940643656046,52162
720575941539725973,720575940632902739,68527
720575941437991999,720575940604222944,222113
720575941562408711,720575940622671640,816680
720575941515305731,720575940621360404,76763
720575941460989892,720575940625781011,127060
720575941477381684,720575940628198673,953017
720575941624749706,720575940622119664,142461
720575941536037362,720575940623904136,910548
720575941439471583,720575940627288851,99231
720575941564094464,720575940639521902,167513
720575941602169078,720575940606443977,128057
720575941490726631,720575940621098887,112083
720575941486496141,720575940609759171,140215
720575941589622071,720575940622126975,141493
720575941511388881,720575940632651932,134205
720575941567755822,720575940622809638,16559
720575941573295759,720575940640344629,114130
720575941607559533,720575940620308103,334047
720575941505679429,720575940636390263,927165
720575941632979360,720575940634049762,181102
720575941432555278,720575940628310917,75999
720575941480959567,720575940617566932,121800
720575941545070085,720575940619238710,156625
720575941545492997,720575940623948899,79108
720575941522505547,720575940631507052,818919
720575941557605412,720575940622247412,58987
720575941573014024,720575940626633104,866396
720575941593251691,720575940630776380,179305
720575941593063894,720575940626850352,125228
720575941538378226,720575940630457282,527197
720575941687104012,720575940617492180,75203
720575941478002818,720575940625029099,66615
720575941585099486,720575940629326922,72839
720575941687207542,720575940631400556,149205
720575941588200247,720575940605254880,71907
720575941534725042,720575940632392877,80944
720575941606135405,720575940621813357,79172
720575941439911375,720575940629031067,75004
720575941503247410,720575940627668075,100339
720575941626002122,720575940612770227,150257
720575941498887291,720575940613019354,43703
720575941462152388,720575940630972747,812352
720575941518928856,720575940613126874,193924
720575941513495116,720575940620590928,72607
720575941491646156,720575940606686641,807205
720575941652249873,720575940613940911,812925
720575941477871924,720575940605285292,551081
720575941565227574,720575940626179216,149218
720575941556721636,720575940625753903,31273
720575941548542600,720575940626469898,103082
720575941611973862,720575940625504318,925969
720575941496948352,720575940628104603,204598
720575941534599194,720575940618837844,20204
720575941439993295,720575940631716044,114927
720575941490708174,720575940620042712,203894
720575941409138735,720575940627594834,56507
720575941506604197,720575940605745244,515524
720575941445127082,720575940640873891,113485
720575941490576693,720575940623891453,109503
720575941499320649,720575940625060110,37387
720575941585013470,720575940637491934,101264
720575941512019154,720575940609388124,160642
720575941575910799,720575940625311124,76973
720575941638884725,720575940646172963,128510
720575941506382359,720575940630189911,93467
720575941533142147,720575940639481944,824134
720575941519682264,720575940639564496,71067
720575941631597794,720575940642328539,54641
720575941478122659,720575940629087740,54569
720575941478794370,720575940614111441,75334
720575941488413134,720575940621087879,109075
720575941512166865,720575940627855749,542600
720575941688391407,720575940642395611,16604
720575941565673879,720575940617031622,528975
720575941459304518,720575940603557920,114089
720575941571507528,720575940641206005,515137
720575941632286880,720575940627277596,165444
720575941625555658,720575940614213347,75661
720575941455320301,720575940624805863,51055
720575941630120418,720575940622303216,533877
720575941688045430,720575940630557967,73554
720575941574068233,720575940625520217,533474
720575941483412154,720575940630249020,907283
720575941431776471,720575940623729968,806382
720575941440121435,720575940630666233,196418
720575941643072632,720575940620767073,40835
720575941484995981,720575940613889587,35893
720575941526141160,720575940631032059,115618
720575941529338756,720575940614532146,18479
720575941518497196,720575940647738676,565475
720575941552148535,720575940628913769,127071
720575941490063157,720575940630518775,105232
720575941535207962,720575940633059399,40868
720575941579768565,720575940639775165,186138
720575941538483917,720575940624299716,44178
720575941459053638,720575940616824859,104163
720575941557878287,720575940620018523,63737
720575941624578203,720575940630082551,57027
720575941631841477,720575940639099992,818340884
720575941625407370,720575940633495583,168610
720575941502616882,720575940617626781,830453
720575941477530986,720575940653204982,140824
720575941392487428,720575940630708985,128840
720575941606585453,720575940618335121,182250
720575941581903225,720575940633386164,83281
720575941589310718,720575940627395356,800544
720575941458193648,720575940630250139,802370
720575941590460556,720575940636753118,85748
720575941562667520,720575940624173960,57995
720575941515654243,720575940628728040,187608
720575941611385190,720575940631991082,210198
720575941548549921,720575940632434259,63553
720575941576716904,720575940629365760,812786
720575941596627077,720575940622524492,37646
720575941657614928,720575940623703064,104087
720575941652746001,720575940607685700,538967
720575941643490465,720575940621862536,807029
720575941578224729,720575940637063543,51595
720575941407320238,720575940640251965,22968
720575941393256086,720575940639031680,953376
720575941445271722,720575940656047521,535246
720575941515691667,720575940617657205,539378
720575941471644202,720575940623614903,159462
720575941519364524,720575940620364736,50868
720575941565063687,720575940613752999,163208
720575941687672332,720575940628072748,160729
720575941488758988,720575940617449913,83150
720575941690378203,720575940623345020,141941
720575941502025611,720575940628280911,429544
720575941533986314,720575940622997759,54951
720575941436361772,720575940631658191,111649
720575941642796626,720575940620855676,43177
720575941653195220,720575940619992240,537168
720575941482040771,720575940635530687,524567
720575941729985579,720575940631710715,281216
720575941391990788,720575940628620547,193128
720575941440360789,720575940614418863,152314
720575941548489352,720575940625393466,153279
720575941611642601,720575940625358594,199791
720575941471260791,720575940635473886,46532
720575941723918138,720575940631693007,536150
720575941502221506,720575940623074791,240644
720575941722167098,720575940612527729,127307
720575941507451170,720575940627431940,210803
720575941440381631,720575940631134372,812921
720575941415674140,720575940626364956,74669
720575941691339160,720575940626540900,84219
720575941484193533,720575940628938472,82609
720575941436478226,720575940615853162,73440
720575941525862566,720575940630427392,72672
720575941582613855,720575940617678310,85588
720575941636285045,720575940607950770,145655
720575941516393107,720575940624810782,156469
720575941534636737,720575940634781082,79591
720575941415100700,720575940621491276,723961295
720575941514215377,720575940620277720,83964
720575941516075363,720575940622977123,1056119318
720575941439224917,720575940623862115,124040
720575941588895031,720575940618463960,817660
720575941449251933,720575940633813914,21755
720575941669893041,720575940630920791,535549
720575941440119381,720575940633103663,109789
720575941545205428,720575940628967153,167768
720575941703140058,720575940644644387,69287
720575941535639384,720575940633768621,89772
720575941639280415,720575940612464114,174419
720575941529649540,720575940632432184,35030
720575941549313908,720575940620657287,294916
720575941593172331,720575940630976876,520757
720575941392620438,720575940620565072,123633
720575941435080846,720575940625476391,112013
720575941584342662,720575940626983882,144037
720575941591832360,720575940621682822,910456
720575941538125795,720575940641590491,122263
720575941453189289,720575940661235585,41932
720575941612614317,720575940630389498,910564
720575941555973715,720575940623432959,529303
720575941525180237,720575940640622653,530430
720575941669568689,720575940634449377,124580
720575941564770311,720575940627174994,149710
720575941499391713,720575940620679814,106509
720575941552789505,720575940616383771,49842
720575941503436082,720575940611920594,99482
720575941563426194,720575940613705750,23345
720575941574025615,720575940653550753,99834
720575941538123925,720575940622024692,22950
720575941430099704,720575940621169172,529857
720575941540197405,720575940642624987,117918
720575941450921550,720575940633998687,153274
720575941484112902,720575940628922384,185061
720575941599335616,720575940612115162,542450
720575941560600744,720575940621357844,34888
720575941470799371,720575940617368128,139760
720575941433549454,720575940618961179,120164
720575941538623101,720575940621999228,445349
720575941527588006,720575940629673692,49145
720575941409153839,720575940606214590,530105
720575941625491594,720575940631378028,119326
720575941516816275,720575940605074144,60785
720575941483713478,720575940625741031,516480
720575941450199886,720575940632976159,37415
720575941730942763,720575940623058579,92323
720575941540028957,720575940628437736,73818
720575941505560343,720575940637520573,73484
720575941552554523,720575940623976766,97236
720575941508728449,720575940632961567,178815
720575941545613417,720575940614646312,512480
720575941574181263,720575940615826363,816247
720575941662627708,720575940622390132,165379
720575941574461961,720575940637518693,144797
720575941650397205,720575940620633048,100722
720575941513352913,720575940616637526,162616
720575941467622678,720575940628901319,547554
720575941434327072,720575940631567129,89822
720575941509545426,720575940608122498,13210
720575941564778130,720575940626749545,117780
720575941582413151,720575940631213532,810792
720575941477585969,720575940637962047,553723
720575941576739254,720575940626079781,61654
720575941575318159,720575940627642645,390052493
720575941394100374,720575940612981683,127998
720575941545099269,720575940631943649,124355
720575941533516010,720575940609032982,162457
720575941507246370,720575940632940335,45333
720575941671142567,720575940626740243,531261
720575941626590777,720575940632518431,79762
720575941405059184,720575940630210682,830858
720575941415489052,720575940639507790,148335
720575941613647324,720575940638630478,136663
720575941533107685,720575940629826007,42378
720575941536188938,720575940615543995,814205
720575941461953220,720575940617972052,547030
720575941488523728,720575940606111433,908504
720575941449953658,720575940626338590,811523
720575941632342715,720575940620488497,523768
720575941446997012,720575940620906349,130629
720575941644022984,720575940628289553,530128
720575941446901524,720575940623199821,542102
720575941454921453,720575940634211097,153931
720575941393448854,720575940616652729,132853
720575941594197462,720575940612932325,45653
720575941466379606,720575940623607944,523963
720575941562171949,720575940659001473,111161
720575941539748733,720575940619868539,43508
720575941559889390,720575940608021596,67934
720575941438593503,720575940631346892,170014
720575941509501968,720575940623223766,928294
720575941654143249,720575940630570199,517715
720575941497788322,720575940627533854,112516
720575941444569258,720575940626972797,516387
720575941659237144,720575940623663715,518842
720575941596442501,720575940631253967,51543
720575941454543411,720575940622514047,33126
720575941457040112,720575940624140617,906620
720575941612611548,720575940626632837,142307
720575941645146568,720575940623306739,168208
720575941352233776,720575940636228782,95272
720575941516303715,720575940615509734,72723
720575941657552464,720575940638251590,140114
720575941590604286,720575940631601659,71743
720575941534281153,720575940654879137,826374
720575941491935719,720575940626170440,817495
720575941537677298,720575940628048428,122172
720575941513951491,720575940630366780,94413
720575941470135616,720575940625196163,36507
720575941478916003,720575940621873908,68484
720575941413127023,720575940621959173,533251
720575941525998502,720575940624977415,160389
720575941557147428,720575940619699183,88895
720575941721521210,720575940617132118,131291
720575941688383500,720575940634385247,834571
720575941432201057,720575940626295373,20876
720575941425810516,720575940631229800,205244
720575941479128995,720575940623300137,813103
720575941427764564,720575940625859367,814782
720575941469015005,720575940628304005,21328
720575941453615273,720575940629302016,73606
720575941393316758,720575940617094429,154595
720575941644836434,720575940653111542,37319
720575941472281130,720575940627418389,219326
720575941530190027,720575940622034614,905708
720575941612542822,720575940631400441,544747
720575941513936963,720575940619846310,123538
720575941458217887,720575940619302046,513333
720575941564868498,720575940637047182,52066
720575941631338978,720575940640381859,44889
720575941521270519,720575940623032781,126835
720575941471052555,720575940630183927,44132
720575941564792071,720575940632394808,169418449
720575941538714005,720575940621663067,358440
720575941469363421,720575940642285453,1055336462
720575941550764350,720575940633253805,817264
720575941393211798,720575940630451004,186410
720575941690559451,720575940620708702,79421
720575941593189160,720575940638416336,20570
720575941540899197,720575940627980858,99608
720575941612583341,720575940612104290,175188
720575941545731945,720575940612962611,851260
720575941644739745,720575940633034265,869707
720575941394164118,720575940634910233,141022
720575941487291344,720575940615596706,116333
720575941625170314,720575940620534624,121297
720575941574965405,720575940626798076,160311
720575941516359514,720575940629000318,93943
720575941466577942,720575940628499989,45528
720575941432609239,720575940646893108,132657
720575941624538506,720575940638637245,816648
720575941562635176,720575940622858180,54967
720575941504713410,720575940625970469,88308
720575941595157637,720575940614534623,159497
720575941631340002,720575940629428418,73328
720575941572811422,720575940613192421,104007
720575941412819604,720575940623495421,63791
720575941573080073,720575940620719380,75192
720575941471092087,720575940609752018,198612
720575941576528488,720575940629678697,26085
720575941489055433,720575940637653360,276829
720575941662320764,720575940628090156,97368
720575941514736730,720575940624526610,182595
720575941572799119,720575940633732781,531719
720575941650578929,720575940613523879,71915
720575941690931419,720575940621848873,31771
720575941533541763,720575940640006197,157650
720575941566239591,720575940653542817,815244
720575941450575226,720575940632786792,128537
720575941573071774,720575940630382300,91217
720575941535907521,720575940632959396,151608
720575941452382003,720575940623136243,346871
720575941489414857,720575940612290019,807879
720575941402413603,720575940618685853,136855
720575941681471165,720575940625035668,121008
720575941515330051,720575940620050961,132007
720575941499381922,720575940610068949,149331
720575941453267369,720575940618018141,816034
720575941485231622,720575940616534201,53633
720575941596222085,720575940633089676,108412
720575941481368003,720575940633508004,141743
720575941481739203,720575940626761008,169453
720575941595708455,720575940627290383,814589
720575941524753229,720575940629583345,82563
720575941442479311,720575940633241647,110300
720575941483025082,720575940622136022,258857
720575941544832261,720575940637711326,33317
720575941591299582,720575940640112768,73057
720575941488307662,720575940631368523,297530
720575941438888277,720575940631866922,33559
720575941555228161,720575940619896374,134535
720575941531243237,720575940630906167,810136
720575941625189019,720575940639352947,85093
720575941513619665,720575940606531811,86377
720575941731226411,720575940627887229,105335
720575941571967389,720575940616981298,24429
720575941679645373,720575940633978649,43096
720575941730807083,720575940652542198,142531
720575941432451086,720575940621166319,123063
720575941526190105,720575940647666564,177845
720575941561972525,720575940618850075,31912
720575941613245459,720575940635531674,915893
720575941558986099,720575940632199016,52911
720575941592273003,720575940634849375,144762
720575941700457946,720575940629470763,817961
720575941563282944,720575940627495557,148006
720575941654168337,720575940628856108,907215
720575941596121989,720575940624431850,228252
720575941554345243,720575940607694037,824758
720575941476335668,720575940626630704,816458
720575941612707993,720575940614099818,170648
720575941586636356,720575940622721577,187159
720575941595128709,720575940617315033,220580
720575941643852705,720575940635268471,164247
720575941555612132,720575940611579050,29636
720575941616237781,720575940622064809,29875
720575941519993527,720575940636588430,100810
720575941558698734,720575940630852726,925306
720575941450769991,720575940645023688,174011
720575941732873003,720575940606282417,41747
720575941451490426,720575940609721186,36176
720575941494799488,720575940629408497,125453
720575941572480763,720575940624757739,46342
720575941499941794,720575940631833171,131126
720575941574034077,720575940620133278,194269
720575941489763017,720575940643288868,158154
720575941504578498,720575940629860907,45199
720575941563655336,720575940645312535,514452
720575941441674075,720575940612574634,194794
720575941481397702,720575940622012748,137094
720575941479603680,720575940629132649,145160
720575941474882346,720575940620300758,134152
720575941441201855,720575940605165228,547276
720575941574304776,720575940621798494,139916
720575941450296925,720575940635110286,813800
720575941604025790,720575940616437597,91258
720575941696307418,720575940649820025,47841
720575941557979172,720575940619294936,817866
720575941610377702,720575940611682739,119586
720575941469785463,720575940627760186,525391
720575941626190235,720575940608839435,805228
720575941461903315,720575940634189267,144290
720575941540073165,720575940621142036,190370
720575941589398839,720575940628300090,132067
720575941547581576,720575940613092058,73267
720575941652966129,720575940645023598,211562
720575941479737507,720575940606681545,153129
720575941488278480,720575940613228274,60016
720575941599126208,720575940625146348,81167
720575941494935239,720575940632930188,1067287820
720575941471099712,720575940624385772,209189
720575941549843233,720575940617690251,134849
720575941573243899,720575940628654235,50826
720575941552545563,720575940615866124,241942
720575941493425328,720575940630428151,19545
720575941592783144,720575940618055508,86234
720575941566529590,720575940630708094,190419
720575941446328852,720575940619711216,125417
720575941508077346,720575940616260497,134415
720575941449174365,720575940630420727,547237
720575941668057587,720575940629126087,802957
720575941603838398,720575940623964820,158177
720575941528441528,720575940617561017,554469
720575941431823201,720575940623570726,165976
720575941523595595,720575940625490178,27009
720575941553927507,720575940633776045,44727
720575941499144521,720575940622181108,548923
720575941552208446,720575940636900197,580272
720575941400738339,720575940625060277,65259
720575941652590833,720575940652784289,154954
720575941575771279,720575940613430169,94688
720575941487032386,720575940625464762,520554
720575941545359540,720575940613682546,105757
720575941546211208,720575940622574038,42451
720575941526647577,720575940608963164,282491
720575941629347298,720575940618466589,172113
720575941427094868,720575940630959704,143849
720575941611465702,720575940629552215,235131
720575941437851666,720575940612412851,73381
720575941549987700,720575940629476199,99051
720575941562624658,720575940627945554,226498
720575941654715865,720575940635748344,104341
720575941408690350,720575940627501086,134618
720575941466419030,720575940638396998,88586
720575941560048878,720575940618779293,813293
720575941480474054,720575940617842196,126050
720575941458780063,720575940629966183,22129
720575941540349645,720575940618151517,137142
720575941570446324,720575940630787781,905136
720575941461250259,720575940618150105,31575
720575941612024550,720575940620049488,74404
720575941638910495,720575940616370065,79756
720575941582776159,720575940626319900,51211
720575941431969751,720575940606369713,250870
720575941556126372,720575940623161558,111148
720575941523472631,720575940620313873,142706
720575941565084423,720575940617626235,64345
720575941390363396,720575940621688429,149176
720575941439642815,720575940624002440,199999
720575941594805031,720575940650515321,17336
720575941524945410,720575940620655169,548287
720575941598029468,720575940635441815,926554
720575941540207389,720575940621244781,813254
720575941410589355,720575940623181526,97355
720575941670286001,720575940639252799,61441
720575941564062727,720575940621906312,73577
720575941567999602,720575940632396611,152545
720575941408124334,720575940617127453,801402
720575941628556070,720575940627146383,71341
720575941531705547,720575940622005086,241908
720575941594305494,720575940631413585,913232
720575941460353491,720575940623160968,158223
720575941475418910,720575940613144293,29775
720575941443553194,720575940612251571,111564
720575941439623259,720575940634774684,537473
720575941457174765,720575940631947538,813900
720575941626663306,720575940625722919,34705
720575941632040645,720575940624940336,18650
720575941401496867,720575940644204823,160136
720575941482075075,720575940631042359,815066
720575941514272067,720575940614926754,83187
720575941559529587,720575940622664453,110553
720575941510464528,720575940627901450,251029
720575941556410020,720575940616471967,208617
720575941603476670,720575940622621479,805431
720575941533273317,720575940638691200,543238
720575941490828748,720575940630177068,515663
720575941495696327,720575940614047890,570538072
720575941431143009,720575940631468239,234097
720575941409049262,720575940644892708,232463
720575941460441414,720575940634851429,808255
720575941616161237,720575940642023925,215479867
720575941626835257,720575940611734370,127738
720575941669417383,720575940621126081,906283
720575941514398796,720575940623467388,151884
720575941595137829,720575940640733299,141483
720575941474841403,720575940622506376,822111
720575941506696517,720575940627284935,66359
720575941570822814,720575940618980677,269309
720575941429357231,720575940622190571,131425
720575941413050991,720575940613041375,131648
720575941506429730,720575940619925887,32742
720575941515380803,720575940629982031,140368
720575941619615871,720575940612103907,562513
720575941657279768,720575940618701569,133676
720575941414876308,720575940606421001,145098
720575941687978102,720575940616351810,67721
720575941410682479,720575940624405228,223943
720575941668684787,720575940617638795,525245
720575941622639100,720575940626311882,148661
720575941687784566,720575940622052848,113796
720575941461961485,720575940619250334,814245
720575941630306854,720575940611810658,108232
720575941476721201,720575940613292202,235075
720575941456340461,720575940621375983,182904
720575941669319857,720575940621405862,68675
720575941452297385,720575940626625822,60732
720575941536932067,720575940621492044,125081
720575941557956644,720575940613064488,71292
720575941584191710,720575940632013643,107871
720575941626252955,720575940648482937,152843
720575941505694524,720575940620310441,818394
720575941462105869,720575940644614600,27128
720575941482014717,720575940636649061,109100
720575941458166943,720575940623561706,55887
720575941553019271,720575940627844407,92686
720575941436366368,720575940617222331,97673
720575941538006248,720575940639230790,124880
720575941617418965,720575940612260323,110336
720575941575291913,720575940624767332,228354
720575941611231718,720575940607507157,817208
720575941535520449,720575940616180566,24304
720575941479410400,720575940639960408,817349
720575941578261493,720575940626238972,820446
720575941586127838,720575940613575958,302428
720575941595430769,720575940632741276,524598
720575941431627145,720575940608276233,519505
720575941645861832,720575940622344624,74491
720575941594831574,720575940615019231,33206
720575941638508575,720575940627747721,816604
720575941636318581,720575940625777939,212643
720575941458932294,720575940632333103,73312
720575941429438639,720575940639996323,175502
720575941631166917,720575940630056011,217226
720575941551893639,720575940626362980,169242
720575941450416762,720575940646445678,542813
720575941661537336,720575940646351412,44012
720575941408850479,720575940629312330,36841
720575941534589618,720575940625548728,63336
720575941430767791,720575940624386538,125470
720575941552185459,720575940618117410,45669
720575941563249042,720575940628375166,549361
720575941430794744,720575940637637795,201954
720575941585643142,720575940623586999,162527
720575941626022282,720575940626397724,35426
720575941518564531,720575940631027963,74952
720575941473373792,720575940610354274,98451
720575941532692867,720575940621399462,146593
720575941534737640,720575940611519790,134292
720575941540562893,720575940642393051,70690
720575941524719691,720575940639283765,529950
720575941461120979,720575940614073297,817321
720575941414906001,720575940633823630,86224
720575941584594910,720575940630516983,117870
720575941592901416,720575940618247897,809396
720575941574358927,720575940621915558,188500
720575941501092951,720575940644675232,107425
720575941730101803,720575940630982649,73530
720575941435490446,720575940616583681,94151
720575941465868630,720575940626862654,541826
720575941616497621,720575940619259456,180906
720575941519527022,720575940635795567,809709
720575941614836889,720575940628079626,804728
720575941435754002,720575940629593193,38740
720575941519340471,720575940631318609,219193
720575941564360295,720575940640957824,87503
720575941553466852,720575940624753300,50770
720575941467874269,720575940606749374,373355
720575941553803091,720575940622265162,171276
720575941549685620,720575940633168721,153728
720575941628848934,720575940615359199,106035
720575941458841759,720575940637982953,52043
720575941569164402,720575940615278303,810652
720575941607144557,720575940638881395,814157
720575941404724848,720575940638812900,155212
720575941606303597,720575940625839603,532345
720575941535201514,720575940628957180,76732
720575941471044363,720575940627799433,500131
720575941633446816,720575940632102028,75401
720575941556373028,720575940624475064,59581
720575941524928333,720575940610167961,918366
720575941535457256,720575940634633568,67067
720575941526972749,720575940630640604,825637
720575941513954563,720575940612553970,199006
720575941442320042,720575940626967641,809525
720575941415292956,720575940639887267,104672
720575941661832504,720575940626847013,541453
720575941491855564,720575940629307386,43021
720575941600791849,720575940622558941,64319
720575941545476796,720575940636434424,530144
720575941540459725,720575940653943969,37886
720575941474494011,720575940627115978,184121
720575941555233281,720575940607177906,52473
720575941703752154,720575940627418184,811722
720575941485816461,720575940626669355,169985
720575941543501061,720575940613045234,102215
720575941732878635,720575940618181445,79821
720575941519872216,720575940638559440,133451
720575941568693038,720575940621398399,115062
720575941504460357,720575940616403935,75567
720575941451848570,720575940620571409,142260
720575941663130748,720575940611193042,808183
720575941451667066,720575940627029373,580671
720575941578361681,720575940630825772,514235
720575941519145582,720575940625760816,143099582
720575941608085869,720575940615553397,189468
720575941498777929,720575940628866044,824475
720575941480410822,720575940629107462,819696
720575941625599643,720575940611547559,515977
720575941455872493,720575940617849890,115468
720575941502156171,720575940627737348,121647
720575941568418606,720575940626583908,493602328
720575941487147728,720575940633779245,108913
720575941352726832,720575940617321243,66194
720575941434982030,720575940610008003,133696
720575941630933740,720575940639777981,128934
720575941628281145,720575940626170826,817459
720575941615938005,720575940615452063,581235
720575941611432109,720575940624704601,59916
720575941609226157,720575940626947331,165028
720575941538331285,720575940633224237,28777
720575941351169840,720575940614570792,183092
720575941431393272,720575940637019504,178793
720575941412310929,720575940614736365,556439
720575941409788783,720575940614365346,520921
720575941580474869,720575940609416238,915044
720575941439505887,720575940645345134,210271
720575941437095954,720575940614350819,172429
720575941536714778,720575940637949040,120805
720575941654585044,720575940624555210,65092
720575941584627846,720575940614411154,819039
720575941612471910,720575940612513005,176144
720575941483722694,720575940635917675,152003
720575941438249490,720575940618351444,379434
720575941483462074,720575940632987347,549559
720575941426228820,720575940628020050,173757
720575941653990161,720575940615408757,514487
720575941596627136,720575940649378681,873450
720575941482079930,720575940638745971,170170
720575941619283839,720575940604805036,512201
720575941514802243,720575940618851585,92585
720575941565332631,720575940627543582,517019
720575941516337667,720575940614708399,301710
720575941617667285,720575940617941905,96869
720575941465512534,720575940646896180,175121
720575941573233403,720575940626907082,127368
720575941433597838,720575940622596735,227022
720575941520242099,720575940622746381,543822
720575941568761646,720575940607825842,526048
720575941540533197,720575940621205999,183343
720575941451650119,720575940605599678,97435
720575941548921917,720575940606526421,234341
720575941550496116,720575940639857085,817973
720575941431042263,720575940604418993,823949
720575941525830169,720575940625336043,156935
720575941585400710,720575940632086668,200280
720575941520635831,720575940628585980,128643
720575941595650087,720575940631732687,526699
720575941556006657,720575940635637422,75834
720575941613427475,720575940610983082,546474
720575941558710643,720575940619532190,534631
720575941514778179,720575940636158831,158374
720575941457678576,720575940640992720,61259
720575941519906670,720575940622936158,55322
720575941458773232,720575940630798893,824903
720575941408191150,720575940632172867,64647
720575941578124789,720575940622997628,535940
720575941549578100,720575940627453895,516765
720575941566466614,720575940633873433,48319
720575941562182695,720575940627392002,214925
720575941567489530,720575940630905847,115489
720575941555689380,720575940624461242,531223
720575941631738016,720575940655593889,77656
720575941514023683,720575940619352198,43731
720575941632733115,720575940625319916,808913
720575941574556573,720575940644261742,100148
720575941573785672,720575940631521221,35872
720575941597244864,720575940616544268,341776
720575941492457086,720575940617306068,817670
720575941515995747,720575940615629418,821511
720575941565661703,720575940605680300,146089
720575941569621236,720575940628128079,89239
720575941392697238,720575940625617388,222446
720575941636500341,720575940633428767,159981
720575941643904594,720575940630327772,140303
720575941461181395,720575940613867682,143049
720575941595321895,720575940631629625,25002
720575941611054310,720575940624758884,69812
720575941608498506,720575940615437714,61148
720575941551672831,720575940632017995,904366
720575941569519986,720575940625830525,113983
720575941546821737,720575940615644319,580458
720575941485105414,720575940613850349,43229
720575941631137506,720575940631645455,72773
720575941497902715,720575940620600779,91546
720575941524025675,720575940623663880,153770
720575941574657531,720575940619910046,114362
720575941499329609,720575940616623814,116289
720575941410529451,720575940613307619,51585
720575941543611421,720575940640307288,119327
720575941599372480,720575940628116476,147802
720575941431582456,720575940624253163,138382
720575941573059400,720575940620182399,79351
720575941482063613,720575940616836294,515728
720575941580364277,720575940611090898,48568
720575941573862907,720575940634430620,62281
720575941490357966,720575940627933639,531967
720575941457352262,720575940627346186,552592
720575941503419115,720575940635144602,104764
720575941679704253,720575940622119344,819684
720575941652697105,720575940622888453,817881
720575941522210551,720575940630087542,149024
720575941448304309,720575940625910823,123640
720575941564547847,720575940609090571,51208
720575941551961662,720575940640008765,195329
720575941532742378,720575940626555184,258418
720575941549681012,720575940618628765,519905
720575941577111633,720575940621579885,150776
720575941723178298,720575940630700684,908306
720575941513183811,720575940620492246,159422
720575941559191534,720575940622193217,151143
720575941508977424,720575940622314672,173664
720575941490095847,720575940627014808,551748
720575941505260101,720575940629003516,86535
720575941639958815,720575940635276144,188519
720575941511030544,720575940633974483,94965
720575941476847153,720575940620623307,96318
720575941538135523,720575940638997225,52493
720575941505475397,720575940636304503,64091
720575941430950904,720575940640866432,160427
720575941553054855,720575940631624760,913093
720575941544970428,720575940630459127,60513
720575941557265572,720575940636798575,78384
720575941603759289,720575940633604772,132015
720575941501945138,720575940633206831,162849
720575941511166480,720575940605060798,102310
720575941594749221,720575940615746722,60842
720575941545319941,720575940628960497,532721
720575941573981839,720575940628642890,174039
720575941499531170,720575940638796102,160900
720575941508468514,720575940639616189,86636
720575941469872247,720575940608618197,206318
720575941448820149,720575940620264664,183019
720575941493292670,720575940644881608,1020257299
720575941594400881,720575940646369827,137339
720575941565559959,720575940628260096,100894
720575941461460880,720575940620418032,159004
720575941511209292,720575940627834311,99586
720575941515549027,720575940632433747,35190
720575941591753256,720575940635628223,175176
720575941498844385,720575940640812240,179432
720575941408963243,720575940618182801,115487
720575941481417926,720575940614164551,213446
720575941688483084,720575940638252358,60064
720575941532572035,720575940614514863,17877
720575941598341568,720575940627268362,908133
720575941565409431,720575940611419512,814502
720575941629252902,720575940621067712,308277
720575941655275732,720575940624181767,168107
720575941480840322,720575940620301677,42902
720575941628519225,720575940638698842,220037
720575941426731604,720575940616984374,809236
720575941507096670,720575940614240943,192373
720575941438144044,720575940618344861,108153
720575941631666668,720575940623498790,39281
720575941560296051,720575940614245329,132877
720575941544432572,720575940636349303,832815
720575941455518058,720575940630282297,63919
720575941490844622,720575940623903231,801942
720575941439074578,720575940653723809,145402
720575941625358538,720575940616154397,74905
720575941565919079,720575940608157058,173196
720575941405201008,720575940627305298,157016
720575941430342241,720575940632000331,542049
720575941457023213,720575940621393830,67568
720575941593440808,720575940626216581,907028
720575941631415010,720575940616839180,352776
720575941570995870,720575940647234595,146803
720575941731908651,720575940624441235,66535
720575941452409769,720575940615425959,98534
720575941399201827,720575940623469035,78730
720575941603280830,720575940617902548,549367
720575941578730833,720575940629444849,41003
720575941528334502,720575940637402766,820033
720575941589074487,720575940625629198,129950
720575941448825693,720575940623130718,59588
720575941526073444,720575940620319829,166119
720575941514246467,720575940618840990,817421
720575941503014999,720575940617835547,47265
720575941504503356,720575940627815531,157388
720575941644136136,720575940625196327,545665
720575941548598920,720575940634509468,814632
720575941522143991,720575940645849879,148907
720575941670298586,720575940626518302,565525
720575941432011479,720575940616904635,821688
720575941667841969,720575940623053261,52097
720575941600082473,720575940619403028,45243
720575941464811350,720575940612042446,154959
720575941517373587,720575940624731883,77143
720575941430319497,720575940634161634,810673
720575941535354650,720575940617045387,25749
720575941602564025,720575940609561208,59824
720575941589609271,720575940610106436,814947
720575941578390105,720575940614847906,535872
720575941515893859,720575940606642121,13333
720575941412589527,720575940623012348,131443
720575941561031981,720575940628905034,812109
720575941555142995,720575940622193546,22493
720575941632271264,720575940612434661,151849
720575941550835059,720575940618739457,139876
720575941558858990,720575940639644531,54464
720575941473996896,720575940629517051,154524
720575941690745051,720575940614095656,61004
720575941469447389,720575940616614598,187704
720575941535080926,720575940622304892,25899
720575941478929514,720575940618072977,139963
720575941472630075,720575940621941342,75212
720575941602180390,720575940622901253,512641
720575941414176916,720575940623950571,134047
720575941546949481,720575940616026262,36042
720575941538325397,720575940618216166,126716
720575941587064542,720575940616137147,205690
720575941481672646,720575940628783620,67311
720575941503523051,720575940627955560,98823
720575941572446280,720575940617157049,59337
720575941626853002,720575940615326673,552777
720575941506107973,720575940635350520,529566
720575941619619711,720575940621118293,30491
720575941556789686,720575940614704424,36443
720575941503187947,720575940605597886,97352
720575941435632658,720575940613475730,85203
720575941574435080,720575940619782104,545898
720575941551983422,720575940627326825,199024
720575941613524377,720575940631463711,29153
720575941443418538,720575940636126783,223651
720575941489848777,720575940615800470,113581
720575941535703489,720575940611536504,563901
720575941461674963,720575940639802933,808976
720575941573844731,720575940629485553,99676
720575941407043887,720575940630329591,159091
720575941514790755,720575940637461988,539300
720575941526138370,720575940641543899,86001
720575941528034232,720575940618606983,203306
720575941474012475,720575940616923433,88734
720575941703239898,720575940620614534,513826
720575941552885019,720575940638484452,193712
720575941654319833,720575940623789704,40124
720575941536386792,720575940638837338,146117
720575941551320894,720575940616420319,103796
720575941481864134,720575940647563316,61303
720575941513217027,720575940622688550,187776
720575941663429756,720575940624112381,150672
720575941641614418,720575940622089310,177798
720575941533797507,720575940628453137,48061
720575941526409730,720575940628695751,811320
720575941733177899,720575940630910971,813603
720575941440918363,720575940612784894,518597
720575941441341375,720575940635719023,179246
720575941626911801,720575940617194129,26177
720575941444807850,720575940616867926,27021
720575941593625195,720575940614545851,27691
720575941458914886,720575940623030861,537137
720575941485578960,720575940634494690,28505
720575941501984139,720575940617938752,160505
720575941590417662,720575940618947956,89494
720575941532187877,720575940629127109,152123
720575941439747925,720575940627211353,149816
720575941545924457,720575940612728794,791272384
720575941413419665,720575940615060290,207489
720575941612586342,720575940624727226,42891
720575941531814787,720575940625379859,54022
720575941534108850,720575940622745588,177304
720575941632034235,720575940640441763,15540
720575941668858535,720575940631263051,815022
720575941546687164,720575940629939303,131963
720575941572865531,720575940609116740,909410
720575941575272713,720575940618420002,187713
720575941595069735,720575940617679289,93480
720575941431705080,720575940638894976,21376
720575941414289809,720575940621537023,542927
720575941503449906,720575940622509594,69837
720575941525841666,720575940627489052,44502
720575941630045922,720575940626661168,564161
720575941536415208,720575940625589908,150335
720575941667643569,720575940615340294,323823
720575941590015372,720575940639761059,300772
720575941470380253,720575940621041134,158926
720575941667167921,720575940608571950,524588
720575941656228888,720575940622881961,77921
720575941405815726,720575940642049736,517498
720575941691168475,720575940639871651,27955
720575941440308927,720575940626535957,231160
720575941578634577,720575940635617204,551474
720575941431479544,720575940613683181,145045
720575941560506413,720575940643611040,806103
720575941475161130,720575940624974631,83226
720575941656564304,720575940644076398,817427
720575941506976060,720575940612294513,111697
720575941613305564,720575940608067029,437336
720575941392030614,720575940618709787,513245
720575941432551694,720575940620315162,29101
720575941462498704,720575940614908758,160569
720575941651265301,720575940620722091,649610769
720575941578621173,720575940616855494,512797
720575941519788723,720575940608352451,904184
720575941527644804,720575940622525192,215911
720575941573366281,720575940642958132,179416
720575941493478320,720575940622023423,113362
720575941568261422,720575940646504324,205537
720575941644686241,720575940622901236,157292
720575941657267224,720575940615146562,153928
720575941552591131,720575940618144729,184030
720575941400896291,720575940612310478,36803
720575941427954260,720575940631840835,906096
720575941595739431,720575940618267097,133534
720575941527126950,720575940634132636,204788
720575941516099577,720575940623344854,91706
720575941401735203,720575940618561108,143658
720575941658863640,720575940632050703,907323
720575941590019212,720575940626702026,546736
720575941534028010,720575940626559280,144932
720575941507020823,720575940639756084,41437
720575941406609967,720575940615668152,97351
720575941513186636,720575940632732845,57700
720575941564151303,720575940634971799,811373
720575941471497536,720575940630180935,149183
720575941440590171,720575940623360124,48128
720575941482014205,720575940628986567,108507
720575941656129592,720575940627175623,818236
720575941448821941,720575940617942246,194486
720575941573778077,720575940636014443,136697
720575941479513679,720575940623721741,27174
720575941461334928,720575940620751494,338424
720575941687457775,720575940621306032,43077
720575941590471820,720575940631290410,166309
720575941428484015,720575940637295758,63757
720575941436679200,720575940626617543,561509
720575941564283746,720575940613696552,82399
720575941592083819,720575940637010916,106980
720575941553414554,720575940615371487,63010
720575941460238276,720575940618703941,130108
720575941479758304,720575940622027485,142892
720575941496950656,720575940621071380,138267
720575941533145537,720575940612621721,43298
720575941500540066,720575940622321577,571449
720575941632998560,720575940611860578,101047
720575941547755325,720575940612754650,298798
720575941483519430,720575940625795453,184753
720575941513788881,720575940614578338,40047
720575941595489649,720575940615466655,76268
720575941650831125,720575940620976007,97176
720575941596414853,720575940627504915,151299
720575941446521108,720575940624074829,177848
720575941467230742,720575940624288949,149795
720575941454942957,720575940603012832,819804
720575941429940216,720575940626011981,95875
720575941468799499,720575940640830371,34553
720575941534073578,720575940606954114,102299
720575941631204322,720575940638474112,78231
720575941392837526,720575940620611718,210356
720575941440206683,720575940627312536,52039
720575941438721810,720575940631507287,42187
720575941563091112,720575940624751880,16230
720575941461611408,720575940620564102,514799
720575941438515285,720575940618685248,548887
720575941607907181,720575940630836471,23562
720575941517205907,720575940620947035,84120
720575941527235204,720575940637415843,73266
720575941595853425,720575940611746258,531216
720575941479434720,720575940636500069,936366
720575941485530509,720575940630662442,813321
720575941539580146,720575940617675613,146983
720575941438721599,720575940623925180,75350
720575941451040122,720575940647622964,178665
720575941626777994,720575940625658554,114519
720575941458444870,720575940609451531,63387
720575941414701716,720575940619671104,181397
720575941453548713,720575940631577595,118758
720575941490658357,720575940615118442,72807
720575941453798825,720575940612249442,220022
720575941585102687,720575940623643661,123623
720575941431465097,720575940620032116,73903
720575941532387306,720575940631435095,202317
720575941477610545,720575940626387458,147098
720575941525012761,720575940621612653,76404
720575941505951804,720575940629054543,545367
720575941483249338,720575940623538249,33143
720575941551737662,720575940623724873,130446
720575941490195913,720575940619332987,500151
720575941588645444,720575940618980299,271090
720575941393268996,720575940620989349,15998
720575941625923692,720575940628412490,28175
720575941526519065,720575940617381681,184831
720575941481579971,720575940623502872,929781
720575941506113349,720575940639490118,207336
720575941541548124,720575940631318227,135363
720575941467744022,720575940622625097,158901
720575941474117418,720575940609315932,24946
720575941602538998,720575940624456644,133011
720575941482149318,720575940630394880,82294
720575941544695732,720575940632471107,73589
720575941559388787,720575940612944435,141874
720575941513644291,720575940629253361,500065
720575941478689898,720575940645431831,113809
720575941444311210,720575940636450935,247706
720575941653561361,720575940619468096,140668
720575941519252403,720575940623257101,46178
720575941586859742,720575940617536827,55996
720575941702661338,720575940638037318,80390
720575941597143452,720575940660394881,161511
720575941506939159,720575940612727153,179531
720575941525817858,720575940648560004,185323
720575941561088557,720575940611186034,127575
720575941554279937,720575940608295726,35663
720575941595384453,720575940627731337,136949
720575941542998533,720575940630740471,817935
720575941475899678,720575940609709892,82504
720575941591718540,720575940622713578,809252
720575941514039043,720575940619646843,131487
720575941564206087,720575940612582898,91187
720575941537555954,720575940620213268,561655
720575941569739002,720575940617737099,818979
720575941456052976,720575940606018690,394297
720575941471261451,720575940631366351,174403
720575941656768792,720575940624306663,142015
720575941610343142,720575940636884343,537138
720575941668079347,720575940622402172,125022
720575941452310138,720575940613175666,143097
720575941658935120,720575940616917721,544802
720575941607460717,720575940624099608,183582
720575941514577475,720575940621281389,547931
720575941478610656,720575940616209113,128610
720575941535576808,720575940643726536,821349
720575941514756963,720575940635874970,105226
720575941502899947,720575940636345524,223235
720575941643737032,720575940640187811,98514
720575941656107220,720575940631917775,368673
720575941655249625,720575940631939013,135416
720575941568734766,720575940620036385,953362
720575941722278202,720575940631247932,147311
720575941583574111,720575940640540531,132037
720575941430588513,720575940628277308,105138176
720575941537600498,720575940618461979,38008
720575941430752649,720575940617095986,553144
720575941627895353,720575940618097181,37591
720575941458337695,720575940639426101,60910
720575941416347164,720575940605767084,59871
720575941645022920,720575940625968228,18546
720575941406680494,720575940613999263,245725
720575941460025158,720575940613992565,166716
720575941497777889,720575940617398614,78054
720575941529492152,720575940626700474,136562
720575941491896551,720575940612019442,54254
720575941515906195,720575940631699852,119196
720575941656790808,720575940605115360,553955
720575941575563190,720575940635190423,234395
720575941496194432,720575940636844901,272201
720575941459103472,720575940627511528,129303
720575941585371014,720575940611813362,54334
720575941506301463,720575940632065337,114192
720575941554301338,720575940620815896,10350
720575941482069133,720575940624135605,149495
720575941503467058,720575940640425038,50050
720575941642790482,720575940631271564,106381
720575941657710104,720575940617426773,37039
720575941607497837,720575940635225495,108485
720575941505167420,720575940626475838,54275
720575941632484293,720575940618046109,80305
720575941468249366,720575940621146790,535711
720575941639255669,720575940626626588,816456
720575941504120555,720575940629466865,52848
720575941619039359,720575940620026864,114619
720575941494214599,720575940620957377,802830
720575941437690175,720575940622342569,159141
720575941654521049,720575940622198230,100525
720575941722041402,720575940617640053,813501
720575941643677010,720575940627624977,814880
720575941469045111,720575940645107991,76879
720575941517802412,720575940618720926,898638
720575941473928234,720575940625894899,83976
720575941504699671,720575940629438524,55260
720575941662947896,720575940629445758,138409
720575941514695171,720575940627830801,905731
720575941639026549,720575940616896581,22604
720575941460991443,720575940638174953,87994
720575941602032118,720575940619704699,70985
720575941545067369,720575940636622820,48753
720575941561788072,720575940621007574,812476
720575941596751296,720575940617630182,1050202259
720575941447074324,720575940639675480,176430
720575941545736124,720575940628330058,143496
720575941436719378,720575940637025903,190611
720575941435230862,720575940639834227,817006
720575941514305795,720575940632466643,333247
720575941426794836,720575940617117140,206435
720575941553788807,720575940619960926,531271
720575941722271802,720575940610525123,821061
720575941553558756,720575940621771248,100276
720575941526968932,720575940624481544,86006
720575941470313847,720575940609233163,175392
720575941612541660,720575940632757658,179572
720575941512900817,720575940621925985,113425
720575941577144657,720575940631819577,43600
720575941416042524,720575940628152402,813408
720575941553927578,720575940621454063,804426
720575941567650042,720575940642638024,67484
720575941452453959,720575940638991605,204451
720575941652961492,720575940615434050,905839
720575941722843962,720575940606537429,172383
720575941464336692,720575940631023980,51846
720575941482295235,720575940613735948,548266
720575941554246042,720575940631240443,159672
720575941496933243,720575940626206352,68813
720575941485667590,720575940628811594,1050102118
720575941534850570,720575940628899323,529509
720575941461499280,720575940615167742,31248
720575941572718344,720575940618819841,178002
720575941486242114,720575940623575295,125416
720575941515985043,720575940626427589,147187
720575941518603948,720575940620324056,533417
720575941551688090,720575940638890559,442854
720575941482836989,720575940622999944,203996
720575941513230585,720575940641084405,909616
720575941526697316,720575940631206162,93679
720575941597988800,720575940631802565,118393
720575941574374557,720575940610555716,559554
720575941564580711,720575940619893072,829902
720575941527331238,720575940629207056,217174
720575941452479866,720575940632187151,30526
720575941558710573,720575940622737555,144301
720575941587726404,720575940624996605,820098
720575941483671549,720575940644426184,231173
720575941488767285,720575940620527819,809880
720575941403670128,720575940623255254,27387
720575941535121379,720575940638447706,555817
720575941516946579,720575940619561176,102708
720575941453681321,720575940618066781,134216
720575941550376509,720575940620428453,568205
720575941547512756,720575940612826842,80907
720575941461502096,720575940641329360,545255
720575941538029032,720575940615833706,121580
720575941440918479,720575940622031270,12165
720575941643969874,720575940614855436,564770
720575941568185134,720575940620620760,910549
720575941645743816,720575940628642759,261572
720575941526159526,720575940629024053,110491
720575941488878025,720575940644133924,821220
720575941585840518,720575940606310176,170339
720575941651806193,720575940620211591,81438
720575941588652940,720575940612696282,127058
720575941612518502,720575940655430305,545272
720575941533567754,720575940644949704,104413
720575941449995445,720575940622929157,40506
720575941438550613,720575940623281613,73958
720575941488655925,720575940638069872,127595
720575941484150458,720575940610912691,68686
720575941568959988,720575940612921581,514380
720575941574153224,720575940617599193,565711
720575941540316445,720575940621422016,153079
720575941414674833,720575940624883639,807502
720575941459320646,720575940638520297,28932
720575941562306728,720575940619812555,114343
720575941610696550,720575940616875462,207733
720575941474766132,720575940613017818,809546
720575941490775216,720575940609408836,919687
720575941491773134,720575940614203916,581057
720575941477793822,720575940621958576,21156
720575941650520341,720575940628434950,109924
720575941584325598,720575940621999871,129446
720575941525962596,720575940613331693,67759
720575941463765517,720575940613551853,112653
720575941558452462,720575940635923563,112234
720575941481447107,720575940624129791,190045
720575941573351177,720575940626307109,41704
720575941613158876,720575940626860336,138195
720575941507576599,720575940620983643,175224
720575941652165141,720575940606311772,84209
720575941632215200,720575940640447104,936702
720575941611660205,720575940606193184,78431
720575941475534900,720575940624690249,12921
720575941448037725,720575940627048741,135203
720575941449392718,720575940626265084,120682
720575941583650143,720575940635000427,809816
720575941620010111,720575940622103275,35342
720575941674964442,720575940626988900,18543
720575941525768358,720575940618512418,811359
720575941506830149,720575940626506371,46488
720575941605344446,720575940609232476,170071
720575941440407247,720575940640264253,313568
720575941732513579,720575940609306819,168906
720575941510991888,720575940624168521,135562
720575941508695568,720575940644219336,904628
720575941686043254,720575940640536053,81960
720575941502354827,720575940613545066,810867
720575941594412583,720575940644810184,200767
720575941487195970,720575940628725416,76831
720575941545982644,720575940625058889,903069
720575941602923705,720575940623943629,37496
720575941556993316,720575940618111889,550598
720575941429543561,720575940633905378,548359
720575941498008738,720575940624154355,73087
720575941451154759,720575940633311187,109333
720575941471710583,720575940634183379,820741
720575941663382396,720575940615700369,822543
720575941611204966,720575940618006740,194611
720575941581699193,720575940627736836,199016
720575941470261367,720575940619928917,102588
720575941411106731,720575940609985860,139434
720575941404798320,720575940606733489,134478
720575941587362628,720575940621116075,107283
720575941516757139,720575940634864479,162166
720575941577701109,720575940623093161,527166
720575941553847123,720575940628494588,220220
720575941626204298,720575940617971613,131222
720575941503876402,720575940633634199,146655
720575941504085079,720575940622495092,811641
720575941466613078,720575940607643570,118733
720575941518527148,720575940621265579,92247
720575941550170623,720575940638729048,94006
720575941443288746,720575940619718523,233959
720575941481198499,720575940630285563,196963
720575941473968224,720575940644787479,16092
720575941545958580,720575940620719832,531854
720575941477552490,720575940616536249,92134
720575941658658584,720575940617130129,525235
720575941626243722,720575940620694858,23577
720575941589507895,720575940623157517,66842
720575941468992989,720575940612463027,195494
720575941515259385,720575940625690604,537752
720575941441372111,720575940635324572,813998
720575941535020522,720575940639423541,540510
720575941454003763,720575940615373195,42992
720575941610760294,720575940624246269,46006
720575941625347722,720575940630025978,806973
720575941652888276,720575940626990654,153382
720575941588826948,720575940617966809,130396
720575941504641340,720575940653051382,103645
720575941529707396,720575940618458176,813471
720575941669648295,720575940609116622,191445
720575941619007615,720575940625684408,116168
720575941568347892,720575940634232427,62476
720575941563028480,720575940623672810,818574
720575941502386827,720575940633475991,89926
720575941438073644,720575940633765037,53865
720575941479243459,720575940632773703,60104
720575941471995456,720575940635411551,66759
720575941463270413,720575940627314020,145148
720575941458537887,720575940646583331,106972
720575941453222195,720575940625095828,58135
720575941590046519,720575940633748179,25867
720575941416660764,720575940636509944,71132
720575941573347912,720575940630446206,803478
720575941485136781,720575940622140086,103892
720575941651878161,720575940611220116,143032
720575941431913175,720575940638767450,188752887
720575941515814147,720575940628681259,142787
720575941552734270,720575940623773197,909634
720575941534127338,720575940616131650,125992
720575941620249471,720575940632956207,547828
720575941592814187,720575940623135657,96631
720575941642880357,720575940617302133,67339
720575941670384295,720575940623904181,163912
720575941571730077,720575940630628474,818849
720575941467859478,720575940626080304,119247
720575941666751219,720575940620953724,267316
720575941532716261,720575940627060510,809716
720575941540841421,720575940632964704,29229
720575941410351019,720575940626378084,102561
720575941452152745,720575940618305620,59582
720575941562305960,720575940639629382,284838
720575941409929643,720575940628926724,133602
720575941532571779,720575940632163923,43562
720575941590456716,720575940612330446,143794
720575941507610949,720575940628373834,124405
720575941456455408,720575940625038488,83381
720575941440566357,720575940627455058,526063
720575941596506524,720575940625736679,219772
720575941448841053,720575940614826449,814943
720575941451399593,720575940613141210,142143
720575941547190408,720575940629488400,147934
720575941527419814,720575940609348873,108437
720575941629992940,720575940634480736,222155
720575941399948067,720575940626654107,107659
720575941474431274,720575940630612620,312602
720575941566479463,720575940645751662,166768
720575941498808994,720575940612755618,35846
720575941614147859,720575940627338883,852637
720575941632137888,720575940631844626,154996
720575941535349018,720575940644770760,808668
720575941534706113,720575940622691622,250880
720575941585143509,720575940614686058,491695
720575941440804699,720575940630634799,516343
720575941500925419,720575940623969259,115219
720575941566444334,720575940639999139,175744
720575941688486774,720575940620333784,152958
720575941462906381,720575940635703988,545299
720575941504978308,720575940634480026,231598164
720575941587114206,720575940632392249,81737
720575941476481345,720575940610662264,277683291
720575941427297876,720575940624940558,107633
720575941560855591,720575940612479850,138036
720575941624123500,720575940650042233,139092
720575941633239995,720575940627242371,31053
720575941577962321,720575940622903834,78782
720575941459127622,720575940613214826,140126
720575941450626397,720575940638082638,814394
720575941613741465,720575940617378427,153890
720575941473710139,720575940632157202,828600
720575941632022688,720575940616989627,10076
720575941596978076,720575940646462084,61320
720575941623584923,720575940625571405,531017
720575941558634611,720575940614639015,223907
720575941575411304,720575940617741529,92930
720575941507550302,720575940624651507,39954
720575941581738847,720575940614148271,168671
720575941596386437,720575940622724595,514642
720575941590459788,720575940623501848,133318
720575941651573269,720575940623400472,133523
720575941507142750,720575940620373697,24756
720575941594807847,720575940630193060,28853
720575941604444150,720575940625853477,82480
720575941559943725,720575940607771972,173718
720575941572727198,720575940622384264,817444
720575941562140160,720575940635695295,221889
720575941415148316,720575940632370719,524496
720575941501922699,720575940632216079,903137
720575941445035434,720575940630363596,820163
720575941575281161,720575940622196518,156091
720575941730857515,720575940630823618,247561
720575941612595353,720575940611299793,154666
720575941459185222,720575940621465179,542576
720575941458688582,720575940608469257,122536
720575941471306048,720575940653135606,548452
720575941351833904,720575940624960776,161126
720575941533266666,720575940627966333,812876
720575941574681609,720575940622039501,807611
720575941574021046,720575940615389087,114346
720575941535644954,720575940625042223,800559
720575941407631151,720575940621967365,94206
720575941434583223,720575940611363426,124388
720575941440326229,720575940633927341,173383
720575941438629599,720575940611966194,101870
720575941549128481,720575940630826106,124985
720575941639514485,720575940635113919,515318
720575941580364921,720575940632096042,95729
720575941688425484,720575940624852508,87690
720575941466841878,720575940632122464,210455
720575941520743863,720575940629797648,34284
720575941437598738,720575940622721037,549295
720575941659170840,720575940627150991,537181
720575941518678894,720575940643348896,66599
720575941482128058,720575940610603332,817446
720575941688508172,720575940640249149,817897
720575941527695032,720575940644800535,29512
720575941580508025,720575940624364484,531979
720575941515805539,720575940618845504,43474
720575941533815640,720575940636497332,128593
720575941513722435,720575940625171431,533496
720575941399183907,720575940623361549,139466
720575941553429639,720575940610108002,927868
720575941516906350,720575940634928153,972803028
720575941472039947,720575940622896457,102024
720575941608900585,720575940623369354,112645
720575941522490103,720575940608568841,126658
720575941543640252,720575940619274456,108448
720575941593139926,720575940617244445,137124
720575941494431175,720575940649748857,186171
720575941408587435,720575940635528696,276552
720575941482449850,720575940629993210,187211
720575941478521450,720575940621391636,103135
720575941457246189,720575940623937732,136334
720575941478718314,720575940624636647,542933
720575941631556588,720575940633170207,111176
720575941571216030,720575940623743731,101267
720575941614001171,720575940631081728,95768
720575941667029235,720575940619260470,200346
720575941412123247,720575940617646265,176056
720575941516499290,720575940617546619,83825
720575941441680847,720575940623296147,159673
720575941495327870,720575940627412538,187967
720575941654102289,720575940627146329,813731
720575941399965987,720575940619631343,61867
720575941508772225,720575940613431062,515569
720575941504115394,720575940623009416,117909
720575941723274042,720575940625996633,544200
720575941639182879,720575940631648709,805145
720575941515139577,720575940622319732,30744
720575941643057528,720575940612621235,149906
720575941573687560,720575940620305502,462466215
720575941585348742,720575940622101281,121276
720575941545597620,720575940623895559,58820
720575941460876688,720575940637165028,81982
720575941531578404,720575940610232533,140350
720575941599125801,720575940645548596,814101
720575941471513152,720575940630263746,212033
720575941464121357,720575940619779465,113383
720575941620408191,720575940630719173,133314
720575941604809918,720575940620903919,129546
720575941484664386,720575940624565788,555640
720575941550405492,720575940617792029,97544
720575941535489458,720575940611679461,74526
720575941641887314,720575940612958834,149067
720575941594370417,720575940616118634,903295
720575941515399779,720575940612644058,154498
720575941506802466,720575940624367347,58141
720575941432092942,720575940618498850,544173
720575941438899730,720575940612323507,516505
720575941460688272,720575940617296470,177157
720575941519875255,720575940609528329,115462
720575941416585756,720575940630207488,81160
720575941537933539,720575940641151629,158126
720575941545503749,720575940613238258,538046
720575941458978032,720575940622638204,194620
720575941501182091,720575940617170978,185314
720575941431434415,720575940629525353,94157
720575941451223630,720575940619767073,89402
720575941634075323,720575940619831117,112299
720575941605901421,720575940619858993,114000
720575941489499852,720575940612694165,818285
720575941550651454,720575940632153415,815301
720575941542440284,720575940612137714,27159
720575941497539297,720575940622274328,101155
720575941509908178,720575940628001673,137336
720575941537711253,720575940618785926,147070
720575941516201875,720575940633736019,822184
720575941483170813,720575940628141961,175673
720575941589061431,720575940627100824,74631
720575941553924379,720575940627214891,930653
720575941642566994,720575940621148781,541526
720575941612443494,720575940640516571,155252
720575941625744074,720575940631649807,170965
720575941499119585,720575940622595827,93191
720575941584978142,720575940636894575,109564
720575941486511056,720575940631170346,129109
720575941448173332,720575940633036883,301090
720575941598843804,720575940623991549,139236
720575941437150994,720575940637444585,823147
720575941594311463,720575940639643445,94219
720575941502524555,720575940628031896,219805
720575941612703708,720575940611494702,47616
720575941486962896,720575940607497929,113274
720575941546505148,720575940614083596,583331
720575941438437183,720575940617979942,185499
720575941628900646,720575940629055055,42004
720575941688210927,720575940611839953,202762
720575941515077187,720575940631566417,20790
720575941553940051,720575940630934585,819183
720575941479788674,720575940660258689,28629
720575941650183665,720575940620758305,254620
720575941525302274,720575940614615727,1065618685
720575941540044749,720575940631885964,533597
720575941476727873,720575940627331859,192389
720575941554347162,720575940627668613,40906
720575941570794142,720575940639509968,549409
720575941596642240,720575940637627237,158912
720575941622813436,720575940635411854,46671
720575941590977022,720575940616743218,47103
720575941477478209,720575940629377274,198550
720575941522790731,720575940622694405,151133
720575941547733896,720575940617477561,146927
720575941612493532,720575940639322950,169327
720575941527990148,720575940628608272,103067
720575941479126947,720575940623334837,33383
720575941531095755,720575940615379573,126237
720575941549642868,720575940621840767,142794
720575941578646517,720575940628136250,68256
720575941584309894,720575940611576184,152299
720575941445571498,720575940630559991,28146
720575941542708060,720575940640164992,60126
720575941644033106,720575940626919426,72762
720575941612436444,720575940623862989,366488
720575941615631317,720575940612690338,807600
720575941688335478,720575940626930206,167333
720575941431822433,720575940629634819,545568
720575941654505689,720575940626692298,363661
720575941564617106,720575940625751283,193168
720575941439506261,720575940621657441,819023
720575941688793819,720575940610774897,60026
720575941441511887,720575940618704182,109430
720575941473619498,720575940611373006,815102
720575941497173376,720575940630911991,213708
720575941591139326,720575940647025699,96079
720575941564298903,720575940608525763,71027
720575941642474657,720575940626877468,214629
720575941570749256,720575940611646926,70040
720575941622614780,720575940637727066,821938
720575941657607960,720575940611363954,48915
720575941554859748,720575940623141801,75968
720575941453268039,720575940619831499,80561
720575941536124899,720575940626393530,188529
720575941512518211,720575940630414700,143307
720575941499593890,720575940627720469,133811
720575941599013161,720575940610079857,115565
720575941596864924,720575940629183494,102030
720575941662239032,720575940631163904,86770
720575941546389940,720575940622125662,575473
720575941652762641,720575940624408712,546164
720575941435329678,720575940621806445,813882
720575941535490904,720575940608969173,142472
720575941454767853,720575940621824282,90874
720575941427192660,720575940631569256,94105
720575941626220187,720575940627597128,64110
720575941476083562,720575940637398629,135258
720575941564476050,720575940640008014,125048
720575941550146932,720575940616245365,535202
720575941455327725,720575940629954335,141461
720575941545332741,720575940620953989,111695
720575941478987171,720575940628775952,128825
720575941482045693,720575940636498660,144593
720575941625871562,720575940602619249,19964
720575941470640395,720575940631709433,98951
720575941603896254,720575940605000550,73386
720575941556890084,720575940625585080,74823
720575941553122587,720575940635080348,518922
720575941564889654,720575940633167647,190765
720575941487030022,720575940630868524,165459
720575941643518565,720575940638594793,179777
720575941556747891,720575940625939749,107154
720575941525505101,720575940617819728,150676
720575941430305377,720575940608872131,155556
720575941475831092,720575940660374657,171465
720575941658778192,720575940620114481,90099
720575941482561990,720575940626535824,868006
720575941643725256,720575940634667199,100248
720575941597055168,720575940630453239,190442
720575941633444256,720575940631788600,159363
720575941481032611,720575940625637946,44945
720575941515432003,720575940618419746,141502
720575941573668859,720575940624470044,570921
720575941517336748,720575940659648641,128355
720575941458404307,720575940629047882,22454
720575941561470765,720575940620260998,176280
720575941573692155,720575940625713639,115711
720575941652140817,720575940640218702,95179
720575941598016156,720575940608288092,156217
720575941571957661,720575940624117444,95760
720575941525940813,720575940617647429,53367
720575941435893390,720575940630727900,101483
720575941507235362,720575940637482382,244530
720575941543317533,720575940634840476,83506
720575941516921772,720575940619361520,106616
720575941599102400,720575940637330921,95899
720575941666201843,720575940614778366,143654
720575941350764336,720575940618504395,57253
720575941481013122,720575940622106492,126118
720575941531566795,720575940607218633,221231
720575941640126751,720575940618670296,53854
720575941484250109,720575940607737099,109913
720575941607813485,720575940629875984,20297
720575941431532719,720575940608915925,79747
720575941658653520,720575940617294166,811869
720575941553125889,720575940627095177,102377
720575941538713493,720575940631951959,152944
720575941560115059,720575940636363188,56174
720575941521763319,720575940624496280,242841
720575941592959016,720575940632144780,101554
720575941447752724,720575940620745825,835920
720575941551121031,720575940626870330,150549
720575941450591866,720575940614173290,821138
720575941547282568,720575940623152264,142249
720575941661420412,720575940633860703,221126
720575941573857545,720575940639642531,819291
720575941602636729,720575940620594113,183489
720575941412473199,720575940655912865,516985
720575941505101362,720575940606823625,116828
720575941546176873,720575940624023688,106211
720575941498025122,720575940615888396,60581
720575941600213289,720575940610315715,58738
720575941565474823,720575940618592669,806769
720575941614833817,720575940624782012,178757
720575941440855643,720575940633662628,120692
720575941610685514,720575940614525078,152774
720575941568512250,720575940604247985,223852
720575941571926344,720575940612677613,553754
720575941487093968,720575940630211628,807167
720575941650505749,720575940624485127,69522
720575941477796126,720575940627637586,48606
720575941530305720,720575940633523808,807796
720575941498298849,720575940628077066,116053
720575941521754615,720575940624966844,814131
720575941469694784,720575940621086299,141980
720575941550751806,720575940628783080,48195
720575941572423496,720575940639079145,40079
720575941557201828,720575940615225907,96761
720575941576990289,720575940609977301,124787
720575941513992185,720575940605686374,168323
720575941456963312,720575940628515115,532591
720575941595233925,720575940642423541,136478
720575941526423652,720575940632403108,101911
720575941499351777,720575940621040213,124330
720575941467876061,720575940616589685,129390
720575941732980523,720575940618979924,25515
720575941489135308,720575940621705298,62640
720575941578425937,720575940613959855,62612
720575941527051620,720575940631575035,75335
720575941483325126,720575940632630611,806780
720575941558985999,720575940634546807,808554
720575941489991116,720575940621424262,84042
720575941449956218,720575940620649711,814721
720575941469730059,720575940638726633,151586
720575941413326737,720575940631251743,84163
720575941575150479,720575940628164907,141557
720575941609563622,720575940630683514,40584
720575941625770634,720575940636531118,512962
720575941537964771,720575940610326994,276636
720575941572609864,720575940615251362,179563
720575941575385743,720575940608267650,88833
720575941507110750,720575940619488390,102544354
720575941392556438,720575940620414794,157870
720575941574884091,720575940614783027,522873
720575941475388721,720575940611469518,151858
720575941526919078,720575940612537749,819205
720575941619138175,720575940639836349,336619
720575941548983585,720575940612911858,118746
720575941609573609,720575940627488252,183349
720575941525650201,720575940613131890,558406
720575941547527860,720575940619502144,113350
720575941496643451,720575940631912040,47336
720575941476059185,720575940641609691,97013
720575941491140046,720575940621887112,35994
720575941614806291,720575940629372009,54828
720575941479570306,720575940631251919,58743
720575941573313275,720575940609133507,44487
720575941462271172,720575940621516179,18339
720575941488297680,720575940621777944,23041
720575941466818390,720575940628774782,102258
720575941599611177,720575940637761392,125960
720575941497369673,720575940628548328,61621
720575941657349144,720575940628395113,81084
720575941555769857,720575940610073038,855690
720575941652466905,720575940623886216,127684
720575941617992405,720575940606629822,164530
720575941463977229,720575940627596925,544573
720575941501530251,720575940617776273,125800
720575941539588221,720575940616387039,35224
720575941536242714,720575940623162317,114353
720575941668712113,720575940620447329,65992
720575941604005054,720575940623000456,206816
720575941506408613,720575940607859804,517015
720575941505959749,720575940619695809,198371
720575941626447306,720575940640770957,75854
720575941585615070,720575940611486818,146999
720575941586943812,720575940629328463,50820
720575941596350853,720575940630868165,34072
720575941565380962,720575940619631158,161606
720575941624167050,720575940627415050,91072
720575941654719700,720575940605718449,515781
720575941546067049,720575940625873895,58865
720575941552566663,720575940643321741,485511
720575941503908331,720575940634701281,816854
720575941609222218,720575940626789669,547774
720575941412874095,720575940622234662,815450
720575941593192305,720575940634198483,26911
720575941564448914,720575940614568111,73950
720575941595829381,720575940641060480,92551
720575941597698460,720575940617648197,113438
720575941618993378,720575940627324761,75009
720575941567062260,720575940637869284,190584
720575941564899682,720575940621303723,286134
720575941570159730,720575940628760597,171505
720575941603499449,720575940638875369,551385
720575941492263294,720575940621841833,88651
720575941611723484,720575940626772666,142189
720575941516145251,720575940627331940,268907
720575941534709170,720575940632107567,201008
720575941492904112,720575940616921089,45971
720575941594630870,720575940626045479,550932
720575941574379016,720575940609773321,149375
720575941632822469,720575940630562170,144076
720575941564216886,720575940628935564,136784
720575941611466473,720575940628786250,113627
720575941535743169,720575940617641301,935351
720575941441668443,720575940627866475,915787
720575941558233203,720575940609097058,940723
720575941558905715,720575940622966054,160091
720575941628843302,720575940638962008,556495
720575941415727388,720575940618264404,131036
720575941441636699,720575940622006622,39203
720575941503733442,720575940635030207,548288
720575941594908967,720575940619317524,102821
720575941461236420,720575940623986469,539604
720575941627193145,720575940621761729,160884
720575941572605000,720575940630291070,928268
720575941436770783,720575940621170369,580460
720575941447788052,720575940640835235,836029
720575941585415558,720575940632251729,102949
720575941519673304,720575940616396486,142211
720575941555130113,720575940630464471,155290
720575941482994630,720575940627202366,95584
720575941391477910,720575940628272322,137323
720575941524566347,720575940609735691,823405
720575941574201782,720575940638039485,156520
720575941624230794,720575940612072677,551852
720575941491102668,720575940624192560,149381
720575941551900734,720575940628254402,318180431
720575941591482920,720575940618950228,155203
720575941652616689,720575940632719244,556828
720575941529554360,720575940609970990,148592
720575941526914893,720575940629390970,542221
720575941479100802,720575940611902577,815928
720575941580473845,720575940630166267,39594
720575941663072892,720575940609233365,69421
720575941688176879,720575940640367925,155621
720575941606598509,720575940630846019,157906
720575941589425406,720575940606253856,122305
720575941554844417,720575940632067665,909527113
720575941490302773,720575940629047746,197540
720575941643590817,720575940633347532,84603
720575941578549337,720575940628953935,533996
720575941436721682,720575940612986390,819463
720575941545980265,720575940616406594,34669
720575941438911317,720575940611365218,901620
720575941484443714,720575940625642573,152318
720575941569736698,720575940625629844,29644
720575941430859256,720575940622091558,162756
720575941554560666,720575940621219566,808275
720575941631154373,720575940629428350,250816
720575941583588959,720575940636400632,67745
720575941440018261,720575940619973185,807778
720575941440921279,720575940619863120,542728
720575941533629272,720575940625260837,839395
720575941626896778,720575940630501888,146633
720575941530135755,720575940619996582,164430
720575941489022409,720575940625544732,209237
720575941481670735,720575940636991918,188441
720575941533736626,720575940619816246,548793345
720575941589764434,720575940660071297,135335
720575941555235411,720575940630697334,89650
720575941467222550,720575940632229540,107592
720575941497473659,720575940608608604,500149
720575941461884356,720575940612108642,817272
720575941480345679,720575940617473419,24145
720575941590830888,720575940617984340,242049
720575941626601068,720575940615464098,228852
720575941553507994,720575940635828634,168050
720575941630017762,720575940618474320,183158
720575941528447435,720575940631493463,513516
720575941598813340,720575940623236332,72544
720575941502674994,720575940626395394,99831
720575941552596737,720575940634284954,542680
720575941515116611,720575940634785431,555829
720575941532570755,720575940636137140,133790543
720575941439965391,720575940626974266,91482
720575941535129114,720575940621594502,47719
720575941554746625,720575940623923336,38426
720575941431287137,720575940627776450,814123
720575941461256147,720575940629787244,49176
720575941625067675,720575940628100154,115355
720575941519591790,720575940654390689,124541
720575941476364865,720575940643407520,71488
720575941611139817,720575940622646749,143552024
720575941470015552,720575940621644737,137149
720575941580693625,720575940626094413,188834
720575941516351587,720575940637806766,520179
720575941642444449,720575940629125123,121210
720575941530109413,720575940625891768,128948
720575941503727922,720575940615708466,26359
720575941413298836,720575940619693397,140788
720575941639592916,720575940632620615,128893
720575941592617253,720575940630939387,206301
720575941470647104,720575940624064196,93345
720575941547419763,720575940631239747,225796
720575941542710557,720575940615040918,159232
720575941594584790,720575940605599078,547460
720575941632233403,720575940620059045,115865
720575941467249174,720575940617280769,76797
720575941407045167,720575940632778527,56899
720575941572539400,720575940621504239,138964
720575941533724291,720575940611885541,113876
720575941566708022,720575940606672230,72977
720575941554014618,720575940632692307,814500
720575941598748060,720575940624016933,137056
720575941502658187,720575940630564460,145461
720575941506946117,720575940624231935,46627
720575941479498915,720575940625849496,140719
720575941583244895,720575940636253176,212652
720575941576405608,720575940621253590,525182
720575941561768237,720575940618935809,144958
720575941404054896,720575940638244068,806669
720575941598033308,720575940616934517,67857
720575941644629586,720575940614694924,84965
720575941567842418,720575940628892913,407846
720575941555326180,720575940642614235,55312
720575941525158244,720575940632902447,209094
720575941562938368,720575940604931908,867926
720575941563889250,720575940640093518,530547
720575941561951277,720575940606725054,135713
720575941496611657,720575940620177601,53686
720575941498832516,720575940621896176,821459
720575941521557939,720575940627912444,218953
720575941430747384,720575940613211055,145639
720575941489034215,720575940619172079,56399
720575941568035322,720575940620476240,128832
720575941639807775,720575940631371295,38414
720575941625937977,720575940638493156,158678
720575941489855694,720575940631994439,913178
720575941567836274,720575940639146429,100563
720575941505749176,720575940627865621,57905
720575941413777809,720575940623524349,89649
720575941486995462,720575940612294835,21868
720575941503223490,720575940605923296,190098
720575941554070426,720575940627769240,197784
720575941505235260,720575940639089571,822428
720575941509876752,720575940628357642,83815
720575941480160675,720575940637073582,90072
720575941447834190,720575940626878666,111622
720575941547140532,720575940627262440,180795
720575941609177162,720575940641643739,55243
720575941628560697,720575940627462019,580845
720575941533802266,720575940611642773,219913
720575941609403978,720575940625088235,117007
720575941503710551,720575940619039623,149863
720575941554975386,720575940617348379,534560
720575941477360180,720575940631252219,124416
720575941560090669,720575940636297700,157201
720575941430143480,720575940635465407,801492
720575941438663186,720575940621047461,32198
720575941473504608,720575940618556888,95547
720575941561718184,720575940625280807,911871
720575941513924963,720575940605394022,811142
720575941613530588,720575940631883717,143069555
720575941580031313,720575940613188778,92268
720575941485249677,720575940633429668,48498
720575941643528056,720575940627733013,85325
720575941489840590,720575940611013678,195409
720575941532978922,720575940625113417,106379
720575941550036340,720575940623943677,119797
720575941505129778,720575940645129495,77626
720575941508561502,720575940611807641,95526
720575941511985617,720575940620075166,106872
720575941632464876,720575940632549736,55533
720575941639570207,720575940620176154,102498
720575941437046290,720575940631394003,127439
720575941542821212,720575940630645100,73130
720575941661058872,720575940620965741,804518
720575941480025568,720575940623714794,822451
720575941563141800,720575940625610270,135298
720575941505541436,720575940628236999,48994
720575941519356270,720575940612478957,57657
720575941534246122,720575940640015704,64627
720575941457611423,720575940632187181,190237
720575941494207870,720575940619586580,148962
720575941655242452,720575940616303956,139064
720575941623774716,720575940608337842,521560
720575941530740099,720575940613601765,194093
720575941402307363,720575940620114196,819639
720575941541782045,720575940614859473,36105
720575941557787407,720575940630313271,90915
720575941491614695,720575940648519556,554180
720575941590505783,720575940620441821,823216
720575941566978036,720575940625955661,49958
720575941596171968,720575940606414526,258943
720575941597510300,720575940623562995,843507
720575941578904053,720575940622644872,78839
720575941539767900,720575940623319164,200879
720575941562388370,720575940625611139,131391
720575941611400668,720575940621346836,539305
720575941591857515,720575940613288818,69173
720575941573562184,720575940627648522,104854
720575941511945170,720575940612923390,142407
720575941393621654,720575940630749179,29689
720575941481061629,720575940612660520,1050910351
720575941532493699,720575940630322688,532966
720575941560352371,720575940631211382,34126
720575941506427521,720575940627717784,108310
720575941639569951,720575940614596007,808064
720575941610397926,720575940626211884,188822
720575941639259509,720575940612369114,113643
720575941466873942,720575940625523856,93316
720575941476100638,720575940605200486,117865
720575941551093247,720575940632527683,100236
720575941536733722,720575940635219866,231283
720575941626555244,720575940626718922,818727
720575941518082988,720575940632397454,67431
720575941594257777,720575940620974868,81776
720575941483700410,720575940616027078,36490
720575941655526100,720575940632004549,108927
720575941533840728,720575940625442192,178071
720575941721485114,720575940632035117,167629
720575941610155497,720575940635808367,70801
720575941580121077,720575940634455521,156265
720575941436576288,720575940613653394,91120
720575941520670455,720575940633708845,25794
720575941623693564,720575940624375113,184246
720575941476201012,720575940629743927,548033
720575941430781103,720575940632853816,809512
720575941504039845,720575940613012659,915192
720575941547239816,720575940632391761,818591
720575941662104956,720575940639852085,150621
720575941559664878,720575940624809735,116478
720575941539436925,720575940638256949,945591
720575941617629397,720575940653412086,185933
720575941519294936,720575940625906088,529703
720575941487292368,720575940632740127,241517
720575941578468185,720575940630673483,42892
720575941516463450,720575940614582946,515934
720575941640579615,720575940624079812,145071
720575941643936357,720575940623877673,146788
720575941609423021,720575940630260188,70846
720575941526314829,720575940641615349,572980291
720575941434331424,720575940613455786,910032
720575941540241533,720575940631670290,542618
720575941564800615,720575940639381363,129185
720575941557119268,720575940625708554,220798
720575941514183500,720575940654876577,810112
720575941461541828,720575940627767070,133033
720575941431475337,720575940611230322,809190
720575941642285906,720575940616892062,267327
720575941479642754,720575940624144127,88876
720575941516035219,720575940623166502,100170
720575941392631300,720575940621457517,546537
720575941611073453,720575940618894917,817531
720575941548010356,720575940617594809,49442
720575941670369959,720575940610224281,99977
720575941560189299,720575940620619270,28488
720575941507577669,720575940630997292,118047
720575941447279965,720575940623719568,132967
720575941601048361,720575940618531544,548541
720575941604134590,720575940615896806,28304
720575941688319350,720575940641252992,40384
720575941573362870,720575940617415995,159030
720575941412805524,720575940636757476,128710
720575941555508481,720575940606447550,817341
720575941546239156,720575940627754496,88682
720575941439522783,720575940633466524,34579
720575941563990016,720575940636246891,112689
720575941489521717,720575940615954282,116585
720575941470828919,720575940614101043,122283
720575941352743472,720575940619155403,33347
720575941521460919,720575940638736986,56103
720575941679406269,720575940604249824,487107
720575941480790723,720575940607090306,161351
720575941550146559,720575940610914680,161874
720575941393062404,720575940610445922,66702
720575941602568182,720575940612904421,51740
720575941539159026,720575940640749952,164037
720575941428529839,720575940628725009,522399
720575941550537588,720575940611079091,134553
720575941686682380,720575940616272543,41627
720575941392412164,720575940624945907,91284
720575941438007871,720575940633350943,190700
720575941444091306,720575940620728536,552304
720575941549524001,720575940629278214,106942
720575941553335194,720575940617030302,526391
720575941604535486,720575940628029700,896481080
720575941565228183,720575940606622054,804024
720575941457665183,720575940621412779,43079
720575941486924496,720575940615716469,189452
720575941558710510,720575940636966519,96443
720575941549870708,720575940660095105,63260
720575941517604206,720575940631533164,127762
720575941560088691,720575940618600059,524828
720575941439373909,720575940628161735,95007
720575941481123782,720575940624061737,817767
720575941431652015,720575940630945231,97664
720575941585238750,720575940613602541,88304
720575941574587145,720575940621119623,811664
720575941436541228,720575940628056316,87450
720575941515968858,720575940617005910,36213
720575941572697246,720575940645089559,74434
720575941514218563,720575940613386994,818435
720575941481070466,720575940646343790,909596
720575941691675544,720575940629411600,62499
720575941486904461,720575940612637809,194078
720575941595695911,720575940624607495,157933
720575941628256313,720575940634440217,80575
720575941662921528,720575940621321001,130155
720575941429407407,720575940629346103,100591
720575941689447832,720575940636232555,140192
720575941509956368,720575940628911815,544918
720575941563762432,720575940630440808,249814
720575941540874621,720575940606336614,28155
720575941535596314,720575940621776135,118133
720575941628465702,720575940638138846,124729
720575941498224763,720575940624707516,120685
720575941605707629,720575940631210460,821374
720575941555367681,720575940629862811,39761
720575941550390589,720575940616902374,61760
720575941652317425,720575940608943115,134878
720575941513345859,720575940611373226,513353
720575941534558808,720575940611121362,219277
720575941639971103,720575940634371554,49082
720575941524427289,720575940635669611,150462
720575941535189274,720575940624527548,36067
720575941479374304,720575940619501982,802612
720575941573890569,720575940636930190,809762
720575941520423091,720575940655861665,318116
720575941686698479,720575940626363952,138427
720575941553554330,720575940612718322,126110
720575941517278936,720575940615537810,161593
720575941603020473,720575940635545848,144935
720575941474895402,720575940615980044,125746
720575941573695496,720575940634013410,575330
720575941430586543,720575940625749586,906756
720575941535539178,720575940637703514,155272
720575941598424476,720575940632547143,163372
720575941573034909,720575940615559804,172612
720575941540088013,720575940632716128,809677
720575941550959475,720575940610013157,818392
720575941429840303,720575940625985464,98120
720575941483782141,720575940646367267,165790
720575941503108658,720575940617225019,363756
720575941490867253,720575940652311030,75252
720575941587314743,720575940626856721,91608
720575941688213004,720575940625461227,71815
720575941434319758,720575940625126920,44890
720575941504424517,720575940626906661,147784
720575941480087275,720575940606307262,69397
720575941632198560,720575940659801217,154881
720575941508647774,720575940631466767,101024
720575941556336868,720575940615172775,816085
720575941539978332,720575940623793741,810315
720575941535800090,720575940614043699,194169
720575941444750250,720575940637673798,533563
720575941478798466,720575940609264988,150851
720575941413228177,720575940643202445,140264
720575941611471068,720575940627158098,534332
720575941534510168,720575940610391854,515350
720575941608970217,720575940626481257,66543
720575941604196793,720575940628232467,137461
720575941546116457,720575940619765942,819622
720575941651513873,720575940628006040,520570
720575941489853385,720575940643322312,234920
720575941538546301,720575940613302431,42687
720575941529238456,720575940625075749,1035284341
720575941689205878,720575940621937584,46619
720575941594164263,720575940626817061,178181
720575941451645050,720575940631507963,527350
720575941549115508,720575940609491907,807367
720575941549671997,720575940624071423,810786
720575941489255625,720575940614219926,819179
720575941527419268,720575940614695611,816797
720575941451674234,720575940634012898,175288
720575941611242570,720575940632408847,548808
720575941501104779,720575940616205405,110346
720575941653795289,720575940626491280,551260
720575941425975636,720575940627307855,55207
720575941469421632,720575940638701375,179422
720575941455249203,720575940626110503,99201
720575941690572763,720575940629140423,929310
720575941496950178,720575940611804002,812958
720575941499080571,720575940632373290,33207
720575941505512471,720575940627612675,52749
720575941517968300,720575940612514965,531591
720575941564736566,720575940627867208,37761
720575941564266903,720575940617570358,820545
720575941474414944,720575940616811265,535247
720575941663081272,720575940631784722,210341
720575941452985769,720575940619376331,57533
720575941502938967,720575940618198336,187774
720575941574478600,720575940610318542,104714
720575941438036012,720575940629624702,575643
720575941643784609,720575940628889047,131056
720575941670072999,720575940623119574,150974
720575941456905375,720575940619461686,110494
720575941652745684,720575940605756844,111464
720575941519987383,720575940616843579,130368
720575941548267553,720575940611965138,198672
720575941626612362,720575940645180360,141288
720575941591919723,720575940647421492,936553
720575941490155977,720575940635583072,909758
720575941667553779,720575940647963956,137213
720575941474311520,720575940631940377,45955
720575941612316333,720575940620520513,110179
720575941644417912,720575940611912362,108584
720575941534107073,720575940611063770,174411
720575941482607046,720575940621183142,108854
720575941610942538,720575940618219835,1051727467
720575941660694584,720575940623939210,817801
720575941576253288,720575940629413450,149468
720575941447319828,720575940634353177,148624
720575941610546409,720575940626521820,320172
720575941578820945,720575940635745887,514755
720575941657931088,720575940626118021,86821
720575941533733866,720575940629015678,79007
720575941536277441,720575940621115819,98207
720575941478179905,720575940631124049,209811
720575941593783232,720575940624312361,160032
720575941580355409,720575940625933500,119708
720575941534288818,720575940606621362,204203
720575941626164844,720575940607679689,165351
720575941577760245,720575940615716795,819590
720575941431909591,720575940616423839,114772
720575941551879998,720575940631611333,46660
720575941544835845,720575940630961227,120326
720575941539576469,720575940620495484,256027
720575941575493558,720575940618973765,561450
720575941551655195,720575940619777520,142246
720575941625756780,720575940619637126,129985
720575941486277382,720575940605118892,89601
720575941416636956,720575940618579201,193693
720575941430695895,720575940652662518,19243
720575941443126954,720575940633904284,188971
720575941516266074,720575940626124828,173862
720575941610171750,720575940613487597,59081
720575941501922498,720575940625048653,183701
720575941480125091,720575940628552826,81093
720575941536418586,720575940640646864,55138
720575941458975428,720575940643035336,55518
720575941552803207,720575940629832195,345432
720575941505772965,720575940614521342,386701
720575941454576947,720575940617287355,930159
720575941473927227,720575940623368900,52463
720575941564797696,720575940616071110,159212
720575941438069036,720575940633396653,243194
720575941524140621,720575940633814938,86391
720575941585620870,720575940635295583,814386
720575941659044120,720575940625343550,61844
720575941506589534,720575940645066775,239239
720575941405216624,720575940616310715,111117
720575941588698436,720575940633113119,154556
720575941490795751,720575940637333214,117937
720575941523017463,720575940632725459,31133
720575941538845645,720575940634153683,205555
720575941552313855,720575940631161667,72273
720575941651854321,720575940628972999,131866
720575941552136447,720575940615266471,143186
720575941429268105,720575940616761686,129580
720575941632024517,720575940606651266,82769
720575941438758930,720575940617535803,817590
720575941505939365,720575940630605047,184227
720575941572796923,720575940622119518,70736
720575941614081555,720575940625864424,519523
720575941500706955,720575940621402203,184616
720575941560241709,720575940619640699,132135
720575941550377844,720575940625607864,811048
720575941643203922,720575940624408042,818878
720575941572041630,720575940628928118,94417
720575941429954697,720575940614688296,171632
720575941479925923,720575940635104959,47991
720575941702524378,720575940607294473,861290
720575941489042382,720575940627336581,857232
720575941400948515,720575940626002634,33203
720575941552989246,720575940625899281,803787
720575941668382385,720575940624024102,519550
720575941393863830,720575940646817844,60461
720575941588421444,720575940616877851,65699
720575941539325426,720575940639616371,171799
720575941532836483,720575940616571485,93776
720575941606823789,720575940620689758,49178
720575941471611403,720575940633366483,806035
720575941459028895,720575940641448693,142158
720575941521060023,720575940628293775,167022
720575941652900564,720575940621552116,163083
720575941439894991,720575940633531556,110844
720575941541979677,720575940625970707,16740
720575941481100930,720575940619444603,105929
720575941688473327,720575940629974347,810061
720575941561126701,720575940631454735,526066
720575941503635799,720575940623570943,111955
720575941559979123,720575940642186971,123873
720575941632282043,720575940622271472,871179096
720575941467687133,720575940626700294,97750
720575941593928485,720575940632483532,157105
720575941499269794,720575940638738916,99533
720575941544219068,720575940613086179,143607
720575941499879074,720575940621858943,85195
720575941459538246,720575940646765700,110640
720575941584686175,720575940621683078,128425
720575941534514098,720575940611910898,208642
720575941562946194,720575940625397690,816419
720575941598080960,720575940606774146,824928
720575941514337356,720575940608606475,833372
720575941670317274,720575940620411764,142781
720575941513638097,720575940619556150,931000
720575941618450982,720575940608978012,112728
720575941555190867,720575940644920776,509017067
720575941499233097,720575940618516258,392311
720575941624191852,720575940617092108,186518
720575941644088440,720575940623133130,26835
720575941537913749,720575940646606115,551080
720575941546128828,720575940652560374,822027
720575941596747932,720575940605087404,817929
720575941486388877,720575940620061293,45974
720575941407061039,720575940614945843,525546
720575941690399195,720575940611883994,30864
720575941628903462,720575940616830325,91836
720575941652780049,720575940607535049,104580
720575941595474471,720575940609533538,483594
720575941401329699,720575940617689995,816856
720575941411985556,720575940606533152,150008
720575941529911525,720575940631262226,82965
720575941506658629,720575940614711638,62879
720575941635232357,720575940633603680,550686
720575941481411782,720575940629828880,124843
720575941516394233,720575940628582888,121926
720575941477170497,720575940631538681,86347
720575941451250503,720575940618748830,122391
720575941437462335,720575940614220450,534192
720575941473441120,720575940644663831,90539
720575941623213052,720575940623166600,543445
720575941544546996,720575940624555838,29051
720575941449876661,720575940640227918,194113
720575941443124650,720575940633759840,84052
720575941476504628,720575940627555709,163202
720575941589623351,720575940624545770,518348
720575941581308281,720575940620156513,110534
720575941580310353,720575940631079895,39621
720575941574854838,720575940633246116,16679
720575941568123124,720575940629307129,132344
720575941410408875,720575940626236293,532151
720575941642997586,720575940619686208,138400
720575941644381640,720575940625539786,233451
720575941538598525,720575940629946951,532126
720575941476726849,720575940623889895,94627
720575941459568198,720575940623170593,115838
720575941483692730,720575940627074697,167109
720575941526508057,720575940629424758,804954
720575941449956957,720575940613939171,548519
720575941667502579,720575940624973754,815863
720575941447481364,720575940622191905,95567
720575941520221363,720575940636344056,820762
720575941493777584,720575940619981214,331024
720575941495799424,720575940620227078,51904
720575941571671709,720575940632065231,532315
720575941439762239,720575940612623795,45472
720575941449640885,720575940629119787,133887
720575941506814373,720575940629165365,159354
720575941412382063,720575940629872899,30649
720575941430713263,720575940610637235,804614
720575941492953776,720575940629384953,223077
720575941471489088,720575940626491906,135201
720575941459023812,720575940629018155,113271
720575941639382303,720575940606335106,121198
720575941539856732,720575940623560959,39171
720575941353592880,720575940633281272,124826
720575941509958354,720575940627801240,38634
720575941576949849,720575940614276876,811436
720575941576420456,720575940625963085,545588
720575941495149952,720575940635141276,77872
720575941506665566,720575940635580863,274231
720575941573826313,720575940639137955,818942
720575941730756139,720575940633033133,184361
720575941501500811,720575940626619183,58537
720575941466074134,720575940640187453,157931
720575941591606568,720575940628362502,138797
720575941439120172,720575940627221310,915922
720575941609054794,720575940620564440,179781
720575941524794957,720575940625014003,173910
720575941461265860,720575940621581150,354532
720575941501385867,720575940624167973,137484
720575941411855019,720575940620646639,147303
720575941504982210,720575940619192197,176884
720575941504881346,720575940621852874,137288
720575941464163597,720575940616599069,807470
720575941525929638,720575940653608182,74014
720575941472489275,720575940628377989,106239
720575941595735941,720575940615083571,104053
720575941470507019,720575940624919037,825346
720575941526034969,720575940641618128,202625
720575941545807548,720575940611829141,80441
720575941561414034,720575940627811132,30078
720575941585427166,720575940628577402,95415
720575941620461439,720575940622760798,550118
720575941529506180,720575940620139503,98570
720575941552270654,720575940630118186,122070
720575941563856274,720575940618709275,184408
720575941573682333,720575940630589548,815713
720575941663199612,720575940627785758,139925399
720575941498134089,720575940624756989,164652
720575941572392264,720575940634188907,66376
720575941586498014,720575940621276070,512874
720575941528389542,720575940629953079,820497
720575941533582723,720575940635232119,809588
720575941520346291,720575940622305449,29510
720575941569635698,720575940630238007,145890
720575941541041277,720575940627126074,158169
720575941485100038,720575940621072832,150096
720575941506679461,720575940612064997,108729
720575941534298858,720575940646277230,132747
720575941533270706,720575940644555168,131212
720575941502138347,720575940624729528,915560
720575941391572996,720575940620618443,172856
720575941600635321,720575940613524709,537115
720575941657327952,720575940634575711,104489
720575941689110168,720575940616885298,89809
720575941689780120,720575940624442000,192904
720575941462029252,720575940625176764,110044
720575941573560840,720575940626929354,60814
720575941653942233,720575940612887154,88888
720575941615818649,720575940627449219,57662
720575941643955301,720575940628623616,89848
720575941498817659,720575940645737508,191373
720575941470776331,720575940628362813,109108
720575941598561216,720575940618460061,53180
720575941537975016,720575940624142333,147256
720575941640435999,720575940624924088,100638
720575941586360454,720575940630445628,106003
720575941610816358,720575940621162416,140632
720575941502137175,720575940628616964,60998
720575941439920863,720575940635746923,919711
720575941495738055,720575940626307177,812827
720575941551751679,720575940615463934,72713
720575941521178291,720575940650595193,24558
720575941555070803,720575940636074158,194682
720575941535725802,720575940619679471,117332
720575941463352333,720575940627138306,1076768749
720575941610398694,720575940645722403,72150
720575941630393580,720575940624422072,545053
720575941651233265,720575940608237835,149911
720575941570492574,720575940632763935,257206
720575941460287443,720575940612250318,146430
720575941598884252,720575940621806463,196589
720575941691487896,720575940632635053,62627
720575941558969871,720575940613590442,562811
720575941520979123,720575940622127710,32669
720575941623134154,720575940639507408,214873
720575941568140026,720575940639091645,255082
720575941622495996,720575940638707901,42978
720575941437271826,720575940637407209,114027
720575941440547925,720575940620035800,42300
720575941594332711,720575940625863336,814311
720575941637822581,720575940640190261,39893
720575941453090375,720575940640554448,188341
720575941616266709,720575940631307001,474092075
720575941533954482,720575940621476800,91577
720575941538757362,720575940613774194,220364
720575941504668722,720575940630846508,52055
720575941605356734,720575940619924390,36432
720575941505843004,720575940626522620,115965
720575941439810139,720575940625040190,912553
720575941498416969,720575940624023018,57337
720575941642611557,720575940622625485,163687
720575941452056135,720575940617950865,98342
720575941480966653,720575940632700487,158697
720575941538156515,720575940618466865,113230
720575941599914537,720575940625984399,917560
720575941582814047,720575940624400969,163079
720575941633271227,720575940620698136,112027
720575941551976191,720575940606644913,909585
720575941539030909,720575940620814528,812879
720575941550484285,720575940629648912,529946
720575941611338214,720575940633781805,553735
720575941480502691,720575940621339585,216470
720575941515833347,720575940635545310,55782
720575941451957831,720575940628216081,49412
720575941553585124,720575940629881644,112910
720575941439427413,720575940620654452,63149
720575941400505891,720575940630717175,127091
720575941519482222,720575940605930929,1050248133
720575941642637925,720575940629314895,113141
720575941576828241,720575940633904796,55758
720575941639563039,720575940621450923,186821
720575941624419978,720575940626077735,902419
720575941496210249,720575940617315729,37800
720575941535012184,720575940623797773,242401
720575941632466156,720575940608450396,35410
720575941494549120,720575940619917110,32517
720575941426818900,720575940605538220,540499
720575941536746211,720575940611811794,152389
720575941431714223,720575940632374754,146052
720575941573315323,720575940636915177,816835
720575941517695148,720575940627920792,119541
720575941534861082,720575940610646734,819265
720575941534362200,720575940640731555,64819
720575941454884589,720575940637390181,53068
720575941659054672,720575940611761009,121942
720575941440626523,720575940618122845,244865
720575941579653877,720575940621074452,138536
720575941624104091,720575940629869584,116261
720575941654155225,720575940639634083,79734
720575941481030083,720575940633396900,590676
720575941516222099,720575940604932017,822777
720575941690216667,720575940625869360,45498
720575941680903613,720575940626133867,157632
720575941448642397,720575940620470187,136028
720575941605933677,720575940631842956,21998
720575941603909054,720575940628974352,109662
720575941562203181,720575940615395990,115749
720575941553006875,720575940612847218,129793
720575941574032649,720575940631479570,103875
720575941625662858,720575940626801497,54868
720575941617130197,720575940630183931,86085
720575941431412439,720575940618271316,139812
720575941428400009,720575940624058061,818773
720575941475112490,720575940627526472,30677
720575941480236111,720575940607124707,76364
720575941649805845,720575940631569913,122314
720575941591868968,720575940639190205,811207
720575941555878372,720575940615198370,53182
720575941517364371,720575940632292748,45675
720575941594928423,720575940626449098,127119
720575941494872958,720575940613327358,200577
720575941556124755,720575940605651302,812967
720575941618460031,720575940644617416,141885
720575941613878236,720575940620661931,136740
720575941450777934,720575940633163404,823161
720575941461646291,720575940639396467,155093
720575941492492670,720575940626939779,159241
720575941590969195,720575940625897703,811532
720575941588503948,720575940622501759,953927
720575941457294064,720575940616248949,62834
720575941448471828,720575940629335963,110835
720575941610583725,720575940607167189,137004
720575941605469630,720575940637461934,115870
720575941688310646,720575940637529229,44115
720575941534251034,720575940628557879,926125
720575941616709077,720575940636368247,124411
720575941544043452,720575940630881989,73513
720575941457923231,720575940634164702,580821
720575941511197516,720575940606195657,144091
720575941404448880,720575940625455544,185036
720575941703708634,720575940622264444,184302
720575941594050518,720575940627222970,147785
720575941621586172,720575940621412336,67799
720575941559745774,720575940611420634,88998
720575941452061353,720575940617822301,100128
720575941401263907,720575940623138849,82447
720575941546953049,720575940634881899,928982
720575941545009340,720575940630643244,128506
720575941477239860,720575940632735021,80063
720575941598641193,720575940616878238,155461
720575941649885937,720575940623330047,39280
720575941533142506,720575940608653404,113878
720575941627712569,720575940627892552,47274
720575941633391045,720575940610758314,154064
720575941475235377,720575940625884860,825184
720575941628880678,720575940620704005,238358
720575941473722171,720575940626518416,156001
720575941451950505,720575940641339021,815510
720575941606502765,720575940622522608,78309
720575941513142083,720575940632592415,62326
720575941503307068,720575940624065038,87762
720575941391511446,720575940630602809,127108
720575941668966643,720575940638392542,811804
720575941584305759,720575940626402597,801880
720575941479178691,720575940629483735,143045
720575941505866113,720575940632932506,154522
720575941570032884,720575940614027951,36070
720575941521817079,720575940628044844,817185
720575941590879998,720575940644394400,107168
720575941526497817,720575940620244560,99560
720575941534496178,720575940628393734,956174
720575941573522333,720575940623244643,337148
720575941611261673,720575940628578603,115035
720575941471542647,720575940620892655,116089
720575941554791834,720575940639761981,153007
720575941410429099,720575940629568299,904145
720575941508541825,720575940621251866,513747
720575941628053542,720575940641181136,930372
720575941688845174,720575940629672300,37688
720575941631306400,720575940630308567,513776
720575941536559898,720575940634715292,109578
720575941589850679,720575940627251786,43214
720575941510696208,720575940615465110,21994
720575941559505709,720575940604605030,550374
720575941554677249,720575940620559041,131919
720575941475690036,720575940616196202,205547
720575941480173186,720575940640693592,811828
720575941559254131,720575940621166719,79698
720575941668075953,720575940626313546,195205
720575941470400011,720575940606081126,114583
720575941669519527,720575940620979476,561699
720575941508123938,720575940607672003,143440
720575941508695646,720575940624088319,42326
720575941552711251,720575940634449889,137895
720575941480772431,720575940622873844,71097
720575941584065926,720575940612744085,185234
720575941612903955,720575940620228641,81249
720575941595752581,720575940620174708,70780
720575941584161926,720575940631108823,138757
720575941640155679,720575940615537314,175680
720575941598099612,720575940629678864,157911
720575941477140532,720575940627908624,149348
720575941644513874,720575940611784824,123848
720575941658660944,720575940617339451,807483
720575941614521497,720575940638440819,546078
720575941624791148,720575940629921274,93442
720575941685698778,720575940631397750,814778
720575941491180263,720575940606205897,44678
720575941558538867,720575940617971217,19624
720575941526742553,720575940640386163,203386
720575941449910197,720575940628012548,81000
720575941514874627,720575940630245431,142375
720575941505014722,720575940617500884,814505
720575941730974507,720575940627561854,95087
720575941569100794,720575940628118288,118752
720575941527554982,720575940625793319,126964
720575941490523957,720575940629741051,234831
720575941533208549,720575940605029250,108610
720575941488656332,720575940616154079,93508
720575941690774936,720575940611662705,547708
720575941659108120,720575940608597596,136637
720575941498679369,720575940631372396,333642
720575941514722563,720575940638440158,75638
720575941542958428,720575940613226163,177459
720575941501994123,720575940636989551,817700
720575941431916503,720575940626174750,43051
720575941526171981,720575940655952289,64331
720575941655615188,720575940628064016,66452
720575941465803798,720575940626662960,812677
720575941529848760,720575940628145155,100017
720575941641144863,720575940638180186,175457
720575941536245002,720575940636425396,811933
720575941517020563,720575940625478525,133048
720575941519222956,720575940624755180,203847
720575941513720211,720575940613332195,36518
720575941575673999,720575940615961739,103924
720575941589879038,720575940616128669,181003
720575941586408670,720575940629759788,111880
720575941533109635,720575940623031223,45293
720575941632918213,720575940631168057,139818
720575941533696490,720575940628091910,65001
720575941411046511,720575940606529382,24204
720575941643482785,720575940629692715,180914
720575941572600648,720575940624131988,144997
720575941465653846,720575940625449404,913301
720575941553947731,720575940621065281,817727
720575941427741780,720575940630043727,191025
720575941651527409,720575940627305624,145511
720575941575745896,720575940605783486,816867
720575941406700591,720575940618146260,29098
720575941502266507,720575940622336752,168916
720575941411073135,720575940633871841,219707
720575941514793475,720575940612699505,97612
720575941488743884,720575940632646457,63270
720575941565625751,720575940626945636,105140
720575941589693580,720575940630892631,82364
720575941552580635,720575940619614843,299194
720575941529832165,720575940627277950,91927
720575941392327428,720575940636998463,67157
720575941430460335,720575940621263325,143088
720575941564023606,720575940626985738,180630
720575941477543217,720575940624854764,160243
720575941562274962,720575940617040245,810647
720575941561517613,720575940652594422,156731
720575941491830988,720575940619828603,115139
720575941631143660,720575940623827436,216598
720575941488965941,720575940631752249,220066
720575941523519051,720575940642834711,145258
720575941537098778,720575940628192787,543759
720575941688291224,720575940643301261,179634
720575941476440625,720575940618531618,46419
720575941573647867,720575940655109281,133423
720575941427882324,720575940626994946,810237
720575941418723503,720575940616824076,137683
720575941564829591,720575940630055806,20134
720575941549504061,720575940606798537,134344
720575941574139535,720575940622590964,26998
720575941532483050,720575940632835810,550981
720575941455213875,720575940618747421,158543
720575941478784362,720575940624566763,108853
720575941617155797,720575940616627778,160957
720575941487864528,720575940655836577,188882
720575941514790490,720575940638951514,172181
720575941521204983,720575940626782864,555144
720575941655004121,720575940609579470,195173
720575941412349295,720575940617441209,844532042
720575941650575857,720575940627611269,817664
720575941554427987,720575940620484913,802831
720575941508925825,720575940606596454,812431
720575941612575078,720575940624145919,75910
720575941555397796,720575940657604737,580221
720575941553717275,720575940604714528,37633
720575941533880195,720575940637825358,49303
720575941571228062,720575940631813391,132726
720575941733241899,720575940617508838,123371
720575941459746756,720575940644889367,93214
720575941430724015,720575940629889530,215477
720575941504327874,720575940622102763,107710
720575941552039167,720575940635793855,500092
720575941414645396,720575940630604652,95939
720575941549040500,720575940615625026,36690
720575941519172268,720575940616929595,815616
720575941615719893,720575940629231159,74785
720575941409043886,720575940631794513,141622
720575941517590444,720575940606515814,910592
720575941490651957,720575940624248772,53199
720575941525510658,720575940627758858,160757
720575941527074232,720575940617386708,25505
720575941490989621,720575940626783720,136882
720575941574234376,720575940617453017,567465
720575941593550632,720575940611007586,210104
720575941686720630,720575940618999461,59307
720575941688714459,720575940640254928,220327
720575941521936375,720575940619734907,956642
720575941456459760,720575940611725778,820601
720575941456012013,720575940648276089,49427
720575941569227378,720575940630739650,213138
720575941574385565,720575940607851721,71700
720575941439166943,720575940633984941,311039
720575941687148300,720575940617079858,128828
720575941533516836,720575940627363480,397944
720575941510632464,720575940618365113,144897
720575941540416125,720575940637858416,57207
720575941452079017,720575940628104872,546891
720575941461850256,720575940610927662,25201
720575941414524049,720575940617916445,925533
720575941458792006,720575940622674047,28148
720575941515300755,720575940611881701,157518
720575941481971453,720575940630159268,915036
720575941632605381,720575940616871218,94681
720575941526696292,720575940635802036,30129
720575941633305019,720575940645226862,201498
720575941518523564,720575940626423171,545989
720575941659692624,720575940627860254,151759
720575941687328495,720575940636405349,558561
720575941501971543,720575940622916195,262422
720575941484304194,720575940624021272,265747
720575941431661015,720575940612663705,178539
720575941558621811,720575940613202794,113994
720575941517115820,720575940626719570,19448
720575941534104298,720575940615901234,133675
720575941515589466,720575940612977322,69198
720575941490862389,720575940624327818,524938
720575941506789445,720575940626066197,76443
720575941535437802,720575940643817838,149117
720575941526553346,720575940618951581,258546
720575941481959866,720575940620883956,812088
720575941546753724,720575940613004762,105258
720575941507618594,720575940605426609,547254
720575941659208528,720575940634166423,821832
720575941611029165,720575940624451562,104839
720575941519475884,720575940615551378,569252
720575941624100860,720575940631237135,197444
720575941545479868,720575940609669188,174101
720575941586206174,720575940628111891,29009
720575941466962710,720575940639864765,83280
720575941558678254,720575940619619719,64915
720575941514255427,720575940624470372,93600
720575941433270286,720575940617172573,71768
720575941524056420,720575940617413469,103412
720575941537960424,720575940614741334,132124
720575941590483255,720575940622814302,168292
720575941478412256,720575940621352468,163279
720575941431026351,720575940633097420,216354
720575941517233580,720575940619821771,62517
720575941573362248,720575940616151638,55732
720575941523756619,720575940613020658,239695
720575941525281305,720575940624062797,44331
720575941414784540,720575940631022807,159730
720575941533616164,720575940616688652,84691
720575941574479517,720575940626779398,81453
720575941514016977,720575940620007412,16844
720575941474647850,720575940632063396,546525
720575941483912258,720575940623528132,553523
720575941485447490,720575940626820604,516112
720575941415262748,720575940619353766,59856
720575941588144196,720575940605252041,230836
720575941566865511,720575940614447506,189470
720575941573633718,720575940626739248,44545
720575941532814309,720575940620033846,138203
720575941632854432,720575940615574690,820390
720575941460336851,720575940622241285,219788
720575941627409209,720575940632384537,68400
720575941506364732,720575940631512139,518260
720575941434310432,720575940628458110,816143
720575941544154985,720575940624307750,59502
720575941491033292,720575940609062665,148964
720575941586505094,720575940622106278,123829
720575941701887194,720575940617959005,83085
720575941533266698,720575940615136935,179175
720575941496731042,720575940610970586,43364
720575941643311698,720575940606237984,152555
720575941548826145,720575940628546888,177557
720575941521662647,720575940636800654,127383
720575941588611461,720575940611259234,165649
720575941494721406,720575940659879041,99821
720575941429552009,720575940626206809,34371
720575941558458862,720575940628303183,44047
720575941473186602,720575940609006712,810645
720575941625333915,720575940631015505,175127
720575941499197921,720575940645743908,63310
720575941533477464,720575940643463584,129643
720575941628472633,720575940633242649,134594
720575941563296007,720575940636474286,144883
720575941620281727,720575940621896653,102251
720575941510387666,720575940635082347,149185
720575941534669400,720575940635869541,61126
720575941535322346,720575940635877311,53883
720575941471539040,720575940622663629,167683
720575941564694423,720575940617932859,570091
720575941653872401,720575940624940814,141649
720575941486803853,720575940637457765,71757
720575941533703716,720575940624125584,116003
720575941492383975,720575940621132065,85467
720575941543136285,720575940643806408,99851
720575941595856540,720575940619967727,921673
720575941534024426,720575940637453545,78476
720575941438220255,720575940618296038,169812
720575941554213147,720575940608640370,124566
720575941573256955,720575940624887881,133231
720575941520762807,720575940635207580,532652
720575941539841485,720575940629443628,116059
720575941467323357,720575940639073370,154023
720575941431686753,720575940627470108,101383
720575941452474439,720575940623317974,182292
720575941506798103,720575940632465465,104991
720575941437001260,720575940621030747,807276
720575941429347425,720575940638620132,42307
720575941440425919,720575940620135047,138954
720575941470799223,720575940631917928,170435
720575941482478778,720575940619944315,519115
720575941476113258,720575940635167935,161087
720575941473097568,720575940623370793,65365
720575941575746486,720575940626649786,121199
720575941430275759,720575940614335283,149502
720575941482035197,720575940622132852,48398
720575941490576329,720575940638311140,66459
720575941659246360,720575940608508718,31434
720575941498106697,720575940646289518,47503
720575941481262243,720575940620996628,95293
720575941477713002,720575940626956931,180783
720575941443264426,720575940624648067,811106
720575941601596198,720575940633675616,59496
720575941559205933,720575940621183326,133706
720575941563634432,720575940631980857,178324
720575941686445295,720575940621508336,46128
720575941534789464,720575940632284717,816676
720575941594037105,720575940637108087,100911
720575941579302737,720575940618475665,114200
720575941535420650,720575940646787107,820368
720575941603180534,720575940632755225,111560
720575941526802201,720575940617606616,94021
720575941469599243,720575940635583584,480615166
720575941573274120,720575940621260020,513265
720575941547812232,720575940621859720,817784
720575941643187045,720575940608471049,92275
720575941458544083,720575940615126703,42577
720575941477038132,720575940628330250,132174
720575941446213396,720575940631662147,218806
720575941546397108,720575940618656518,124519
720575941569181172,720575940653074166,279432259
720575941449115982,720575940638408425,844236462
720575941689132150,720575940651079158,214923
720575941573737979,720575940619996888,21891
720575941645298296,720575940630168631,539973
720575941640156447,720575940630607742,175952
720575941536212200,720575940621165951,223501
720575941546833852,720575940632575388,66995
720575941438694623,720575940614627112,93563
720575941495820160,720575940608085682,217386
720575941592850472,720575940622967902,58876
720575941628661542,720575940618817108,249396
720575941413410961,720575940613058010,149659
720575941466498902,720575940623652573,818005
720575941503574210,720575940612982770,519739
720575941593699624,720575940621799407,905900
720575941525438285,720575940612747434,94763
720575941512481745,720575940606163842,145534
720575941547290036,720575940612774373,99972
720575941524944386,720575940613772310,122867
720575941470950720,720575940636107615,80031
720575941563308551,720575940631928139,72063
720575941568501806,720575940634340066,818610
720575941539686349,720575940615583861,535263
720575941686956150,720575940634336504,127946
720575941476626718,720575940623334614,112823
720575941511820620,720575940628300284,197844
720575941573042590,720575940629787330,810770
720575941551682303,720575940615688082,204403
720575941563837864,720575940612319125,26264
720575941589625854,720575940637704676,38335
720575941475069243,720575940634104159,133076
720575941479381472,720575940633170503,215681
720575941450182837,720575940623393494,809872
720575941680762045,720575940617272098,118623
720575941519313068,720575940613358658,128354
720575941605096382,720575940619251269,189196
720575941552764699,720575940606938313,target neuron id
720575941576701032,720575940634753983,83458
720575941583107679,720575940609042901,543207
720575941502378891,720575940628549894,56228
720575941569966238,720575940605981886,100623
720575941558876275,720575940629729787,98621
720575941443167658,720575940623231245,580854
720575941491283662,720575940628364806,518996
720575941461344196,720575940634140084,111509
720575941588710021,720575940622091997,500027
720575941525368322,720575940625750098,141494
720575941487196738,720575940616671349,539686
720575941544042245,720575940633470116,800361
720575941574811293,720575940623319651,172931
720575941557157903,720575940617622161,125265
720575941512928977,720575940626440122,64811
720575941568501038,720575940623938196,148003
720575941514220179,720575940618708770,546446
720575941525129549,720575940632302136,138302
720575941405810862,720575940623967467,118244
720575941645580488,720575940629054736,911534
720575941393064598,720575940629185039,98007
720575941408288430,720575940625351461,50095
720575941545516393,720575940630881280,42602
720575941431774712,720575940620886704,138612
720575941452641193,720575940617693264,864071
720575941574763112,720575940609191537,29159
720575941452663623,720575940620920710,19674
720575941522114551,720575940623464683,71353
720575941481639363,720575940623394440,59914
720575941351300144,720575940625017341,146621
720575941584454239,720575940627807400,185761
720575941610069066,720575940611162083,104480
720575941551904062,720575940642299021,87993
720575941600897577,720575940624829479,39633
720575941477641322,720575940638692927,210858
720575941446823188,720575940645214243,162694
720575941516962476,720575940624901927,125952
720575941547813768,720575940622915004,160494
720575941486987405,720575940628869431,41267
720575941721860410,720575940628923727,197231
720575941597475008,720575940646521988,112911
720575941459664287,720575940645705764,904083
720575941593452327,720575940606569417,817458
720575941490352329,720575940631220431,296114
720575941491443431,720575940639571931,159838
720575941497885563,720575940617612578,126392
720575941657323856,720575940618535963,172406
720575941574490633,720575940627905566,830025
720575941564569863,720575940620453615,154718
720575941538143986,720575940614991221,113284
720575941598952604,720575940622838697,542734
720575941575968399,720575940624302008,545823
720575941589767735,720575940608127666,813600
720575941613080540,720575940617830630,92278
720575941526991693,720575940622098693,327830
720575941406693935,720575940628081541,534884
720575941481054659,720575940618033969,534896
720575941432684814,720575940628065352,32796
720575941483896506,720575940634672610,120311
720575941558680591,720575940623439821,181570
720575941527847608,720575940626623387,532034
720575941460068036,720575940630800747,26221
720575941405843759,720575940611876962,135916
720575941629798626,720575940612839850,141555
720575941411738257,720575940620968361,78506
720575941497397627,720575940631754026,116032876
720575941702341338,720575940618591664,820297
720575941589381444,720575940649547641,236642
720575941625438666,720575940631159633,95711
720575941588664197,720575940621203376,150864
720575941537990037,720575940625483133,533789
720575941640779551,720575940634080887,258330
720575941530163128,720575940640738648,119458
720575941644416456,720575940614125378,813640
720575941524019812,720575940621348724,220652
720575941494924416,720575940634673890,67143
720575941475888193,720575940629565690,38766
720575941551943815,720575940622971085,186663
720575941438548309,720575940624846823,126070
720575941456485613,720575940622521382,197698
720575941447607060,720575940628010117,147132
720575941439284571,720575940624529848,162016
720575941472335936,720575940641262032,115493
720575941507348097,720575940630550859,118826
720575941490387175,720575940623834723,146804
720575941578853977,720575940621423855,813262
720575941519649240,720575940606239243,67712
720575941498634825,720575940611836309,542510
720575941565182471,720575940621805857,65800
720575941523273975,720575940633326999,86895
720575941498875465,720575940636352357,101614
720575941497638985,720575940626688079,156035
720575941550257407,720575940638036157,94828
720575941553977498,720575940605622658,45212
720575941469045824,720575940640018621,176827
720575941594336039,720575940622807477,72349
720575941535208202,720575940599459782,87778
720575941557710062,720575940639032995,809219
720575941602133494,720575940634630752,531832
720575941662157624,720575940627153241,808219
720575941449562293,720575940617733817,810280
720575941565368366,720575940615828330,176520
720575941534257496,720575940625154864,911027
720575941549471231,720575940625695502,53945
720575941554295268,720575940617691865,520360
720575941431400879,720575940626922938,152426
720575941487057158,720575940624868791,100255
720575941654557401,720575940628052282,213604
720575941624905098,720575940626420426,40042
720575941426034260,720575940623755312,86528
720575941475880257,720575940627640207,149876
720575941551323763,720575940628789548,14414
720575941663758460,720575940636388750,116281
720575941625483419,720575940619440816,54124
720575941548788541,720575940645979415,36440
720575941615930581,720575940633177937,807916
720575941562688146,720575940625320428,500004
720575941513763537,720575940638564797,162672
720575941536541450,720575940613593503,142282
720575941562911378,720575940610022642,23802
720575941556563428,720575940612422696,129575132
720575941537711592,720575940612671461,58997
720575941405215856,720575940619528789,102468
720575941594295665,720575940622228318,103631
720575941433628046,720575940621860161,199680
720575941581781625,720575940616224576,45934
720575941497123968,720575940629789007,134215
720575941503756779,720575940625444647,531413
720575941538896021,720575940629584400,814302
720575941598415657,720575940630159867,52634
720575941611016681,720575940618151195,813974
720575941564493202,720575940622202662,148746
720575941595160534,720575940628259594,161392
720575941524171620,720575940630630248,810618
720575941661917820,720575940625263091,35151
720575941563942802,720575940615126934,556747
720575941516018067,720575940631585900,45875
720575941643765624,720575940611466922,526000
720575941623034364,720575940614984927,809963
720575941488944693,720575940630987769,120564
720575941613698201,720575940615957433,70711
720575941469665399,720575940632900959,134400
720575941431227017,720575940611082308,813023
720575941593895382,720575940640819544,80888
720575941545070341,720575940642686999,809298
720575941515202403,720575940628743362,539104
720575941408874287,720575940631912519,84555
720575941476980532,720575940619087685,102079
720575941429384919,720575940612196522,138224
720575941409350315,720575940628991993,815907
720575941589758860,720575940637141872,817747
720575941551343871,720575940618644381,399862
720575941525186916,720575940613646565,140326
720575941594754262,720575940624090136,91273
720575941594334321,720575940618730325,57444
720575941521180083,720575940634421311,818973
720575941578386265,720575940628680708,500122
720575941624965740,720575940637182309,143538
720575941655784404,720575940618762580,50038
720575941557475054,720575940612571059,88289
720575941465239382,720575940643329440,274238
720575941527141890,720575940637044069,154942
720575941475702331,720575940619529595,816658
720575941432307671,720575940630702789,78846
720575941520564663,720575940619836336,62182
720575941486842690,720575940610867524,808124
720575941643621202,720575940644065047,88770
720575941463608589,720575940614095400,132515
720575941659046992,720575940608672092,75706
720575941611804393,720575940618445713,820632
720575941560037747,720575940632393258,820449
720575941546501300,720575940629393513,66461
720575941513019724,720575940629540546,75070
720575941555574867,720575940616973836,193390
720575941403875952,720575940613107367,810103
720575941409076527,720575940603604258,218171
720575941477689824,720575940622438634,924189
720575941481780666,720575940625881993,80451
720575941411902100,720575940625257805,128132
720575941547790369,720575940609520393,103241
720575941532872114,720575940619587451,68111
720575941439440959,720575940637465054,136915
720575941432882702,720575940633695898,147961
720575941552692103,720575940621182401,808806
720575941534443352,720575940619188805,145267
720575941469763191,720575940630406778,20415
720575941416961052,720575940629909804,542222
720575941578885109,720575940611440346,514218
720575941623403116,720575940624349990,547612
720575941527257254,720575940618263297,801208
720575941643696072,720575940611578794,29106
720575941531734987,720575940630556663,909633
720575941595905669,720575940629109079,812597
720575941595527025,720575940635693919,36253
720575941490795977,720575940612755665,202946
720575941448487005,720575940619257669,135154
720575941540599245,720575940616500155,26900
720575941556805814,720575940617011579,235027
720575941516428122,720575940630648438,143760
720575941477927298,720575940621751690,112430
720575941539045245,720575940612794902,273650
720575941480709539,720575940619217822,125506
720575941545626292,720575940621810949,142886
720575941410798703,720575940624056061,813920
720575941551983239,720575940620910939,124329
720575941598022812,720575940631925305,219344
720575941568647930,720575940625754643,139052
720575941532662915,720575940649433209,161485
720575941476699185,720575940635025599,189721
720575941431714808,720575940612254670,54445
720575941414668689,720575940635947188,817527
720575941558043172,720575940618066461,203759
720575941568360948,720575940629656023,88307
720575941540539341,720575940618495462,56922
720575941477345841,720575940608433091,925494
720575941533534552,720575940619031606,550720
720575941527199398,720575940618712221,828294
720575941506668894,720575940621260936,53813
720575941549183777,720575940608305500,118347
720575941643896658,720575940624964360,829880
720575941542213405,720575940618782797,101881
720575941533640835,720575940633381549,141959
720575941439628223,720575940660873857,126121965
720575941609329226,720575940622531967,907873
720575941555273444,720575940642631387,341650
720575941627200806,720575940631427535,814670
720575941613099027,720575940639578275,150452
720575941518792876,720575940617293529,953598
720575941618005631,720575940623097101,842385
720575941572537352,720575940637946968,24295
720575941565791591,720575940627547667,54758
720575941517023148,720575940624589500,815472
720575941580128593,720575940620554374,50817
720575941474509361,720575940617908820,114015
720575941474884417,720575940612015795,22168
720575941573369672,720575940630492714,72681
720575941483567302,720575940602880736,905080
720575941480395488,720575940616809740,816601
720575941612046054,720575940638274688,93021
720575941540005837,720575940628343050,815511
720575941598791360,720575940607664585,812914
720575941440270271,720575940627150090,169964
720575941504380069,720575940636088056,122630
720575941610039981,720575940614797791,21092
720575941548006717,720575940635070106,60347
720575941587352132,720575940622595105,816062
720575941433633056,720575940628002181,147964
720575941730557227,720575940620415809,556830
720575941642388050,720575940638474147,539224
720575941603215094,720575940620054174,807645
720575941559923757,720575940628192594,151439
720575941565141858,720575940607984651,814517
720575941612530278,720575940629714042,162995
720575941568236532,720575940613689970,807648
720575941532433842,720575940652734625,173189
720575941401510691,720575940614100655,97734
720575941552391742,720575940640820688,217011
720575941688333686,720575940612323185,168156
720575941498951291,720575940660587393,816336
720575941678635965,720575940625010616,162993
720575941658292504,720575940638211300,122154
720575941580143953,720575940621789951,179084
720575941668970929,720575940640605603,114044
720575941482709446,720575940615212542,203572
720575941568454138,720575940622488090,135172
720575941533212609,720575940632808479,806299
720575941643225720,720575940624042264,125539
720575941586800964,720575940645053732,91785
720575941566605110,720575940627840531,118019
720575941520725171,720575940621041185,547650996
720575941545597876,720575940611154386,191393
720575941540991181,720575940612426714,810757
720575941414440593,720575940619106497,921048
720575941581347193,720575940644899364,129719
720575941633454533,720575940632615507,154617
720575941666166771,720575940626935738,820370
720575941533344690,720575940613650413,77521
720575941479956131,720575940609934293,533567
720575941456776432,720575940624834539,550155
720575941657807440,720575940620963931,267712
720575941477895843,720575940609929540,75481
720575941631251653,720575940623447690,284648
720575941502763915,720575940631742604,57931
720575941613813011,720575940605371494,813152
720575941466564694,720575940625771780,906088
720575941451021946,720575940620657286,199630
720575941480180866,720575940629400619,189443
720575941534980074,720575940631295483,519452
720575941515010403,720575940660626049,102757
720575941613376988,720575940625070067,152576
720575941431058785,720575940629875415,13243
720575941548901409,720575940626318353,140691
720575941437086764,720575940615467682,818893
720575941439021842,720575940623059068,144571
720575941645655240,720575940609068227,145367
720575941525669220,720575940617308277,87828
720575941525931341,720575940646307574,103338
720575941532928746,720575940640422478,816861
720575941530090474,720575940628099995,94045
720575941453925427,720575940636260442,816102
720575941352460080,720575940604274622,83924
720575941661019704,720575940622527446,205436
720575941601391142,720575940635861439,122059
720575941564656791,720575940620952956,875125
720575941568143150,720575940620470987,38897
720575941507017029,720575940621424549,894474
720575941653009681,720575940625800741,109703
720575941438390847,720575940607205298,204318
720575941544837052,720575940629445991,28609
720575941467281373,720575940631050972,238382
720575941452396615,720575940621614433,826036
720575941527268889,720575940627311108,132078
720575941478559850,720575940630908044,82936
720575941662663992,720575940609203268,36552
720575941689857944,720575940628921959,103934
720575941487114050,720575940613886701,551021
720575941484005562,720575940635847231,74369
720575941518522990,720575940630295034,580329
720575941505162405,720575940622812003,119205
720575941563185152,720575940614307434,105192
720575941527045965,720575940614845491,818108
720575941524232292,720575940626779652,813037
720575941413956497,720575940629070747,164168
720575941509911312,720575940637096805,87565
720575941596933312,720575940626971737,272456
720575941528851128,720575940621699750,929773
720575941482797309,720575940624913847,553963
720575941553287559,720575940623312845,89470
720575941470479680,720575940631980303,193932
720575941612499046,720575940613974890,120159
720575941644359032,720575940619257157,194655
720575941565957735,720575940615846879,542155
720575941536615178,720575940607243138,143534
720575941690212827,720575940621259947,360710
720575941591237004,720575940621192641,1050195066
720575941478880106,720575940604391904,98036
720575941537481955,720575940606918953,78751
720575941591790632,720575940614368483,33964
720575941563301686,720575940630284791,98138
720575941557375268,720575940618143449,203684
720575941476693300,720575940625215124,22236
720575941611954908,720575940629249239,825721
720575941496137671,720575940620517592,813553
720575941537025010,720575940630833706,51150
720575941457192863,720575940623038249,1053915969
720575941642781029,720575940631524695,154266
720575941481579459,720575940640248435,79794
720575941642994888,720575940644759331,546440
720575941487798480,720575940632974417,70875
720575941685508079,720575940626254467,909556
720575941402410352,720575940605548902,115188
720575941464775766,720575940627615400,549206
720575941475803700,720575940637476782,166967
720575941461366980,720575940639055450,532698
720575941506895685,720575940613289596,537119
720575941580505845,720575940627334500,517146
720575941657286480,720575940618182480,38962
720575941588546437,720575940623756215,557813
720575941668012465,720575940614103505,123283
720575941482648006,720575940624331722,62319
720575941391555990,720575940639522163,813711
720575941567141620,720575940618132184,809625
720575941518776430,720575940626862876,940353
720575941426807124,720575940627873822,128300
720575941548392052,720575940639230692,193740
720575941576724406,720575940638498877,86188
720575941596848576,720575940640967888,213644
720575941571891208,720575940637257869,88854
720575941566027830,720575940622476073,153702
720575941431570958,720575940622084006,190741
720575941441109967,720575940612680817,188926
720575941630320620,720575940629995623,191918
720575941481060003,720575940628947459,819701
720575941414453396,720575940637030007,558712154
720575941459594640,720575940627304478,106309
720575941426798164,720575940611000274,812907
720575941638305141,720575940629775872,178896
720575941524879014,720575940613463859,906109
720575941663268476,720575940635118704,85335
720575941544260357,720575940635606167,550388
720575941509293584,720575940644322248,124954
720575941630053158,720575940612710184,204726
720575941593239147,720575940640483317,149365
720575941567392302,720575940617791517,544952
720575941651900181,720575940613401770,199327
720575941477607786,720575940618595106,146538
720575941501821378,720575940616017382,92947
720575941534304266,720575940635221655,85760
720575941590583095,720575940623608856,147302
720575941457370694,720575940608655883,156359
720575941562348434,720575940616601345,160624
720575941512217297,720575940614588200,117245
720575941475086890,720575940630786105,549646
720575941591505515,720575940623527143,124224
720575941412550804,720575940612066510,816486
720575941638706719,720575940622804237,569683
720575941550879367,720575940634609815,810895
720575941559567987,720575940638570980,67454
720575941591772456,720575940628592128,161436
720575941575099401,720575940627772037,133163
720575941567206644,720575940634150113,57698
720575941492240560,720575940607194546,91867
720575941508384385,720575940612333846,133997
720575941563817362,720575940620846928,66424
720575941489779150,720575940637955968,140867
720575941553709651,720575940630324992,134131
720575941689850075,720575940629773827,140845
720575941520608435,720575940613696022,75678
720575941630935712,720575940630183783,141287
720575941402391075,720575940619840647,63731
720575941476380468,720575940632717368,124258
720575941507870242,720575940635191447,820629
720575941495679102,720575940624655285,835154280
720575941584560350,720575940610140099,23383
720575941597491904,720575940605073342,51459
720575941589744708,720575940621918785,909350
720575941416594204,720575940623387177,93521
720575941631236512,720575940617754653,131180
720575941644869496,720575940621669581,119772
720575941573966331,720575940628650383,822976
720575941643207762,720575940636619621,115769
720575941570435828,720575940607680779,76060
720575941537772771,720575940634362850,124790
720575941493379504,720575940618742864,190013
720575941668427185,720575940606528433,36761
720575941516124051,720575940634232034,810428
720575941473400928,720575940623005353,86331
720575941658142488,720575940623674153,64156
720575941513366339,720575940617474777,122374
720575941520010419,720575940624380341,1053630419
720575941534455896,720575940635773082,51609
720575941439452501,720575940623323430,20286
720575941611440458,720575940615351914,78153
720575941516371034,720575940622242342,17339
720575941589852414,720575940623033443,154605
720575941489884622,720575940637698478,92031
720575941394051990,720575940626015242,821240
720575941528718008,720575940629654091,581378
720575941575682920,720575940626046723,162088
720575941501924183,720575940625004039,51407
720575941568261234,720575940621629578,99138
720575941523051511,720575940631810391,77740
720575941499761058,720575940645665316,148852
720575941480674755,720575940650882937,928981
720575941490799079,720575940625391595,133819
720575941534347954,720575940633211031,815793
720575941624914314,720575940650837113,45913
720575941477994858,720575940616756993,132893
720575941546354793,720575940612679898,66378
720575941610462953,720575940621797108,49619
720575941620347775,720575940661197953,812538
720575941474071136,720575940627022084,97901
720575941504117483,720575940625667888,66213
720575941575578255,720575940645368087,134143
720575941585662430,720575940615151722,545695
720575941626105243,720575940628550916,37625
720575941571816094,720575940623783960,113215
720575941569556980,720575940624956805,101871
720575941452963635,720575940625876484,906228
720575941730333483,720575940630992557,552617
720575941687623948,720575940623224344,98503
720575941574773661,720575940623616138,190231
720575941633833403,720575940610289250,53351
720575941490591948,720575940605041324,113411
720575941469916279,720575940615900189,177347
720575941584593030,720575940622886780,808162
720575941628602406,720575940624039370,543236
720575941569342834,720575940613485994,101804
720575941533101656,720575940618935710,162794
720575941610360678,720575940622515184,812923
720575941536008714,720575940630513403,96216
720575941528997560,720575940618242338,98011
720575941506718524,720575940619769008,36535
720575941568595826,720575940616365766,191015
720575941529876683,720575940635884143,549549
720575941596844421,720575940632416398,902734
720575941448780366,720575940620019766,139970
720575941557188516,720575940639966013,91069
720575941625726828,720575940643526510,520685
720575941433053966,720575940621374633,42685
720575941413086575,720575940619730590,122142
720575941393335190,720575940614929887,821729
720575941555101850,720575940624552172,174848
720575941573713659,720575940623504525,809743
720575941486004688,720575940628790784,94251
720575941498066657,720575940604941234,95926
720575941497842850,720575940620762904,550331
720575941445221290,720575940628792906,192440
720575941549510461,720575940627149322,209922
720575941542455388,720575940607776725,315938
720575941577648721,720575940633681325,127295
720575941660829052,720575940621505519,102725
720575941590219518,720575940612446194,49968
720575941607242605,720575940638319744,27508
720575941476160817,720575940624847797,149229
720575941547755553,720575940622964735,552457
720575941688339864,720575940631880217,152354
720575941670391207,720575940617927326,80233
720575941548035720,720575940631977299,926150
720575941498083041,720575940627334019,51139
720575941551439103,720575940612734693,117281
720575941489241653,720575940622276791,45617
720575941543472233,720575940625590460,72520
720575941590470910,720575940630564090,77628
720575941573518408,720575940614628007,545221
720575941490981070,720575940616150971,115526
720575941630015270,720575940620981440,216233
720575941486514694,720575940638449380,78982
720575941732279851,720575940626653273,29969
720575941627046694,720575940610655186,76886
720575941531614667,720575940628371671,39730
720575941660284472,720575940627397662,147909
720575941631481324,720575940605335980,109364
720575941590374199,720575940623827336,80823
720575941524354891,720575940631397165,154308
720575941546955956,720575940632383789,115583
720575941461800336,720575940617293201,65079
720575941567732218,720575940624320650,908136
720575941670235569,720575940613803951,89169
720575941450235982,720575940614715295,249253
720575941638987295,720575940643520672,144087
720575941559965199,720575940608516107,810815
720575941650802161,720575940619272408,150380
720575941496015559,720575940614421811,90926
720575941578700369,720575940640847568,182857
720575941543128093,720575940631236111,126162
720575941564394130,720575940623991757,905104
720575941654028500,720575940620672193,168411
720575941542900060,720575940611844886,68107
720575941407789486,720575940653317878,88438
720575941470277597,720575940628673783,138603
720575941412758639,720575940615555746,156447
720575941652633561,720575940621628404,40569
720575941439702363,720575940626210949,120100
720575941458377542,720575940625181163,516541
720575941612218029,720575940605890434,133149
720575941430317231,720575940613998051,100968
720575941555055258,720575940633065868,812549
720575941539618802,720575940624178410,163695
720575941644421576,720575940614722541,167354
720575941518134126,720575940626967399,86019
720575941430840791,720575940627669656,195423
720575941628602594,720575940621806689,170364
720575941400847395,720575940613673779,804923
720575941501040363,720575940643022477,131236
720575941451099305,720575940627188241,136884
720575941662616956,720575940621758390,815581
720575941645294792,720575940611358050,809148
720575941542043996,720575940621586909,813968
720575941614971801,720575940627389256,106563
720575941564637847,720575940620143636,104599
720575941614795027,720575940626939429,94292
720575941681501629,720575940631997455,51796
720575941499481825,720575940611376241,122285
720575941643829861,720575940628571130,551089
720575941645398945,720575940631156055,51655
720575941453835689,720575940626211514,72147
720575941611980764,720575940643561582,208510
720575941574750877,720575940635728747,299748
720575941608151405,720575940618899358,196784
720575941414776980,720575940606236192,94040
720575941476108849,720575940621067952,193839
720575941643733192,720575940626806821,62442
720575941669096881,720575940611435566,807963
720575941504433212,720575940605701054,580085781
720575941457001631,720575940633693154,527030
720575941432247054,720575940625878909,109502
720575941491704268,720575940618165597,32174
720575941516628908,720575940645106632,126300
720575941596454789,720575940626296337,123943
720575941639613983,720575940628895232,81783
720575941426705492,720575940627687762,237221
720575941506597666,720575940637518510,283691
720575941615871189,720575940619385583,58762
720575941461590160,720575940630552570,31351
720575941574404253,720575940624688056,238602
720575941573639606,720575940623157738,531357
720575941560944429,720575940627782543,91986
720575941505315607,720575940636156084,238773
720575941565286454,720575940611389390,37069
720575941567054580,720575940629009482,817196
720575941552574599,720575940607853490,181270
720575941499497185,720575940629255484,147722
720575941504964261,720575940640359643,20213
720575941625629804,720575940630067255,354837
720575941592159528,720575940616803899,196850
720575941643158354,720575940620592367,111202
720575941489399349,720575940620974677,825957
720575941451633321,720575940618564582,58713
720575941604457718,720575940629271056,68708
720575941612456365,720575940626867600,69683
720575941454973677,720575940612699670,61381
720575941574847592,720575940618868052,193316
720575941485312774,720575940625077788,227440
720575941681667773,720575940628407166,105263
720575941413145455,720575940615500255,191691
720575941486355341,720575940615077482,60840
720575941556043347,720575940615852447,814878
720575941520101486,720575940622210892,94987
720575941450693498,720575940631852997,68475
720575941561484845,720575940629757739,75801
720575941537210595,720575940618245569,122455
720575941534492248,720575940612895135,533311
720575941591882603,720575940621286565,532590
720575941520872627,720575940616233053,59526
720575941460571536,720575940605111230,98972
720575941485569346,720575940613740950,92329
720575941594691877,720575940629398316,76149
720575941611594972,720575940625609196,144142
720575941485806658,720575940610183154,245769
720575941594937221,720575940611641464,188051
720575941561483821,720575940632894174,97762
720575941491313614,720575940624742548,68960
720575941568502522,720575940638257717,66293
720575941651514389,720575940619041227,812472
720575941628879910,720575940645678871,150439
720575941586312260,720575940627182522,170153
720575941586606814,720575940626737685,247117
720575941413921681,720575940624227976,146836
720575941516379385,720575940634322583,68152
720575941588364868,720575940617632133,107746
720575941506962466,720575940629183484,146272
720575941508382224,720575940611281272,850230
720575941639567733,720575940624413437,163740
720575941686862710,720575940615330410,818391
720575941509087760,720575940627940599,525056
720575941432098062,720575940624714940,546018
720575941731152427,720575940618264955,86010
720575941597304512,720575940615557343,147974
720575941551476479,720575940618264024,87986
720575941604107961,720575940619134237,813533
720575941431219982,720575940626971151,816382
720575941461969619,720575940623948996,97275
720575941534554968,720575940620102576,121544
720575941651433713,720575940627042588,107882
720575941592620072,720575940645264180,115688
720575941489371849,720575940640249166,166766
720575941490414025,720575940618864724,144321
720575941526743577,720575940623842236,548812
720575941494882176,720575940633458124,512145
720575941537946088,720575940632788295,37109
720575941514389068,720575940627780885,35762
720575941655181268,720575940628553871,159643
720575941533781028,720575940611262818,810190
720575941429788041,720575940636085103,39671
720575941563262632,720575940606689713,81345
720575941510824208,720575940637882590,207950
720575941552799571,720575940630836305,50422
720575941662134396,720575940640081725,24274
720575941466321750,720575940622703654,151670
720575941439870143,720575940617598779,104026
720575941472628832,720575940617283899,814914
720575941565243950,720575940623812109,209492
720575941546612585,720575940640412067,33542
720575941416173852,720575940628299834,56128
720575941530438328,720575940643572334,529884
720575941588412484,720575940618425246,229929
720575941553190401,720575940613011861,134251
720575941515642115,720575940631901869,821125
720575941473572923,720575940621364340,811077
720575941505818693,720575940618906270,92800
720575941638822687,720575940641063632,117904
720575941540672285,720575940626044746,112729
720575941544299781,720575940628365480,117571
720575941652228337,720575940637220211,106513
720575941486695632,720575940630093100,824394
720575941589623436,720575940649861753,148325
720575941489482037,720575940617587286,176152
720575941591005438,720575940609531913,174394
720575941563992320,720575940633509949,111646
720575941517262190,720575940622929643,803986
720575941572847518,720575940632559464,817204
720575941514194385,720575940613261938,820492
720575941412275567,720575940621924103,817611
720575941432848599,720575940617706708,96213
720575941485831309,720575940619674840,125087
720575941579679569,720575940634215393,102478
720575941477321578,720575940632588113,81630
720575941687064694,720575940618901533,183235
720575941573219593,720575940639852707,95267
720575941572872264,720575940633772845,956031
720575941595679877,720575940622278157,89637
720575941504021554,720575940641132416,72322
720575941558271780,720575940640165760,814530
720575941567597358,720575940614433990,36972
720575941575316918,720575940627226923,79405
720575941560609895,720575940616587988,121982
720575941670503335,720575940638733402,24138
720575941502867762,720575940618282937,27641
720575941473509984,720575940628961385,71697
720575941545556329,720575940618230201,114920
720575941541041021,720575940626059152,152678
720575941508609826,720575940641509595,92743
720575941433621006,720575940611727075,29632
720575941580622581,720575940624409863,82035
720575941643079585,720575940624241449,92000
720575941533108417,720575940621165807,165205
720575941689605595,720575940634953753,815413
720575941663119484,720575940620778662,182812
720575941515201603,720575940636896319,135887
720575941554409217,720575940628960983,203654
720575941453036615,720575940623687718,197111
720575941522296055,720575940613729711,47656
720575941411898004,720575940624806183,146750
720575941408164655,720575940622736764,70526
720575941643277669,720575940639220302,133645
720575941525455972,720575940626712869,154036
720575941502668850,720575940622194102,120037
720575941570246644,720575940655616161,246479
720575941548499080,720575940609042955,134089
720575941439355359,720575940636302990,168222
720575941502647895,720575940638185550,24413
720575941625401226,720575940630574903,80506
720575941491659982,720575940628205800,65665
720575941611021801,720575940617211806,211331
720575941454590771,720575940637148846,472097
720575941481664195,720575940618659008,79900
720575941611031014,720575940637305207,174426
720575941595719461,720575940618251933,816708
720575941482556099,720575940639077309,103108
720575941488256976,720575940627353031,92418
720575941733156651,720575940646547764,54846
720575941458455536,720575940619484525,44381
720575941626339436,720575940612311246,817384
720575941558970639,720575940621387502,121101
720575941680281071,720575940625293129,29104
720575941521352951,720575940629491611,168305
720575941506579294,720575940613689640,116643
720575941430390030,720575940638559302,249887
720575941501433227,720575940611675854,820684
720575941572512507,720575940635978638,117927
720575941425872980,720575940630908534,116159
720575941531606987,720575940629550697,808564
720575941437883948,720575940629918459,122413
720575941578812497,720575940631057367,105895
720575941639732948,720575940621376421,276163
720575941577540441,720575940633468580,46362
720575941455067699,720575940615506430,810843
720575941530124728,720575940628215056,54981
720575941441779391,720575940609240073,114914
720575941670286503,720575940626397733,67605
720575941510771984,720575940628083722,92131
720575941441018831,720575940629620421,124275
720575941570870686,720575940617474646,813176
720575941505829180,720575940612841907,813891
720575941555280979,720575940637102455,137991
720575941532867971,720575940608650537,132539
720575941610370793,720575940632116943,124503
720575941498244065,720575940636252408,96621
720575941506870401,720575940628100072,117013
720575941435672864,720575940612855475,803926
720575941495973831,720575940634224609,124677
720575941589950263,720575940637567822,113664
720575941554469147,720575940638924521,112926
720575941587612228,720575940609260483,19485
720575941514730307,720575940645700132,813752
720575941520535219,720575940620833985,151434
720575941459528351,720575940616027458,38202
720575941566742631,720575940635437966,138449
720575941469033536,720575940634794391,109804
720575941466107222,720575940638549080,130304
720575941604463350,720575940638312637,62150
720575941703495898,720575940625535719,813451
720575941688839692,720575940623726104,155846
720575941595707943,720575940659234177,54926
720575941485398669,720575940623702535,817635
720575941510914770,720575940629317392,168125
720575941723822650,720575940615073503,110806
720575941506623767,720575940621701815,179107
720575941536172520,720575940625694857,62511
720575941533186533,720575940627705875,808769
720575941464961558,720575940627651575,189608
720575941545992041,720575940634543841,139666
720575941632490181,720575940620517312,42411
720575941436440864,720575940615088530,907673
720575941497291337,720575940644941512,60212
720575941446313748,720575940619642629,1050203465
720575941612485084,720575940626516026,60614
720575941482863869,720575940617148219,813521
720575941515840505,720575940632349458,128917
720575941393735830,720575940618069072,864655
720575941670213041,720575940627953021,138317
720575941508014370,720575940643543200,145394
720575941540834396,720575940623087386,135114
720575941553871495,720575940616788573,109785
720575941688793240,720575940611578466,814960
720575941555733988,720575940627708744,154848
720575941452566138,720575940612526819,25816
720575941535531864,720575940621084551,815431
720575941437602111,720575940635723871,38359
720575941509528336,720575940625263802,121825
720575941553635226,720575940623745869,46673
720575941591266956,720575940628283535,69617
720575941593749361,720575940625384521,813227
720575941643584456,720575940623346214,820958
720575941470188864,720575940617409937,812756
720575941561044781,720575940611734641,40239
720575941526609689,720575940628938231,170928
720575941559969518,720575940620777095,148224
720575941645708920,720575940621986428,37843
720575941555956051,720575940627082261,69021
720575941643674450,720575940618494877,115445
720575941491315913,720575940630444652,194075
720575941524960612,720575940606661920,167244
720575941590588414,720575940624852297,164130
720575941569076980,720575940636235627,66341
720575941414668828,720575940637838670,928343
720575941565086103,720575940638617166,93343
720575941585629062,720575940633976403,33971
720575941451762042,720575940623286115,202305
720575941430629513,720575940626276124,99577
720575941689943448,720575940620285861,134243
720575941687596150,720575940631140805,193330
720575941458023750,720575940629923031,21321
720575941611906406,720575940624210359,75507
720575941566750766,720575940633190481,818605
720575941499804066,720575940607870749,61389
720575941583601286,720575940617727115,520327
720575941557270052,720575940633726372,179737
720575941506535740,720575940630418810,199196
720575941578691409,720575940619449588,531697
720575941615705557,720575940628554999,176742
720575941572142331,720575940621598374,49290
720575941563199634,720575940624281599,539808
720575941403628400,720575940641806325,57112
720575941513221196,720575940633427426,815067
720575941534284993,720575940610704078,173578
720575941581801567,720575940634460055,910750
720575941566752054,720575940628006410,81539
720575941567545850,720575940624762365,537952
720575941569138938,720575940629136891,86752
720575941505339452,720575940622984453,125162
720575941435931936,720575940633394844,53196
720575941603162614,720575940624938749,141332
720575941461122771,720575940613521389,818685
720575941440306773,720575940623946218,184922
720575941447714229,720575940640595252,63446
720575941594354981,720575940628189256,123998
720575941441022911,720575940623587622,34540
720575941413632404,720575940627089252,185848
720575941560004653,720575940625911224,203609
720575941563535111,720575940619770228,545809
720575941644387272,720575940633422623,147730
720575941515804409,720575940613515030,143640
720575941439295711,720575940631755339,140269
720575941520011374,720575940629854953,149557
720575941412065391,720575940632973905,38882
720575941611766374,720575940620682561,92853
720575941438749663,720575940634760860,60717
720575941452150138,720575940628741608,41705
720575941438289749,720575940627283475,137446
720575941461556880,720575940621640027,368460
720575941627973926,720575940640191310,171343
720575941572294046,720575940633750297,209668
720575941564299527,720575940637542366,563971
720575941483750586,720575940614131119,136688
720575941552068926,720575940627181854,92510
720575941514864730,720575940627448122,108973
720575941511557330,720575940620181925,160812
720575941540239997,720575940612740466,407092
720575941590909438,720575940639952000,143687
720575941627411257,720575940625228121,68166
720575941513951052,720575940628241307,373497
720575941490786023,720575940618551862,140787
720575941485939718,720575940622360956,817163
720575941645871048,720575940628895787,150941
720575941515122681,720575940627264488,198352
720575941556581814,720575940607063730,156418
720575941466491414,720575940622636924,553896
720575941457686000,720575940622524810,956041
720575941554274899,720575940644403656,98398
720575941537667826,720575940625945488,111376
720575941625424492,720575940629694027,910315
720575941445546154,720575940641418971,138876
720575941654022673,720575940623360394,128885
720575941565152007,720575940622811400,544900
720575941569887858,720575940645059784,809324
720575941489994444,720575940620124028,95042
720575941480782159,720575940630898944,911196
720575941459610768,720575940630258191,811282
720575941591764876,720575940612968305,233591
720575941542451229,720575940624589084,36498
720575941621761276,720575940626097678,261509
720575941487026640,720575940620815213,25633
720575941574416393,720575940625596676,147744
720575941458754032,720575940614793214,530620
720575941519913070,720575940622940796,41057
720575941574427401,720575940624300984,911334
720575941411848047,720575940618098617,242189
720575941573170078,720575940636795790,154111
720575941642629989,720575940639895203,822481
720575941644521554,720575940628915279,134328
720575941580232057,720575940623041772,166238
720575941539294101,720575940617311761,81587
720575941515313754,720575940617510971,90966
720575941506879767,720575940632562489,159972
720575941478792554,720575940615348330,265181
720575941514930778,720575940610982242,132350
720575941554285339,720575940621579174,135941
720575941513033219,720575940635592032,130327
720575941482879674,720575940607043202,152923
720575941586822110,720575940625539111,907349
720575941610909101,720575940639663824,152588
720575941489978855,720575940634796951,144551
720575941514975123,720575940631097849,132240
720575941393625494,720575940615648662,153634
720575941558234383,720575940615615929,191906
720575941392982788,720575940615642946,144501
720575941507958085,720575940618211742,55726
720575941609524457,720575940627667880,276529
720575941462028944,720575940620519804,157253
720575941632687596,720575940622503412,819524
720575941513240666,720575940612233478,544369
720575941625905819,720575940624562618,73937
720575941534362546,720575940634201195,109854
720575941482054086,720575940620577612,200662
720575941445282474,720575940637269476,822542
720575941560612264,720575940629516793,173868
720575941482459587,720575940647116067,165120
720575941610494794,720575940613292610,98137
720575941507325253,720575940612352423,134100
720575941482694342,720575940619674944,38651
720575941643705189,720575940638273758,129574
720575941537419250,720575940626536714,550651
720575941479150645,720575940623972533,104781
720575941408387119,720575940606118590,119896
720575941564233570,720575940632504387,526854
720575941587022558,720575940624699918,31995
720575941493269936,720575940620140958,105625
720575941571716766,720575940631025995,175230
720575941549343037,720575940624002952,179650
720575941654152148,720575940628883368,124663
720575941587107550,720575940632873247,124685
720575941611040870,720575940643088032,146868
720575941525340674,720575940629286218,233580
720575941575151112,720575940622364118,538006820
720575941475658545,720575940635029399,109216
720575941508200065,720575940639837555,107650
720575941471715447,720575940639042394,124447
720575941601258230,720575940622164735,209812
720575941440847189,720575940623905779,65707
720575941617438335,720575940605454182,818139
720575941546371764,720575940622887721,42387
720575941526425369,720575940617022476,827154
720575941435776032,720575940634302419,905223
720575941595579781,720575940624292244,103692
720575941477272884,720575940625652879,113685
720575941550119679,720575940621518319,21402
720575941525422692,720575940637649754,527649
720575941592497703,720575940630092026,26360
720575941671015335,720575940622128566,765617000
720575941611105382,720575940638125365,810905
720575941574242461,720575940638545385,1053801045
720575941475696705,720575940633978207,84933
720575941603566326,720575940636223992,175727
720575941450060469,720575940620062855,30861
720575941633151685,720575940618237533,157012
720575941507260695,720575940612249011,169019
720575941576329398,720575940612162769,128789
720575941663872124,720575940627035663,129833
720575941662983292,720575940645395822,78556
720575941595289713,720575940618958337,67853
720575941612332902,720575940616599618,80009
720575941484223177,720575940628204008,255531
720575941527005977,720575940659627137,122923
720575941553871239,720575940624194442,131192
720575941409189291,720575940627532933,205265
720575941576372150,720575940634628833,179491
720575941495209598,720575940632402892,15875
720575941589010686,720575940628798204,531383
720575941579234169,720575940616943444,553046
720575941658763856,720575940612414515,117279
720575941589219212,720575940617303857,817052
720575941625978011,720575940634880281,80067
720575941630441964,720575940620305835,46474
720575941495748807,720575940633040804,144340
720575941486269506,720575940607556809,128532
720575941510854672,720575940624614292,73262
720575941574902888,720575940611830937,816043
720575941496094084,720575940629498306,131418
720575941534677994,720575940613429782,137264
720575941441766235,720575940632376204,136898
720575941578992721,720575940624962062,842766
720575941552940350,720575940617119462,135546
720575941624462076,720575940635193195,73323
720575941565552738,720575940624835476,112019
720575941461974212,720575940620853357,23066
720575941521354167,720575940643867940,111610
720575941565304679,720575940614301905,46147
720575941485428290,720575940633210449,98586
720575941478417514,720575940629079302,131463
720575941653451993,720575940612928997,21653
720575941431595951,720575940621796084,224442
720575941549802557,720575940628717333,162008
720575941515638675,720575940628021815,77414
720575941495525758,720575940630902546,521563
720575941438822235,720575940629993007,99776
720575941527954342,720575940626921244,44419
720575941477024561,720575940638952262,205820
720575941527026713,720575940630081847,41372
720575941590592254,720575940610853166,235052
720575941602948086,720575940620195610,90532
720575941512542673,720575940626021016,809514
720575941431563657,720575940632384156,258608
720575941546606953,720575940623280647,46516
720575941662623612,720575940616418354,112379
720575941517119916,720575940636571828,208538
720575941537325288,720575940622221436,186297
720575941668785651,720575940637441710,85122
720575941603319542,720575940626519050,811613
720575941589070903,720575940627566869,110077
720575941405003120,720575940625650378,204719
720575941536694298,720575940640567760,149786
720575941437591084,720575940615800076,174659
720575941574564495,720575940630590590,32577
720575941551874110,720575940647285812,121174
720575941478178528,720575940619508974,237943
720575941502516530,720575940632301538,80386
720575941528113796,720575940629175678,106386
720575941508439762,720575940646760739,187301
720575941579427665,720575940622409875,117299
720575941581203833,720575940637402995,111682
720575941551637054,720575940625656846,196687
720575941546858632,720575940617195934,106666
720575941513066193,720575940636397748,154646
720575941432341463,720575940644542574,64589
720575941522298359,720575940616782365,52696
720575941576901465,720575940648665476,80708
720575941555916004,720575940636925815,75530
720575941490439655,720575940613249203,517133
720575941593230187,720575940621088391,105131
720575941529876939,720575940633074272,102838
720575941467214102,720575940624806397,84995
720575941471006272,720575940614688322,230859
720575941687778166,720575940626605242,215032
720575941561403538,720575940631777676,154706
720575941434988064,720575940626136834,532275
720575941490960073,720575940613512514,100526
720575941495617152,720575940633507359,830562243
720575941474504234,720575940628514703,160233
720575941530832003,720575940617212929,170424
720575941570154996,720575940647661364,90852
720575941430510039,720575940642100725,545134
720575941654163156,720575940635166871,55165
720575941485981069,720575940631784808,807479
720575941441439579,720575940633300636,813783
720575941449210037,720575940623137868,910683
720575941643995512,720575940631535691,74918
720575941654215892,720575940645574766,906607
720575941512761932,720575940618277305,37857
720575941413103508,720575940609361621,173855
720575941643276488,720575940613415922,26799
720575941609639754,720575940631160620,523405
720575941526344376,720575940625890291,257922
720575941462502413,720575940626571578,80713
720575941582818911,720575940618717213,62322
720575941508364048,720575940620801701,142103
720575941525434212,720575940631383251,16675
720575941690324376,720575940623728522,544378
720575941495483262,720575940624236228,97703
720575941573076552,720575940623368906,195224
720575941522036915,720575940605821542,68844
720575941624463612,720575940605558402,99668
720575941564133778,720575940614706374,150916
720575941552459674,720575940610674581,253460
720575941553446145,720575940631593753,107209
720575941631458464,720575940618393165,121893
720575941588624773,720575940653612790,189515
720575941575539126,720575940614639614,55642
720575941481304911,720575940618899579,99011
720575941441878719,720575940632321080,43288
720575941666437875,720575940633007928,82362
720575941393830550,720575940630141558,66118
720575941441579983,720575940630467804,42887
720575941514151002,720575940620764257,55677
720575941696316122,720575940613470378,64594
720575941589510711,720575940620606342,103547
720575941504526405,720575940620252799,120954
720575941612461075,720575940637759029,34563
720575941441924563,720575940623322879,535420
720575941499364321,720575940633837779,149160
720575941688606171,720575940618073403,553513
720575941539667186,720575940628545096,127643
720575941556788388,720575940628470037,147956
720575941520479671,720575940625053844,207740
720575941557102628,720575940607221771,126904
720575941536461338,720575940610694866,810313
720575941431172311,720575940635622580,923446
720575941550179839,720575940615513311,26833
720575941638909045,720575940640009533,137304
720575941519372979,720575940612072685,116969
720575941575115663,720575940632233628,148455
720575941555266643,720575940611340334,111916
720575941658392088,720575940600866569,816432
720575941518625902,720575940629605996,216454
720575941564665751,720575940641696475,64205
720575941536633793,720575940629728988,236166
720575941537768680,720575940615328955,118503
720575941658291224,720575940637649806,816615
720575941574637725,720575940646911284,175197
720575941589481028,720575940622350580,143485
720575941588447287,720575940625561587,193899
720575941564210688,720575940626298768,116140
720575941547712033,720575940615737531,144136
720575941617997941,720575940637118174,43638
720575941611963612,720575940630715129,66008
720575941436390700,720575940639145550,512092
720575941486705872,720575940631636035,67869
720575941542546461,720575940627903262,128650
720575941568018420,720575940629874937,75367
720575941508156545,720575940629778987,197457
720575941604825022,720575940622352154,111840
720575941543362153,720575940623047779,816864
720575941625078939,720575940632036939,148896
720575941595613317,720575940628132943,400960
720575941624138634,720575940625325058,904765
720575941529167544,720575940619558791,185241
720575941514235651,720575940644775972,522870
720575941460740672,720575940624772104,139418
720575941596483740,720575940630731148,28374
720575941553260954,720575940644756680,810542
720575941458794480,720575940630915346,112243
720575941411485867,720575940611520376,120969
720575941556553654,720575940616805644,102721
720575941625687916,720575940627103802,118412
720575941480077763,720575940635496366,44377
720575941415039124,720575940609660370,63625
720575941535286282,720575940631929431,535365
720575941572289289,720575940615990122,161064
720575941392390916,720575940630162938,113143
720575941688845686,720575940623375325,161866
720575941686825334,720575940608007893,808373
720575941513568465,720575940620388517,70050
720575941574251165,720575940629182402,193437
720575941520060851,720575940616860859,70240
720575941493949310,720575940635928939,38760
720575941507006849,720575940632309841,20657
720575941524795161,720575940636535653,127292
720575941563827090,720575940615007399,114982
720575941564386706,720575940658685825,60838
720575941491182055,720575940625060280,819576
720575941473457504,720575940633738209,198492
720575941602833593,720575940627295875,166807
720575941522517323,720575940617273627,147041
720575941459765318,720575940631165696,121907
720575941480118752,720575940620905174,75111
720575941669512113,720575940623810857,63075
720575941609705449,720575940629331984,92565
720575941575259912,720575940612872173,813053
720575941392349590,720575940626713372,545305
720575941460827859,720575940618574356,145867
720575941617635285,720575940606067628,43351
720575941503297771,720575940628521551,814363
720575941539412466,720575940621460645,162778
720575941553463067,720575940615979810,189549
720575941556057683,720575940637519165,114631
720575941563404968,720575940644825636,107010
720575941523695095,720575940620910171,158239
720575941534557377,720575940639508797,538038
720575941472144992,720575940634792047,174415
720575941732233771,720575940608063666,209900
720575941514153827,720575940628376085,820949
720575941686047983,720575940634330991,248488
720575941502865202,720575940617144123,206836
720575941540146301,720575940637331575,232031
720575941489087541,720575940619008192,183338
720575941455429171,720575940634358196,813366
720575941690622872,720575940639054569,195758
720575941555945188,720575940623292925,104831
720575941614608915,720575940615338642,154369
720575941403837552,720575940627891880,100654
720575941506514757,720575940625426471,127496
720575941475505182,720575940612992997,28824
720575941595585575,720575940620015086,937492
720575941459260144,720575940628119313,209454
720575941635620519,720575940619420480,148024
720575941490432972,720575940626666312,102923
720575941497828475,720575940612946863,542770
720575941530731723,720575940616664733,125700
720575941432297230,720575940605856689,66806
720575941504778775,720575940623076190,182391
720575941547617972,720575940618029268,126832166
720575941414605852,720575940619932404,86645
720575941476470081,720575940604704870,22949
720575941654136281,720575940625272551,122683
720575941630067180,720575940644842007,166661
720575941546981000,720575940660566913,804829
720575941352911664,720575940626378896,99620
720575941662429308,720575940630686203,110122
720575941509788176,720575940625410622,807758
720575941670636455,720575940624941242,36632
720575941568728570,720575940606744510,151380
720575941535736042,720575940611760277,180648
720575941586597510,720575940629409580,129798
720575941547002044,720575940628701461,243859
720575941550516084,720575940611414062,119159
720575941353169456,720575940632130361,63421
720575941553455514,720575940629670299,143867
720575941530640331,720575940639897533,557993
720575941516361059,720575940618252827,178302
720575941578736473,720575940636754533,130564
720575941476659009,720575940615965855,215153
720575941595250215,720575940616711252,95234
720575941542740509,720575940625348796,900844
720575941449492149,720575940628348730,518851
720575941588925764,720575940640574835,153388
720575941400404259,720575940621259875,910022
720575941553731841,720575940605192284,99005
720575941582656607,720575940622659866,811305
720575941587869764,720575940628625224,120487
720575941595136881,720575940605488416,813251
720575941439546431,720575940612968178,369562
720575941588255287,720575940647839108,201900
720575941489098293,720575940624873964,123094
720575941431056376,720575940624851726,218716
720575941471137143,720575940653631905,82993
720575941556031396,720575940616907707,182002
720575941470782583,720575940615688086,905676
720575941540902013,720575940644528238,809008
720575941433129230,720575940637084991,546057
720575941412256148,720575940626796776,536195
720575941642125669,720575940613437359,514795
720575941506744645,720575940635309304,57090
720575941665372147,720575940635086175,818857
720575941603643070,720575940625999235,145897
720575941517962456,720575940639037668,818590
720575941443949738,720575940621747580,84019
720575941510392848,720575940619288558,79619
720575941480715683,720575940630385014,177528
720575941491082702,720575940605075628,202212
720575941463384333,720575940618834203,30825
720575941603470265,720575940629877356,131115
720575941545527401,720575940626377384,160577
720575941514317146,720575940631527698,142405
720575941407803054,720575940631736663,84340
720575941588717957,720575940621409008,276969
720575941573825531,720575940634964249,552301
720575941461822404,720575940621408833,185324
720575941496584315,720575940623813316,143561
720575941602603254,720575940620035638,81525
720575941449357493,720575940628004251,170931
720575941431687672,720575940633286611,27197
720575941463391245,720575940613277491,165084
720575941566078774,720575940622519924,38617
720575941626865209,720575940639103972,812909
720575941450867271,720575940635499888,812396
720575941680262333,720575940640194493,541850
720575941454516019,720575940631844549,150853
720575941671028647,720575940630326668,41845
720575941525874457,720575940622939272,219203
720575941459237791,720575940625223690,167289
720575941631243936,720575940633558483,816598
720575941549862689,720575940645609764,200499
720575941612511452,720575940645625892,145276
720575941505297458,720575940626242125,93309
720575941569355258,720575940638775615,110322
720575941604116158,720575940622994982,137713
720575941425003604,720575940640230307,150733
720575941453291827,720575940613934962,112714
720575941496568519,720575940619915318,106214
720575941563474856,720575940620574305,141836
720575941590714110,720575940629639161,52600
720575941594989270,720575940621087408,55708
720575941513332812,720575940625297191,914476
720575941453509683,720575940636789861,164017
720575941584939998,720575940627107605,315220
720575941538646165,720575940625911736,158719
720575941416282652,720575940617397209,64868
720575941615618005,720575940642381197,56659
720575941573074760,720575940631345450,103984
720575941431674543,720575940625968515,159607
720575941431367049,720575940635552436,63744
720575941611671270,720575940630774871,86278
720575941690004888,720575940624492778,45228
720575941546063752,720575940615942896,921227
720575941643867297,720575940622106689,118818
720575941535558682,720575940612083150,121493
720575941526953894,720575940634959461,153256
720575941595815463,720575940618101563,71588
720575941488772044,720575940637514974,62376
720575941448364213,720575940618193881,196367
720575941609224266,720575940604126129,539204
720575941448876893,720575940631419991,67320
720575941506523671,720575940605816288,36739
720575941643511672,720575940617468043,25891
720575941556020388,720575940620178964,500099
720575941624080748,720575940638307556,419239
720575941440605119,720575940615686075,41847
720575941651216113,720575940615058216,93666
720575941573066056,720575940635216535,121968
720575941473176362,720575940615885766,832107
720575941542244893,720575940635649215,65186
720575941548252808,720575940610766607,1053125857
720575941497992673,720575940607067875,131686
720575941511024656,720575940636839487,807599
720575941562998184,720575940629248155,137075
720575941471358839,720575940631926754,115158
720575941507187991,720575940634586338,61252
720575941618246783,720575940632447827,136996
720575941472087338,720575940621722111,215610
720575941587774007,720575940629247480,142108
720575941592463144,720575940633191761,55534
720575941702000602,720575940617183778,68920
720575941450781774,720575940615097553,75333
720575941564788480,720575940619959472,125859
720575941584831327,720575940629738575,815764
720575941479117698,720575940611370610,24981
720575941610676454,720575940608708617,545529
720575941688942092,720575940635192732,143866
720575941643211858,720575940638332223,148045
720575941534675994,720575940624018570,526081
720575941507708289,720575940636992375,173399
720575941626009546,720575940637211462,818679
720575941589129028,720575940638137200,71691
720575941510327312,720575940613049315,160923
720575941482333949,720575940625098388,138712
720575941586413190,720575940622275248,92666
720575941498137467,720575940615772706,548017
720575941456921325,720575940634182937,172331
720575941487025104,720575940621531312,118150
720575941434601870,720575940629766247,146037
720575941505102917,720575940634538080,840733
720575941534135474,720575940630774376,79459
720575941625895737,720575940616274875,36395
720575941624818075,720575940647048995,66552
720575941536607169,720575940624630252,518876
720575941669531569,720575940618233168,84313
720575941655718100,720575940626820042,807907
720575941498403716,720575940605757408,140244
720575941442633935,720575940622443380,202780
720575941408127150,720575940632311599,49903
720575941686130927,720575940635296919,816342
720575941546284476,720575940620560945,342387
720575941562852520,720575940635838565,526860
720575941526398541,720575940630870615,133715
720575941474476830,720575940636358511,91270
720575941624239003,720575940618958203,935460
720575941498295714,720575940618261371,142376
720575941722144826,720575940618062882,163631
720575941452122695,720575940639992398,107749
720575941470930496,720575940612179042,178745
720575941679389885,720575940624395395,163808
720575941526595917,720575940635954424,117407
720575941505473303,720575940630162023,263547
720575941596555164,720575940617507894,28759
720575941565154823,720575940622735740,49118
720575941437834284,720575940607044619,358266679
720575941537372402,720575940616947573,41391
720575941654033625,720575940622343718,139716
720575941545369961,720575940623471044,65790
720575941537891477,720575940625686202,22729
720575941434536480,720575940635850206,203718
720575941539550845,720575940631744579,902918
720575941553870419,720575940623003169,95437
720575941702350298,720575940615469634,640220032
720575941539341717,720575940642958733,903712
720575941491617742,720575940613336473,137263
720575941642867064,720575940631986706,834000
720575941415054484,720575940621531782,81801
720575941480142722,720575940618234704,63908
720575941413600660,720575940622170893,331723
720575941489423669,720575940621462637,127733
720575941413376913,720575940627669886,53143
720575941658609744,720575940609155083,810655
720575941476576308,720575940629808911,96555
720575941413872924,720575940632877112,38147
720575941643932261,720575940624103349,809011
720575941476473665,720575940627749531,128466
720575941429791329,720575940615881578,914655
720575941561199149,720575940612175858,125841
720575941452404275,720575940632769361,268640
720575941678970301,720575940632499727,808687
720575941685070831,720575940612014120,216488
720575941458879984,720575940631702347,813494
720575941550668031,720575940621309110,79312
720575941502984535,720575940632793647,213489
720575941654625497,720575940612261295,78373
720575941539677309,720575940628320762,85485
720575941452505671,720575940623494588,284689
720575941438735378,720575940617117323,108076
720575941575206504,720575940618132966,180470
720575941573198262,720575940610060356,156337
720575941656119376,720575940623553468,92810
720575941527297869,720575940628035605,816131
720575941644171896,720575940626704944,30834
720575941533252227,720575940627661843,86064
720575941528600523,720575940612497906,42227
720575941454769203,720575940653632417,40194
720575941537280227,720575940631059255,87757
720575941485321538,720575940631792335,802941
720575941577311065,720575940615134895,22437
720575941541391645,720575940637639854,820211
720575941451936071,720575940644770504,177712
720575941602167993,720575940629375747,119417
720575941730543915,720575940617285076,71355
720575941535795978,720575940617199828,176787
720575941642996818,720575940655970721,39539
720575941680743613,720575940629804857,131341
720575941493515646,720575940623891603,147363
720575941687018223,720575940615411595,516103
720575941548978721,720575940619202324,21491
720575941558407918,720575940624221832,816685
720575941544464645,720575940640611416,840827
720575941498145147,720575940618538897,525662
720575941630166754,720575940618845598,139047
720575941501961410,720575940625552103,808930
720575941432068193,720575940618384366,115182
720575941529859256,720575940639953205,357109
720575941577371737,720575940619469409,93712
720575941507592321,720575940622711081,21652
720575941439793237,720575940648139129,543020
720575941435951148,720575940611467417,25415
720575941608193133,720575940630282199,340876
720575941429943905,720575940625334887,223268
720575941505676860,720575940630047080,177254
720575941400856099,720575940635276698,144348
720575941663293564,720575940635315903,815883
720575941670206631,720575940634229399,93907
720575941545607612,720575940609312860,86514
720575941439323071,720575940624674055,817749
720575941479969871,720575940622825736,157171
720575941481002950,720575940620108411,149946
720575941702934490,720575940615543958,138098
720575941572204872,720575940627912884,120317
720575941572601416,720575940623663821,40403
720575941513882321,720575940627862289,28687
720575941590715276,720575940623474019,51136
720575941495453822,720575940627038010,191599
720575941653443857,720575940631468303,193942
720575941524948299,720575940622335114,95391
720575941441624015,720575940620289729,124279
720575941576740697,720575940636600804,31531
720575941655148249,720575940606369824,44081
720575941507442305,720575940642193549,133817
720575941415154460,720575940631491887,580482
720575941594448342,720575940630087038,54279
720575941477624938,720575940620951472,115112
720575941643069778,720575940634346382,909027
720575941551374654,720575940605784288,46661
720575941596360128,720575940631046999,117939
720575941542276893,720575940621500070,133085
720575941576979793,720575940626515484,121303
720575941573240392,720575940605779680,552910
720575941529365892,720575940629918762,192992
720575941588934398,720575940616260825,95289
720575941487205321,720575940620682320,41039
720575941625218442,720575940628268226,133815
720575941644731218,720575940605097929,78361
720575941410088559,720575940614382495,70047
720575941660708152,720575940619511206,39222
720575941439156309,720575940627685739,33621
720575941498947401,720575940632259659,135430
720575941527564825,720575940646535203,614860813
720575941655212500,720575940634593946,68481
720575941588099140,720575940638782953,839186
720575941687688566,720575940625701820,178244
720575941585556614,720575940630783051,550340
720575941451548329,720575940616902587,104397
720575941565626007,720575940619386430,911276
720575941465788246,720575940621961136,252506
720575941548404084,720575940625271845,818637
720575941584951647,720575940620759105,139884
720575941610903785,720575940624333751,26914
720575941580623225,720575940624434922,808902
720575941481236899,720575940629125675,127598
720575941557186340,720575940620249393,70904
720575941434712974,720575940621931440,83482
720575941514544707,720575940622806920,17164
720575941583546502,720575940641542096,92491
720575941564577170,720575940629699883,813154
720575941654675156,720575940642656219,318584
720575941460884435,720575940633490830,816457
720575941507785232,720575940632410766,515066
720575941459875268,720575940621946288,70531
720575941481169606,720575940629076810,175472
720575941545917876,720575940632161863,66997
720575941575231645,720575940628296266,814069
720575941585621382,720575940617068683,182944
720575941565072694,720575940614167458,116362
720575941482024378,720575940627087930,22009
720575941502338610,720575940640753037,263350
720575941439472575,720575940612673393,213711
720575941688502796,720575940622348424,153766
720575941447980469,720575940627042590,168311
720575941466386966,720575940636705246,140436
720575941552652606,720575940621875521,109120
720575941430973359,720575940619813217,54126
720575941546781801,720575940622776029,131931
720575941477655402,720575940620606448,286828
720575941527439129,720575940637042807,162348
720575941643158373,720575940639853731,91597
720575941404588912,720575940609856324,55236
720575941658328344,720575940621181293,134013
720575941602260158,720575940638990397,56568
720575941472902698,720575940617922870,12861
720575941628657190,720575940631230994,167871
720575941511122386,720575940624480148,68991
720575941560844327,720575940622861317,802319
720575941512114129,720575940622572159,75068
720575941610918377,720575940607208114,59895
720575941688948376,720575940617179537,122870
720575941416297244,720575940621712821,129067
720575941549022497,720575940631416438,77381
720575941639988255,720575940618455074,53034
720575941536306408,720575940628894026,102644
720575941563384930,720575940620095100,44024
720575941460292804,720575940628119059,229426
720575941625762668,720575940632702035,227155
720575941721326650,720575940610418329,816524
720575941498605897,720575940648648580,41778
720575941632085445,720575940634911589,51660
720575941437994002,720575940616030431,74803
720575941457316848,720575940622107869,237165
720575941645968840,720575940621193485,203039
720575941449089629,720575940612630963,925310
720575941535549377,720575940611909861,78957
720575941590954380,720575940622916075,818339
720575941628690658,720575940620608853,363173
720575941591998504,720575940620493141,145245
720575941470002807,720575940624905091,184249
720575941503579074,720575940616799174,133148
720575941569278066,720575940622223476,168558
720575941611709715,720575940629363559,244719
720575941583746399,720575940622299272,166306
720575941575068061,720575940627083080,128777
720575941496308423,720575940625826960,59498
720575941540248445,720575940624483410,50910
720575941441550287,720575940621810523,96837
720575941491882160,720575940621926497,107271
720575941479070314,720575940629128444,77518
720575941556414628,720575940612040398,83897
720575941593983702,720575940640978560,266098
720575941506833733,720575940624194378,802933
720575941493277383,720575940636226155,84872
720575941480888143,720575940627958026,40593
720575941520049079,720575940634694496,553232
720575941732042027,720575940632410699,592757
720575941591547020,720575940646791715,66741
720575941685909743,720575940616748445,552605
720575941439982047,720575940621229573,51671
720575941553342618,720575940617841297,208014
720575941487252432,720575940630835141,109472
720575941431340425,720575940619904379,122284
720575941626276763,720575940631228178,103206
720575941491151310,720575940631371259,65277
720575941564811106,720575940625521899,139372
720575941626612332,720575940613182873,77683
720575941559512179,720575940612204723,114541
720575941503336642,720575940621641350,167003
720575941528036996,720575940612235586,19909
720575941486282448,720575940638442328,16425
720575941658324760,720575940620375637,40669
720575941538206101,720575940615402101,820780
720575941631665890,720575940620261467,805572
720575941559990131,720575940626122780,827773
720575941564607634,720575940618731521,132708
720575941554746266,720575940636104846,58852
720575941533930627,720575940615476074,541538
720575941642625953,720575940634365852,114059
720575941414858644,720575940623045325,133611
720575941431105161,720575940609345033,533139
720575941589589303,720575940627504536,202393
720575941643567521,720575940625185515,551012
720575941500940939,720575940609116882,96040
720575941635725479,720575940637661247,815014
720575941520603059,720575940633994391,147737
720575941451579770,720575940641564624,97373
720575941555083009,720575940620826138,588988993
720575941442197595,720575940620341952,76964
720575941496449920,720575940616794930,104326
720575941525530957,720575940619883124,99626
720575941650835185,720575940611816290,27720
720575941504491458,720575940629708997,90094
720575941572886856,720575940633092167,52447
720575941566740014,720575940613674280,69611
720575941554706259,720575940604976318,161534
720575941510005520,720575940627770344,817986
720575941440373339,720575940613552018,206276
720575941574795933,720575940619166029,807846
720575941441020623,720575940620939028,144279
720575941607097453,720575940612479129,59239
720575941523270731,720575940610156697,169729
720575941650225685,720575940643540640,103811
720575941478453122,720575940612971634,62278
720575941671567271,720575940631692283,334233
720575941507511330,720575940618835201,559916
720575941643162213,720575940626599420,199351
720575941569500062,720575940606596619,327161
720575941564228352,720575940627243609,844446
720575941570789278,720575940619571614,141081
720575941515642105,720575940639554675,98033
720575941616624853,720575940635948954,146890
720575941457854448,720575940604637617,909273
720575941662449020,720575940620695387,331081
720575941558178340,720575940641570000,42235
720575941411456879,720575940621911064,123601
720575941545972916,720575940625007031,148106
720575941490381513,720575940620729792,197645
720575941475800641,720575940620815124,121556
720575941412532335,720575940633023970,1052357618
720575941561519528,720575940630539023,811454
720575941575869366,720575940633686754,76489
720575941644550264,720575940624293768,170546
720575941413588116,720575940628297103,143066
720575941639324277,720575940614577960,76168
720575941497507145,720575940629013292,913138
720575941540906525,720575940633318227,908213
720575941596249989,720575940614649490,171535
720575941625172332,720575940637991401,44357
720575941489409228,720575940622206633,53849
720575941523776331,720575940618817949,283210
720575941628841254,720575940605300145,144863
720575941428440495,720575940631797957,107420
720575941604292854,720575940624521022,910358
720575941474456928,720575940617771421,814234
720575941508766162,720575940635564896,136678
720575941659268632,720575940620386742,530138
720575941565725703,720575940620202478,139383
720575941486524166,720575940605209056,809191
720575941563487656,720575940624696839,107647
720575941592991190,720575940620332253,34857
720575941596927132,720575940601653513,534323
720575941504958002,720575940631929675,36009
720575941436097068,720575940614936543,187701
720575941662049336,720575940626582095,205031
720575941586135174,720575940604809918,72971
720575941669123315,720575940627003495,170650
720575941458943216,720575940612594325,159571
720575941556091172,720575940622712414,187520
720575941536906522,720575940612458211,193400
720575941473447995,720575940633035693,821712
720575941504135474,720575940620720623,86665
720575941625493403,720575940622881148,158793
720575941552300935,720575940624501392,103039
720575941563173127,720575940613858922,34382
720575941456766879,720575940622896041,113625
720575941632125893,720575940635236704,202657
720575941580322897,720575940640507264,541404
720575941489607116,720575940639144511,525992
720575941476630324,720575940635312794,144126
720575941465262166,720575940613169817,74833
720575941555563492,720575940629248044,195049
720575941573876296,720575940632241036,169155
720575941691444376,720575940608870492,59319
720575941466583382,720575940624957623,40172
720575941442311631,720575940624691125,74711
720575941406774063,720575940627332196,108646
720575941478141761,720575940628265039,112690
720575941482678202,720575940615219103,190987
720575941559920878,720575940609468939,53896
720575941430442766,720575940629916728,71744
720575941460583123,720575940606127537,139871
720575941409335467,720575940606760284,83970
720575941610550249,720575940629133056,819092
720575941498234081,720575940607092572,107656
720575941623448316,720575940621582528,124525
720575941525087821,720575940626534858,166284
720575941473360480,720575940626075079,51066
720575941526405709,720575940621146294,118048
720575941660760120,720575940609732398,131701
720575941625910410,720575940627782148,514613
720575941657880600,720575940627570195,75814
720575941599279913,720575940611298995,954668
720575941597294272,720575940624113449,103760
720575941466481430,720575940618056005,87688
720575941574523279,720575940605888870,70611
720575941624245756,720575940629914831,142904
720575941505004092,720575940622370403,101500
720575941550547572,720575940628798741,224319
720575941506600215,720575940623234380,50649
720575941549131553,720575940625470478,145740
720575941609164362,720575940625698574,812450
720575941518176110,720575940637650094,44905
720575941578804825,720575940626849432,133640
720575941477255217,720575940633547359,182047
720575941625755786,720575940623150728,126329
720575941539585149,720575940624956680,34299
720575941553527041,720575940611090073,550497
720575941563284322,720575940621571254,152644
720575941477631284,720575940634833806,88566
720575941510037714,720575940626082588,162841
720575941563050642,720575940632234124,171467
720575941407098671,720575940615218385,520493
720575941518507948,720575940625683716,55644
720575941626082873,720575940626193296,812869
720575941569826810,720575940621207216,537566013
720575941532534616,720575940642609700,905174
720575941733165611,720575940621997034,80472
720575941639097973,720575940643930932,303535
720575941571502494,720575940631871966,550166
720575941577647449,720575940615720902,830268
720575941437875730,720575940637684702,249677
720575941643174757,720575940622275873,62764
720575941733016107,720575940619087307,88095
720575941545092969,720575940644774167,43757
720575941524173643,720575940621764084,349812
720575941499036578,720575940630603642,905113
720575941616682709,720575940611807919,819165
720575941526671972,720575940607623875,48020
720575941528357542,720575940634809251,107212
720575941650821361,720575940637355497,403040
720575941565952919,720575940619962448,933138
720575941573306632,720575940621914689,120219
720575941536216346,720575940623454916,137229
720575941527209144,720575940620305246,812343
720575941500839147,720575940637354815,172763
720575941607910509,720575940636532837,108598
720575941629325292,720575940623849997,817470
720575941524832258,720575940627329385,102905
720575941452201897,720575940635901274,525678
720575941506107265,720575940624251274,129131
720575941540567501,720575940627645470,178485
720575941524609561,720575940630453644,163423
720575941689231000,720575940637252965,149055
720575941689041048,720575940621270410,142315
720575941449973941,720575940615209937,524873
720575941552863489,720575940608633134,546810
720575941598336668,720575940628661480,74855
720575941430417111,720575940634667289,140771
720575941577689945,720575940625472345,220044
720575941624186826,720575940621700385,222144
720575941654166489,720575940620033872,211133
720575941555316964,720575940624168741,124070
720575941631588805,720575940646844451,74941
720575941415009172,720575940629211607,807067
720575941553525658,720575940632571752,517472
720575941514555491,720575940610681714,216355
720575941573606651,720575940641782261,206904
720575941400855843,720575940619005012,110070
720575941470929728,720575940614307811,104032
720575941559148815,720575940622023262,820618
720575941456665581,720575940624009240,320580
720575941624624236,720575940627891608,193560
720575941434495630,720575940629578256,136267
720575941589224190,720575940609223125,123236
720575941528993227,720575940637846598,517169
720575941523859787,720575940635338647,522757
720575941537270243,720575940614808751,61618
720575941412611476,720575940621833142,102046
720575941487204048,720575940620035413,49210
720575941533129859,720575940608709980,136324
720575941539438461,720575940614148283,88732
720575941415463708,720575940622355973,442398895
720575941471707255,720575940628564435,125043
720575941510152976,720575940638562394,922342
720575941687431180,720575940623889077,112865
720575941560564239,720575940607874482,146970722
720575941519755908,720575940633335123,359193
720575941643526088,720575940609855698,167608
720575941489208373,720575940630784311,38992
720575941509107216,720575940606738441,848525
720575941408549167,720575940630084507,116816
720575941482745085,720575940631042620,91127
720575941499412386,720575940628954088,198139
720575941522303991,720575940619625703,126498
720575941516584920,720575940624951020,135470
720575941431100847,720575940632589880,500177
720575941671114407,720575940630510444,910541605
720575941538831253,720575940621582145,824838
720575941653062161,720575940640335925,1066208706
720575941610978989,720575940619986123,128728
720575941561032749,720575940620655087,548556
720575941702999002,720575940622075713,29927
720575941504028247,720575940613855346,180369
720575941479480483,720575940615795030,865912614
720575941526924198,720575940628014602,151730
720575941507275287,720575940630237687,116501
720575941486126989,720575940625052659,149998
720575941643232101,720575940653794721,36194
720575941526126502,720575940624461543,518082
720575941585901446,720575940635082140,166531
720575941435936800,720575940636838245,153554
720575941588918596,720575940639295347,93081
720575941666281715,720575940623322700,543554
720575941502922327,720575940614940670,123280
720575941629687334,720575940618494032,83667
720575941580949625,720575940628963175,117129
720575941481402787,720575940629293130,153583
720575941563247506,720575940623594493,256898
720575941687655180,720575940626284877,819561
720575941528103556,720575940628138319,126770
720575941632571579,720575940630809466,107224
720575941573146120,720575940641178075,906527
720575941558642447,720575940611096786,23772
720575941426739540,720575940620158379,91663
720575941552535039,720575940614275070,92501
720575941519654323,720575940618534721,31705
720575941461438163,720575940608253379,516115
720575941506885029,720575940624404151,263024
720575941512646988,720575940625728186,144447
720575941535137306,720575940629942571,97090
720575941470033419,720575940614266229,103247
720575941513164291,720575940632507961,27602
720575941591929740,720575940640562651,529083
720575941467022614,720575940612129962,816089
720575941644989816,720575940623881404,915827
720575941639334100,720575940628402600,826631
720575941654918105,720575940633516371,67738
720575941491561959,720575940633192991,156335
720575941534568986,720575940612744410,908094
720575941642530386,720575940618765528,809771
720575941454956781,720575940615219454,134958
720575941596139164,720575940628793591,814784
720575941643346277,720575940612194709,29939
720575941471278656,720575940637180479,136648
720575941510309842,720575940638228131,60038
720575941487755216,720575940626833158,94414
720575941582498655,720575940631278031,368279
720575941414114452,720575940629978666,133748
720575941641001317,720575940624882471,155242
720575941521031415,720575940636425652,137972
720575941602928825,720575940625666796,114728
720575941503873623,720575940628743111,65795
720575941546274153,720575940623454216,72756
720575941539891804,720575940635486103,39977
720575941401068835,720575940633165207,165920
720575941650851313,720575940619946325,189604
720575941645412001,720575940622623785,125040
720575941669651879,720575940625837799,108252
720575941505012389,720575940617972966,152325
720575941555355364,720575940625947335,947005552
720575941441216347,720575940635426455,536491
720575941616442837,720575940626987522,96632
720575941534485080,720575940627609433,829170
720575941574820712,720575940629245545,154197
720575941670057137,720575940620926740,128461
720575941688387190,720575940635689829,810693
720575941573048585,720575940610046532,117760
720575941411300719,720575940637066047,219846
720575941652224497,720575940644208663,161041
720575941451392378,720575940606730076,144311
720575941572604232,720575940634492011,98439
720575941542345477,720575940624339996,69751
720575941576080822,720575940628784456,157599
720575941456948127,720575940621323689,535761
720575941691315163,720575940624184063,65323
720575941473416288,720575940627871631,37135
720575941508141090,720575940649434489,159116
720575941497748603,720575940642576164,74212
720575941558189171,720575940624605332,21622
720575941553203354,720575940621263837,88996
720575941510114576,720575940613431458,113063
720575941526376525,720575940620125387,524235
720575941471614475,720575940626822140,256548064
720575941564747415,720575940633600851,99849
720575941607322733,720575940605523558,80110
720575941402085744,720575940618281401,131942
720575941587056196,720575940618324564,63199
720575941469314525,720575940620921565,105866
720575941478230947,720575940608278537,222886
720575941555520257,720575940630783548,93196
720575941510195472,720575940634836671,70582
720575941578801233,720575940619575163,214630
720575941521887667,720575940624280873,524497
720575941448624221,720575940618115229,533228
720575941536329621,720575940621649499,147746
720575941547542132,720575940604609504,211956
720575941549966397,720575940628180392,60070
720575941460197190,720575940616486795,133766
720575941453556531,720575940618008891,162358
720575941445163796,720575940618072891,145967
720575941510102032,720575940607805020,216496
720575941520890039,720575940624187027,116378
720575941549997885,720575940611906146,97187
720575941589916414,720575940605871561,182732
720575941519458520,720575940630956452,804706
720575941590401164,720575940635507960,214391
720575941515536377,720575940633422675,84750
720575941608509002,720575940631775769,81655
720575941554837658,720575940630306151,155415
720575941577786713,720575940613743023,136374
720575941518692824,720575940629722896,175609
720575941494241152,720575940615719318,156796
720575941608538954,720575940633175196,817350
720575941447834549,720575940628615752,59615
720575941432970510,720575940611781073,561339
720575941593399847,720575940617444254,195015
720575941546602428,720575940622209833,544241
720575941431519073,720575940616662685,94488
720575941455929837,720575940622239587,60928
720575941559779373,720575940624545940,236312
720575941456918765,720575940638414909,85876
720575941584089951,720575940618840221,119185
720575941565928551,720575940609642505,109733
720575941486940557,720575940608596747,143560
720575941439778783,720575940621710826,181337
720575941538586610,720575940624859143,524726
720575941412247700,720575940629049335,806731
720575941495514823,720575940610508334,61016
720575941564076288,720575940640231131,97781
720575941535319730,720575940626107005,29948
720575941439904091,720575940652371446,137569
720575941466723350,720575940623048798,272789
720575941551618458,720575940618989982,533407
720575941655827480,720575940619878485,206238
720575941631699938,720575940623180321,84095
720575941469757405,720575940621816333,911658
720575941513724921,720575940610915954,102587
720575941403585904,720575940619301185,42913
720575941510603474,720575940618911425,913052
720575941510343122,720575940622961441,300065
720575941485651462,720575940618633044,177701
720575941529897419,720575940621706701,210200
720575941668675827,720575940624356234,541561
720575941533406851,720575940612982425,128319
720575941454177587,720575940620249223,811997
720575941511143952,720575940627175320,830051
720575941447826452,720575940614557078,336332
720575941569208946,720575940613237758,581215
720575941566976814,720575940622579933,225698
720575941431518857,720575940618251225,154564
720575941625813659,720575940626478026,529098
720575941541970205,720575940635671032,41454
720575941553287303,720575940612532121,46681
720575941466730774,720575940618720925,71200
720575941472407104,720575940644983588,156612
720575941627892006,720575940616464214,106042
720575941499381643,720575940623532426,41800
720575941578107125,720575940629930690,236035
720575941479909762,720575940636113215,25643
720575941546900360,720575940626867300,51931
720575941586535134,720575940620970081,82538
720575941460516678,720575940624437130,46202
720575941524774681,720575940639436358,92130
720575941721339450,720575940615488834,548425
720575941434998816,720575940609015644,70023
720575941523377227,720575940611952810,156495
720575941624588699,720575940632020687,143373
720575941544567996,720575940617017942,60251
720575941579404021,720575940627143994,28870
720575941470317323,720575940605531593,46503
720575941630510277,720575940626240522,105078
720575941525339650,720575940618693035,108907
720575941448636765,720575940639093411,153703
720575941458096710,720575940630465420,132854
720575941576597864,720575940647161140,103130
720575941568398324,720575940627421256,155147
720575941474814250,720575940628828688,62430
720575941640376607,720575940635669355,531538
720575941453422407,720575940612966546,126174
720575941412775316,720575940633296804,51673
720575941458423455,720575940623965133,165053
720575941506723644,720575940627513210,54025
720575941426694996,720575940621635333,43529
720575941573104393,720575940647029556,54043
720575941552814654,720575940627267965,41676
720575941667506419,720575940630765253,544781
720575941546867049,720575940618675358,64375
720575941585524614,720575940619309376,93740
720575941466397462,720575940621103201,158476
720575941474259754,720575940626446869,139202
720575941669351079,720575940632628584,46522
720575941658129744,720575940620712528,525516
720575941450824007,720575940613527722,516538
720575941485449357,720575940658539905,196764
720575941519115480,720575940642513627,157467
720575941512223953,720575940626627076,96217
720575941687475183,720575940616184626,393786515
720575941489465550,720575940613120986,813632
720575941560271119,720575940624372738,1050268065
720575941408709550,720575940644916759,135659
720575941567950638,720575940623681379,215550
720575941557645348,720575940620939685,126082
720575941566837806,720575940629454812,221491
720575941433445902,720575940625781946,158804
720575941580130129,720575940628772368,18048
720575941657099344,720575940609132642,119898
720575941506262844,720575940626732776,129372
720575941536402930,720575940625227672,29610
720575941573069896,720575940614506536,220879
720575941589264695,720575940626719101,182742
720575941549028897,720575940631630607,59385
720575941571275422,720575940611805138,520110
720575941441176511,720575940621099685,157968
720575941499805090,720575940618612253,547988
720575941556533476,720575940620462686,69290
720575941577657689,720575940631295196,201043
720575941632089019,720575940626161539,124858
720575941679700669,720575940618232793,38105
720575941680639933,720575940622398591,92916
720575941554634779,720575940640851189,111904
720575941482842298,720575940626010256,808688
720575941483094269,720575940632255786,547616
720575941645086920,720575940638639924,43706
720575941486366160,720575940611629266,815658
720575941544564156,720575940605404076,212953
720575941558448366,720575940635994872,43759
720575941506697857,720575940610476506,126376
720575941517865582,720575940620902059,272841
720575941541547356,720575940629934137,98422
720575941576730216,720575940608058889,525995
720575941445210282,720575940636226025,531694
720575941495969479,720575940630641465,239832
720575941588850231,720575940617723781,35328
720575941536461283,720575940620923887,83384
720575941535432897,720575940628805831,51186
720575941475375409,720575940612189390,87583
720575941539216021,720575940625925709,195527
720575941573693341,720575940640326488,128738
720575941470833472,720575940660806529,177328
720575941528825476,720575940622121827,111290
720575941581473145,720575940607060354,814222
720575941491159753,720575940632156836,60266
720575941625997706,720575940626502402,550226
720575941610359882,720575940628089426,548171
720575941490354894,720575940630548791,151458
720575941482677434,720575940622070625,122140
720575941703320538,720575940634953663,38701
720575941560921901,720575940628323943,72643
720575941652297177,720575940618093213,193308
720575941520398515,720575940632188642,58416
720575941448243037,720575940629886524,103329548
720575941535623346,720575940611343218,550917
720575941514640643,720575940630564346,133467
720575941619618687,720575940611592398,86269
720575941639038325,720575940627356495,83406
720575941565625607,720575940621248166,93419
720575941551082099,720575940624905963,101149
720575941460360080,720575940614706082,278464
720575941440418495,720575940628360271,147217
720575941475215658,720575940618482772,150813
720575941632852384,720575940611243690,151556
720575941560048755,720575940650529401,67753
720575941519677144,720575940632097603,802803
720575941584471647,720575940638923492,191482
720575941552793479,720575940629899011,137027
720575941506494012,720575940621735039,68935
720575941553614746,720575940622285180,266498
720575941624248316,720575940620440667,812910
720575941515542531,720575940625087724,801770
720575941606145133,720575940618748443,143660
720575941515119363,720575940644966452,76671
720575941585435358,720575940630797527,143341
720575941529361099,720575940622232458,567434
720575941545919412,720575940608326274,530606
720575941623034058,720575940621135495,29696
720575941600629289,720575940620921424,808456
720575941575124744,720575940620926155,30333
720575941517372076,720575940606032928,117734
720575941542001693,720575940630431503,150075
720575941502607298,720575940617996347,285589
720575941393480342,720575940630868561,819841
720575941577108825,720575940639186264,112311
720575941545116421,720575940613545130,34882
720575941433347726,720575940640296576,206901
720575941437906194,720575940630582779,133124
720575941480049827,720575940619020667,542711
720575941477292340,720575940625755850,168058
720575941517714030,720575940615624972,51431
720575941538762701,720575940632963042,77970
720575941602607606,720575940626207888,813975
720575941441065919,720575940612385971,580654
720575941666343667,720575940627862538,78755
720575941567747316,720575940623695252,124217
720575941476978737,720575940621234347,15772
720575941569377138,720575940606234033,114274
720575941652433393,720575940624236746,36585
720575941434594080,720575940640472179,203391
720575941467458781,720575940624281165,530540
720575941615645141,720575940630394424,532863
720575941594436133,720575940621167636,163630
720575941673513199,720575940636904055,35833
720575941631919776,720575940614251670,174420
720575941533827354,720575940617217595,106859
720575941451017287,720575940622977306,158486
720575941551332723,720575940637618862,824777
720575941529433291,720575940634666210,541941
720575941409039022,720575940626714298,525486
720575941533493682,720575940626918074,143562
720575941510361616,720575940614728351,26801
720575941442526671,720575940616988021,218146
720575941626457290,720575940637218679,141314
720575941595584805,720575940612999909,49795
720575941470675319,720575940633001016,170515
720575941593904517,720575940628819399,228277
720575941555292644,720575940624810270,176473
720575941496438907,720575940604650464,27402
720575941504622245,720575940621019557,155912
720575941642994808,720575940643417879,34340
720575941429218145,720575940633359456,192017
720575941551313435,720575940626873488,94382
720575941620875680,720575940630851383,63841
720575941670923431,720575940625399600,163919
720575941604754110,720575940627237438,534647
720575941540757084,720575940630869522,910443
720575941545838434,720575940625589593,175274
720575941563297122,720575940631442169,51401
720575941687961307,720575940605645024,77801
720575941488954933,720575940629832252,29054
720575941574403229,720575940612307921,116238
720575941508416385,720575940609285641,161683
720575941611572713,720575940630996684,162882
720575941560279823,720575940617844881,155924
720575941452503930,720575940614744318,204279
720575941731736875,720575940609151836,539522
720575941448355253,720575940630620154,123704
720575941575219464,720575940628638204,23690
720575941555777537,720575940627917949,69620
720575941513700940,720575940625662136,180298
720575941476728129,720575940616581332,47122
720575941468989760,720575940630087235,116091
720575941527517862,720575940623529255,89160
720575941519128492,720575940628888796,89360
720575941496498560,720575940637820750,907443
720575941407209134,720575940612730225,172192
720575941490153781,720575940614374893,519474
720575941430216073,720575940639557173,573317
720575941583317894,720575940613202322,211197
720575941430823599,720575940621138708,94971
720575941492066992,720575940632504131,62530
720575941573704335,720575940625474435,98985
720575941577388889,720575940618801309,115017
720575941613738649,720575940641388173,142035
720575941503649330,720575940624210214,357482
720575941551556967,720575940623533459,61595
720575941544116668,720575940614766131,255646
720575941619200639,720575940630910199,187625
720575941503990578,720575940628616271,96301
720575941430701527,720575940627766268,130290
720575941632038341,720575940624342309,219280
720575941495611520,720575940620496990,154809
720575941553051675,720575940611498389,137415
720575941583299679,720575940628291407,59988
720575941631554976,720575940636085496,210174
720575941654525396,720575940621766035,194752
720575941465712662,720575940606567089,92751
720575941515828058,720575940620992109,39699
720575941561048109,720575940631124540,201095
720575941513937987,720575940607960259,130696
720575941560006159,720575940630605174,137039
720575941430923512,720575940633510431,61139
720575941470563851,720575940620872630,514146
720575941437965375,720575940617062706,571368140
720575941555797540,720575940618055003,127495
720575941546122857,720575940629697530,157264
720575941499271905,720575940622153204,182988
720575941505122354,720575940639599192,560861
720575941597041308,720575940620182182,142611
720575941495379655,720575940633034336,161813
720575941441710527,720575940631485251,156986
720575941479381984,720575940632383886,192784
720575941654155737,720575940629286659,100398
720575941487145990,720575940618794141,553511
720575941490616777,720575940618566557,221812
720575941639785333,720575940646480436,540436
720575941519676036,720575940621015649,169164
720575941624408428,720575940621531245,166892
720575941525957286,720575940642927140,53892
720575941588216887,720575940623353226,130917
720575941539604885,720575940630814519,29411
720575941468577245,720575940627745881,205298
720575941486114882,720575940630564599,532094
720575941566168878,720575940630804791,37334
720575941558259727,720575940617410705,118713
720575941554677988,720575940627094346,153942
720575941539939709,720575940608106114,188671
720575941507876898,720575940641865179,178552
720575941535298904,720575940622882829,214700177
720575941491338471,720575940629932818,211558
720575941542482524,720575940620980615,162917
720575941522825463,720575940641341685,140566
720575941504283954,720575940623199965,821706
720575941531088003,720575940623541517,95182
720575941528450982,720575940639760718,34513
720575941515787011,720575940621068404,74125
720575941492968368,720575940630571324,531018
720575941594528549,720575940624300531,79468
720575941523016267,720575940632627660,813305
720575941480443299,720575940624663560,32998
720575941478329218,720575940618746747,518672
720575941553361050,720575940610058947,183424
720575941533917315,720575940631321708,334545
720575941621698300,720575940621426559,164609
720575941667555315,720575940635213998,83922
720575941549612660,720575940614624146,903122
720575941685093359,720575940634391265,955135
720575941594865878,720575940618694827,935405
720575941431583758,720575940622023745,912703
720575941506763077,720575940637830709,124050
720575941574352783,720575940640621373,169142
720575941653466129,720575940617213883,808537
720575941586045918,720575940626219564,902782
720575941549696116,720575940630492191,105910
720575941652830481,720575940621626094,169420
720575941559276303,720575940624053907,115174
720575941532981123,720575940618974599,40157
720575941594893957,720575940647617412,43852
720575941554866916,720575940624666044,131600
720575941431800568,720575940610493379,77274
720575941474084923,720575940623261976,93659
720575941440378203,720575940629240826,155062
720575941687797110,720575940623934207,102127
720575941522741239,720575940617717819,902780
720575941430552929,720575940646347299,217488
720575941567026478,720575940605644204,841125
720575941524099149,720575940623596435,909220
720575941679702461,720575940626087780,164585
720575941417143068,720575940625928585,156239
720575941430362799,720575940632821924,38029
720575941515825913,720575940632305977,90381
720575941612609689,720575940638646899,63317
720575941503206379,720575940626191108,24238
720575941485477186,720575940628413799,147308
720575941626526602,720575940624391620,72898
720575941530419147,720575940625224456,323901
720575941613762012,720575940627303951,173117
720575941612459110,720575940625242512,110384
720575941513447171,720575940619245121,824254
720575941487309008,720575940632453004,137152
720575941513827427,720575940608945500,88869
720575941428279177,720575940628823239,65191
720575941574337787,720575940622019333,24228
720575941593728805,720575940638939994,197058
720575941652974809,720575940614700083,38284
720575941536961251,720575940612525262,106403
720575941629438946,720575940630693175,62506
720575941508872658,720575940626528868,107668
720575941549662013,720575940635664747,123997
720575941624332028,720575940661030017,242594
720575941572596125,720575940621521678,145243
720575941547627553,720575940609816014,812155
720575941534769930,720575940624656446,104349
720575941626467180,720575940626546750,123687
720575941545943401,720575940642926628,214653
720575941482190534,720575940613372825,804980
720575941467080726,720575940618782036,227891
720575941625970826,720575940608276949,111715
720575941603357430,720575940624529703,74696
720575941669351601,720575940627272036,23054
720575941491418316,720575940638835802,556913
720575941476560945,720575940615957663,112966
720575941591948940,720575940628962923,840671
720575941618553215,720575940626930186,226615
720575941590559784,720575940615630237,166154
720575941545256420,720575940616929241,953266
720575941467974678,720575940623610090,551485
720575941591008652,720575940624814315,78386
720575941595788421,720575940627731770,174207
720575941566335335,720575940638791101,122355
720575941453629235,720575940620474059,517492
720575941610319846,720575940632292171,59243
720575941476127540,720575940629550441,180392
720575941467345204,720575940630116601,29957
720575941596708997,720575940632157714,143926
720575941573456797,720575940624407236,143031
720575941478980226,720575940637087599,203620
720575941546109372,720575940627407229,215744
720575941496293575,720575940638809065,929772
720575941505770369,720575940610493123,813719
720575941543444765,720575940618084445,135302
720575941551370779,720575940621250651,87467
720575941579841781,720575940620572737,47226
720575941471846240,720575940642997901,95844
720575941579490385,720575940625368078,131997
720575941514445667,720575940629079084,816438
720575941497429833,720575940628729360,67370
720575941506894721,720575940625558160,816286
720575941457274694,720575940634024303,50766
720575941675192794,720575940639821475,178136
720575941461308173,720575940637525104,93527
720575941411876523,720575940628190846,552710
720575941575144886,720575940631647173,142684
720575941472748384,720575940627485778,534151
720575941477411614,720575940617338196,151656
720575941536515850,720575940617952084,890603
720575941483576506,720575940633820130,219374
720575941559627279,720575940635347380,160818
720575941438909458,720575940633273023,500006
720575941408495151,720575940630534743,39901
720575941475609915,720575940635703962,33748
720575941502971074,720575940622844442,816155
720575941515493379,720575940617766361,119045
720575941651589397,720575940630572738,191621217
720575941535267672,720575940638351332,165343
720575941450216029,720575940618628165,581354
720575941663408764,720575940618393885,35135
720575941662483068,720575940612409237,214987
720575941625452652,720575940631964503,170755
720575941530375883,720575940612418483,111767
720575941626155146,720575940613161267,825192
720575941572150267,720575940607434564,195271
720575941504745922,720575940632333395,1050306082
720575941594410865,720575940633807215,549355
720575941554060186,720575940628241295,221635
720575941504635557,720575940627721624,58153
720575941593720871,720575940629504617,34979
720575941457820998,720575940622535827,144411
720575941591285502,720575940618981917,85228
720575941533782360,720575940645516676,26853
720575941610181734,720575940636913527,901573
720575941668981169,720575940635578475,150878
720575941689202550,720575940616322098,38696
720575941430490249,720575940628204817,34680
720575941488679989,720575940623912233,86284
720575941723620154,720575940617498708,811328
720575941452978483,720575940616727995,101530
720575941541933341,720575940623160202,812152
720575941514319706,720575940611547098,142259
720575941657792592,720575940621062565,139100
720575941457037293,720575940630609346,148891
720575941439377237,720575940633209996,58886
720575941456931821,720575940605932721,143758
720575941690127835,720575940611982322,89992
720575941649992177,720575940614431890,202561
720575941414733713,720575940626363847,110387
720575941574591133,720575940622814497,198364
720575941587436087,720575940607142322,99451
720575941653810900,720575940624401866,44316
720575941559227919,720575940612106702,76650
720575941453388339,720575940617109004,79612
720575941640530632,720575940633239972,138219
720575941618165887,720575940626984274,142323
720575941453175603,720575940648685444,819754
720575941490197813,720575940619728286,117948
720575941667030771,720575940626922302,150196
720575941484659085,720575940618536377,824165
720575941519091822,720575940630377984,110055
720575941448143285,720575940626254384,812540
720575941457003679,720575940639661646,807094
720575941505900092,720575940613342634,41659
720575941449144142,720575940620113799,217244
720575941616256550,720575940620623201,567192
720575941614028563,720575940639006948,102544
720575941430706903,720575940625048420,550772
720575941590875532,720575940633556634,132777
720575941537774741,720575940618021147,141723
720575941517320920,720575940651939318,520550
720575941481978554,720575940629119985,123972
720575941564865536,720575940616668722,181805
720575941521208503,720575940633964770,539462
720575941574173366,720575940626800944,142231
720575941410789035,720575940630729005,131793
720575941524859723,720575940659844225,514911
720575941533088746,720575940626394767,51926
720575941443097514,720575940621447704,815721
720575941569523188,720575940618425693,564038
720575941472524352,720575940623869769,222555
720575941504008279,720575940613269989,134503
720575941548935741,720575940630547927,219121
720575941484761922,720575940618838685,98649
720575941452407418,720575940632824511,184159
720575941701962202,720575940613823919,165806
720575941428136276,720575940618684673,44597
720575941501933250,720575940632055311,51535
720575941612516828,720575940604411616,940297
720575941559441779,720575940617480331,71787
720575941546910825,720575940633278156,814652
720575941461077971,720575940626966986,165300
720575941536395413,720575940646805795,120916
720575941430880215,720575940628992330,907796
720575941459597894,720575940633761107,66472
720575941438425043,720575940618719060,175192
720575941653271257,720575940619764208,84972
720575941468981981,720575940628526636,103765
720575941657516824,720575940609411339,820903
720575941513901009,720575940626698277,84848
720575941633362363,720575940620418836,339863
720575941480201923,720575940627865752,60659
720575941535902696,720575940634585113,817456
720575941488052432,720575940633991263,128258
720575941507417438,720575940634026195,148145
720575941471776523,720575940615830934,500002
720575941417164828,720575940621940518,532963
720575941552120575,720575940626675305,807104
720575941702844634,720575940643965384,89516
720575941572654856,720575940630892140,820081
720575941681474749,720575940630503798,96286
720575941547382077,720575940614647564,166333
720575941538479821,720575940638159582,117286
720575941538725269,720575940626734384,214151
720575941631584994,720575940606693577,1050192840
720575941681093821,720575940631281706,104363
720575941449825205,720575940607867570,116041
720575941481601359,720575940628588135,166476
720575941515677945,720575940646270830,149783
720575941531315659,720575940620980390,133570
720575941480100587,720575940610378865,81174
720575941476769841,720575940637714560,569735
720575941507358999,720575940645787159,124781
720575941687661580,720575940629110019,130566
720575941438261055,720575940618240027,108662
720575941586299014,720575940624038182,38933
720575941477878580,720575940627720360,535259
720575941600015913,720575940620880469,69405
720575941519144620,720575940623342412,200822
720575941651754005,720575940639872061,550515
720575941468841995,720575940607805314,176307
720575941479112834,720575940626898494,814218
720575941545575529,720575940616537973,160367
720575941482920189,720575940610943897,208303
720575941514763257,720575940638626630,541600
720575941616494630,720575940621035758,909178
720575941553767815,720575940607114882,129358
720575941575247286,720575940631277430,114867
720575941543761669,720575940650538617,27832
720575941552754750,720575940627999816,145920
720575941490111541,720575940618294758,194643
720575941408101679,720575940625675412,554551
720575941491702247,720575940626170865,58832
720575941589579262,720575940612329395,907191
720575941480845219,720575940617534557,816918
720575941439944911,720575940653185782,313919
720575941590953612,720575940637003365,210911
720575941488838092,720575940625994168,34844
720575941514822915,720575940630796247,202808
720575941633502395,720575940623679684,45954
720575941470918263,720575940616384832,213946
720575941550933988,720575940621522272,107211
720575941657985872,720575940627773416,80517
720575941597186716,720575940645210404,111987
720575941527083686,720575940615542890,120002
720575941610565478,720575940605803744,143407
720575941533478066,720575940635389791,106331
720575941517386712,720575940616762054,119319
720575941508861968,720575940621039681,167974
720575941576546408,720575940626073232,204945
720575941475946782,720575940627132668,123676
720575941447842894,720575940622719988,253015
720575941630369772,720575940618899323,108713
720575941645594785,720575940622788071,75937
720575941471026039,720575940639155433,197723
720575941582901343,720575940627059471,94153
720575941470367808,720575940621041773,111295
720575941537907176,720575940603818464,206861
720575941567761522,720575940636843119,934798
720575941508746000,720575940622105471,97520
720575941506767489,720575940631005046,94913
720575941448154717,720575940623490013,140057
720575941436217632,720575940627891849,34552
720575941575100520,720575940615346363,805289
720575941493939838,720575940611912658,169141
720575941626589292,720575940629794412,59699
720575941437738559,720575940621690100,127863962
720575941473591867,720575940630057594,95942
720575941517858220,720575940620563777,168943
720575941445192362,720575940618321186,153688
720575941456513773,720575940638988521,182058
720575941490650313,720575940630498686,24617
target neuron id,720575940630426435,180340
720575941588159812,720575940619803697,157783
720575941594727638,720575940616883387,550690
720575941661757496,720575940631039488,41076
720575941687068655,720575940628107536,544491
720575941489989582,720575940630384246,194320
720575941597374876,720575940644597152,173096
720575941723831354,720575940615723682,154134
720575941658931792,720575940637281710,99596
720575941486631746,720575940609214556,34833
720575941439927387,720575940621190383,542551
720575941632754629,720575940624414186,197334
720575941566124135,720575940617688267,106609
720575941515018330,720575940630971679,816952
720575941533761458,720575940632714823,545306
720575941594570117,720575940618161531,813795
720575941516628371,720575940616128927,145064
720575941508834082,720575940639755317,134184
720575941414121876,720575940623996184,123229
720575941681025469,720575940631364828,557230
720575941667819251,720575940626587011,89727
720575941680765885,720575940635789431,549196
720575941539343229,720575940635095391,534464626
720575941580377721,720575940631391503,175920
720575941407133358,720575940618761117,215412
720575941481215139,720575940636415966,542698
720575941535190499,720575940625895923,374381048
720575941536304906,720575940627110672,49011
720575941556143076,720575940630683692,173996
720575941534738008,720575940646477934,525567
720575941520889847,720575940644597448,136426
720575941431305486,720575940611329138,189718
720575941572258811,720575940627272122,567684
720575941549104161,720575940615558367,111698
720575941586119814,720575940622184432,20421
720575941413271188,720575940628139578,26523
720575941631162348,720575940626316730,167157
720575941580516217,720575940609318613,193978
720575941564557366,720575940622037942,223214
720575941538050280,720575940622550601,258443
720575941483174854,720575940615138223,55800
720575941577508953,720575940618903345,217811
720575941437396498,720575940620020845,114792
720575941574949627,720575940623207950,63853
720575941617510101,720575940630736375,525251
720575941557280420,720575940638272222,543051
720575941576776808,720575940637536397,813193
720575941480093163,720575940609212508,99957
720575941483790989,720575940620705812,121832
720575941559512847,720575940618068737,814891
720575941508860801,720575940623225417,43939
720575941450599005,720575940635908580,44085
720575941565635382,720575940626177584,38041
720575941498662818,720575940626087824,60210
720575941575683161,720575940627952683,116765
720575941470962807,720575940622007322,34178
720575941414409361,720575940607015260,57243
720575941477445169,720575940621179329,196291
720575941564437090,720575940626238716,123442
720575941526854733,720575940607694514,134121
720575941589278348,720575940631224407,45591
720575941453333161,720575940639622272,80920
720575941438436671,720575940624884231,806727
720575941593378411,720575940622185430,819863
720575941505765180,720575940620913798,84807
720575941597581724,720575940632311367,123625
720575941568998770,720575940652449014,815989
720575941489642444,720575940627272962,36934
720575941581933689,720575940608512092,89617
720575941596165253,720575940612387555,135681
720575941484951949,720575940622241494,14218
720575941630113762,720575940625120492,38830
720575941514078810,720575940620528990,129973
720575941538966421,720575940609348619,111613
720575941505230130,720575940633624546,60925
720575941575179958,720575940627666283,141191
720575941506136599,720575940622003411,176774
720575941438001426,720575940647651892,154261
720575941504898981,720575940639987773,130592
720575941555485779,720575940630375542,85063
720575941430196183,720575940634941503,109017
720575941589862654,720575940631034955,903608
720575941458925126,720575940628518673,152658
720575941429942959,720575940638773062,911307
720575941586227422,720575940624896148,127662
720575941578247513,720575940622855935,182392
720575941431362830,720575940640132405,97139
720575941650004465,720575940620479366,551915
720575941591943464,720575940615585442,56944
720575941518317016,720575940637857648,54863
720575941471776887,720575940621598128,150509
720575941661661308,720575940637767792,900157
720575941519334572,720575940622391821,69509
720575941457339295,720575940618876317,156572
720575941437591058,720575940629002716,541499
720575941414292625,720575940627431080,538067
720575941536826344,720575940610355186,106255
720575941482846717,720575940623184937,812183
720575941644740001,720575940619302454,118080
720575941480424611,720575940629899820,101620
720575941498578249,720575940625590653,100858
720575941560106222,720575940609023499,819796
720575941564728727,720575940634153427,65463
720575941486252354,720575940619810982,535692
720575941505759045,720575940639466054,49054
720575941554610771,720575940634843031,138455
720575941514511171,720575940613787875,866949698
720575941597644992,720575940625124861,342862
720575941515376995,720575940629541626,220192
720575941409414315,720575940614196748,49155
720575941434065806,720575940623900696,279099
720575941440420815,720575940624206847,54441
720575941504144322,720575940622073104,92708
720575941511013392,720575940621374629,215350
720575941503984727,720575940636466807,109378
720575941466724118,720575940641658164,71363
720575941603060214,720575940626573002,135595
720575941434229646,720575940644597540,514048
720575941542737437,720575940644921288,100888
720575941661436984,720575940623305706,62653
720575941668920051,720575940624346820,91784
720575941604063417,720575940650597497,200377
720575941493908400,720575940642652123,902320
720575941548699965,720575940630299897,233502
720575941551424283,720575940618990420,62301
720575941591434636,720575940622647517,546595
720575941467145046,720575940617650407,114536
720575941669482929,720575940622118143,127098
720575941612519388,720575940608085890,115747
720575941626078619,720575940616264788,548067
720575941456998893,720575940644595104,55963
720575941457392031,720575940614263719,546149
720575941497516411,720575940623778284,76205
720575941528148868,720575940629231363,199925
720575941550871039,720575940626305573,133898
720575941639469343,720575940631280292,91115
720575941565819438,720575940634343007,41103
720575941547715976,720575940621931958,548365
720575941428014420,720575940627307097,55777
720575941451340201,720575940614843055,525330
720575941614368153,720575940628856572,53217
720575941453487529,720575940617324433,1050229344
720575941645039777,720575940613332734,245519
720575941702161370,720575940621132969,38611
720575941492822142,720575940629531639,156118
720575941572517192,720575940611382195,100501
720575941540919837,720575940623469034,534117
720575941546087529,720575940638791145,133905
720575941501903154,720575940622332403,130728
720575941661652604,720575940627293199,252308
720575941565015296,720575940626266980,94043
720575941417261340,720575940642316507,52856
720575941643571656,720575940616259487,121752
720575941572403963,720575940632228370,814303
720575941534146994,720575940613519786,184591
720575941722491194,720575940612137690,85559
720575941441904987,720575940614283006,123620
720575941585726598,720575940625973692,149322
720575941506847804,720575940620879809,119242
720575941513995596,720575940621787371,515148
720575941474384992,720575940639586944,192803
720575941437898719,720575940632118802,59623
720575941680294845,720575940628281860,112852
720575941619324543,720575940642000692,101199
720575941547569185,720575940627588178,105673
720575941551157247,720575940609288494,45060
720575941486033986,720575940639847101,820683
720575941432206606,720575940628612112,805309
720575941513373905,720575940619502390,152668
720575941431818671,720575940622972686,139255
720575941565240162,720575940632537508,128402
720575941537052954,720575940628148712,147954
720575941596915136,720575940617262011,123346
720575941524184395,720575940630902469,118231
720575941507952418,720575940630754942,131243
720575941632580037,720575940607225609,108575
720575941510174480,720575940621852952,179687
720575941488820937,720575940624592061,111527
720575941506802501,720575940635094426,143846
720575941733258795,720575940616274827,516044
720575941561150509,720575940644657956,901458
720575941625382026,720575940645837603,213331
720575941481133309,720575940617005383,815910
720575941587341380,720575940621599216,34884
720575941409994863,720575940620318740,107417
720575941535139338,720575940635603903,230557
720575941506624290,720575940611153370,151714
720575941433301774,720575940631405416,94581
720575941613595545,720575940634231706,188780
720575941469182941,720575940618657861,162978
720575941564480407,720575940635632105,155154
720575941536481546,720575940630981484,904790
720575941514483788,720575940632844825,179483
720575941569225972,720575940620414912,909174
720575941485234498,720575940620130543,109140
720575941538496461,720575940613278998,808983
720575941573277622,720575940619079152,205801
720575941475708721,720575940608547140,163095
720575941457382896,720575940621331649,112491
720575941586441950,720575940621929471,301260
720575941441347931,720575940623590547,547150
720575941469858423,720575940608872796,71540
720575941448915534,720575940646496878,139012
720575941413290388,720575940618099549,832280
720575941575337993,720575940628761039,50804
720575941475964225,720575940624612912,194721
720575941546516404,720575940624021759,804975
720575941482435011,720575940620275053,51699
720575941402595184,720575940645933079,172475
720575941723888698,720575940608527992,157793
720575941533826947,720575940613306610,802913
720575941430244745,720575940641195765,135174
720575941476126769,720575940627669912,192231
720575941585316998,720575940631920079,158729
720575941435685774,720575940615215057,49713
720575941438875733,720575940623774669,485099
720575941688208652,720575940633117727,179355
720575941521764531,720575940620217582,107073
720575941439104044,720575940642304731,102216
720575941690563224,720575940624226633,209909
720575941626029420,720575940616837716,88022
720575941611486125,720575940622765508,99480
720575941548518689,720575940615246247,116260
720575941625334892,720575940634836216,115764
720575941545548476,720575940644672968,136624
720575941511561426,720575940628899304,33233
720575941594644519,720575940629044935,816245
720575941513853443,720575940620652564,97203
720575941535550145,720575940623257597,131659
720575941670476721,720575940633220423,227459
720575941408923054,720575940617514653,955900
720575941566490934,720575940638683453,32772
720575941533770115,720575940623001633,168826
720575941459340528,720575940633491027,141658
720575941408617902,720575940625693966,809876
720575941518693230,720575940627464530,553531
720575941459055344,720575940613606250,73870
720575941500035467,720575940606524337,211024
720575941611663462,720575940620662036,147920
720575941575189352,720575940614835362,809199
720575941461706128,720575940625625836,86168
720575941506455390,720575940636589669,39689
720575941609407917,720575940614457297,69457
720575941628869414,720575940640021326,51077
720575941519357879,720575940616635067,67294
720575941514929811,720575940622645748,78337
720575941504763045,720575940634852463,96356
720575941593743574,720575940633802210,116724
720575941606115437,720575940621624308,230323
720575941432138593,720575940622211760,211584
720575941490065127,720575940617825344,140802
720575941553014938,720575940607420850,819000
720575941573629179,720575940626282633,82745
720575941612364774,720575940627703897,810548
720575941498657954,720575940643966743,97941
720575941475288094,720575940624747445,124187
720575941568558068,720575940627287994,910413
720575941408150063,720575940639697486,553217
720575941430808056,720575940615757418,183282
720575941683842200,720575940619475870,907500
720575941608143981,720575940621224584,72614
720575941537008360,720575940611421486,121329
720575941668999345,720575940622204612,228404
720575941541127772,720575940609420043,173698
720575941506357854,720575940621736662,99472
720575941458727408,720575940640793216,94260
720575941535245234,720575940606504224,65285
720575941518416750,720575940647055907,18216
720575941466246486,720575940625919434,294784
720575941452709801,720575940616669115,817209
720575941463844365,720575940627296396,812583
720575941447770702,720575940615272891,995562729
720575941555184641,720575940636193387,542874
720575941392643222,720575940628357352,122377
720575941459402399,720575940645514519,158985
720575941645079240,720575940620664675,71256
720575941574990089,720575940629951183,106082
720575941464186454,720575940608297774,61015
720575941550637118,720575940625669607,219030
720575941400730659,720575940607492553,133963
720575941612204774,720575940613118259,919015263
720575941571582203,720575940619493402,362462060
720575941524477442,720575940618846001,816784
720575941437397266,720575940644269728,169524
720575941451304270,720575940624149685,79177
720575941551799039,720575940621802223,115704
720575941606885741,720575940633403053,823727
720575941400519459,720575940618652318,536888
720575941651593237,720575940615206707,18688
720575941483436029,720575940631333883,905654
720575941430816504,720575940622078121,533488
720575941611741542,720575940638196702,258996
720575941576812889,720575940645257507,542629
720575941460232256,720575940627078462,78193
720575941479501186,720575940621730567,96576
720575941653343961,720575940614675198,816509
720575941434287648,720575940628267767,177312535
720575941600513577,720575940655855265,144483228
720575941401278243,720575940628314217,527254
720575941471495031,720575940621003102,580494
720575941526375961,720575940620906516,181904
720575941504524482,720575940608210866,912365
720575941545519877,720575940652063734,209332
720575941590074167,720575940606631014,676893250
720575941611587603,720575940627363870,13239
720575941393382294,720575940613288499,195035
720575941450884679,720575940622771082,136538
720575941690587099,720575940617667670,116046
720575941436607532,720575940617992148,90456
720575941535421210,720575940625361978,818473
720575941588927742,720575940630538796,83205
720575941447786677,720575940623189673,956900
720575941625698668,720575940616478806,102628
720575941486313734,720575940627820304,543438
720575941550518271,720575940627230052,361953
720575941458182047,720575940627698698,519432
720575941643042917,720575940628407963,27011
720575941573142941,720575940617618137,536895
720575941414859921,720575940627619912,191664
720575941392160004,720575940612759770,116015
720575941573026462,720575940621309534,543682
720575941624700924,720575940641960181,166030
720575941461168653,720575940641498331,925926
720575941637140597,720575940633140887,69498
720575941409043627,720575940635475552,131101
720575941603763390,720575940630043495,142470
720575941437791967,720575940631867223,147841
720575941470587147,720575940603549868,145036
720575941611854812,720575940617037068,26047
720575941572276489,720575940620355377,529008
720575941546433160,720575940630550784,813403
720575941489454389,720575940608522761,815610
720575941681638845,720575940618861105,109311
720575941565390231,720575940626792025,138120
720575941616545749,720575940620445536,205453
720575941449066574,720575940609870293,60992
720575941526928898,720575940624493290,393977
720575941577608025,720575940631394245,515846
720575941612868883,720575940626873530,103488
720575941690317019,720575940616683826,93596
720575941442002779,720575940628242220,67948
720575941433876622,720575940629539269,26327
720575941442117839,720575940624993021,807780
720575941552261274,720575940621555309,99034
720575941441566415,720575940615317866,129128
720575941513735756,720575940608472797,134667
720575941592637547,720575940639384920,225201
720575941406668974,720575940635272800,142800
720575941549925748,720575940623047688,211010
720575941528408708,720575940627305100,133747
720575941525824514,720575940632069650,81999
720575941574756751,720575940608560395,215334
720575941564550759,720575940625805838,121262
720575941652786193,720575940612461795,56109
720575941565918567,720575940629112887,91914
720575941537669859,720575940623990797,124145
720575941566813690,720575940629946471,65789
720575941584988511,720575940641644084,539408
720575941452277673,720575940630148655,270922
720575941439205420,720575940620744257,196101
720575941586816580,720575940605185312,543978
720575941529719940,720575940623329494,168034
720575941430260728,720575940616435398,149112
720575941723676218,720575940632700728,208820
720575941507610753,720575940628846530,169876
720575941514227523,720575940612911283,812182
720575941482362051,720575940634703516,219689
720575941458471583,720575940623065001,216866
720575941407023407,720575940633394283,206752
720575941564741778,720575940627025039,82931
720575941544503557,720575940635628516,142617
720575941412166545,720575940626842174,386909
720575941690868187,720575940611828178,144109
720575941559463725,720575940630665338,39240
720575941536197642,720575940624055559,37448
720575941619763170,720575940641083264,28431
720575941408776878,720575940629781264,135567
720575941482320835,720575940625058539,310734
720575941560949293,720575940620260596,60593
720575941588985655,720575940622014090,65985
720575941437747519,720575940622450928,115914
720575941594044630,720575940643604345,90724
720575941604108734,720575940616537812,141974
720575941526036301,720575940611791834,82592
720575941539397245,720575940622619661,157387
720575941633195973,720575940643615796,20237
720575941392873476,720575940624260390,84702
720575941537158376,720575940633206753,140726
720575941578065233,720575940624160845,147711
720575941525831426,720575940612956122,209837831
720575941543187036,720575940625859940,33993
720575941659242064,720575940629154810,95055
720575941514054220,720575940623621926,62637
720575941411358575,720575940627690517,32704
720575941614816725,720575940612764438,113291
720575941432096014,720575940623913983,59013
720575941650162709,720575940619868795,64905
720575941608801257,720575940619564709,123579
720575941515501667,720575940634435484,815040
720575941510466576,720575940616838789,56609
720575941462010768,720575940606449766,122431
720575941500613026,720575940631169311,513954
720575941502407730,720575940622179137,822092
720575941352791856,720575940631883983,122353
720575941550035828,720575940614072803,203577
720575941440821183,720575940630558423,23732
720575941579897937,720575940623224396,152928
720575941413104020,720575940637834301,818454
720575941688732172,720575940627662321,104569
720575941503839467,720575940620127041,818321
720575941468049015,720575940634761185,955452
720575941670298330,720575940624832231,255017
720575941544238597,720575940609391113,160282
720575941519876568,720575940632340024,100780
720575941539393405,720575940606261084,810375
720575941631909573,720575940625901002,29949
720575941410359211,720575940660859009,815381
720575941473206058,720575940622388265,824066
720575941549676606,720575940612665562,151970
720575941486778374,720575940644613536,53266
720575941603783158,720575940629951191,75151
720575941563015522,720575940642121947,817538
720575941624913546,720575940616113158,85708
720575941538126307,720575940647673721,807458
720575941545821289,720575940622442387,150815
720575941440888917,720575940628024207,131267
720575941407031214,720575940619662971,163682
720575941429174008,720575940639843893,162111
720575941670919591,720575940614991527,106619
720575941687197423,720575940618312081,144715
720575941542268508,720575940638019162,810027
720575941625321866,720575940628496104,97003
720575941611704284,720575940624532231,156212
720575941483800717,720575940634107327,204608
720575941686788364,720575940613338738,30701
720575941541987357,720575940639677941,117876
720575941477004062,720575940635628766,184017
720575941651725809,720575940622126079,213236
720575941586018014,720575940615994730,559285
720575941536220904,720575940623445247,808440
720575941576167257,720575940615355282,113064
720575941449083741,720575940620954484,97425
720575941628738342,720575940620573269,130405
720575941576992245,720575940634599650,817228
720575941522021811,720575940623334143,130272
720575941436559904,720575940607550921,519086
720575941439562175,720575940629017419,99858
720575941429009656,720575940629627239,526149
720575941493944958,720575940621150958,112205
720575941489849545,720575940637551461,87341
720575941643979602,720575940624602701,139860
720575941544720133,720575940620603245,123628
720575941551176510,720575940623349784,164656
720575941545284613,720575940634943644,164297
720575941491063271,720575940628787984,872719710
720575941552024967,720575940638180068,812983
720575941453186887,720575940633716781,40751
720575941479354498,720575940611567224,1050455205
720575941428077652,720575940621051312,103366
720575941433402912,720575940621033152,282217
720575941732081963,720575940630264320,205986
720575941521587019,720575940642568864,940274
720575941567185710,720575940623609613,202714
720575941454118963,720575940626578319,132800
720575941525723138,720575940621968550,79297
720575941529257348,720575940624852809,814650
720575941476971057,720575940621983757,87997
720575941505292092,720575940620061387,1051236130
720575941558954276,720575940613225957,100733
720575941431156728,720575940623135612,911141
720575941434249504,720575940625113783,76865
720575941612861971,720575940621774689,232672
720575941577855477,720575940620745351,108414
720575941662619192,720575940612444851,224148
720575941643352737,720575940642959895,331446
720575941553446535,720575940632798264,88336
720575941532787331,720575940619846241,201618
720575941435600928,720575940617778315,175206
720575941687768182,720575940620881226,20915
720575941516798611,720575940627316495,176843
720575941561485714,720575940631902149,23453
720575941553576583,720575940628504853,809725
720575941480504483,720575940630839213,160084
720575941493779070,720575940612180629,70592
720575941645116872,720575940609249884,817862
720575941582313337,720575940635340462,54478
720575941539991933,720575940641684213,57613
720575941531448293,720575940614181357,57648
720575941542944773,720575940628008442,188423
720575941506695262,720575940612984243,100684
720575941603856574,720575940620896801,58163
720575941430218232,720575940630692675,97238
720575941484639629,720575940615051304,116384
720575941658289944,720575940623606749,516473
720575941575277494,720575940614795571,104322
720575941585359582,720575940617140765,138823
720575941495766912,720575940631025103,51269
720575941551854079,720575940629562668,28967
720575941614303385,720575940614597644,69576
720575941456491757,720575940614053405,151612
720575941651025137,720575940645765655,164265
720575941580015093,720575940611638994,147822
720575941482696122,720575940633082157,515782
720575941568521330,720575940626805296,73322
720575941506830626,720575940623721912,817895
720575941731609643,720575940615634875,544938
720575941539801725,720575940632041043,101584
720575941626344300,720575940631306148,344566626
720575941526584909,720575940624721666,167209
720575941451482746,720575940627555590,581005
720575941486566285,720575940611187042,156723
720575941543875845,720575940635717743,213940
720575941658600784,720575940613905514,119507
720575941451673257,720575940641180123,134695
720575941598910505,720575940622105254,512200
720575941546871688,720575940610935410,162886
720575941451271751,720575940624655879,118137
720575941516361721,720575940640913280,170298
720575941515175235,720575940644990244,200870
720575941525998758,720575940621546432,512686
720575941593928049,720575940619759552,108404
720575941449616821,720575940624111177,92989
720575941482473658,720575940629728259,541942
720575941499038114,720575940624434616,99805
720575941519639991,720575940622878719,209942
720575941562381202,720575940628911620,196691
720575941513039692,720575940620551126,903843
720575941558743853,720575940654752417,163266
720575941574778806,720575940619898759,179750
720575941435217294,720575940630118338,127874
720575941516300131,720575940628218011,139533
720575941415914268,720575940630299084,129797
720575941479290819,720575940611153870,80323
720575941393212054,720575940635990896,129716
720575941552094463,720575940631175109,128517
720575941508782290,720575940623802564,804436
720575941477198129,720575940629076540,48274
720575941632020677,720575940628963883,122735
720575941462830861,720575940620447793,535164
720575941404115568,720575940642661851,111489
720575941642239570,720575940624682218,88551
720575941641568869,720575940621728865,101759
720575941466048342,720575940655851169,104761
720575941454853869,720575940623813144,131427
720575941615480729,720575940608370645,49970
720575941558210575,720575940613012959,353577
720575941449674574,720575940622597078,139498
720575941452100167,720575940630947799,163883
720575941465609046,720575940616328390,155501
720575941584179039,720575940630956032,131064
720575941427621972,720575940610895314,82860
720575941627472697,720575940629549929,33811
720575941505177026,720575940608049603,97312
720575941629952994,720575940632090699,123695
720575941619731426,720575940613393839,78547
720575941408056879,720575940625123879,551332
720575941533752810,720575940639398965,146269
720575941589512772,720575940629680379,912154
720575941535335178,720575940634997134,103223
720575941553574683,720575940646097006,64642
720575941604479478,720575940609696521,113926
720575941688163190,720575940608115418,544397
720575941480043427,720575940625888089,221545
720575941536766947,720575940618717819,323157
720575941537332451,720575940622084681,85362
720575941592222059,720575940630958710,549027
720575941586591710,720575940631739309,153562
720575941458720415,720575940635149919,75806
720575941484252157,720575940615637983,233819
720575941595638897,720575940620725976,209503
720575941563226368,720575940612304858,127992
720575941524544793,720575940610646897,96273
720575941483153850,720575940612626966,123921
720575941453071175,720575940627905354,179247
720575941408633006,720575940620755717,38680
720575941471781131,720575940628507464,148194
720575941523788619,720575940623065587,194863
720575941466126166,720575940630829419,47566
720575941498411170,720575940618323412,164373
720575941574597896,720575940620676929,265662
720575941534378506,720575940619214528,74550
720575941651697393,720575940620808286,424522
720575941507163205,720575940633713087,110526
720575941651852017,720575940620439905,44017
720575941633920443,720575940621708198,322574
720575941534210538,720575940615677330,142941
720575941691457176,720575940626229337,157880
720575941451979847,720575940626767152,207483
720575941461381316,720575940646075415,89819
720575941533013733,720575940630265339,134461
720575941462336656,720575940622123958,530203
720575941691037336,720575940628115987,37348
720575941550393716,720575940628724284,90964
720575941556539830,720575940614691025,1050515057
720575941466815254,720575940606074558,92467
720575941539550077,720575940632955960,147030
720575941454366259,720575940644157600,520286
720575941542752604,720575940620254796,31611
720575941611686121,720575940626293604,35292
720575941486395600,720575940625302280,173838
720575941607048045,720575940613506162,73339
720575941414245777,720575940629645818,188883
720575941639595295,720575940635458734,814155
720575941662289720,720575940635616154,923154
720575941591857771,720575940631279575,79346
720575941435604256,720575940605632433,90822
720575941481040975,720575940621798945,76304
720575941438185951,720575940616592908,131848
720575941633193669,720575940626999652,164343
720575941525391526,720575940622575754,819673
720575941524010340,720575940631193404,190289
720575941468325239,720575940638957801,92370
720575941545453748,720575940633867091,119785
720575941430990072,720575940636688558,99534
720575941670199729,720575940622644860,174347
720575941558404388,720575940624373994,62162
720575941576862545,720575940616850188,52047
720575941469414007,720575940606165606,514375
720575941513308236,720575940632872396,19907
720575941467564822,720575940615953862,27182
720575941588545335,720575940621762113,217370
720575941617120469,720575940627538370,154853
720575941584344671,720575940626399400,36362
720575941486673730,720575940648507257,214955
720575941497177825,720575940617066653,529006
720575941497770977,720575940636044907,66845
720575941562303239,720575940627186750,37103
720575941476302897,720575940611188578,126909
720575941544234757,720575940630286583,233626
720575941572094203,720575940631916428,222473
720575941502306498,720575940627483142,542505
720575941591915371,720575940632271780,255012
720575941585034591,720575940620283227,814262
720575941613052057,720575940628503114,96854
720575941449435485,720575940630826231,210421
720575941556919588,720575940624632578,93746
720575941510537170,720575940611830738,539473
720575941519639172,720575940618529570,102928
720575941434204855,720575940607900594,136661
720575941563880855,720575940618847281,104804
720575941643222610,720575940619631307,808515
720575941564778503,720575940622173534,111089
720575941479373647,720575940649882745,123281
720575941573360904,720575940612649625,180462
720575941498917449,720575940617301435,545199
720575941545659068,720575940620298754,43469
720575941688127983,720575940621256539,139830
720575941545303813,720575940626548867,614351352
720575941503374652,720575940631177231,127105
720575941605960813,720575940616395487,812293
720575941429576073,720575940610454734,121075
720575941539592434,720575940618985351,25088
720575941492230375,720575940630708183,52892
720575941630066402,720575940626792766,127386
720575941650002161,720575940630230599,218542
720575941593821803,720575940614207298,107018
720575941701466586,720575940626620730,229885
720575941592249707,720575940606009120,42250
720575941431144545,720575940628306770,45945
720575941565790562,720575940641692917,211534
720575941547537697,720575940626300444,35206
720575941655646232,720575940624024063,238411
720575941653643481,720575940631934511,545399
720575941607928685,720575940628402682,814415
720575941470135360,720575940625736435,92172
720575941524241227,720575940614818710,95393
720575941446100756,720575940621836454,80786
720575941407162542,720575940632076303,946558
720575941503667762,720575940620303830,131054
720575941659119640,720575940615070119,813278
720575941507948161,720575940629655631,532667
720575941465432918,720575940617180305,828916
720575941535772170,720575940613249199,543317
720575941662719356,720575940637226126,114875
720575941406769711,720575940609370633,70305
720575941652720113,720575940618287307,87412
720575941631004908,720575940634376473,814890
720575941569662322,720575940640647283,127647
720575941430155223,720575940635072692,209143
720575941409071022,720575940624132871,177329
720575941514447875,720575940634838926,47695
720575941593588263,720575940629012209,142242
720575941443679146,720575940627814410,103479
720575941612076518,720575940629734147,817796
720575941546297276,720575940615203986,84795
720575941540098429,720575940626291581,199364
720575941595116246,720575940631342329,117051
720575941540868125,720575940613152170,823799
720575941408244910,720575940629960919,96225
720575941557067172,720575940627496537,42352
720575941614956441,720575940633254370,228329
720575941513384657,720575940631748152,911819
720575941568467706,720575940618432054,616971586
720575941468928221,720575940640179328,268035
720575941499895458,720575940642669728,150936
720575941555609857,720575940612418161,921618
720575941490765774,720575940632633657,75917
720575941535105112,720575940613961403,123702
720575941579661905,720575940619869120,46817
720575941578928209,720575940634946160,89976
720575941516228355,720575940612608790,174038
720575941600952105,720575940606133932,74869
720575941631175109,720575940611168405,134557
720575941461800717,720575940638452190,172099
720575941525947138,720575940620186584,143630
720575941573287581,720575940633448915,163434
720575941413846417,720575940622179361,51553
720575941680356541,720575940615683178,54207
720575941452847897,720575940606067377,570455
720575941598766121,720575940624033997,114163
720575941565017398,720575940624149256,556630
720575941546554294,720575940639249341,526013
720575941652369393,720575940620577217,812240
720575941590979212,720575940614219518,909576
720575941511884108,720575940622661247,80429
720575941552286975,720575940644501408,580262
720575941476474218,720575940641469941,147665
720575941535722218,720575940620713129,1177500143
720575941498209659,720575940616475732,105173
720575941565579879,720575940632127530,172000
720575941436396320,720575940618562368,132713
720575941503969189,720575940647071779,40048
720575941522214391,720575940625767305,88759
720575941620520319,720575940620558689,529011
720575941667528947,720575940621882977,40988
720575941722972730,720575940628057363,104125
720575941522455371,720575940620516555,810064
720575941482376957,720575940607794443,211538
720575941457683615,720575940628969984,550704
720575941440855759,720575940610691733,816028
720575941393034244,720575940632075724,122196
720575941428288340,720575940621073243,102641
720575941517607278,720575940629023870,23759
720575941457135686,720575940623428804,84943
720575941444127402,720575940631417057,103440
720575941501787531,720575940622151804,74295
720575941484070842,720575940618838085,815795
720575941501653483,720575940631650079,31872
720575941611390538,720575940618317140,167892
720575941593336939,720575940628713457,552689
720575941459925318,720575940608970763,244634
720575941590190632,720575940627831890,95713
720575941690284763,720575940614615806,812022
720575941613547539,720575940624771271,29637
720575941474791745,720575940628469967,552582
720575941669980583,720575940638813503,386180125
720575941504166999,720575940630041913,21121
720575941496178887,720575940633450067,221343
720575941552351745,720575940631468335,179807
720575941530649572,720575940620102193,544029
720575941556968612,720575940633532447,820870
720575941477047857,720575940627476764,201424
720575941551725630,720575940632733651,311820
720575941644695890,720575940617541081,836401
720575941601266678,720575940632791071,68121
720575941732181803,720575940624710151,925639
720575941506991489,720575940628194577,95885
720575941482382077,720575940622441084,117100
720575941564709522,720575940622951571,532184
720575941626072684,720575940626210844,110649
720575941586697950,720575940626925657,118141
720575941563207575,720575940626797770,24507
720575941541652572,720575940631740357,141599
720575941476419124,720575940625006524,92538
720575941449040733,720575940606394982,13920
720575941481452227,720575940634549404,173445
720575941644987592,720575940614242257,572607
720575941450744903,720575940629861419,210852
720575941484605762,720575940628303635,906819
720575941514319180,720575940621323435,159830
720575941626353290,720575940611427938,228341
720575941662126460,720575940631710604,153395
720575941639355509,720575940620612929,232426
720575941464883990,720575940614534142,200599
720575941564640098,720575940618418321,516734
720575941625531803,720575940619877615,36059
720575941449898165,720575940620101614,546032
720575941579458129,720575940603688226,156748
720575941596901509,720575940605651744,227449
720575941588160068,720575940631126189,89758
720575941568342130,720575940625853479,168002
720575941638570869,720575940614677810,114832
720575941533641252,720575940622722849,205775
720575941617430741,720575940655988897,137737
720575941519955127,720575940639744821,541556
720575941564631296,720575940604712113,884064233
720575941426235988,720575940613143731,61963
720575941625756827,720575940631351255,192968
720575941701440218,720575940604763494,530097
720575941529297540,720575940624101631,122813
720575941593654891,720575940616402873,164404
720575941589001470,720575940622190452,156741
720575941619744738,720575940619965684,122603
720575941450546857,720575940632284970,190935
720575941449447861,720575940639046372,117383
720575941411782036,720575940634117075,93808
720575941554996481,720575940620830290,270485
720575941564525714,720575940632358418,74613
720575941643000184,720575940641389728,56714
720575941453994803,720575940627836689,162879
720575941478678122,720575940620722000,205895
720575941503043159,720575940626948485,813657
720575941515732227,720575940624041924,121856
720575941351388464,720575940644677411,196579
720575941552444807,720575940614087377,180703
720575941523351371,720575940632936248,534447
720575941511808210,720575940603659488,244860
720575941482986682,720575940626833994,238701
720575941465695830,720575940613864498,150259
720575941509167120,720575940640718424,94969
720575941440664767,720575940640944013,64528
720575941644344402,720575940633341521,113562
720575941652431637,720575940635434943,548400
720575941631705541,720575940627379987,132551
720575941538629245,720575940624569929,108235
720575941688390156,720575940615225250,147584
720575941589976716,720575940625009182,37388
720575941611900646,720575940646184995,131359
720575941556026625,720575940620811073,131205
720575941638730271,720575940647524404,70489
720575941464283222,720575940620562993,70299
720575941403389552,720575940624999370,520328
720575941390655236,720575940630028537,178690
720575941516052483,720575940632206500,128196
720575941570732190,720575940645917492,86268
720575941489532213,720575940617787550,819067
720575941532312707,720575940641567885,899884652
720575941505762071,720575940636329140,526221
720575941478031722,720575940626125626,809289
720575941543684201,720575940630712151,819289
720575941574739976,720575940607765259,135648
720575941566176857,720575940624156296,139520
720575941607222893,720575940628921387,550970
720575941486084930,720575940619753307,1050239701
720575941563585704,720575940616295937,115418
720575941623827196,720575940631913047,73270
720575941596026245,720575940640721141,143878
720575941472167232,720575940616434617,173691
720575941512238033,720575940610492355,107237
720575941507019333,720575940623097853,929968
720575941680806845,720575940631393810,184021
720575941570469108,720575940619285150,138370
720575941645218680,720575940617156445,158179
720575941610560358,720575940636485733,93278
720575941519140462,720575940626619411,286544
720575941688397430,720575940626524805,168656
720575941590813438,720575940603925280,580292
720575941564390912,720575940644671255,61743
720575941476143921,720575940614248866,74585
720575941472218154,720575940605749472,281286
720575941475380785,720575940624474867,63653
720575941562972055,720575940622622796,816204
720575941483517638,720575940619009309,542434
720575941533278698,720575940619045957,144806
720575941491336142,720575940621501609,117096
720575941477501726,720575940628437562,162521
720575941527045732,720575940623094622,171246
720575941480807554,720575940632263442,78603
720575941578492405,720575940635883674,173392
720575941449984078,720575940622010689,131421
720575941460674374,720575940613757224,215880
720575941475384106,720575940628117129,942499
720575941566069046,720575940617865117,87462
720575941408875691,720575940617454114,29013
720575941496606177,720575940625584265,189841
720575941533902106,720575940613810483,554488
720575941595999857,720575940619590360,55359
720575941691235547,720575940627490826,126509
720575941410978159,720575940616695090,109510
720575941403173232,720575940633791513,221412
720575941497567611,720575940611387158,940399
720575941519133111,720575940619923476,24480
720575941505211671,720575940614983274,133827
720575941536115482,720575940614518338,910330
720575941471434103,720575940607722179,110325
720575941688948120,720575940628003859,1054498550
720575941468266262,720575940613786738,512310
720575941478447072,720575940628184040,987117568
720575941502472754,720575940624033831,568556
720575941686920175,720575940631587090,516478
720575941529039032,720575940625845242,1210412951
720575941526169700,720575940631228943,70174
720575941631896005,720575940616711458,101855
720575941519037356,720575940622337776,133460
720575941534666762,720575940601672201,122858
720575941539239573,720575940621425758,109811
720575941612967955,720575940623271206,811316
720575941596991132,720575940605788337,410577
720575941408192686,720575940637362544,166351
720575941507377698,720575940622822313,149143
720575941486506448,720575940612727770,818066
720575941430288225,720575940622170623,816129
720575941408795951,720575940631579219,232251
720575941503539516,720575940603719712,38670
720575941479901058,720575940620492337,137539
720575941594957351,720575940631141516,939462
720575941451143593,720575940617943046,115306
720575941667446259,720575940642607067,100245
720575941596303237,720575940624237450,65439
720575941702806746,720575940614904273,109757
720575941605830509,720575940626651624,30529
720575941530867659,720575940623073449,107935
720575941486064269,720575940624172936,805979
720575941439116095,720575940620016856,130657
720575941558568686,720575940623826189,142368
720575941597643712,720575940625754942,154739
720575941408102318,720575940621056020,240284
720575941593912359,720575940619016640,194507
720575941491048649,720575940633437357,562289
720575941544272489,720575940609176878,220387
720575941436408864,720575940626143946,118660
720575941531700709,720575940623458124,171897
720575941551750683,720575940631594833,177217
720575941553815891,720575940610179790,820068
720575941519316407,720575940618147520,120532
720575941351040048,720575940604182374,812069
720575941450035125,720575940620606600,104934
720575941560949805,720575940644726728,36864
720575941469310941,720575940638937971,200316
720575941572670472,720575940613919126,62978
720575941391104516,720575940606085360,139902
720575941586973918,720575940625283770,114672
720575941574713096,720575940627650120,90080
720575941671112871,720575940620617009,49699
720575941538209229,720575940625920805,133677
720575941651342577,720575940618729473,213691
720575941572993096,720575940605860320,171819
720575941555716097,720575940631885880,123934
720575941538785266,720575940640824704,805619
720575941554221595,720575940625274185,19039
720575941551070719,720575940624208201,86433
720575941680667069,720575940617567390,114844
720575941505359173,720575940604960992,39442
720575941403706992,720575940615485950,45923
720575941612286428,720575940628936700,514152
720575941449255773,720575940615046451,905820
720575941584618206,720575940634570906,130168
720575941451309993,720575940625407690,91705
720575941414358161,720575940622888231,150467
720575941463517197,720575940634577633,154278
720575941547334205,720575940619613422,139723
720575941625261676,720575940623774100,808448
720575941475580468,720575940611603418,14618
720575941472518459,720575940633427923,28568
720575941449785978,720575940626692485,849226085
720575941611043814,720575940631510521,914852
720575941572827131,720575940634187289,143466
720575941476218932,720575940625589117,137473
720575941462541876,720575940638637475,535222
720575941640176927,720575940616631602,185016
720575941595865280,720575940609081097,109652
720575941540419453,720575940615219606,72288
720575941446633492,720575940610367044,523668
720575941493700272,720575940631102279,151867
720575941540589437,720575940611480696,153201
720575941626116298,720575940606034121,830361
720575941615870165,720575940624741371,135870
720575941522384119,720575940612590102,57806
720575941497673289,720575940611356024,808683
720575941527475640,720575940642507464,93079
720575941561446290,720575940639978704,534085
720575941574631862,720575940622832398,133466
720575941523673079,720575940629741827,154962
720575941414051220,720575940621853386,169694
720575941434027662,720575940635518106,47544
720575941496948297,720575940646011246,123882
720575941506594629,720575940624034893,83199
720575941654826708,720575940638604021,818668
720575941553676423,720575940616151052,137067
720575941543606789,720575940613794060,113037
720575941520949495,720575940630419450,511915
720575941551108158,720575940625537822,529972
720575941619827071,720575940607781129,500248
720575941476802846,720575940627397223,70512
720575941652757745,720575940622107312,51747
720575941655891992,720575940621528173,137888
720575941446102804,720575940621177222,139724
720575941652204053,720575940633705370,88559
720575941556245924,720575940624234165,48543
720575941596755356,720575940613407981,1051134023
720575941546252732,720575940631123983,907883
720575941574978312,720575940605945778,187949
720575941560025326,720575940623961869,146510
720575941459573151,720575940616652006,217399
720575941623613948,720575940620046283,108504
720575941555989761,720575940627544451,564655
720575941452506537,720575940608610652,40883
720575941550786303,720575940629249918,175404
720575941604917182,720575940628292967,69725
720575941466650134,720575940627216283,84335
720575941558618404,720575940629864515,818629
720575941657650512,720575940611446165,816626
720575941563819432,720575940618710720,129240
720575941501807243,720575940623972756,122475
720575941538266237,720575940635045788,513652
720575941474035481,720575940630678867,178426
720575941551127551,720575940640877008,66703
720575941596703109,720575940637129072,198584
720575941663057788,720575940618135872,820410
720575941572349597,720575940614746507,181677
720575941513795281,720575940639708349,218947
720575941524096077,720575940631608874,169614
720575941450681722,720575940636375988,806819
720575941481181519,720575940620657799,171533
720575941545463401,720575940622715209,814481
720575941626639468,720575940629316089,63315
720575941519182263,720575940611255598,184427
720575941475473460,720575940645233262,191276
720575941589363966,720575940627117118,87638
720575941639444255,720575940623179644,153530
720575941552262535,720575940637282167,80144
720575941631876768,720575940638615529,109858
720575941603281593,720575940647770489,117450
720575941534762218,720575940633204575,194025
720575941559371502,720575940629423994,549404
720575941509235922,720575940623821848,40259
720575941614040729,720575940643094413,812503
720575941639743349,720575940644702152,41140
720575941610635497,720575940627172751,192525
720575941546190185,720575940608412508,338610753
720575941540656732,720575940629872683,194651
720575941513976908,720575940631189564,48437
720575941652996369,720575940614074031,65616
720575941631699180,720575940616919109,633272971
720575941603662582,720575940608865803,142768
720575941459979731,720575940623882180,871963
720575941480035808,720575940637222470,813388
720575941645261000,720575940626894654,128874
720575941439087660,720575940625263177,161441
720575941516922259,720575940628137987,158788
720575941503893157,720575940626942077,166380
720575941509002274,720575940635243159,167760
720575941450267470,720575940609164995,111491
720575941434712718,720575940619640792,75342
720575941503119154,720575940615466911,212604
720575941628020518,720575940614151475,107629970
720575941466574166,720575940633702370,512813
720575941413898385,720575940622975211,183627
720575941652030481,720575940617833419,27271
720575941690409947,720575940617589716,149677
720575941574414696,720575940637686896,152241
720575941547137672,720575940617690041,47275
720575941490370023,720575940633541165,64997
720575941565006439,720575940613247528,580718
720575941625144778,720575940606192318,940850
720575941559546606,720575940624124956,160559
720575941563118592,720575940610773171,807114
720575941549520161,720575940628941553,140729
720575941478162538,720575940639709237,66921
720575941466496278,720575940626934202,34722
720575941538143474,720575940629005809,257027046
720575941519637358,720575940628938826,40894
720575941660528440,720575940619824433,816584
720575941440909503,720575940621662234,62257
720575941497868962,720575940639889341,55962
720575941486210566,720575940627166522,166614
720575941460270918,720575940631638047,143830
720575941611611494,720575940618606715,104869
720575941393081604,720575940621128283,99409
720575941526177049,720575940621040417,812327
720575941515660643,720575940621642612,85531
720575941502974295,720575940632800344,46678
720575941519526067,720575940627212618,77047
720575941551269887,720575940628752583,97940
720575941588710199,720575940628697982,551338
720575941564572423,720575940629916571,207243
720575941506431548,720575940628396049,108407
720575941680991933,720575940624689336,266263
720575941401227811,720575940628732790,58008
720575941474051114,720575940630987727,68199
720575941533175489,720575940607004252,36810
720575941570319092,720575940633522636,67317
720575941438427347,720575940614770847,229604331
720575941617849557,720575940618451969,106652
720575941407604654,720575940613452525,513365
720575941536383203,720575940610370201,230223
720575941628359462,720575940621112966,176801
720575941654864857,720575940622744414,152590
720575941535417322,720575940618154385,553925
720575941475202097,720575940617311574,172880
720575941631791776,720575940633169745,123531
720575941571931976,720575940631962168,525540
720575941625121418,720575940607818965,196279
720575941652659185,720575940620682934,18975
720575941610094569,720575940639230948,908704
720575941566519350,720575940611690666,223078
720575941644684961,720575940624736264,802764
720575941610219558,720575940621490096,903101
720575941499220041,720575940635380831,113617
720575941564901383,720575940637219918,170041
720575941565563490,720575940605151916,87486
720575941593396849,720575940645635636,78057
720575941524185188,720575940628107267,140033
720575941594285681,720575940617968529,85589
720575941593736488,720575940631558393,1050123559
720575941662175356,720575940618468692,237424260
720575941492391600,720575940616169794,128823
720575941637740405,720575940626410186,99126
720575941533935960,720575940633274524,38257
720575941569777822,720575940621383540,145323
720575941498445691,720575940621202608,562272
720575941491686887,720575940623814803,511985
720575941688848396,720575940629894416,194976
720575941680438205,720575940620720112,33387
720575941431296248,720575940635109983,531525
720575941459855686,720575940638684742,139617
720575941563851106,720575940624421148,375632
720575941593137704,720575940619686360,241621
720575941472213034,720575940612763541,192913
720575941551716607,720575940622178292,129672
720575941552572039,720575940625517854,551404
720575941565370375,720575940629800347,811449
720575941470133515,720575940632616991,168384
720575941439552091,720575940632479815,544535
720575941643991160,720575940610301379,15407
720575941473975850,720575940609577483,284230
720575941459284464,720575940623192039,57684
720575941450193018,720575940614344755,57520
720575941515837331,720575940608595209,78520
720575941535901722,720575940639866064,51161
720575941597995305,720575940628066519,50314
720575941541139804,720575940613484706,815816
720575941614048153,720575940634015630,29562
720575941574766518,720575940644607011,105667
720575941583333766,720575940619380382,815654
720575941559859315,720575940621581409,109758
720575941553650003,720575940634962936,88290
720575941436875564,720575940626881625,154390
720575941721761850,720575940631132375,93042
720575941481552975,720575940626102567,159250
720575941652414741,720575940624629429,818628
720575941504006635,720575940614300383,182586
720575941536688872,720575940621593626,148058
720575941675009754,720575940602289198,112959
720575941572111261,720575940617499092,818025
720575941574537723,720575940639092925,813105
720575941528518840,720575940627930520,580579
720575941652229361,720575940630986102,148544
720575941538002920,720575940621620463,159365
720575941595804572,720575940613880360,93967
720575941411851691,720575940635141530,113388
720575941617749717,720575940625304649,526315
720575941619733986,720575940640591924,816808
720575941578175989,720575940608090972,821070
720575941431052207,720575940623443304,91485
720575941403553136,720575940608889948,43441
720575941679874749,720575940621145204,12467
720575941669447335,720575940621882793,141714
720575941542233373,720575940615327082,389561
720575941474229297,720575940616273887,934683
720575941533984705,720575940632101963,127418
720575941538179816,720575940626791293,108157
720575941540329853,720575940611986602,103609
720575941430123768,720575940640373557,912279
720575941543835397,720575940637965028,544335
720575941462042768,720575940621779053,153882
720575941563014407,720575940624488781,107523
720575941465864470,720575940620921003,85762
720575941547633032,720575940634396385,108211
720575941574597115,720575940612962029,87369
720575941539410325,720575940620572031,539960
720575941532088920,720575940618552374,34222
720575941538609789,720575940613611417,85321
720575941565861986,720575940619636357,117987
720575941658522392,720575940622290954,194937
720575941427404884,720575940625523214,92566
720575941535662602,720575940616178026,131824
720575941352420912,720575940638406205,808952
720575941522136055,720575940619070493,226436
720575941486407309,720575940633267148,150399
720575941616536277,720575940644870679,813714
720575941596977308,720575940650838137,189464
720575941540811868,720575940606245822,235861
720575941702084314,720575940623182067,86930
720575941679715005,720575940621727493,39824
720575941612337116,720575940632586297,810188
720575941456983967,720575940643019405,32491
720575941597315484,720575940622471431,543679
720575941576105576,720575940628587324,79208
720575941569492212,720575940618990365,99111
720575941536291521,720575940606380390,190986
720575941552467335,720575940630724204,177345
720575941643950181,720575940622813578,182046
720575941458982726,720575940624384007,164416
720575941471245579,720575940632647249,97582
720575941476123700,720575940603498869,190980
720575941721505850,720575940629284478,59260
720575941432114958,720575940613448874,80128
720575941514636025,720575940639892277,808257
720575941502142187,720575940627090002,78760
720575941577322073,720575940619253829,167456
720575941472920416,720575940618084667,131035
720575941687070447,720575940627149138,84612
720575941504265922,720575940627031570,39841
720575941506681669,720575940628093459,156962
720575941448680285,720575940623514293,40606
720575941573402377,720575940631499587,823557
720575941532331651,720575940645854852,209607
720575941521596343,720575940622482721,387932
720575941574279606,720575940612416766,199037
720575941399317539,720575940628677884,41552
720575941587315767,720575940613934965,76044
720575941609325386,720575940630390519,810427
720575941548367421,720575940610941462,550769
720575941626943545,720575940613358706,914653
720575941643304530,720575940628442128,809987
720575941569938546,720575940636355685,162404
720575941618784383,720575940620536589,119032
720575941431817903,720575940620921776,144156
720575941558531699,720575940638620649,197591
720575941584749919,720575940611900366,821214
720575941454003251,720575940627108874,236740
720575941460153488,720575940611812835,544704
720575941539721308,720575940617358965,113073
720575941596039207,720575940620981936,107760
720575941526939673,720575940618842166,86474
720575941558381294,720575940606734258,97318
720575941578915061,720575940612920433,533528
720575941557394724,720575940630285817,815135
720575941626310508,720575940610729796,41863
720575941515645587,720575940607307977,30367
720575941573619465,720575940631861048,146335
720575941430031969,720575940632774540,135824
720575941689942491,720575940617500992,90751
720575941503602114,720575940636419502,827874
720575941517080492,720575940616203637,22810
720575941535573953,720575940635191694,813744
720575941457595039,720575940623045117,146122
720575941528072614,720575940628729361,214134
720575941604983742,720575940610719730,79957
720575941439709019,720575940633156799,526892
720575941485517122,720575940644599712,221590
720575941545285812,720575940623834760,222227
720575941674464218,720575940638429417,112877
720575941562049325,720575940640794739,78179
720575941545085156,720575940627766671,154273
720575941527957176,720575940608044501,513910
720575941610446300,720575940639915096,93514
720575941516419587,720575940608999492,113890
720575941663808892,720575940627219272,816269
720575941514020561,720575940623740935,116849
720575941524829028,720575940619236933,83853
720575941468435677,720575940625866014,812529
720575941481086205,720575940624553971,829156
720575941476974900,720575940618228953,816224
720575941628002342,720575940640162237,185580
720575941438244908,720575940647662388,155384
720575941430104713,720575940634480791,113206
720575941595512965,720575940612689777,202666
720575941518524782,720575940634809495,86197
720575941448753742,720575940630820347,271710
720575941437906399,720575940613412266,182806
720575941548303137,720575940620622785,211184
720575941630013154,720575940637633758,218710
720575941613739161,720575940631492419,155192
720575941589012478,720575940627770792,142813
720575941663489404,720575940622638276,526275
720575941488221237,720575940613440921,123924
720575941516285433,720575940626045223,151974
720575941438352851,720575940626253605,139958
720575941497951650,720575940658842497,1014601488
720575941489429705,720575940639030094,36354
720575941393088662,720575940621097563,208069
720575941592683560,720575940625321033,122327
720575941462082254,720575940636384686,143384
720575941556316644,720575940629828507,518284
720575941436032544,720575940625634492,137060
720575941481566650,720575940611035562,812963
720575941392657046,720575940629807719,74906
720575941546687009,720575940630991308,165800
720575941624390538,720575940621424148,816606
720575941414882588,720575940649444729,194703
720575941455902445,720575940628552556,117048
720575941433596174,720575940618598145,173492
720575941563033000,720575940620656208,84771
720575941534281906,720575940620380075,531346
720575941568695546,720575940620110830,168278
720575941457368735,720575940615032406,44125
720575941563464360,720575940621368496,164492
720575941532428419,720575940610427050,163665
720575941689414040,720575940628806607,143260
720575941599321385,720575940632779055,523474
720575941596517788,720575940628952519,149987
720575941519307886,720575940626782820,64680
720575941588544055,720575940628267599,59955
720575941399300387,720575940616972661,81866
720575941427474004,720575940604665009,912816
720575941688733814,720575940629773306,111229
720575941535397642,720575940638844991,26761
720575941476741940,720575940613351678,102074
720575941481519695,720575940613471090,126379
720575941505950629,720575940615950402,170500
720575941631337196,720575940626575653,130075
720575941642527570,720575940619100992,35568
720575941732187947,720575940629227008,42430
720575941415819292,720575940611826530,137772
720575941611424486,720575940627910908,48019
720575941573417117,720575940622249249,92387
720575941588201726,720575940631139927,815823
720575941509057153,720575940607560370,580348
720575941668064689,720575940626096517,893822889
720575941721790266,720575940619705983,304914
720575941534109418,720575940612646642,167811
720575941351399728,720575940612731761,123653
720575941631027653,720575940624439037,39214
720575941454601779,720575940619215451,805001
720575941393070486,720575940630958652,126620
720575941600474921,720575940633167199,553131
720575941611228646,720575940615039272,145297
720575941651262705,720575940613395222,149594
720575941507301957,720575940635394143,324531
720575941510704400,720575940632564781,52060
720575941538132712,720575940623354188,906507
720575941524126466,720575940644331168,550043
720575941551179519,720575940628165651,820042
720575941642516385,720575940621999393,177619
720575941688571404,720575940622845004,39069
720575941393162902,720575940628299581,805975280
720575941611489965,720575940618260037,35734
720575941508528990,720575940624895212,72659
720575941568354292,720575940618627618,817003
720575941530637259,720575940617069115,251184
720575941430747351,720575940627088792,805545
720575941513940739,720575940626963484,141844
720575941579368017,720575940623110426,550761
720575941547844980,720575940625886666,580573
720575941391939844,720575940619471525,33276
720575941611340134,720575940631392220,144575
720575941446937876,720575940620971502,129875
720575941495220935,720575940621170036,39324
720575941430986593,720575940630964187,151869
720575941518178732,720575940640886435,84991
720575941436382994,720575940648658052,224744
720575941534406834,720575940623089166,818477
720575941462871053,720575940653096182,199774
720575941591862156,720575940639453262,126631
720575941482315971,720575940637944798,36460
720575941508492673,720575940622624234,487404
720575941613289747,720575940613100467,43718
720575941608236362,720575940630052857,76370
720575941491656112,720575940618517277,99740
720575941572392862,720575940624570807,813112
720575941508189790,720575940622374896,168274
720575941564338695,720575940620225133,118057
720575941476203313,720575940639039465,566257
720575941519897015,720575940606502601,178904
720575941566242663,720575940622917927,194420
720575941550725747,720575940617936030,940638
720575941410223787,720575940627676730,75987
720575941429727224,720575940619851422,108552
720575941645226145,720575940622175092,801834
720575941612644115,720575940626598233,136272
720575941503345714,720575940632399244,107273
720575941653883153,720575940641338075,75682
720575941565287783,720575940614994863,44466
720575941625792650,720575940611015958,109815
720575941668805041,720575940638312932,142862
720575941574699112,720575940640262990,213407
720575941630143970,720575940634510176,148762
720575941543511657,720575940629678974,144018
720575941565885282,720575940618236561,89098
720575941436569888,720575940610899154,514150
720575941576531048,720575940631867690,825386
720575941600177961,720575940646586932,820246
720575941591922060,720575940615291538,34796
720575941573087134,720575940622909621,140461
720575941561365549,720575940605637054,178240
720575941476665118,720575940638469309,911270
720575941412228975,720575940634691865,128784
720575941352057392,720575940617802187,130256
720575941529511352,720575940609941699,72857
720575941538187925,720575940638622174,807175
720575941461935556,720575940621577920,37239
720575941485500557,720575940617670459,159193
720575941455434477,720575940640880984,188466
720575941560134515,720575940626798480,108346
720575941512099025,720575940629789310,68690
720575941482319869,720575940623525060,525203
720575941491061991,720575940621588077,145529
720575941524791065,720575940621591477,22930
720575941575967375,720575940634429119,187372
720575941429366409,720575940622951006,217974
720575941416146204,720575940618576542,500009
720575941525150630,720575940636844718,95425
720575941661577528,720575940615486406,111757
720575941439071295,720575940613231090,518182
720575941573480349,720575940612535770,105018
720575941519216856,720575940616681300,829377
720575941560833831,720575940623994250,871935
720575941407483439,720575940631100411,86864
720575941474582826,720575940628766415,108496
720575941690490843,720575940632777017,120714
720575941505590693,720575940638226910,138341
720575941502410635,720575940622616649,41135
720575941578668277,720575940630023680,21458
720575941436028204,720575940625976357,85747
720575941611059942,720575940619749767,68841
720575941520114099,720575940621270292,80608
720575941474296106,720575940629524730,921839
720575941481794755,720575940637620621,36875
720575941668917681,720575940624504042,173930
720575941539917261,720575940632905124,140765
720575941440104399,720575940614246559,128179
720575941610151242,720575940623871723,185697
720575941596927109,720575940621282286,49978
720575941628832294,720575940633496237,86378
720575941561027117,720575940630526326,104468
720575941686606604,720575940610287566,68546
720575941691091419,720575940622083455,119809
720575941552559258,720575940627013465,82828
720575941451888297,720575940628340977,142885
720575941534816026,720575940615149566,811619
720575941430797409,720575940619969227,1051352087
720575941612187878,720575940623240595,183789
720575941452389703,720575940635345550,47388
720575941491885004,720575940621875009,115231
720575941508869410,720575940624579657,62502
720575941702382042,720575940627814163,819162
720575941412953492,720575940653280758,184737
720575941534383282,720575940635689114,148256
720575941669942951,720575940612846578,68558
720575941507496005,720575940633905325,77006
720575941584220550,720575940615267891,820807
720575941610059181,720575940621652718,820096
720575941558426350,720575940617622843,902709
720575941558237476,720575940626574108,815765
720575941477321758,720575940621737563,108036
720575941482241722,720575940625716711,148205
720575941632036283,720575940624163978,155000
720575941542087453,720575940627066364,807760
720575941504319653,720575940620807548,133080
720575941572476936,720575940617517622,150666
720575941512421964,720575940623100341,84414
720575941513582682,720575940619738584,64555
720575941523009867,720575940658726785,169741
720575941455378483,720575940626916380,137679
720575941412835220,720575940613301526,79345
720575941553355930,720575940628768503,74718
720575941537208050,720575940623289087,532148
720575941462877584,720575940635148980,87772
720575941470609271,720575940620707649,172994
720575941640222495,720575940624492617,45959
720575941573755535,720575940610473109,80696
720575941495657415,720575940639576117,77106
720575941500135586,720575940606112240,814340
720575941438213599,720575940625383155,953401
720575941556001956,720575940617694182,810668
720575941568428282,720575940629165827,164439
720575941583479391,720575940633199663,816012
720575941573673544,720575940612719090,922601821
720575941565034135,720575940618980123,195449
720575941524868939,720575940625943827,1270395371
720575941554160211,720575940626189328,128929
720575941436990252,720575940636521976,169143
720575941482087619,720575940619669056,85654
720575941591702156,720575940628405756,199908
720575941582188409,720575940624008703,526924
720575941440308053,720575940621103495,550907
720575941433645070,720575940615630247,22192
720575941525391385,720575940642672269,805982
720575941524812388,720575940635151511,108055
720575941654272980,720575940615108930,106723
720575941390521750,720575940624785139,909727
720575941701619930,720575940618551041,99961
720575941546962721,720575940620859416,36847
720575941606821229,720575940624912055,575726
720575941687533430,720575940631134116,93407
720575941471562615,720575940624974473,98492
720575941447666613,720575940621313473,151158
720575941459004912,720575940645617175,549909
720575941611230054,720575940618265044,325429
720575941546486964,720575940607607218,153887
720575941439980255,720575940621569371,53555
720575941507670807,720575940634049376,54338
720575941573891849,720575940643493998,150230
720575941451237191,720575940615184031,61355
720575941547500833,720575940637046640,119786
720575941619540607,720575940622273259,206916
720575941656749336,720575940607081737,176837
720575941493175472,720575940633264844,106069
720575941494707691,720575940608232772,812118
720575941432751502,720575940620667352,86863
720575941577191001,720575940616278338,149955
720575941560371182,720575940605128876,182488
720575941485113154,720575940626894180,22943
720575941559399695,720575940621677222,94940
720575941662461496,720575940610393842,182463
720575941642647141,720575940617734612,152970
720575941450186874,720575940605566310,122098
720575941440998863,720575940641333749,195249
720575941730924587,720575940623082595,820986
720575941553695233,720575940618998085,46641
720575941581754719,720575940615802324,812962
720575941562227751,720575940621951085,151285
720575941537744100,720575940626650826,216886
720575941642946248,720575940629837059,812784
720575941455708141,720575940622696436,539968
720575941593561128,720575940637174702,130064
720575941471897867,720575940631050295,243394
720575941528925624,720575940627388041,91845
720575941545224197,720575940639506083,173593
720575941687373942,720575940614465261,156667
720575941586518494,720575940638492506,818271
720575941430438414,720575940618606676,117028
720575941562127872,720575940631455852,128836
720575941510548690,720575940612388787,97603
720575941562870696,720575940630924537,181682
720575941438351059,720575940611027810,137886
720575941579503697,720575940629647695,215119
720575941538078184,720575940613772317,157249
720575941654350036,720575940643087501,158465
720575941483329789,720575940628506732,192268
720575941611042793,720575940627458649,154526
720575941626404251,720575940613424554,154835
720575941578131701,720575940642619080,217649
720575941689998744,720575940653274870,55846
720575941553131655,720575940625232906,198417
720575941511092690,720575940640753059,168099
720575941594094187,720575940620356822,127855
720575941514491539,720575940619991313,61490
720575941532046053,720575940643401326,145268
720575941481247674,720575940632382539,91013
720575941689259126,720575940635430904,1082561516
720575941519967159,720575940623948841,538961
720575941594131051,720575940630752251,116084
720575941633200581,720575940623132125,132306
720575941552770587,720575940606896818,89374
720575941410775151,720575940633457183,69815
720575941438873435,720575940617056724,816973
720575941435645326,720575940635694703,36321
720575941467237654,720575940614365359,208338
720575941543108613,720575940614233767,188063
720575941473460576,720575940644806180,814958
720575941533976090,720575940621686406,908979
720575941533034627,720575940604018208,315736
720575941496495232,720575940610898659,77691
720575941559568173,720575940632693304,152346
720575941605846381,720575940620956501,130160
720575941516101369,720575940605421670,125963
720575941598126528,720575940615901597,129371
720575941440679871,720575940637800245,73038
720575941644756168,720575940626747663,147115580
720575941551053823,720575940637264485,812214
720575941596768704,720575940625011128,93609
720575941653926617,720575940621225069,129454
720575941628708646,720575940605454112,820533
720575941448274613,720575940640869720,18004
720575941562393256,720575940611981994,140563
720575941505833788,720575940636582110,89980
720575941435996704,720575940608875785,24182
720575941491875047,720575940622653311,308997
720575941393098134,720575940604093984,115334
720575941662165628,720575940632973357,177966
720575941522212855,720575940632244271,80397
720575941353003312,720575940612696728,105823
720575941638038559,720575940612407581,29039
720575941623514876,720575940649988729,117342
720575941482748102,720575940629663800,346370
720575941506394974,720575940624171408,193416
720575941507438882,720575940609263299,816205
720575941435908640,720575940630978135,80635
720575941562962951,720575940610807650,95011
720575941616528085,720575940637108855,193957
720575941569501434,720575940622768408,26631
720575941553295131,720575940617046785,143278
720575941573296891,720575940618817262,489781
720575941607819885,720575940612593361,47046
720575941681165757,720575940630249260,112467
720575941443986602,720575940625630993,379305
720575941598857513,720575940619774811,820505
720575941466161942,720575940626658960,106974
720575941532584323,720575940634138548,77612
720575941515374659,720575940626159716,520647
720575941542393629,720575940653183905,529621
720575941516216163,720575940627847994,113128
720575941493215664,720575940630850617,80223
720575941654961364,720575940623674623,187685
720575941656100176,720575940625895708,173417
720575941603560230,720575940604544358,96903
720575941554301011,720575940635739802,66566
720575941481942525,720575940617489236,20722
720575941534421786,720575940631978287,87018
720575941544453637,720575940612610453,41406
720575941643022200,720575940629942019,812104
720575941516045059,720575940631574924,96692
720575941577573977,720575940639385166,146913
720575941644994760,720575940622871117,143074
720575941589260087,720575940604404913,190326
720575941490813390,720575940637031287,234040
720575941497107017,720575940632704047,74778
720575941546274184,720575940608428299,194866
720575941505448471,720575940615101359,39680
720575941688691163,720575940634385945,195524
720575941499716611,720575940632121931,172588
720575941668082675,720575940633636578,515176
720575941554380801,720575940622131382,811072
720575941614199315,720575940626542213,199325
720575941448665949,720575940633015213,89719
720575941490563276,720575940620052059,300339
720575941524184932,720575940622352595,518206
720575941534561880,720575940622462213,105025
720575941536086755,720575940622500592,809040
720575941527323725,720575940614840715,514113
720575941494718848,720575940614399725,931529
720575941553654407,720575940618149213,539350
720575941546182844,720575940640029555,140686
720575941518710232,720575940623041523,119621
720575941470291319,720575940614817843,934739
720575941451963049,720575940634941465,59668
720575941416477980,720575940611726200,119443
720575941577707353,720575940614913698,920062
720575941437127468,720575940630689787,22842
720575941557294884,720575940616551897,63803
720575941615993813,720575940658814849,201097
720575941476128820,720575940618469661,80202
720575941586067334,720575940616761650,119211
720575941574349321,720575940626482521,532361
720575941504337724,720575940631260665,816668
720575941437054175,720575940624557129,460419
720575941401059619,720575940628397828,900213
720575941562251410,720575940626993001,816040
720575941615775701,720575940628421105,123444
720575941515882851,720575940627068549,298953
720575941593968773,720575940618922265,526584
720575941547146420,720575940615559202,155063
720575941573658120,720575940621237686,142397
720575941611706345,720575940612076238,34066
720575941628524857,720575940628649237,28001
720575941551926527,720575940617472486,104427
720575941502899543,720575940620159659,548229
720575941414926364,720575940618625639,87472
720575941690266776,720575940619732126,183010
720575941545588660,720575940624303347,631755192
720575941475064123,720575940620752469,239492
720575941506209047,720575940628754453,101744
720575941637463669,720575940625156327,295746
720575941485118861,720575940623413898,108190
720575941539637653,720575940624422643,127289
720575941545264572,720575940621285452,232029
720575941498997251,720575940617942036,124859
720575941538207203,720575940614351075,125548
720575941470947392,720575940622900257,812339
720575941589707090,720575940630539898,43016
720575941633883835,720575940645617262,121109
720575941700669658,720575940637084023,140328989
720575941530953675,720575940628903895,550806
720575941584913759,720575940627149086,143986
720575941482284797,720575940626856041,113337
720575941533054339,720575940616741121,112594
720575941549685053,720575940621225921,1050126678
720575941502638731,720575940622423412,811348
720575941536459235,720575940640718464,831563
720575941569258866,720575940624872340,530410
720575941588520076,720575940626693694,171500
720575941487071238,720575940624999056,190436
720575941465163094,720575940642882957,814100
720575941392665238,720575940635992500,124345
720575941499737250,720575940614692758,71782
720575941548777505,720575940636880782,131559
720575941507551416,720575940625362840,95582
720575941550238269,720575940647362083,59834
720575941688698843,720575940632531148,106272
720575941663653756,720575940610728207,361541
720575941490233289,720575940626156325,912204
720575941487139334,720575940625893834,552755
720575941574876937,720575940636877936,805223
720575941613938652,720575940628525673,376785
720575941606392685,720575940631317100,531403
720575941431173880,720575940633297377,59663
720575941508788752,720575940627636476,231397
720575941624538988,720575940607605828,80477
720575941560631597,720575940630959478,38112
720575941645409400,720575940607807836,922001
720575941461390736,720575940627824283,142859
720575941478852687,720575940653364726,149780
720575941650837269,720575940615634619,202996
720575941498163067,720575940631026588,554790
720575941468982795,720575940633128991,159076
720575941542103325,720575940632992045,90318
720575941474755131,720575940624301320,46475
720575941549063540,720575940623857084,165124
720575941594183382,720575940630357886,25264
720575941351427888,720575940621655766,208872
720575941563015592,720575940621362804,103646
720575941477189918,720575940614237736,46666
720575941491038695,720575940619999252,715040348
720575941589476151,720575940618314937,135917
720575941491413708,720575940632567204,822431
720575941439169042,720575940608281609,934913
720575941576037302,720575940612485489,558114
720575941468004573,720575940624679403,208968
720575941441598927,720575940621674990,37218
720575941455137843,720575940609825033,500215
720575941598958784,720575940627963127,826223
720575941659605328,720575940623345043,151564
720575941564139527,720575940630822108,819430
720575941523183435,720575940626710547,164080
720575941412591508,720575940627276474,930624900
720575941477605738,720575940603807422,132467
720575941503541227,720575940617313236,155973
720575941688985612,720575940627317818,147791
720575941507626625,720575940630676930,20942
720575941441591487,720575940625860026,49188
720575941605662317,720575940615909900,82320
720575941686796812,720575940627152442,113420
720575941510404368,720575940620451008,81615
720575941458927449,720575940615941062,145379
720575941720518458,720575940623576909,87331
720575941448351925,720575940614452433,222040
720575941644358776,720575940640399987,193842
720575941689895832,720575940620673775,815120
720575941661046072,720575940625809040,221200
720575941522128119,720575940621832426,151024
720575941668264369,720575940620852206,52940
720575941593698774,720575940629633536,514257
720575941485797261,720575940641206912,529492084
720575941507515671,720575940638453225,811724
720575941500103051,720575940620741973,153831
720575941453423785,720575940624827834,33853
720575941539173325,720575940631924947,76185
720575941492232368,720575940632208971,292769
720575941644271186,720575940632547423,50990
720575941516156931,720575940635977396,38305
720575941546944444,720575940624842483,521007
720575941604922221,720575940655375009,152990
720575941603660985,720575940635948718,139696
720575941555500115,720575940633889875,173737
720575941506495255,720575940645003464,213491
720575941624166282,720575940631423606,41485
720575941529891000,720575940630667735,135382
720575941474498875,720575940613070489,91292
720575941505004482,720575940631953475,129813
720575941507173701,720575940631014703,500192
720575941515517955,720575940617007666,57063
720575941552973466,720575940621015205,161251
720575941510869202,720575940610694067,531012
720575941440670299,720575940641122432,120800
720575941482038781,720575940616930187,27406
720575941483073478,720575940635067034,86376
720575941688519663,720575940622594601,95680
720575941470020317,720575940631982929,180850
720575941644081234,720575940613291690,969501369
720575941472675424,720575940613712150,185076
720575941548028276,720575940627386884,821169
720575941624079612,720575940606047665,125560
720575941573775247,720575940623901843,216744
720575941650901745,720575940621079393,168751
720575941585017183,720575940621154584,177137
720575941476655156,720575940627951815,38829
720575941460691856,720575940619021595,52723
720575941567651828,720575940626746567,226452
720575941546120380,720575940623144080,47963
720575941475341610,720575940621328622,165048
720575941631420320,720575940630179962,83517
720575941430751151,720575940616781713,37880
720575941512892748,720575940625044460,534349
720575941457303789,720575940623959566,53078
720575941614289683,720575940606538272,580165
720575941581329785,720575940650889849,808139
720575941589986615,720575940621012596,39605
720575941409028270,720575940631973903,570398
720575941465828950,720575940627127044,84978
720575941611776870,720575940627353841,537976
720575941580870009,720575940631156311,188398
720575941534758410,720575940630917293,133151
720575941477251121,720575940611695992,909444
720575941566754407,720575940620413400,817263
720575941606816365,720575940626600378,26068
720575941432287447,720575940627344729,166008
720575941550691390,720575940620749249,40178
720575941498088059,720575940649941881,817021
720575941471969120,720575940647252515,815287
720575941496510151,720575940631967695,537165
720575941656916504,720575940631325740,808436
720575941532585091,720575940620752408,130137
720575941641941093,720575940632337679,20081
720575941493362558,720575940616887611,177714
720575941515292739,720575940632243011,99976
720575941667438835,720575940613521635,67243
720575941600170537,720575940651816950,103136
720575941696322778,720575940621071552,83603
720575941581911391,720575940620326872,28592
720575941476415796,720575940625456461,123780
720575941584122246,720575940621886630,350367
720575941490739509,720575940628570473,118126
720575941629321254,720575940622177886,815643
720575941596515697,720575940630561914,199213
720575941630289093,720575940620195800,64084
720575941545297596,720575940633686573,30778
720575941472011306,720575940621955750,101330
720575941629070630,720575940634309477,63534
720575941403959920,720575940629250347,133910
720575941632226464,720575940627296652,89153
720575941451073146,720575940630233559,96785
720575941607096429,720575940627003179,830004
720575941447084725,720575940645345332,137351
720575941438371283,720575940620436912,125803
720575941536695784,720575940619370416,320010
720575941532883544,720575940621866861,31908
720575941499383202,720575940631252951,39691
720575941510576144,720575940614301359,515496
720575941475594036,720575940627264262,81817
720575941462788621,720575940626316602,152218
720575941440432831,720575940630682839,111431
720575941486431117,720575940632750879,551892
720575941534255626,720575940624770540,104027
720575941438994450,720575940617873566,115503
720575941536983523,720575940633297107,145195
720575941496234695,720575940612542938,143348
720575941555874020,720575940627161372,15257
720575941643686088,720575940619705211,70960
720575941584453854,720575940611383394,821053
720575941588740741,720575940624204237,112015
720575941544753001,720575940634625376,37998
720575941571848264,720575940616738171,33068
720575941524424473,720575940620152149,145004
720575941444478378,720575940623167181,73601
720575941440581717,720575940620390822,53444
720575941392998916,720575940631904719,49345
720575941537297045,720575940625804692,546178
720575941551417855,720575940631342476,144080
720575941597990044,720575940629765451,19017
720575941537652456,720575940617085504,161510
720575941544452457,720575940620712613,33555
720575941481967546,720575940618371028,131170
720575941593932246,720575940621289571,136838
720575941588751237,720575940624994568,526399
720575941566263854,720575940618905246,52685
720575941545416124,720575940630511222,253701
720575941642374757,720575940626499215,519480
720575941459580063,720575940626642344,526341
720575941492172775,720575940622891945,113499
720575941572662281,720575940627091099,121065
720575941406830383,720575940635373919,34008
720575941534428504,720575940629774891,210857
720575941559960847,720575940632135186,550535
720575941548225853,720575940627741799,190295
720575941598473920,720575940611924186,178347
720575941491522480,720575940632248395,91940
720575941561214765,720575940632437073,953668
720575941461067408,720575940637594458,160699
720575941502431371,720575940610563278,118971
720575941602838201,720575940630916726,183494
720575941621630716,720575940633734734,131396
720575941441277275,720575940626943577,143029
720575941443727786,720575940614782206,224746
720575941551439643,720575940623901283,118000
720575941614377881,720575940635909739,206627
720575941572880542,720575940624920348,197373
720575941686896758,720575940613895395,112245
720575941551049471,720575940621854591,58322
720575941690341083,720575940637016695,40313
720575941524685899,720575940641558491,137617
720575941593905366,720575940630826028,568032
720575941474832692,720575940630358519,57811
720575941569611258,720575940619975115,534449
720575941486029453,720575940617531478,530548
720575941558461988,720575940618035483,532757
720575941515726403,720575940629642651,127813
720575941533779843,720575940622096154,105100
720575941475558449,720575940617805969,154180
720575941504350012,720575940616442369,76868
720575941475557681,720575940636302191,90569
720575941506428962,720575940619420838,172884
720575941517780952,720575940631196747,810939
720575941443805866,720575940624299667,71236
720575941393061014,720575940610665336,534229
720575941535279370,720575940660119169,272145
720575941392550660,720575940605969324,101993
720575941527674552,720575940611313016,184628
720575941480502402,720575940635354268,34074
720575941429410479,720575940634684664,119503
720575941573814792,720575940625799610,184224
720575941505186610,720575940621737569,109023
720575941472196416,720575940629704574,119737
720575941573513765,720575940632633400,96983
720575941591921771,720575940634090080,134748
720575941690520539,720575940634716058,42098
720575941454596659,720575940603789228,806242
720575941533214759,720575940632424523,235199
720575941525909325,720575940618329843,130451
720575941497988681,720575940606520962,262911
720575941593739889,720575940616821393,80308
720575941546937012,720575940606607974,107249
720575941500043938,720575940626930813,520351
720575941661749048,720575940610765892,179605
720575941512782947,720575940614832435,122248
720575941477306417,720575940643311245,93150
720575941504730418,720575940622743309,513774
720575941563102098,720575940616717874,185361
720575941518251736,720575940630015488,230379
720575941448322324,720575940617552011,100367
720575941539524813,720575940639113587,38362
720575941590413708,720575940632293580,90163
720575941515217242,720575940635460971,158520
720575941497286272,720575940612426994,99974
720575941556624164,720575940630240316,500109
720575941601167145,720575940620549848,114750
720575941533702948,720575940632525071,26433
720575941557816996,720575940622683007,95207
720575941552476673,720575940620255471,536451
720575941481321551,720575940605597385,809861
720575941555305217,720575940612085909,108316
720575941485007938,720575940637663589,48356
720575941450204487,720575940627963525,572721
720575941563200768,720575940620926996,71591
720575941537314290,720575940621926536,132463
720575941483904066,720575940639802557,205128
720575941473599840,720575940613943336,548912
720575941598407616,720575940616361302,820102
720575941480218959,720575940619162417,142497
720575941644934856,720575940623148936,213985
720575941491346126,720575940645222423,38865
720575941441559743,720575940627902345,202183
720575941549472545,720575940626271418,35879
720575941573035422,720575940623582867,130045
720575941595445206,720575940633480078,132625
720575941500305291,720575940632952145,32900
720575941593418198,720575940610678482,172993
720575941650150129,720575940624188413,54081
720575941505972609,720575940638958426,190164
720575941403677040,720575940613862802,203795
720575941514224633,720575940617952980,192813
720575941393649046,720575940639420861,92950
720575941510145552,720575940621741971,56582
720575941408112814,720575940640721240,528131
720575941405939118,720575940625453340,201865
720575941507130181,720575940638721955,145822
720575941501055211,720575940613276645,188857
720575941520039351,720575940631765802,803884
720575941593704488,720575940627046949,313270
720575941602625782,720575940628908292,160080
720575941487973840,720575940642369736,904283
720575941538708941,720575940630046511,42935
720575941628555833,720575940619010251,550463
720575941595122981,720575940623406557,818370
720575941508146978,720575940635288943,810277
720575941545488901,720575940615333076,49126
720575941480997795,720575940631661337,118773
720575941669826993,720575940621811113,146214
720575941613077212,720575940620143525,304735
720575941523460683,720575940636751717,194576
720575941670228913,720575940605981100,171575
720575941625935003,720575940624065724,132058
720575941702827994,720575940611392558,149867
720575941413618324,720575940636310756,58714
720575941527210680,720575940615514774,203300
720575941626775334,720575940640815067,39084
720575941638968693,720575940621251937,500157
720575941546240617,720575940620324555,49726
720575941414520721,720575940630853948,414269
720575941507191169,720575940617378833,138417
720575941525134361,720575940620684629,568904
720575941499422537,720575940616234252,41494
720575941586872132,720575940624753383,26197
720575941503986226,720575940613194467,558249
720575941511165200,720575940617621734,823005
720575941481138115,720575940622739696,285841
720575941492193255,720575940651502070,935508
720575941524218724,720575940614746847,106350
720575941534740714,720575940605868930,342483
720575941512823505,720575940617209940,818500
720575941477684785,720575940630278028,810947
720575941508127361,720575940628850691,89132
720575941413616788,720575940615199325,240141
720575941585530502,720575940637849151,134706
720575941513804691,720575940630626295,44567
720575941480339363,720575940629981740,820330
720575941598549952,720575940633571020,82223
720575941594778501,720575940621393856,104722
720575941477662260,720575940616826001,248139
720575941414294161,720575940627761285,913150
720575941494844288,720575940614142435,99553
720575941410151851,720575940645488676,115664
720575941576530280,720575940623972076,104753
720575941519203251,720575940622546473,811623
720575941651105045,720575940613608488,76604
720575941612019302,720575940630400374,102156
720575941626638444,720575940613963951,145929
720575941518644846,720575940648938617,70954
720575941605727597,720575940617678897,115713
720575941536436968,720575940627799255,191334
720575941539859069,720575940609859960,119138
720575941670450353,720575940630891883,66571
720575941531435907,720575940628412892,515128
720575941519504051,720575940622809121,83064
720575941476276020,720575940621459376,813340
720575941491071692,720575940612415706,817186
720575941495742663,720575940617874150,102541
720575941560938029,720575940646789428,79144
720575941537351829,720575940611613560,65474
720575941488727349,720575940622996762,120740
720575941612114140,720575940625242129,77383
720575941562889984,720575940629202114,816194
720575941503783874,720575940631547084,37141
720575941502361227,720575940628828203,59628
720575941632269472,720575940625371144,106571
720575941506547013,720575940628487034,184751
720575941607690861,720575940634814315,810031
720575941579470837,720575940623944141,208361
720575941542366469,720575940632309560,103827
720575941585605766,720575940617389627,98061
720575941430284792,720575940606129696,66204
720575941480704451,720575940618444571,119935
720575941564793447,720575940613553202,860479
720575941431322761,720575940630806120,819838
720575941553644571,720575940617582475,127864
720575941575254376,720575940624163253,155895
720575941519110583,720575940641171664,127037
720575941539102589,720575940623519453,67069
720575941532601475,720575940632389201,84810
720575941495512702,720575940623104973,205097
720575941594818437,720575940631870479,175401
720575941564598023,720575940624763123,135819
720575941661442872,720575940637862726,133007
720575941543641349,720575940610367556,68425
720575941533302962,720575940625750415,531807
720575941471742304,720575940622755572,814693
720575941668897011,720575940631708247,549807
720575941534621706,720575940636707951,90367
720575941670649511,720575940614971857,500102
720575941569309690,720575940624934327,49570
720575941528745144,720575940621016912,89184
720575941428207700,720575940636058987,114075
720575941631722732,720575940620075284,815147
720575941519354990,720575940613032600,99748
720575941689407640,720575940632141643,150574
720575941469564125,720575940612584883,160227
720575941437408300,720575940618396399,67719
720575941671756967,720575940618941524,69255
720575941566714727,720575940627042947,55731
720575941631391202,720575940628104710,544899
720575941624485834,720575940619938031,143105
720575941458397936,720575940629667602,89655
720575941481250813,720575940625941797,152632
720575941619874175,720575940626293379,167196
720575941702903770,720575940609996754,258281
720575941481935299,720575940626260497,104589
720575941613873683,720575940644713672,46076
720575941601558262,720575940626430077,131334
720575941580099409,720575940611409016,112547
720575941505998615,720575940647758980,204793
720575941595726631,720575940616791820,336850
720575941494566014,720575940638578851,148785
720575941592510571,720575940622996504,231611
720575941438267199,720575940606222428,84953
720575941441810895,720575940638772387,174019
720575941453389737,720575940640999821,916063
720575941439705663,720575940624975909,139972
720575941525354918,720575940628521463,822745
720575941550206013,720575940633771256,192376
720575941393131670,720575940623157247,56224
720575941589400574,720575940635558904,90830
720575941643182674,720575940622278527,103019
720575941438073823,720575940643740452,208049
720575941507466018,720575940636159156,221763
720575941553577299,720575940622668321,22582
720575941489116364,720575940624777479,32647
720575941484628802,720575940606515558,94775
720575941469586955,720575940611665250,160156
720575941480700611,720575940638703686,71650
720575941519761075,720575940617809809,105228
720575941431561903,720575940627883025,156231
720575941430732759,720575940634781852,151404
720575941562799104,720575940616378769,206389
720575941450204509,720575940606909106,928497
720575941523165431,720575940617186677,81894
720575941498628681,720575940619990430,815871
720575941554393371,720575940639912536,110123
720575941462721293,720575940631141740,524264
720575941535430922,720575940621892829,84813
720575941701311962,720575940624726857,216525
720575941481360547,720575940627485336,26390
720575941547812157,720575940632989291,171693
720575941510649360,720575940629348870,571479
720575941412870548,720575940627723401,175593
720575941651447573,720575940632143947,76954
720575941563839744,720575940611084566,53797
720575941593861739,720575940624699901,533264
720575941582156153,720575940625632408,156267
720575941507807813,720575940633376799,189585
720575941580563065,720575940624279549,89338
720575941516195500,720575940607496405,75690
720575941533088643,720575940637341582,159600
720575941515451459,720575940630701372,119463
720575941451620009,720575940634867107,137148
720575941350569776,720575940622544734,124200
720575941613695385,720575940622580348,264828
720575941584418950,720575940625067495,39076
720575941640931615,720575940628552091,77557
720575941612500653,720575940616032605,160077
720575941680269757,720575940641482873,151305
720575941533481816,720575940636255863,811920
720575941568244526,720575940632908103,914860
720575941536454410,720575940631574981,168480
720575941688861659,720575940623540557,198691
720575941430194135,720575940645571863,60837
720575941573354166,720575940609235036,130979
720575941573951995,720575940629083643,130293
720575941579624529,720575940622225811,72402
720575941485122957,720575940633532717,117085
720575941463182480,720575940627100232,809196
720575941626615609,720575940618187449,63560
720575941554315347,720575940624885276,197559
720575941595969728,720575940653447926,146520
720575941688389494,720575940622972365,116674
720575941408994351,720575940621678156,816114
720575941546184553,720575940614363619,45583
720575941584073694,720575940641368309,151838
720575941554275585,720575940621747565,185980
720575941546790024,720575940624001318,519341419
720575941553413018,720575940626808834,232415
720575941642545825,720575940615473002,163657
720575941489567945,720575940614114001,517089
720575941550168692,720575940616530006,108909
720575941431467145,720575940641629429,812640
720575941617211093,720575940660588161,44901
720575941510958608,720575940618410274,127664
720575941560078381,720575940618589765,817599
720575941564817047,720575940607878345,37338
720575941640891493,720575940627465032,234101
720575941549482017,720575940627842590,107458
720575941611609820,720575940633723362,237542
720575941641078629,720575940621694447,94050
720575941520426419,720575940629823760,513096
720575941569038706,720575940636009950,50555
720575941583812191,720575940623381453,904789
720575941590059404,720575940632449619,551553
720575941503757106,720575940608148098,125395
720575941467871766,720575940606630176,529709
720575941526940326,720575940615020394,183676
720575941478810498,720575940625228999,44507
720575941544869564,720575940627311887,179596
720575941619258239,720575940616110239,31517
720575941516943982,720575940628462791,140010
720575941547713204,720575940633793249,122260
720575941527140964,720575940610384994,180511
720575941584991454,720575940627534858,155666
720575941486045506,720575940627023434,104373
720575941485127686,720575940617477022,35069
720575941598146601,720575940623931115,520936
720575941449667662,720575940630544122,534569
720575941659219024,720575940614795410,110845
720575941439045343,720575940619737876,142717
720575941536101859,720575940627075977,545395
720575941408343855,720575940626648869,36651
720575941644284360,720575940627671911,334114
720575941579813457,720575940625449360,172288
720575941477409130,720575940631475052,115399
720575941573770909,720575940632590440,190956
720575941535314098,720575940613413374,820469
720575941625957770,720575940627761210,33720
720575941461542800,720575940617843851,269877
720575941671026343,720575940611260114,537438
720575941631593186,720575940630422466,148527
720575941474319675,720575940621012390,286398
720575941606242925,720575940630950364,221349
720575941496614343,720575940604813280,203478
720575941502005591,720575940605648002,913276
720575941625653403,720575940612869555,42480
720575941571534238,720575940614002143,807533
720575941514064460,720575940627395338,206251
720575941438066450,720575940628833354,132598
720575941513689699,720575940611121506,1070727397
720575941722847290,720575940618225625,34616
720575941475653947,720575940633335597,159478
720575941689307355,720575940611985762,197964
720575941504505925,720575940620320193,586514
720575941567021102,720575940623946131,54723
720575941560455918,720575940618522397,81085
720575941614413209,720575940628167946,295953
720575941515056474,720575940616616002,142506
720575941525886564,720575940629618947,110040
720575941472387936,720575940636704879,111243
720575941691116184,720575940615228482,205409
720575941497674619,720575940608175061,69231
720575941451729274,720575940653652129,188935
720575941556718820,720575940640299342,101676
720575941459808723,720575940638590534,91222
720575941649232405,720575940617928768,118574
720575941550525757,720575940624869705,143450
720575941487411920,720575940617055062,147975
720575941533081778,720575940609597193,500045
720575941653218009,720575940624791989,119657
720575941520798899,720575940631639058,130526
720575941607136621,720575940633457197,86403
720575941443858602,720575940627412123,103011
720575941548523144,720575940616815005,184951
720575941559608335,720575940640209267,941509
720575941691334619,720575940639059782,815782
720575941502706626,720575940621420709,102418
720575941461353924,720575940635370932,86209
720575941650255637,720575940614775983,223761
720575941571325512,720575940625468967,119043
720575941547421217,720575940652193014,108413
720575941478490592,720575940627391772,318645
720575941639630548,720575940624252168,205051
720575941470589559,720575940612618931,240817
720575941522243831,720575940611459938,212934
720575941631735276,720575940636812254,53250
720575941644879816,720575940615988118,92687
720575941510656466,720575940624716581,74387
720575941444049578,720575940610066894,155537
720575941428670968,720575940632027975,823852
720575941506288197,720575940626377349,223628
720575941460047174,720575940612333169,140730
720575941548296820,720575940636661871,59494
720575941555718995,720575940635961711,210954
720575941625015707,720575940625422228,57425
720575941415889180,720575940614369517,805376
720575941588373303,720575940619603024,167445
720575941638713887,720575940629158897,136825
720575941585655774,720575940638987864,35827
720575941626286282,720575940636579817,235929
720575941552179774,720575940621829645,113916
720575941508055074,720575940631247580,520183
720575941595118887,720575940613586700,179617
720575941701840858,720575940642288269,69111
720575941578366545,720575940625898780,65045
720575941481812666,720575940629827856,163490
720575941464246285,720575940615709663,131738
720575941449177934,720575940632991303,122775
720575941541519964,720575940621794542,812987
720575941553830227,720575940634332697,252679
720575941574260731,720575940622474165,45466
720575941452400455,720575940619761261,49727
720575941441484991,720575940638767593,42369
720575941502286731,720575940612024342,217087
720575941497294561,720575940626642122,109563
720575941688125196,720575940628543748,177405
720575941732790571,720575940633146007,39598
720575941414484372,720575940627205386,73559
720575941502187863,720575940612160405,371825
720575941472173610,720575940635752110,62992
720575941452198057,720575940624216317,14771
720575941579987025,720575940609145948,222298
720575941441499483,720575940610158821,290332
720575941435117454,720575940642467725,191910
720575941554500836,720575940631774776,157772
720575941437629740,720575940625709720,967170040
720575941554534739,720575940623723619,921721
720575941506628225,720575940623887871,79661
720575941475060283,720575940646535476,85917
720575941450946894,720575940616616514,71765
720575941602870262,720575940639933811,815137
720575941538995661,720575940628964938,829505
720575941578213465,720575940622353846,286057
720575941540144253,720575940623051400,125530
720575941538940146,720575940609181486,161420
720575941488293321,720575940624513543,127802
720575941409240367,720575940655047329,325391
720575941448052558,720575940637457571,82874
720575941538224355,720575940614392547,133726
720575941662856060,720575940631403335,187869
720575941721235770,720575940619575345,814950
720575941631126508,720575940612684402,905620
720575941534157034,720575940621092487,815569
720575941555601892,720575940625279636,83973
720575941643666376,720575940620711640,49544
720575941554292225,720575940616238521,181604
720575941530377400,720575940616644582,550418
720575941489641676,720575940624651527,161886
720575941638228341,720575940625432103,90663
720575941597324736,720575940629101130,819951
720575941687764719,720575940622540969,542726
720575941680512189,720575940618941467,531795
720575941474181261,720575940632364074,812922
720575941517081516,720575940632807235,22161
720575941586463110,720575940627948817,544130
720575941541388652,720575940645395748,61009
720575941510506256,720575940632948051,168089
720575941429005961,720575940629884119,114597
720575941514354252,720575940617761629,225536
720575941469729088,720575940622680414,240940
720575941572349598,720575940621147588,117476
720575941510961936,720575940627242554,25598
720575941482707898,720575940629306667,524088
720575941629385510,720575940629200631,154635
720575941654008849,720575940621644638,233617
720575941575671400,720575940631904067,114896
720575941432259287,720575940632927405,266923
720575941432520151,720575940628696138,117232
720575941631750075,720575940622485744,57298
720575941440461659,720575940637882078,60572
720575941458892740,720575940622108854,213226
720575941510916684,720575940633229383,45764
720575941521460215,720575940638229220,85522
720575941439181356,720575940619250785,131106
720575941594556711,720575940631711563,41487
720575941629537250,720575940622478324,115240
720575941567963250,720575940627493096,32512
720575941659292752,720575940630846125,244159
720575941576363368,720575940613492143,520293
720575941480202319,720575940615226274,138669
720575941492153214,720575940636802702,543378
720575941607934061,720575940643903904,558708
720575941537156328,720575940628365957,259396
720575941511200210,720575940626087322,133353
720575941555215770,720575940616565131,63345
720575941435089294,720575940632634252,132456
720575941534741530,720575940620778406,49718
720575941438172690,720575940619613086,184666
720575941458913776,720575940630480188,54175
720575941526539174,720575940624316489,534239
720575941429527767,720575940639746979,115524
720575941628615138,720575940621416112,39201
720575941653961689,720575940627159070,14312
720575941563509928,720575940633736915,523661
720575941557296292,720575940612691093,74851
720575941519425752,720575940621051307,150352
720575941688908763,720575940630834223,126030
720575941596600709,720575940631454312,418586
720575941659199000,720575940637887872,224436
720575941454124781,720575940612295898,38500
720575941442395599,720575940623012702,134909
720575941466518102,720575940644711328,828816343
720575941533094122,720575940639116496,525771
720575941550578750,720575940621332596,47633
720575941476352820,720575940627985905,104129
720575941504966338,720575940615019183,31496
720575941534028978,720575940630879991,69783
720575941490125877,720575940633057943,1055089765
720575941483909954,720575940617492805,576105
720575941627885350,720575940622671180,161477
720575941528652676,720575940622401267,104490
720575941440875711,720575940613982895,525846
720575941510509072,720575940644008904,88626
720575941454204723,720575940637328526,144943
720575941456461549,720575940611970914,72437
720575941489086517,720575940613356962,60547
720575941452587847,720575940642063245,192334
720575941654854868,720575940624243603,113484
720575941611609833,720575940618969117,550114
720575941632214764,720575940626262928,820665
720575941658297168,720575940635950584,213496
720575941658941008,720575940645104948,195217
720575941548222324,720575940606861001,150693
720575941671514023,720575940609362187,825792
720575941469486557,720575940631769145,211022
720575941538715797,720575940613179158,66594
720575941596592320,720575940630088826,814831
720575941731520299,720575940616194772,126283
720575941574071291,720575940617998493,147607
720575941438333919,720575940625841447,51876
720575941625422538,720575940627009978,104837
720575941539309042,720575940607775324,81014
720575941426544724,720575940611971170,135463
720575941564803591,720575940624883495,808451
720575941576677558,720575940606521801,156842
720575941595186821,720575940618540308,38615
720575941604078782,720575940613918947,569560
720575941632772256,720575940620347595,531279
720575941512840953,720575940637671487,184126
720575941528916356,720575940635170211,218757
720575941481028291,720575940621654664,138650
720575941393704342,720575940620881005,61967
720575941652189457,720575940625526805,149669
720575941541512796,720575940629936378,121241
720575941553701147,720575940622806604,180145
720575941560391951,720575940624208068,158301
720575941519722094,720575940631235343,181534
720575941474072891,720575940623875096,293507
720575941499437793,720575940632711076,814896
720575941526806274,720575940627129546,551158
720575941480856515,720575940634593436,903726
720575941546385513,720575940621613918,127259
720575941447400117,720575940622514815,811463
720575941433358112,720575940638304582,43871
720575941413327508,720575940626917903,151801
720575941610019558,720575940661032065,99357
720575941431369943,720575940635692536,935501
720575941596163973,720575940633072711,91778
720575941653256153,720575940623717001,809853
720575941430760151,720575940618715200,817794
720575941449363322,720575940617208098,71136
720575941391034006,720575940626818762,180156
720575941511835212,720575940623091550,51693
720575941425214804,720575940621311871,125328
720575941625189228,720575940630472508,134193
720575941558925092,720575940621838701,810533
720575941608957929,720575940622637804,222973
720575941721051450,720575940607897801,812694
720575941558487076,720575940629298537,35511
720575941612248934,720575940623034308,820948
720575941484567181,720575940612972328,44740
720575941519530712,720575940613053393,49734
720575941628824614,720575940614277928,60735
720575941618210943,720575940629386345,72263
720575941575563919,720575940621180582,57658
720575941474536763,720575940607880137,876858
720575941605962349,720575940643291277,55289
720575941702584538,720575940628015601,120082
720575941438049855,720575940631278044,190972
720575941449183669,720575940615060130,816508
720575941589669714,720575940618888961,84018
720575941690584728,720575940616989243,105671
720575941516001123,720575940624264340,154985
720575941562262184,720575940628520168,186210
720575941669881265,720575940620593345,810858
720575941432134103,720575940608375644,99330
720575941554586010,720575940618097821,818520
720575941534758488,720575940630297292,544592
720575941527255652,720575940625959727,131825
720575941573137736,720575940625149966,221549
720575941611475018,720575940617306324,144718
720575941546204552,720575940612774952,539294
720575941460943059,720575940620238063,94236
720575941611538506,720575940638534121,117455
720575941566203694,720575940624366532,824754191
720575941632274592,720575940628346536,59827
720575941696303834,720575940627339397,51178
720575941480391247,720575940612544921,129897
720575941489053493,720575940623951496,815611
720575941452991401,720575940625029925,165730
720575941536604392,720575940617342169,157885
720575941432419681,720575940632006481,58995
720575941505011004,720575940603663276,95250
720575941670639271,720575940621870618,122467
720575941432410977,720575940628522639,144176
720575941468184797,720575940625585957,163701
720575941533783427,720575940612058861,159247
720575941576655720,720575940630166142,124957
720575941623585644,720575940621649396,915523
720575941654648025,720575940628423185,121473
720575941681527229,720575940633042735,500025
720575941539177853,720575940647181091,824710
720575941604016118,720575940613547798,87549
720575941491321776,720575940617492939,35283
720575941613884435,720575940618978885,241696
720575941612675859,720575940610905050,113561
720575941490813237,720575940622566825,148683
720575941688750966,720575940624822771,186452
720575941644186706,720575940615246387,48370
720575941489013301,720575940630333381,42808
720575941624242796,720575940624106023,128216
720575941558277135,720575940605625376,98537
720575941604165561,720575940619676269,128544
720575941390733974,720575940640129358,914495
720575941403053424,720575940613123813,21134
720575941547666100,720575940620636843,500011
720575941439672511,720575940634351199,816249
720575941564170135,720575940625204226,908114
720575941517833944,720575940620896477,63496
720575941537372131,720575940622912470,36653
720575941514157411,720575940638447677,69789
720575941516182349,720575940626918174,64535
720575941537973736,720575940617470137,49957
720575941493717886,720575940623082509,171147
720575941555558628,720575940613056947,139689
720575941476863297,720575940620864903,196810
720575941560966189,720575940637612260,89581
720575941643402401,720575940616072081,99263
720575941478530528,720575940635720090,26844
720575941453810739,720575940628486918,157015
720575941457434608,720575940613973475,165215
720575941518933427,720575940642088333,803185
720575941514849603,720575940635562864,261211
720575941523144011,720575940608908100,549638
720575941431377839,720575940625136421,109721
720575941411173035,720575940618508006,256582
720575941659218968,720575940640024253,914475
720575941688336280,720575940631183012,807523
720575941511170576,720575940629466097,75616
720575941493541296,720575940630741847,103941
720575941466112022,720575940632500281,101388
720575941430841185,720575940625540860,815771
720575941517853356,720575940627873448,110853
720575941583649887,720575940630175614,221057
720575941440438975,720575940620516288,136521
720575941688798683,720575940616960054,75625
720575941556370852,720575940607967874,196973
720575941510927314,720575940622742286,124407427
720575941450859847,720575940608827147,105404
720575941607425901,720575940605056684,196837
720575941551546879,720575940645129524,107338
720575941460432016,720575940637791549,114476
720575941551855934,720575940640614363,45563
720575941654650068,720575940624637522,39015
720575941493186736,720575940622562142,105405
720575941625469595,720575940622913575,117683
720575941518935000,720575940626378621,125850
720575941438527250,720575940633446431,126394
720575941476997681,720575940632821864,150432
720575941570270708,720575940626758343,127410
720575941503824805,720575940629176279,48161
720575941633592261,720575940627982217,909618
720575941610564710,720575940614432914,75535
720575941552735294,720575940610906773,175309
720575941563893858,720575940636017588,92123
720575941554379521,720575940611728563,201329
720575941522526136,720575940620268167,91969
720575941549342580,720575940634183103,809422
720575941567673594,720575940607128771,79498
720575941671796391,720575940611098330,109246
720575941569707422,720575940660816769,193552
720575941569544306,720575940616578777,824955
720575941594022181,720575940645851159,137619
720575941450230906,720575940634667234,816144
720575941440371919,720575940617730141,188955
720575941633562821,720575940633247140,816390
720575941469702720,720575940647073315,103469
720575941687449327,720575940616739677,81516
720575941568413940,720575940624310601,120152
720575941407560239,720575940607677897,552333
720575941631121900,720575940627413903,99477
720575941473423419,720575940624411623,220491
720575941680689085,720575940624993538,214405
720575941493750910,720575940620214977,46926
720575941589657655,720575940621526860,154592
720575941504519077,720575940637475773,130557
720575941486260998,720575940627866245,549157
720575941527540646,720575940609602770,813440
720575941680129213,720575940612762481,141824
720575941687508463,720575940645808931,290991
720575941643253624,720575940611640674,83347
720575941508505729,720575940638141040,37252
720575941503897835,720575940629609883,181902
720575941493433538,720575940612841329,140936
720575941688262924,720575940618116642,946279
720575941490319054,720575940633163711,806777
720575941639647519,720575940616015046,815456
720575941520884659,720575940622477508,536452
720575941691493784,720575940605139116,226371
720575941490608359,720575940631454433,151748
720575941557714340,720575940624111359,66839
720575941544536508,720575940608152450,51900
720575941584103046,720575940619973211,102516
720575941490961639,720575940611514282,524890
720575941643990392,720575940604238816,121579
720575941502425175,720575940610375726,107263
720575941482344131,720575940644731040,113086
720575941454923315,720575940637650830,131223
720575941654929620,720575940632201645,513069
720575941503135538,720575940617588363,819031
720575941472210752,720575940609573845,813723
720575941486515341,720575940630598671,107825
720575941501996683,720575940632545859,752011430
720575941504402748,720575940621320803,531350
720575941533559274,720575940636018936,82309
720575941537326322,720575940625074446,191848
720575941653538065,720575940606539465,804268
720575941441828047,720575940614832168,543480
720575941626496364,720575940639051236,118308
720575941508882466,720575940623753765,48660
720575941595617925,720575940612596954,816720
720575941658584400,720575940631292202,135497
720575941553716993,720575940626451864,214645
720575941476105265,720575940608178050,72206
720575941538860693,720575940607662037,197575
720575941640046367,720575940630405111,819334
720575941585488862,720575940623368644,266046
720575941443276970,720575940628929479,513209
720575941552551707,720575940626476848,57808
720575941438439487,720575940621316724,209711
720575941625048202,720575940627259654,52727
720575941450204494,720575940627766814,230293
720575941632646560,720575940614495919,127097
720575941544625413,720575940625561165,552759
720575941439588699,720575940630194370,238817349
720575941447919892,720575940637609390,205670
720575941509691346,720575940614792623,22647
720575941589485111,720575940632296479,116282
720575941598556608,720575940634279543,111878
720575941518351543,720575940640270989,84779
720575941515239235,720575940622087350,532821
720575941504235031,720575940644511648,79974
720575941491306702,720575940624138239,69855
720575941503048498,720575940624109704,338286
720575941449806926,720575940606139564,126345
720575941450983751,720575940620327217,434969835
720575941554801409,720575940618078331,814925
720575941451310202,720575940619967099,553743
720575941462237892,720575940633781549,124436
720575941413548692,720575940622521584,532730
720575941463305229,720575940621044340,953404
720575941679702205,720575940623954579,817502
720575941503657922,720575940623952934,169830
720575941506817596,720575940618728395,32519
720575941631114466,720575940627467858,73578
720575941437487122,720575940636981070,160759
720575941401913635,720575940632316130,168376
720575941722144314,720575940652196342,51094
720575941568720498,720575940621989185,215349
720575941567142906,720575940619927710,176758
720575941613919964,720575940617621643,147466
720575941630195750,720575940637907428,98937
720575941653283345,720575940638064692,1034904746
720575941501974871,720575940641898971,83577
720575941453187891,720575940624192553,39328
720575941585018975,720575940621707430,54046
720575941685701338,720575940617434324,138173
720575941565768246,720575940620799009,327374
720575941594724997,720575940613792493,525635
720575941487850960,720575940633714515,135667
720575941528495032,720575940625919162,29174
720575941526995878,720575940625253619,87710
720575941458512966,720575940623524317,109272
720575941498077819,720575940614709446,85610
720575941438974943,720575940643812887,154808
720575941490071783,720575940626515528,135195
720575941392296342,720575940632069944,80839
720575941475153211,720575940613279766,534860
720575941569613470,720575940620871339,66153
720575941624276426,720575940609449739,819743
720575941407887151,720575940618171677,246198
720575941403356016,720575940636645624,96485
720575941631262690,720575940613517846,384145
720575941537308392,720575940614653393,320422
720575941438636818,720575940629849104,143471
720575941668606119,720575940628341818,187630
720575941516680851,720575940622777438,112007
720575941521062391,720575940633017415,101181
720575941564653207,720575940614470567,812216
720575941525814349,720575940628266066,259344
720575941655749076,720575940624663427,233549
720575941612988435,720575940622187702,120852
720575941670332849,720575940616614742,95672
720575941529419448,720575940605616096,57155
720575941613439452,720575940620947438,171316
720575941572356872,720575940621122651,153099
720575941549680244,720575940625093813,72299
720575941565092199,720575940618301524,191314
720575941451808071,720575940630464843,820234
720575941521628599,720575940630967100,33842
720575941680020669,720575940630159095,24932
720575941477722218,720575940607908226,12080
720575941479859330,720575940630415810,70121
720575941507236993,720575940614944040,68590
720575941462620941,720575940627883087,62781
720575941539623629,720575940644843118,33306
720575941488568885,720575940624974010,146174
720575941687874799,720575940632584275,86491
720575941549619572,720575940636004836,54477
720575941503410007,720575940640194392,74343
720575941504064855,720575940607695428,66395
720575941610425190,720575940609048075,124434
720575941528522955,720575940621098069,89663
720575941574390281,720575940624571912,132479
720575941514026705,720575940626411152,525157
720575941527577254,720575940618154726,41214
720575941507068766,720575940630696645,517910
720575941669232039,720575940615724729,546027
720575941486997510,720575940623942839,63404
720575941589486732,720575940628679912,164922
720575941629957158,720575940645636974,524831
720575941481049085,720575940629390700,125133
720575941532552502,720575940639127861,206364
720575941434752544,720575940613764364,60893
720575941563610422,720575940621802612,74453
720575941412412783,720575940638487871,142849
720575941430427529,720575940622869417,81377
720575941515130714,720575940624116041,61574
720575941441834687,720575940624019431,803882
720575941540281213,720575940612268913,195084
720575941524837988,720575940633364179,811889
720575941540223437,720575940627033477,155875
720575941685943023,720575940613056218,159207
720575941564470935,720575940630453564,160867
720575941540876157,720575940635291327,842520
720575941572954270,720575940612723379,912819
720575941546801288,720575940638607779,182173
720575941605013950,720575940628201482,118819
720575941655874328,720575940623333449,155285
720575941628558374,720575940633988506,107374
720575941653056217,720575940636833392,148626
720575941498767945,720575940629185275,207615
720575941574140667,720575940625894960,813631
720575941403789168,720575940640610675,228773
720575941476589620,720575940645714211,553030
720575941554673306,720575940631971911,133275
720575941533694642,720575940631948755,48594
720575941629974310,720575940633409687,193779
720575941481895354,720575940625271484,149282
720575941473830698,720575940622621772,106680
720575941516461155,720575940628716456,237376
720575941533579786,720575940627537027,25163
720575941490210766,720575940633353327,157820
720575941534063041,720575940628597455,199906
720575941432805646,720575940627310469,35244
720575941548432008,720575940621396801,62953
720575941597371804,720575940623012357,51479
720575941520950195,720575940628978409,186944
720575941626390218,720575940632021775,167886
720575941574106013,720575940623337510,155959
720575941507344709,720575940637677230,54255
720575941540915325,720575940619698846,811431
720575941578121817,720575940621625953,131130
720575941435115150,720575940622502569,140700
720575941519319991,720575940610343236,119359
720575941658862416,720575940631303212,59191
720575941656383824,720575940655628705,132986
720575941613439385,720575940632282572,162863
720575941413185135,720575940627446549,234815
720575941639286996,720575940631567355,224313
720575941652681177,720575940615641798,500224
720575941652872977,720575940631358795,809228
720575941431672078,720575940630685184,166307
720575941687535372,720575940605811902,817505
720575941643874917,720575940628223431,204260
720575941585318534,720575940640430720,152323
720575941551223358,720575940617493222,136916
720575941474589489,720575940619336256,189675
720575941504472645,720575940630702551,193889
720575941572777979,720575940620959073,79223
720575941453208371,720575940626534226,513883
720575941505166359,720575940624785415,59464
720575941477122410,720575940624052009,178132
720575941575825078,720575940650459513,117654
720575941479680992,720575940624488595,817203
720575941584966622,720575940623576458,92340
720575941536179432,720575940618787206,46014
720575941455415091,720575940625426104,185284
720575941506746940,720575940625898121,111377
720575941568803572,720575940621727835,1050460102
720575941554320897,720575940618279458,110416
720575941516285274,720575940632520239,545854
720575941584889183,720575940622163197,581559
720575941457164191,720575940618122589,86759
720575941448927581,720575940623905304,36718
720575941502727362,720575940631003410,528135
720575941618269990,720575940622785418,342951
720575941645651576,720575940635977071,31479
720575941490703079,720575940630197701,518423
720575941626132076,720575940634552462,101121
720575941460659652,720575940611380600,92142
720575941564845575,720575940619077445,186254
720575941490789838,720575940611575249,299083
720575941533084389,720575940623467533,115276
720575941608070509,720575940621517734,907444
720575941407937583,720575940638716905,123381
720575941599578409,720575940619264891,251415
720575941688347887,720575940632176012,99989
720575941514255171,720575940609663812,177520
720575941480720864,720575940623461000,171264
720575941593583655,720575940618657950,161098
720575941519778999,720575940605874633,130250
720575941546603881,720575940625968935,109975
720575941592754472,720575940623899341,103365
720575941631338220,720575940626463550,150809
720575941650962965,720575940629310969,175453
720575941564406528,720575940620963425,117156
720575941461423315,720575940625179918,559101
720575941451718313,720575940625314028,142888
720575941671332775,720575940644397728,539769
720575941659355472,720575940621871228,117149
720575941612219366,720575940633156772,110857
720575941461831891,720575940616076219,33032
720575941458945732,720575940610537336,807986
720575941579203153,720575940643965856,40101
720575941690998235,720575940646290228,90185
720575941521971123,720575940640478269,818185
720575941565211239,720575940643956168,548369
720575941659623760,720575940624477111,534163
720575941480875087,720575940624313748,97082
720575941613721753,720575940642513444,149435
720575941688386934,720575940631113180,91104
720575941459993043,720575940616991040,135437
720575941625958026,720575940640206781,934900
720575941518277815,720575940633437983,546280
720575941543005981,720575940633701487,34035
720575941572659464,720575940627078650,186807
720575941454817587,720575940615030993,56375
720575941586964548,720575940620866901,319505
720575941408790702,720575940618649664,163405
720575941458027590,720575940630819548,96250
720575941532714883,720575940624014077,162112
720575941498630779,720575940615232977,138968
720575941515554809,720575940609886915,50258
720575941588609860,720575940629014858,105940
720575941640363551,720575940624023748,76037
720575941474080315,720575940623122902,186683
720575941544537780,720575940625272252,812433
720575941591499816,720575940634775706,186198
720575941638466079,720575940645429102,161052
720575941575272605,720575940619927893,159181
720575941473911392,720575940629480710,183947
720575941408255791,720575940622982238,305307
720575941595226757,720575940637255221,189426
720575941471034231,720575940617866048,107225
720575941468942656,720575940607557315,158740
720575941431782648,720575940633187359,91116
720575941610893386,720575940623527133,70286
720575941536196757,720575940628092797,248455
720575941569403124,720575940625239816,80446
720575941503210946,720575940621017254,526181
720575941439214124,720575940616196898,201902
720575941626231754,720575940607434588,188294
720575941408940847,720575940630311996,38605
720575941565424226,720575940604887986,112339
720575941542466333,720575940618023313,818746
720575941504384677,720575940630442366,230081
720575941474907946,720575940655313057,803943
720575941523881547,720575940615781179,104089
720575941508877858,720575940636187572,126915
720575941527180365,720575940627783769,64323
720575941501047787,720575940609159619,60915
720575941546211720,720575940626567524,803903
720575941514810458,720575940640153216,810910
720575941573237917,720575940627171154,554211
720575941585056863,720575940625904016,159334
720575941565748839,720575940630368965,539982
720575941574709769,720575940619841456,813409
720575941485889232,720575940622739690,76568
720575941491444430,720575940632779347,152465
720575941588177732,720575940613799274,803732
720575941508433246,720575940629412907,124500
720575941462872208,720575940621418155,351115
720575941535616434,720575940634069914,811524
720575941545172485,720575940618127387,156149822
720575941591125644,720575940617692962,220170
720575941468970304,720575940626084410,41378
720575941594912037,720575940626171024,115364
720575941532425194,720575940628445425,514762
720575941490356169,720575940620273499,802569
720575941546703292,720575940630675474,134579
720575941565172278,720575940639753013,811907
720575941540559964,720575940630971599,59371
720575941595692165,720575940614382051,33486
720575941584979422,720575940622200865,99633
720575941612779740,720575940627702344,548722
720575941571890077,720575940619410303,184275
720575941441307599,720575940613693677,818358
720575941535942682,720575940634085112,812050
720575941503243570,720575940626011706,15921
