BANC,FAFB,MCNS
720575941474126944,720575940642894628,10968
720575941519241176,720575940645352814,10582
720575941579788533,720575940628422139,30660
720575941533250738,720575940632223457,71940
720575941658841112,720575940638013274,11647
720575941499772066,720575940615814171,58229
720575941411620207,720575940618666142,13317
720575941393748630,720575940618608110,53588
720575941580098037,720575940630137425,932790
720575941569348858,720575940625182341,92936
720575941477577025,720575940629041790,51068
720575941592925992,720575940634903915,14114
720575941448093972,720575940630121078,18811
720575941626032074,720575940625887207,13034
720575941545489413,720575940618054981,11976
720575941690957787,720575940609311586,22432
720575941523106295,720575940624280066,524225
720575941615336601,720575940630695798,14213
720575941493318832,720575940621590237,29830
720575941514456569,720575940623132621,10976
720575941431469304,720575940620369517,520643
720575941507243845,720575940620303380,514483
720575941491126222,720575940630244060,13442
720575941595295783,720575940625003653,35232
720575941508997154,720575940620950042,16336
720575941532854501,720575940627855620,53581
720575941611823078,720575940617932289,24924
720575941538066837,720575940624403843,39695
720575941644253266,720575940632033361,27952
720575941539118834,720575940628319335,87499
720575941560433267,720575940645995543,16544
720575941404874352,720575940626557442,14157
720575941564153234,720575940619266183,43340
720575941649901297,720575940618014528,18366
720575941612075622,720575940617387549,55428
720575941529767812,720575940624967561,512929
720575941639508853,720575940616001036,531584
720575941477013825,720575940624082931,519400
720575941443480234,720575940626545410,523712
720575941447973140,720575940616936226,529488
720575941574731272,720575940623582867,13245
720575941537701347,720575940621749697,35921
720575941563344552,720575940620752408,906020
720575941596240241,720575940614438685,22469
720575941502213515,720575940622913123,17554
720575941552017663,720575940636333710,16746
720575941558807411,720575940616400470,13178
720575941431747086,720575940623426854,13622
720575941474543931,720575940629185084,42148
720575941536507162,720575940608269102,156076
720575941520363511,720575940614153937,557817
720575941495998843,720575940622037926,13229
720575941520167790,720575940615307154,516204
720575941530152907,720575940635254117,10706
720575941595882609,720575940623901415,12897
720575941530093496,720575940628796780,15667
720575941472609632,720575940631844300,41107
720575941519866840,720575940605950496,515785
720575941461205392,720575940622072299,69759
720575941567010930,720575940620373469,26661
720575941624831228,720575940613535554,16994
720575941477889310,720575940615942924,524083
720575941556420516,720575940626728323,33710
720575941690766555,720575940621801456,23891
720575941655664596,720575940617440029,20170
720575941454918707,720575940627758135,559107
720575941451871559,720575940659056001,284997
720575941596205425,720575940660269185,16471
720575941506310821,720575940607178709,512720
720575941561414034,720575940638744804,511810
720575941657558296,720575940657604225,120476
720575941484195514,720575940623786376,11662
720575941532803160,720575940626268761,19428
720575941565122055,720575940614976662,106104
720575941481381117,720575940627732423,17093
720575941573054646,720575940614128593,43649
720575941472329568,720575940636805958,526505
720575941580594677,720575940633507637,50881
720575941564030055,720575940633296052,66446
720575941580685689,720575940647523705,30022
720575941556877796,720575940623497340,35517
720575941491584743,720575940641259392,38071
720575941537417341,720575940622155290,59703
720575941703146458,720575940628508534,68651
720575941521111223,720575940632644639,15303
720575941652652305,720575940626182385,100012
720575941505143868,720575940618542808,149788
720575941651827989,720575940637629016,25687
720575941439550271,720575940623804260,33238
720575941531528421,720575940638197737,85220
720575941413566748,720575940622944915,109486
720575941552229887,720575940622779076,268363
720575941595303717,720575940613235423,187243
720575941523079671,720575940626799920,514025
720575941495147719,720575940626985220,52450
720575941479563650,720575940631543414,519337
720575941503680087,720575940634615288,526288
720575941552165255,720575940619035989,89412
720575941509352976,720575940622947333,26842
720575941525888100,720575940613808326,44665
720575941477490794,720575940606718642,100113
720575941441893823,720575940612268199,67972
720575941499062601,720575940603545190,28288
720575941560597775,720575940627021349,23341
720575941496426695,720575940626278129,20962
720575941447838996,720575940613590579,15448
720575941595949937,720575940615964485,124222
720575941505059397,720575940603792486,135049
720575941468862583,720575940611610670,19450
720575941441162191,720575940639159029,24232
720575941668465319,720575940631061900,23819
720575941595940032,720575940626559055,132257
720575941652156657,720575940636933722,12762
720575941643557458,720575940624820861,817088
720575941490535600,720575940639919824,19570
720575941609235302,720575940625047815,24043
720575941612042972,720575940611853265,89420
720575941472752736,720575940632512703,186858
720575941564705431,720575940628074199,151517
720575941538256355,720575940633288372,515131
720575941516764819,720575940613668620,33424
720575941490249166,720575940622870349,44315
720575941486868432,720575940613772317,90118
720575941504240407,720575940618614254,160013
720575941565124918,720575940635416686,63939
720575941433139598,720575940618876830,203146
720575941405855918,720575940612547698,50240
720575941597632041,720575940625758980,282479
720575941553577217,720575940630169764,85781
720575941655952340,720575940630127660,62677
720575941603732921,720575940607771972,53059
720575941490463541,720575940607606852,39941
720575941488139214,720575940619054433,129431
720575941473471072,720575940616813947,98013
720575941688674200,720575940614562207,26984
720575941472130315,720575940628744023,72797
720575941532427698,720575940630174033,909723
720575941474324027,720575940625599304,42875
720575941562504546,720575940612522646,38327
720575941425384532,720575940621229962,81707
720575941512515907,720575940640962158,29930
720575941529822648,720575940617901447,243928
720575941652493524,720575940641781133,22474
720575941511189836,720575940616356672,90710
720575941432295639,720575940617498507,26079
720575941401753635,720575940612698287,217430
720575941598492457,720575940622347784,224753
720575941611082826,720575940642027464,56214
720575941612340909,720575940622786317,29158
720575941440899023,720575940618440943,29310
720575941489377737,720575940610010521,25535
720575941534887512,720575940622444780,42088
720575941665097203,720575940631124076,30465
720575941506229889,720575940620915224,38848
720575941404981360,720575940628398202,33007
720575941505929506,720575940625144061,295340
720575941436586784,720575940625963432,18556
720575941523526146,720575940623862590,53920
720575941480673154,720575940620149836,47285
720575941543962629,720575940625550398,36631
720575941474312800,720575940632934751,42792
720575941469521216,720575940653053601,54278
720575941574467997,720575940642411917,48618
720575941430513289,720575940625396252,30161
720575941553550471,720575940611976618,14801
720575941533380362,720575940616824709,140895
720575941547718461,720575940620632369,67107
720575941625993371,720575940633543531,71953
720575941689715931,720575940628116183,140650
720575941533339779,720575940613262495,168586
720575941634017723,720575940608877266,113166
720575941631020192,720575940630382075,22645
720575941535151898,720575940626193168,105298
720575941536003314,720575940624154604,26385
720575941444941588,720575940647524473,34735
720575941544157628,720575940622020613,132923
720575941578736629,720575940633199383,119914
720575941466965725,720575940611807795,226016
720575941505656866,720575940629473067,810175
720575941535332952,720575940611102437,42125
720575941459850707,720575940626426823,117092
720575941430610095,720575940626296339,37683
720575941451322702,720575940603768497,53799
720575941720258362,720575940621304004,56587
720575941609599078,720575940618290523,139217
720575941538209229,720575940629369642,43730
720575941503529522,720575940617689816,293452
720575941612873692,720575940632628122,82353
720575941534075370,720575940636098367,50664
720575941518945459,720575940634525303,48565
720575941534721729,720575940622948028,342042
720575941533345034,720575940623887422,77796
720575941510509072,720575940619524852,322714
720575941534495720,720575940627717676,172868
720575941429113775,720575940620595883,48949
720575941427920632,720575940633178872,556667
720575941504157675,720575940626628507,64272
720575941610332636,720575940647673721,159329
720575941610874598,720575940627362715,133115
720575941453855027,720575940610376658,137825
720575941489207605,720575940604284128,217516
720575941438449452,720575940624106340,323454
720575941644062290,720575940614607675,205423
720575941510361298,720575940603786686,30929
720575941489792206,720575940614001595,203325
720575941535791338,720575940622951757,278337
720575941543139357,720575940607848649,66864
720575941574468712,720575940622939124,20559
720575941603310521,720575940635152153,24122
720575941701154266,720575940620004590,178714
720575941599083968,720575940632842707,146668
720575941567293486,720575940612804209,512278
720575941731824683,720575940629766649,26885
720575941564922519,720575940621435597,66198
720575941588099140,720575940623415849,102317324
720575941460634052,720575940623289578,57888
720575941521155767,720575940630448431,110166
720575941438710060,720575940633390175,61993
720575941514873091,720575940611837649,521255
720575941449705909,720575940616815424,25762
720575941542408989,720575940628714499,524002
720575941454380013,720575940628826128,519667
720575941461378771,720575940644588324,139788
720575941403362672,720575940624742414,218583
720575941594546727,720575940645372964,36844
720575941536207882,720575940631526006,66180
720575941539971533,720575940625487256,515574
720575941651042577,720575940633519514,122334
720575941690598552,720575940630849325,73110
720575941513839180,720575940633888608,205526
720575941565302279,720575940628844539,119539
720575941483783677,720575940613093010,71555
720575941483905021,720575940605360817,521020
720575941432126049,720575940617812696,522763
720575941542714716,720575940618800064,15660
720575941600822825,720575940629712322,23615
720575941625583771,720575940626818250,115114
720575941551640575,720575940622873095,120798
720575941589320759,720575940626904392,514520
720575941663552124,720575940633924653,93348
720575941594214870,720575940636488110,58971
720575941441444031,720575940609870449,41896
720575941546354364,720575940616973313,113148
720575941562831616,720575940612461774,121045
720575941600533033,720575940643339976,1050403926
720575941563521536,720575940610477425,171879
720575941554355201,720575940627637607,58657
720575941411799663,720575940623446604,136518
720575941614152089,720575940606678795,37215
720575941506552997,720575940616987097,21115
720575941432378071,720575940627704263,105922
720575941688849420,720575940620610217,140776
720575941498554185,720575940619230288,556600
720575941474934075,720575940628933419,152997
720575941639703327,720575940627808122,281132698
720575941430795735,720575940641591248,29648
720575941461467332,720575940608956258,45622
720575941644223826,720575940643793431,513635
720575941479077738,720575940628363820,156733
720575941560791341,720575940627798266,168481
720575941629841190,720575940637982552,48314
720575941703304666,720575940621070797,111331
720575941625115803,720575940630916087,72171
720575941680312253,720575940629709250,20930
720575941515445059,720575940617942336,47433
720575941412685713,720575940615067688,54129
720575941496341703,720575940628372123,89277
720575941644434888,720575940622428167,60071
720575941569333236,720575940622044381,58405
720575941503762411,720575940620540893,165017
720575941568446766,720575940636309093,205884
720575941478332034,720575940626153488,18000
720575941393354390,720575940623776458,237744
720575941586612446,720575940612970536,54163
720575941606876269,720575940633220492,166169
720575941482666950,720575940617797169,64365
720575941569678330,720575940627517442,518908
720575941564810496,720575940616739485,140742
720575941630993093,720575940631189295,558840
720575941662663992,720575940628003304,56351
720575941571181128,720575940618225030,33168
720575941564578870,720575940611152867,555769
720575941463966221,720575940625124937,152102
720575941459361606,720575940622293483,181915
720575941554379265,720575940633333017,531928
720575941415900444,720575940631153920,103979
720575941479438304,720575940625112420,34224
720575941513861585,720575940646707076,45483
720575941506655292,720575940613751186,41407
720575941594545029,720575940614688059,580972
720575941483304902,720575940629212887,15566
720575941525745229,720575940613374879,200345
720575941477886176,720575940615673949,522993
720575941732119851,720575940624841703,118318
720575941484742466,720575940626520305,58090
720575941644560584,720575940611509485,519569
720575941573257103,720575940610675123,44814
720575941608026733,720575940616965460,67556
720575941644281426,720575940639696755,542878
720575941595147377,720575940619785492,114216
720575941483721146,720575940617542872,524753
720575941509055698,720575940615444882,47271
720575941442187727,720575940621539171,52100
720575941586294918,720575940625442795,62553
720575941535901377,720575940612279538,101138
720575941552846215,720575940625022757,36124
720575941585539294,720575940628442385,132959
720575941596126853,720575940627586170,530021
720575941539547517,720575940627380679,136504
720575941527126438,720575940626376213,71209
720575941459383622,720575940616915613,88348
720575941652792049,720575940622306736,139913
720575941480121474,720575940628392786,65756
720575941518030508,720575940622445097,43628
720575941467931926,720575940615066591,43573
720575941584610655,720575940630504991,180064
720575941542579804,720575940633687391,78342
720575941528796875,720575940619401563,154748
720575941565572759,720575940626403914,115137
720575941533976242,720575940633816857,137373
720575941459174470,720575940613442070,40741
720575941450180189,720575940621218380,181443
720575941539183090,720575940638161973,123951
720575941438060511,720575940631984610,53998
720575941570855582,720575940624215757,47753
720575941645306273,720575940630768707,532905
720575941514451779,720575940613598105,21849
720575941595424369,720575940627321755,511844
720575941515840867,720575940614549666,49916
720575941503100907,720575940625488058,103630
720575941574435579,720575940625659431,98676
720575941471511051,720575940617434395,172424
720575941416681244,720575940623311630,149335
720575941426991444,720575940625786260,148888
720575941462748560,720575940623785983,512186
720575941471851072,720575940638723133,92307
720575941488822732,720575940613701791,518604
720575941557628836,720575940638548021,98554
720575941556568484,720575940626601745,48081
720575941667975155,720575940606958859,168823
720575941448036628,720575940630655007,196917
720575941685989132,720575940613440479,144165
720575941598177065,720575940624988304,146190
720575941615477913,720575940623857300,21991
720575941592922219,720575940607597660,112852
720575941589972734,720575940613256086,138936
720575941527970470,720575940637800676,28043
720575941489271527,720575940607227228,118980
720575941456897773,720575940606722150,18826
720575941563566504,720575940609077828,515321
720575941596462213,720575940617784118,512362
720575941442046927,720575940622020940,22834
720575941476660289,720575940632395420,84942
720575941461337357,720575940637558618,82293
720575941457404742,720575940607837707,52191
720575941447705949,720575940629666971,70298
720575941526946306,720575940626849030,27547
720575941527427768,720575940614326782,121578
720575941486555277,720575940627523102,69938
720575941513444089,720575940625612474,36368
720575941450213754,720575940629312759,96138
720575941439862101,720575940628088823,169169
720575941638242165,720575940622713638,95713
720575941477820266,720575940615181273,194774
720575941511598290,720575940627543171,66309
720575941617815765,720575940615914613,188346
720575941554309403,720575940638678616,513034
720575941596730501,720575940631537735,15458
720575941493997182,720575940633982303,169090
720575941499209801,720575940625185613,153035
720575941505482917,720575940604479590,117782
720575941689846424,720575940625128067,61360
720575941439366747,720575940615687380,536264
720575941656503376,720575940623228967,16886
720575941564172391,720575940619253869,200208
720575941543849577,720575940614837222,193259
720575941606929261,720575940652083190,13411
720575941631908549,720575940620058537,32122
720575941438776620,720575940621947357,146116
720575941529222840,720575940625724803,144399
720575941503977125,720575940634283616,85555
720575941563207319,720575940627418750,44152
720575941476278065,720575940625949212,58573
720575941536044570,720575940638252672,155194
720575941651773205,720575940624364474,580761
720575941603484350,720575940631373869,25242
720575941447434165,720575940608065987,210510
720575941553746660,720575940622296573,46590
720575941550240628,720575940623194632,194601
720575941433311502,720575940621772691,92760
720575941479665999,720575940628207951,148054
720575941626134218,720575940623841779,149882
720575941503713003,720575940631999080,101002
720575941573055631,720575940613988242,60682
720575941491928295,720575940624905223,12584
720575941536634906,720575940631420483,20254
720575941520547763,720575940619284545,152053
720575941579789649,720575940629353788,39033
720575941583888991,720575940623324087,148748
720575941504513986,720575940615973388,93129
720575941410131311,720575940626017917,17084
720575941596230769,720575940619758256,51364
720575941545100476,720575940624007694,234811
720575941617538773,720575940622668031,83619
720575941569828090,720575940628526735,125080
720575941567478386,720575940622137633,917601
720575941643657317,720575940631305068,29090
720575941575504271,720575940614618683,306197
720575941480684674,720575940634926840,84698
720575941679854013,720575940619619675,522440
720575941526936653,720575940615055144,38288
720575941574069917,720575940631568927,64852
720575941627205177,720575940624305643,152159
720575941658805840,720575940624351785,531838
720575941595335719,720575940623175969,97523
720575941616982229,720575940625958922,521467
720575941437498591,720575940645953668,523939
720575941519069868,720575940607648267,123654
720575941578599257,720575940629055227,128611
720575941536029194,720575940644193902,515032
720575941480721026,720575940624992258,159410
720575941658042648,720575940621052118,202114
720575941488189904,720575940615755147,11054
720575941609022794,720575940640421710,523846
720575941495071102,720575940642081952,273942
720575941572695049,720575940607790916,134386
720575941530746315,720575940644301603,159014
720575941515994515,720575940618633944,63273
720575941513091404,720575940618158672,124599
720575941612353811,720575940616752155,39798
720575941594260950,720575940631813796,521535
720575941544174441,720575940632385066,521528
720575941543246365,720575940607001986,28607
720575941516990355,720575940628771436,808454
720575941466785302,720575940622122083,16111
720575941455057971,720575940620033590,53906
720575941524246347,720575940608335746,14053
720575941546015112,720575940617023174,29526
720575941460879300,720575940619113556,12462
720575941624151690,720575940623287228,24502
720575941527654840,720575940631275181,16601
720575941652034033,720575940630028359,19221
720575941495888000,720575940632808249,76635
720575941549444980,720575940616630557,155395
720575941516619180,720575940613987946,29355
720575941612747740,720575940640044752,65207
720575941456503024,720575940628212796,18633
720575941641435749,720575940630904121,25797
720575941643606866,720575940633411155,50811
720575941598570537,720575940629938487,17531
720575941564712960,720575940635403230,514909
720575941564539904,720575940611972210,559505
720575941654225364,720575940628028163,518632
720575941578977781,720575940611094478,15081
720575941552865854,720575940618997150,521162
720575941524422219,720575940631036077,126401
720575941596580485,720575940634263706,154101
720575941477269556,720575940619103910,156004
720575941609447145,720575940616708108,35558
720575941593660267,720575940607126485,151629
720575941479319715,720575940620423518,164401
720575941497091195,720575940634716823,526864
720575941722622778,720575940625040053,43216
720575941598468137,720575940628454202,515757
720575941462784912,720575940631725561,217533
720575941514897923,720575940632256481,33409
720575941513159377,720575940629453116,531701
720575941510433296,720575940631154743,512319
720575941491347918,720575940630404655,23419
720575941497022025,720575940614348511,61587
720575941613905171,720575940618534977,529337
720575941474860842,720575940628354216,137784
720575941605158078,720575940605115337,15251
720575941536167946,720575940630374219,94040
720575941493382064,720575940625500395,159589
720575941468908765,720575940606345760,154952
720575941584526175,720575940614795935,15613
720575941459254943,720575940625916190,67524
720575941493513904,720575940642729376,89472
720575941441772123,720575940637281077,43959
720575941480749135,720575940631176877,22306
720575941586104710,720575940629925207,27782
720575941456584685,720575940627501417,25984
720575941575569807,720575940630281580,128848
720575941586729182,720575940628505873,76161
720575941495190142,720575940626494722,84268
720575941453031239,720575940631738472,529456
720575941490732341,720575940631631564,15942
720575941471794443,720575940643100301,15905
720575941553542683,720575940652427254,77567
720575941490939852,720575940622585224,160450
720575941534732778,720575940630787781,32589
720575941482309827,720575940625053186,20890
720575941564992007,720575940622027527,61982
720575941658256464,720575940632184928,536309
720575941516101978,720575940622448166,36743
720575941546424500,720575940604471473,76725
720575941406763950,720575940614279867,28648
720575941505261874,720575940617650203,35377
720575941453362857,720575940629918775,590182
720575941565678134,720575940625938831,41428
720575941494214782,720575940611848874,112404
720575941467794966,720575940611143118,192829
720575941598460828,720575940632620845,19237
720575941526953986,720575940618221115,91112
720575941570168820,720575940612238632,39678
720575941650918933,720575940625783897,53041
720575941448732494,720575940613739410,23143
720575941611140170,720575940622682564,545366
720575941620139135,720575940621907461,34386
720575941575316381,720575940623937976,518375
720575941428809976,720575940619072158,518690
720575941465574742,720575940616296763,94580
720575941484144390,720575940631483167,24153
720575941564453986,720575940626400125,14269
720575941565961879,720575940620576238,36624
720575941546848700,720575940636461710,157370
720575941655107540,720575940622717683,135899
720575941506091543,720575940627950135,137114
720575941539304434,720575940628254193,39570
720575941450007221,720575940631957933,529491
720575941506371493,720575940611527794,28254
720575941481308495,720575940629103468,26621
720575941580028405,720575940643249608,57052
720575941438535743,720575940627855107,22471
720575941502806251,720575940628708139,257650
720575941723425082,720575940634464864,37552
720575941533600899,720575940639675088,83735
720575941413755284,720575940630001884,35715
720575941596573829,720575940604147633,71858
720575941499098185,720575940626441786,97760
720575941552845118,720575940626089368,530061
720575941643381960,720575940625641196,37863
720575941655117273,720575940642262157,506608
720575941574238984,720575940640353845,168444
720575941539217394,720575940634025111,28054
720575941412682351,720575940641238400,44343
720575941611414758,720575940622833577,414342
720575941504493250,720575940619188139,525108
720575941483910653,720575940627662608,396307
720575941497372539,720575940631255656,100217
720575941611719910,720575940634389390,38552
720575941440117595,720575940625436170,27519
720575941560967213,720575940623062349,34641
720575941533569546,720575940637352893,139035
720575941534279914,720575940634640023,113001
720575941473958186,720575940604842924,22461
720575941596494236,720575940630949203,51682
720575941513113676,720575940646288419,154230
720575941390885636,720575940618177739,148830
720575941480570275,720575940652886177,554008
720575941452110458,720575940604736544,156615
720575941603177462,720575940637080154,159834
720575941479769474,720575940634258131,122745
720575941626474092,720575940637391582,506819
720575941471715851,720575940632651219,515130
720575941526235929,720575940637455593,125369
720575941519556462,720575940632898273,124227
720575941579420149,720575940613348271,550660
720575941516202668,720575940622136129,26429
720575941492585854,720575940643567652,535488
720575941485464717,720575940620899964,177548
720575941401901347,720575940626672158,134130
720575941477890868,720575940615192588,817374
720575941540431196,720575940634248184,186896
720575941527113572,720575940611918578,157134
720575941556450212,720575940610430254,114522
720575941461278419,720575940643820654,149196
720575941644363858,720575940634224023,46924
720575941545533320,720575940610906538,88600
720575941626144202,720575940624891440,81103
720575941690120344,720575940636596148,170115
720575941491407054,720575940623045267,129391
720575941627135014,720575940620499952,48222
720575941392524438,720575940615682246,157767
720575941529237688,720575940626745193,108133
720575941539280789,720575940606613771,59290
720575941477266718,720575940615592961,25254
720575941480730019,720575940621746300,41720
720575941508728449,720575940624094793,49228
720575941407648174,720575940638953843,43487
720575941537055971,720575940619746907,86755
720575941681114557,720575940618778247,77767
720575941567928308,720575940625079054,28793
720575941578868725,720575940623880427,38503
720575941671970215,720575940627580702,31871
720575941506430524,720575940634147991,513932
720575941436266016,720575940638879651,53845
720575941539169173,720575940615749051,34250
720575941681091517,720575940629806807,40763
720575941611299658,720575940624283882,41083
720575941643501925,720575940608838702,88731
720575941501276043,720575940636029503,50279
720575941452601159,720575940613500226,52190
720575941551922238,720575940611521778,22736
720575941439559765,720575940628702935,23771
720575941511499218,720575940621136961,34172
720575941480766338,720575940624023539,61817
720575941486662096,720575940626324357,49108
720575941535335178,720575940627464979,24324
720575941566335286,720575940646433059,26848
720575941455901933,720575940610366050,28097
720575941629940518,720575940622449800,28079
720575941490797769,720575940621804364,159036
720575941508588834,720575940626784868,12660
720575941444249002,720575940613764817,41612
720575941475812417,720575940633215047,27562
720575941513355985,720575940615510338,56232
720575941473602875,720575940604706592,50002
720575941412615791,720575940607206066,60253
720575941626354826,720575940611959219,62737
720575941671641767,720575940618045776,23969
720575941547293108,720575940622166998,42334
720575941546981256,720575940652809889,17078
720575941485617037,720575940624551056,55787
720575941615423641,720575940637803891,33709
720575941507719006,720575940633984924,21166
720575941441572443,720575940624107081,52572
720575941631944891,720575940615906388,529077
720575941459902608,720575940626531177,520364
720575941565262390,720575940631250744,25755
720575941503622123,720575940635688169,534948
720575941430726281,720575940626199177,150881
720575941599029184,720575940623929540,24485
720575941565769111,720575940633936941,33256
720575941651592177,720575940626671637,187891
720575941523788363,720575940603926188,104734
720575941604096502,720575940639368782,226132
720575941546623676,720575940604910270,12523
720575941628851682,720575940624346917,96458
720575941514753539,720575940611597298,11574
720575941502588722,720575940611344858,132178
720575941506805573,720575940621581121,37597
720575941439631583,720575940621273460,52196
720575941467066902,720575940606743170,518379
720575941485827981,720575940621636109,38120
720575941614379795,720575940617676405,223205
720575941554138651,720575940623312107,20411
720575941612982425,720575940616420150,32392
720575941459077702,720575940627286344,167497
720575941436428818,720575940623137818,30780
720575941556337124,720575940609503074,61578
720575941638346015,720575940618732782,25359
720575941625546698,720575940625301860,46801
720575941487737040,720575940649451129,62751
720575941538173416,720575940615794845,131344
720575941519368627,720575940628137577,108555
720575941471627639,720575940638159472,45757
720575941607695725,720575940633164940,95205
720575941594434085,720575940616825122,36064
720575941516115802,720575940628225034,530860
720575941571764987,720575940640258613,121520
720575941437525804,720575940626579593,110198
720575941631188384,720575940610836885,514291
720575941563601462,720575940634893419,556502
720575941571806971,720575940632988351,20678
720575941514010188,720575940610167665,53972
720575941628917986,720575940621155092,31541
720575941557598500,720575940628422479,45455
720575941562891618,720575940610263665,26295
720575941731006251,720575940633291418,58718
720575941703299290,720575940628778490,524469
720575941529119672,720575940623102090,127962
720575941436314400,720575940612821727,68701
720575941445081770,720575940623323319,19307
720575941559304942,720575940633797530,32163
720575941495703495,720575940627543370,14698
720575941531771365,720575940630923551,35751
720575941596181617,720575940633126983,515293
720575941452098426,720575940604412192,346871
720575941590317054,720575940619091201,144776
720575941352631600,720575940620633309,530301
720575941581079161,720575940632400409,41680
720575941661508152,720575940632652002,62494
720575941535769114,720575940612937834,116161
720575941439359167,720575940629424983,176833
720575941626321260,720575940615155910,44326
720575941690827995,720575940646086167,48016
720575941597531804,720575940629908540,54917
720575941598314025,720575940631291106,105206
720575941488011216,720575940645693220,124737
720575941625982154,720575940630617386,24396
720575941613630172,720575940628401451,32319
720575941436957202,720575940640294901,79041
720575941515224131,720575940625417353,31365
720575941546184840,720575940629213639,20980
720575941609764781,720575940645179592,27052
720575941402863216,720575940607193986,522704
720575941687787276,720575940634513515,51673
720575941537503381,720575940639887757,25154
720575941506427461,720575940609903602,83289
720575941628361766,720575940615775771,136213
720575941495922555,720575940623237161,33987
720575941431178081,720575940630028599,73974
720575941430739375,720575940629547836,126871
720575941625012379,720575940633021338,113792
720575941479416544,720575940615613396,38800
720575941634314939,720575940616909981,173010
720575941607869293,720575940624397582,29676
720575941616937429,720575940610047194,23406
720575941432571351,720575940631599244,518201
720575941549606945,720575940632304711,440899
720575941566691943,720575940608371586,113884
720575941499895458,720575940631380700,128670
720575941519016046,720575940625790778,20007
720575941592341206,720575940622940967,54776
720575941393645462,720575940615742977,146988
720575941554139905,720575940633832628,144315
720575941572749640,720575940628859751,63848
720575941700693978,720575940626476572,115860
720575941542625628,720575940613338152,544770
720575941545525128,720575940661338497,26137
720575941501844055,720575940618744047,515298
720575941502567915,720575940637794163,169954
720575941687311855,720575940631317463,173503
720575941593160744,720575940643702551,29493
720575941563075730,720575940619196398,66750
720575941430975329,720575940640128720,30957
720575941667611057,720575940639161472,130667
720575941575268534,720575940617794939,536209
720575941505755159,720575940629106438,18286
720575941565993063,720575940659613569,534870
720575941437700693,720575940623872263,71862
720575941555467748,720575940623742461,581135
720575941550234685,720575940618802811,20223
720575941505533093,720575940636868186,26488
720575941496618624,720575940630792275,142427
720575941473001568,720575940629810748,11450
720575941531116261,720575940611048154,24654
720575941474540062,720575940634046399,24671
720575941453842483,720575940632803007,71018
720575941548028276,720575940636702174,524945
720575941435773484,720575940624326462,163633
720575941449589838,720575940621978904,171881
720575941407622959,720575940630771959,53161
720575941558858029,720575940622746365,168378
720575941410658475,720575940614884502,516599
720575941633602501,720575940611782874,13257
720575941539922813,720575940640589683,81334
720575941590349352,720575940652733089,185711
720575941485360848,720575940632180909,165623
720575941513039459,720575940637906803,54907
720575941631206370,720575940621598954,178346
720575941482284739,720575940630392879,24340
720575941583883359,720575940630925229,65672
720575941520986807,720575940618907757,513157
720575941611306470,720575940630677498,68810
720575941564707328,720575940631796803,22671
720575941440659803,720575940624611018,106495
720575941531876811,720575940627142666,25108
720575941510545936,720575940627442197,491190
720575941404925808,720575940620322753,919061
720575941516885907,720575940620745825,232880
720575941532477925,720575940617517661,527138
720575941654961625,720575940622857827,270708
720575941533581699,720575940633250530,232340
720575941632443589,720575940610202597,539151
720575941645029496,720575940629895491,46906
720575941555897060,720575940619251416,75922
720575941730533675,720575940604831264,118996
720575941439298367,720575940631425700,526062
720575941461947844,720575940617323803,195369
720575941520722867,720575940611137742,22417
720575941453342121,720575940622604543,20718
720575941550175092,720575940610033301,1050111955
720575941404117104,720575940629155450,51678
720575941565390855,720575940635053468,179692
720575941462672909,720575940632183121,71299
720575941658065488,720575940630684943,58941
720575941574451707,720575940624401968,37196
720575941666678515,720575940630521292,12803
720575941445607082,720575940622617748,817283
720575941681314237,720575940625734714,511993
720575941411130283,720575940608884693,32276
720575941515208953,720575940620307803,33105
720575941408577583,720575940619983380,499904
720575941585065350,720575940629184000,79032
720575941414155665,720575940639838005,55807
720575941540599933,720575940620981158,37961
720575941432532951,720575940632949529,118682
720575941436071200,720575940638364750,73355
720575941514001251,720575940624236592,33943
720575941414420884,720575940623564617,513125
720575941617613269,720575940616799547,39861
720575941408347054,720575940621231966,62029
720575941461502096,720575940620341931,96497
720575941574250653,720575940619943796,918481
720575941589172222,720575940621566941,22345
720575941632851131,720575940639718453,74119
720575941481072323,720575940614866242,934247
720575941589175364,720575940619731393,131216
720575941723443770,720575940623988971,85753
720575941481054115,720575940626311049,915443
720575941575181238,720575940624109464,33653
720575941654744276,720575940629887695,133103
720575941574979593,720575940619646037,521225
720575941591036670,720575940628214887,13699
720575941514802787,720575940624533956,179528
720575941590944908,720575940618839472,86679
720575941539335317,720575940623673821,546129
720575941539259085,720575940624661031,28434
720575941652731121,720575940622601610,55504
720575941661742904,720575940631458529,108122
720575941504611351,720575940630335596,41715
720575941482473981,720575940624359432,522743
720575941513077457,720575940630033270,130553
720575941629103398,720575940636298085,25652
720575941722109754,720575940630642380,109477
720575941502236555,720575940631501779,143710
720575941594719974,720575940626200457,70705
720575941514493772,720575940625960104,313049550
720575941505592901,720575940625750105,522762
720575941555455716,720575940633142498,63391
720575941624316156,720575940621574592,537387
720575941491986919,720575940630352635,514338
720575941459270815,720575940616098354,88758
720575941433211662,720575940629502172,163924
720575941586628062,720575940627444746,73992
720575941689803416,720575940621216982,133019
720575941412676463,720575940632714465,127894
720575941727167531,720575940623057642,184586
720575941557432868,720575940632081439,249245
720575941534524504,720575940633090771,345429
720575941679569853,720575940623444604,152505
720575941477551156,720575940636267236,187144
720575941483750586,720575940627930630,513287
720575941573629512,720575940644405870,549573
720575941569715570,720575940639725987,183205
720575941486642317,720575940631716516,53305
720575941463187213,720575940620272037,513846
720575941669613233,720575940619998228,468519
720575941483793338,720575940610716770,53919
720575941488176181,720575940624818434,38571
720575941529746891,720575940632164772,518089
720575941536815848,720575940654932385,61907
720575941554218579,720575940627214891,54559
720575941560643175,720575940603266592,522761
720575941714293035,720575940638817725,48612
720575941516124515,720575940614737558,156939
720575941539271317,720575940617688389,542444
720575941391589380,720575940623793741,251420
720575941453026119,720575940641562587,11847
720575941590096524,720575940618761250,42364
720575941668440497,720575940630597839,512913
720575941512552524,720575940632341452,152432
720575941644251986,720575940616599133,76475
720575941569813618,720575940628848900,116251
720575941430294264,720575940629510338,163597
720575941629426982,720575940608375342,88236
720575941690198936,720575940630608467,117685
720575941440513877,720575940625032841,520510
720575941439749599,720575940628268843,23240
720575941520626099,720575940605135038,523806
720575941409831083,720575940632623842,23574
720575941643960737,720575940624761331,41204
720575941565713815,720575940624970987,37015
720575941471429495,720575940622893960,516483
720575941661072952,720575940643829102,25547
720575941563615890,720575940617067476,145815
720575941589444151,720575940617304404,42126
720575941411436143,720575940637907312,42547
720575941638421365,720575940630462172,175014
720575941504903228,720575940631272003,321434386
720575941594056231,720575940625868184,239977
720575941690029208,720575940606254002,202063
720575941499080009,720575940633540447,516216
720575941658887192,720575940617874555,107685
720575941568442362,720575940659164545,126837
720575941534627265,720575940620634537,443183
720575941522631415,720575940613942557,514426
720575941560946279,720575940636487598,141663
720575941655223257,720575940617498324,43976
720575941476381505,720575940631204163,111660
720575941598613952,720575940623482748,142436
720575941549136756,720575940614184671,132980
720575941639298335,720575940616439697,138213
720575941553905409,720575940620015201,166688
720575941554220827,720575940631248940,17221
720575941506487205,720575940628724012,37278
720575941552745243,720575940610683342,46321
720575941500037026,720575940639594355,521363
720575941642291557,720575940625950553,50439
720575941573447675,720575940609630357,24852
720575941429890697,720575940627154063,512829
720575941632557984,720575940621307230,126302
720575941521403827,720575940604714208,142590
720575941461850308,720575940618977365,152473
720575941587849028,720575940624859834,350401853
720575941409904299,720575940617815687,343346
720575941438682898,720575940632324689,26248
720575941470612800,720575940627286149,126350
720575941541604637,720575940632146340,253648
720575941657684560,720575940611837938,363186
720575941502081419,720575940612395178,85570
720575941567148078,720575940628690423,955898
720575941413275284,720575940617524053,249842
720575941572911944,720575940624005572,94086
720575941595149425,720575940610464195,182779
720575941651397617,720575940624406664,30401
720575941452057257,720575940615060290,530738
720575941439761493,720575940623942119,325265593
720575941469997175,720575940622749709,210111
720575941438627116,720575940613418547,519387
720575941498603131,720575940621198017,20554
720575941670277287,720575940633394784,163887
720575941590964876,720575940622557675,46221
720575941611060713,720575940634761208,238209
720575941626220396,720575940617486081,164459
720575941555318500,720575940622091340,220220516
720575941408393007,720575940629767161,237978
720575941534896306,720575940617351990,179108
720575941691093656,720575940627595024,118627
720575941515983962,720575940625136228,299288
720575941452751943,720575940642506184,284053
720575941532555493,720575940623820725,230378
720575941486694210,720575940613481256,389641
720575941522203383,720575940629226044,406121
720575941559050767,720575940621308540,518627
720575941459354015,720575940632193055,908685148
720575941573844489,720575940625680074,428438
720575941658407448,720575940622643661,323027797
720575941479723906,720575940610208046,794490506
720575941431349207,720575940607770972,106814
720575941559054607,720575940624683152,177248
720575941448826037,720575940617109597,588642
720575941626268524,720575940627752443,570638945
720575941491301607,720575940625494053,281057
720575941538125544,720575940630425285,535512
720575941590478334,720575940617063325,435333
720575941562265256,720575940623708135,423778
720575941617803477,720575940631461451,519875
720575941439657279,720575940639619792,314960
720575941522269431,720575940626375785,127912
720575941466683414,720575940631911761,520926
720575941508506914,720575940626860487,215871
720575941416599836,720575940618696920,60498
720575941452995655,720575940617483318,225829
720575941731743275,720575940624828464,201931
720575941538559730,720575940613886687,166510
720575941441749199,720575940627510409,222819
720575941476715585,720575940614014431,302159
720575941689999256,720575940617232477,242173
720575941569943546,720575940631295116,181265
720575941527924134,720575940634703987,352444
720575941595865895,720575940625889625,193094
720575941441316047,720575940622526355,525227
720575941481086403,720575940620356468,215093
720575941546473404,720575940640604951,272753
720575941687403759,720575940622961604,205282
720575941626358124,720575940623705894,265000
720575941612499164,720575940630187727,346129
720575941458100464,720575940633983639,508478
720575941536185793,720575940638871128,956023
720575941456701677,720575940646540910,145847
720575941521305011,720575940607811420,120627
720575941432002263,720575940624066279,525229
720575941658442776,720575940624834547,711179276
720575941480172930,720575940622953983,337014
720575941562265768,720575940628700571,104545248
720575941603290809,720575940616903209,391902
720575941476179761,720575940631737005,927826
720575941604147134,720575940615656498,182225468
720575941625400458,720575940639405912,928361
720575941490118965,720575940634662810,296982
720575941597042565,720575940630925330,403791
720575941481132227,720575940617986345,423539
720575941722291770,720575940628891774,943302
720575941514224707,720575940609476562,581710868
720575941581632121,720575940609785208,316132
720575941599597609,720575940617398502,538117
720575941590457484,720575940620885342,22354
720575941625078171,720575940639004032,919249
720575941462218180,720575940640611803,909498
720575941413390481,720575940617654818,812830130
720575941541597276,720575940645086999,79679
720575941578906357,720575940638191679,943463
720575941662605180,720575940618856896,97027
720575941515623235,720575940623509256,921680
720575941643178853,720575940631549231,350750
720575941476578100,720575940608104540,430460
720575941525827330,720575940629837628,289180
720575941489760565,720575940630662737,552278
720575941544963333,720575940617733593,165795
720575941458795078,720575940628589438,979869775
720575941459988947,720575940632082463,300535
720575941623300860,720575940621513566,158576
720575941476377137,720575940624091061,175062
720575941483732922,720575940628707600,321054
720575941442331343,720575940635425893,167313
720575941523188043,720575940626093553,908793
720575941525991426,720575940621805261,58494
720575941628831782,720575940619419757,105395
720575941557969444,720575940612951789,162905
720575941560115727,720575940629453694,343840
720575941536093450,720575940623940681,407819
720575941430163887,720575940618609799,71357
720575941480631426,720575940631321618,254366
720575941486680898,720575940635172191,475202322
720575941458665887,720575940613996959,203234
720575941553543066,720575940626016017,633272971
720575941498654587,720575940605915872,552780
720575941645351329,720575940640262645,1037165389
720575941589084727,720575940630098243,128571
720575941594396967,720575940636365540,408508
720575941669523633,720575940621583367,266262
720575941611923814,720575940620544801,307879
720575941643967352,720575940623224044,283181
720575941703430618,720575940638419534,902216
720575941451967815,720575940626553993,526474
720575941563533714,720575940614926790,651813160
720575941569821810,720575940627629315,241890
720575941447396116,720575940637731817,215843
720575941515808003,720575940603911340,216121
720575941573696520,720575940646142004,182914
720575941526193177,720575940631393823,186879
720575941619002751,720575940631494687,120657549
720575941496228992,720575940625818426,196208
720575941486919565,720575940616713473,383889
720575941634167483,720575940611160952,922369
720575941624219132,720575940615747259,747796417
720575941506869157,720575940625368578,223975
720575941564958050,720575940629611996,956012
720575941479663746,720575940624849040,231047
720575941441012175,720575940626690120,173087
720575941447481620,720575940620572933,498041
720575941633222048,720575940614037533,948367089
720575941528135846,720575940626329993,353000
720575941483576006,720575940612901807,275236444
720575941408873519,720575940627890231,938975
720575941619317375,720575940629343799,517352
720575941639588639,720575940620860766,17347
720575941496195783,720575940635465317,387514
720575941504896562,720575940627090521,550256
720575941506128407,720575940630704953,193356
720575941548231048,720575940624365500,216778
720575941603062774,720575940625520412,464937
720575941492178407,720575940622198664,150992197
720575941591618188,720575940604352689,208272
720575941560456051,720575940628958842,639917279
720575941482185667,720575940616551563,923628
720575941478108993,720575940624974266,519549
720575941433144590,720575940631639097,919213
720575941560231951,720575940619793134,428737
720575941585752030,720575940626879484,925375
720575941589074231,720575940617479169,196862
720575941516563449,720575940620250294,227905
720575941574853519,720575940634648568,285620
720575941549093236,720575940639088885,220770
720575941651538965,720575940610036834,189107
720575941467544342,720575940642168205,112413882
720575941461672403,720575940613167766,66710
720575941496474240,720575940633915327,230736
720575941687786358,720575940606698882,390433
720575941593455211,720575940632677145,245617
720575941564333714,720575940630209658,227551
720575941534541400,720575940620979888,201053027
720575941483932045,720575940628781333,23511
720575941498040393,720575940626049098,96958
720575941503976683,720575940625381397,71593
720575941594731478,720575940634967915,231573
720575941477559604,720575940611504869,259299
720575941680248509,720575940620555252,184468
720575941438746175,720575940622281399,922590
720575941482183878,720575940611068053,919289
720575941644569761,720575940614778124,243579
720575941645268897,720575940622517530,339258
720575941457219053,720575940628790142,424050443
720575941632078533,720575940619674840,174215
720575941495594112,720575940622346180,513646
720575941483094269,720575940625821758,221747
720575941559805166,720575940615879995,958880288
720575941639366005,720575940631247431,144792
720575941625061787,720575940630947176,927197
720575941431530593,720575940648191609,168808
720575941658114896,720575940609065774,151472
720575941690311387,720575940645941102,162742
720575941499787111,720575940611007717,423427
720575941562273704,720575940628117118,229440
720575941702994650,720575940629903903,229401
720575941538177685,720575940608021596,325980
720575941500918411,720575940623112339,300061
720575941431436024,720575940645108936,134712
720575941541997597,720575940620783898,237523
720575941506002787,720575940635549364,128819
720575941555732708,720575940623209703,514424
720575941722317626,720575940624266061,517257
720575941482695354,720575940619551824,391643
720575941633329568,720575940626252062,148931
720575941658128408,720575940614110375,338571426
720575941563509160,720575940643396768,881104563
720575941526169881,720575940626461706,204580
720575941436208160,720575940632258468,309610
720575941463893005,720575940633933975,400246414
720575941408700846,720575940617511169,309407
720575941611461706,720575940621321748,297455
720575941411789167,720575940627265043,325966540
720575941555507713,720575940620993193,213955
720575941611426634,720575940620024560,635198882
720575941499051745,720575940610926762,712732813
720575941491763687,720575940626826005,364416375
720575941526912770,720575940617723878,228296
720575941483828733,720575940632252068,211618
720575941482150342,720575940611237034,519247
720575941661557304,720575940626618696,177450
720575941492178663,720575940606922674,415235681
720575941594731734,720575940645611652,176139
720575941392923798,720575940635745855,920382
720575941612019814,720575940630607756,207348
720575941533472643,720575940643850862,237207
720575941450723150,720575940632423394,923713
720575941723904058,720575940619210968,126095791
720575941600021545,720575940632458195,174167
720575941626141804,720575940611905138,278658
720575941489518133,720575940622651389,419997
720575941435032864,720575940618709371,388541892
720575941431809633,720575940632880173,516218
720575941630695394,720575940628912390,109103
720575941529643192,720575940614122803,980589689
720575941579737845,720575940606123209,321572
720575941603304950,720575940630552151,885642755
720575941614474649,720575940620621665,566251
720575941529305272,720575940627707753,97547
720575941613241820,720575940619407495,841588314
720575941632747168,720575940618590262,147667916
720575941432410721,720575940622099294,245127
720575941573705992,720575940622811903,274047
720575941479988610,720575940640027637,158617
720575941573733789,720575940614236575,570912
720575941476225822,720575940617362150,178454
720575941631213804,720575940649430393,550890
720575941554727066,720575940604439072,220921
720575941578100313,720575940621124033,218478
720575941566472551,720575940614212514,123968
720575941435023648,720575940628553731,919174
720575941625455771,720575940640130432,932780
720575941404249200,720575940628993900,143937
720575941526524516,720575940609712226,466614
720575941555289089,720575940645805188,231544
720575941499320994,720575940640837027,512835
720575941623311612,720575940606986691,17362
720575941652238065,720575940633551002,554336
720575941589470206,720575940638165875,141122
720575941514255683,720575940627108625,827600769
720575941653205265,720575940615856779,519546
720575941530456011,720575940616561035,348727044
720575941574956041,720575940625814274,307312
720575941498056571,720575940620028080,442779736
720575941536932323,720575940638389437,555319
720575941628903462,720575940627327938,520134
720575941638477429,720575940617041728,70171
720575941496794496,720575940621593972,31055
720575941655597017,720575940626149578,383609
720575941466682134,720575940620459702,897061253
720575941679800765,720575940628818023,246573
720575941450710350,720575940623164856,100451
720575941515862883,720575940634815327,138616
720575941554038426,720575940637468735,119709
720575941598243776,720575940622559882,168653
720575941427337300,720575940627820026,338148
720575941552814398,720575940635175023,36144
720575941404699504,720575940620496555,50515
720575941452472391,720575940624214798,19636
720575941611379530,720575940620744152,56994
720575941690855899,720575940643792032,62013
720575941632310764,720575940628369683,51831
720575941579270481,720575940630541399,49237
720575941516877715,720575940635736183,115755
720575941535579585,720575940634401471,102978
720575941427943764,720575940611119578,91782
720575941431592545,720575940606698598,141224
720575941626858122,720575940620287476,30124
720575941551658495,720575940610586597,541479
720575941662127416,720575940626422513,22293
720575941535573697,720575940630881111,101101
720575941498610761,720575940615610836,145037
720575941564537954,720575940621501453,145062
720575941605500094,720575940621044863,521480
720575941572645534,720575940608053084,122920
720575941633159328,720575940622662896,158428
720575941548192136,720575940644590116,224922
720575941514080076,720575940626122535,515724975
720575941438270764,720575940614589243,164424
720575941565301511,720575940629621820,139335
720575941508609153,720575940626522155,15659
720575941438887954,720575940626283838,85057
720575941401579555,720575940631089256,91360
720575941632957344,720575940627708815,53253
720575941431340536,720575940629336770,256925
720575941624971914,720575940614522847,181166
720575941515784676,720575940620296107,189046
720575941491218638,720575940638410611,355682
720575941431428449,720575940632002017,76843
720575941503622743,720575940622690824,146667
720575941574092027,720575940635129952,37938
720575941503657707,720575940604903968,141988
720575941519324014,720575940616856605,139410
720575941519158488,720575940618910075,142238
720575941516689043,720575940613949034,43971
720575941502059403,720575940630658627,127007
720575941453183047,720575940639076954,18875
720575941477577524,720575940622633693,105616
720575941469945821,720575940626308117,48878
720575941459448991,720575940631372764,511870
720575941438866476,720575940624872380,62520
720575941417002780,720575940614434046,120738
720575941732769067,720575940621017633,151871
720575941478718570,720575940618634107,84849
720575941652515825,720575940615816498,209656
720575941513858124,720575940630374987,118426
720575941645720264,720575940628818492,146931
720575941576549558,720575940637686079,19801
720575941461615059,720575940632412178,44440
720575941508607838,720575940621725168,125286
720575941659438160,720575940616581186,104058
720575941408170799,720575940623706405,185977
720575941445042346,720575940620606600,79158
720575941461833924,720575940626719621,15533
720575941483358717,720575940630671734,35630
720575941409214894,720575940629509948,15835
720575941585231838,720575940630440645,18279
720575941604056505,720575940625486357,17253
720575941611457098,720575940633995181,24517
720575941516185690,720575940626813010,67573
720575941431364088,720575940622625741,84876
720575941537542888,720575940623482355,145253
720575941498599035,720575940615427734,371362
720575941527295910,720575940628429056,173031
720575941526718466,720575940616275174,530180
720575941513865425,720575940629263872,214857
720575941590154295,720575940610981362,451940
720575941593196651,720575940619108299,130821
720575941565173814,720575940622542517,77637
720575941617550037,720575940605877728,44079
720575941480419919,720575940633791935,513647
720575941460796336,720575940634512992,435223099
720575941602078137,720575940622480372,47110
720575941484216762,720575940634588642,125406
720575941470976064,720575940629232492,178532
720575941553075006,720575940637646734,72767
720575941566567271,720575940629677655,181683
720575941454999533,720575940628891863,19550
720575941537133205,720575940612584173,124238
720575941485014278,720575940638881699,47533
720575941603918009,720575940624468557,101055
720575941548403261,720575940622321663,42678
720575941690083224,720575940624111880,80986
720575941643100024,720575940628760136,38913
720575941643103096,720575940622475619,74040
720575941550355774,720575940631289484,19674
720575941624097644,720575940632474425,85254
720575941540504013,720575940626701886,40480
720575941509464530,720575940629090203,64648
720575941551198463,720575940614056810,523868
720575941391186436,720575940616596308,48229
720575941671480487,720575940626800552,97438
720575941598868009,720575940614923314,48333
720575941514491539,720575940633256599,517329
720575941631203525,720575940622912124,56913
720575941590922536,720575940629484791,65437
720575941610258918,720575940633307475,555651
720575941432389079,720575940622253704,48315
720575941687752972,720575940629938731,30255
720575941503830066,720575940605928066,53669
720575941651743729,720575940615451451,60146
720575941572850590,720575940622693414,521631
720575941527000420,720575940623690471,65389
720575941626330425,720575940640368859,109808
720575941450103930,720575940612546991,41263
720575941535135666,720575940621882308,95508
720575941562319250,720575940628682752,66368
720575941468793463,720575940624593982,59681
720575941545369524,720575940625655992,36986
720575941519301804,720575940628653711,129029
720575941505794213,720575940630572359,51086
720575941687730956,720575940624020723,106050
720575941611268828,720575940614955304,455618
720575941439962965,720575940604749758,42756
720575941582059615,720575940615943313,36081
720575941605846381,720575940622667155,62764
720575941475252289,720575940631124598,50531
720575941510663122,720575940630336463,32917
720575941599692073,720575940625822809,69272
720575941436092434,720575940632626146,45239
720575941517066899,720575940628744721,57156
720575941602284278,720575940659856001,160606
720575941437536556,720575940618266459,527408
720575941577501429,720575940631230508,52456
720575941508023169,720575940623312876,46857
720575941506603429,720575940626916936,21721
720575941624538506,720575940623026419,62698
720575941590196791,720575940627332708,49381
720575941534952474,720575940612553189,56909
720575941490486729,720575940629196023,29954
720575941461622724,720575940603495340,73966
720575941440446805,720575940615313851,45115
720575941688443254,720575940612773338,96835
720575941445026730,720575940628365211,32014
720575941554964051,720575940616133186,50368
720575941587375940,720575940611221397,59745
720575941626145081,720575940610940462,58092
720575941491440871,720575940612078102,54244
720575941458825200,720575940617077772,39190
720575941609886950,720575940637671342,15366
720575941541945117,720575940628343143,40767
720575941609920745,720575940631378892,54488
720575941537771250,720575940644608036,92339
720575941686724620,720575940631254588,33235
720575941485205133,720575940625752451,42475
720575941428829103,720575940645117640,130355
720575941668955123,720575940629753807,511914
720575941587095620,720575940606745190,15579
720575941666267379,720575940649571961,131408
720575941555294803,720575940627917315,20004
720575941555045530,720575940632769180,32597
720575941449904974,720575940633888211,66683
720575941617780351,720575940630851036,107513
720575941569196532,720575940607088329,56541
720575941496221568,720575940637415086,81332
720575941642779000,720575940611564506,97634
720575941686580342,720575940633360610,531003
720575941685678575,720575940624574537,515973
720575941572667656,720575940618723531,25041
720575941554589185,720575940626097681,79417
720575941474943786,720575940627546217,95233
720575941587007300,720575940613005791,114281
720575941451176617,720575940622862324,513274
720575941503792834,720575940630342135,51977
720575941477632052,720575940637178714,41567
720575941570386590,720575940620958558,50548
720575941721185338,720575940604351078,538090
720575941456874655,720575940646051694,100060
720575941624101002,720575940630914863,48674
720575941467615709,720575940644355351,49349
720575941490765621,720575940633685459,11225
720575941551956763,720575940630466346,37009
720575941438828050,720575940618924379,54327
720575941511704908,720575940610311025,52964
720575941651491857,720575940631176310,36154
720575941446466580,720575940629012012,78485
720575941535734506,720575940627889033,22374
720575941574606696,720575940643740452,35802
720575941643279304,720575940613261795,511803
720575941590982398,720575940641607888,41751
720575941524725325,720575940627100176,44805
720575941652915161,720575940623208269,94773
720575941596525445,720575940626742769,43289
720575941496953929,720575940629411781,25558
720575941500799115,720575940616738683,95704
720575941628411449,720575940625056266,532403
720575941393183382,720575940610630553,100284
720575941540854045,720575940615856267,556461
720575941667722417,720575940614349535,56904
720575941437291327,720575940618844501,61102
720575941534221594,720575940628777371,57441
720575941502395586,720575940630878519,52409
720575941649827093,720575940625769530,526904
720575941593918827,720575940631292667,520331
720575941483980474,720575940648342905,50639
720575941546915516,720575940625675010,88531
720575941497669794,720575940622620961,45447
720575941512649681,720575940620764692,513097
720575941461949892,720575940630204098,25340
720575941489145550,720575940623368629,82522
720575941464808022,720575940621228992,98904
720575941411270767,720575940628788552,593936
720575941617906559,720575940621535809,70535
720575941536588570,720575940618860081,518150
720575941526759780,720575940622619018,100764
720575941427987284,720575940618566657,47047
720575941471712523,720575940622497791,36202
720575941505019973,720575940619685803,62238
720575941496912865,720575940621608363,140524
720575941623915931,720575940623429645,64055
720575941603354297,720575940621962219,33913
720575941459870534,720575940626542985,63084
720575941590763660,720575940628499582,81848
720575941626786186,720575940648664708,534443
720575941451224142,720575940631589284,58292
720575941505898812,720575940628238479,59056
720575941569817202,720575940637558589,110053
720575941447606709,720575940622419480,516925
720575941554202395,720575940618940096,50288
720575941541990236,720575940623125491,83730
720575941533763338,720575940620238576,85681
720575941504861207,720575940625702380,534871
720575941506407553,720575940623543309,533088
720575941452410951,720575940626462184,51478
720575941577104985,720575940627030790,41389
720575941554151707,720575940627709287,535198
720575941571278408,720575940627287482,515404
720575941567654388,720575940629135607,52632
720575941450270813,720575940623326443,58634
720575941460503622,720575940611905331,153019
720575941436923922,720575940619395494,523460
720575941639106847,720575940611134833,29469
720575941569342452,720575940622570278,91310
720575941414126737,720575940627663515,111833
720575941475677470,720575940612854378,81551
720575941626198939,720575940627836354,512921
720575941594954454,720575940622958059,514032
720575941451201193,720575940624998192,94219
720575941528259494,720575940620200624,137947
720575941625946681,720575940627255811,52269
720575941485902288,720575940630131919,93287
720575941643287240,720575940638822205,534456
720575941526917453,720575940635090457,533309
720575941495354055,720575940619367105,89956
720575941435337760,720575940621020893,59988
720575941390795012,720575940623435239,104321
720575941540671005,720575940625943165,84033
720575941527766968,720575940630692456,39849
720575941567367930,720575940624514704,55135
720575941463152528,720575940617763046,32523
720575941470800247,720575940605024386,25270
720575941567626484,720575940628206439,540260
720575941559254317,720575940620750463,64232
720575941593161256,720575940629016364,105852
720575941488243664,720575940615006248,822047
720575941408893358,720575940630720382,77990
720575941486444866,720575940614829730,29066
720575941477735233,720575940625161368,533460
720575941485502726,720575940623145876,95889
720575941685508079,720575940610488213,86569
720575941622377468,720575940610475994,559848
720575941581421151,720575940637119302,102318
720575941688731288,720575940613799218,525420
720575941687987439,720575940632745186,535930
720575941439665727,720575940635479950,519019
720575941544142185,720575940607641867,44411
720575941546036872,720575940626257930,30430
720575941448048404,720575940611201998,536469
720575941537573618,720575940604268972,56035
720575941562212242,720575940624226963,80540
720575941509750226,720575940621259875,15951
720575941514558355,720575940604907710,517828
720575941513721593,720575940638927960,55739
720575941487096070,720575940639072128,19853
720575941432146273,720575940619857798,534524
720575941486747970,720575940622964477,25125
720575941554453275,720575940627740432,66510
720575941449971066,720575940632592609,40105
720575941579043665,720575940623737831,59586
720575941611371484,720575940622162456,29898
720575941614196755,720575940648360580,14971
720575941650002709,720575940626416442,42031
720575941666268403,720575940616390237,61689
720575941649850133,720575940630112411,48635
720575941612107181,720575940629620779,72634
720575941557982479,720575940614190767,198498
720575941573950472,720575940619949878,195407
720575941450746183,720575940621772148,540251
720575941595114023,720575940622110335,39351
720575941562221458,720575940642426357,28973
720575941478103873,720575940634107290,32765
720575941578091097,720575940629148163,28761
720575941405094000,720575940617888788,64186
720575941533603562,720575940611600226,530438
720575941429210799,720575940634682487,74385
720575941593389095,720575940612165859,89903
720575941440039647,720575940630482503,93624
720575941540951325,720575940613256982,87976
720575941514014554,720575940635870576,153605
720575941508524417,720575940655940001,95075
720575941554660250,720575940639199977,31607
720575941594487589,720575940604212396,28243
720575941462504592,720575940628412944,76614
720575941483585789,720575940612133489,48907
720575941593451047,720575940611750618,82870
720575941686682380,720575940614412511,69476
720575941524957028,720575940616341563,47326
720575941481236303,720575940617024818,28862
720575941449247822,720575940615966918,52102
720575941505150743,720575940631275863,118513
720575941461032659,720575940627511582,19834
720575941553369171,720575940635435159,53571
720575941666505459,720575940632674605,128161
720575941533268056,720575940618366528,113100
720575941547978557,720575940610814682,117828
720575941638621301,720575940617932101,87830
720575941623810442,720575940627564135,59514
720575941631359392,720575940653367030,104132
720575941403058800,720575940637250661,30017
720575941561774893,720575940620475339,129919
720575941526055846,720575940622408542,60211
720575941657308184,720575940621678942,42956
720575941555372289,720575940629850895,92216
720575941545039109,720575940648798073,63658
720575941452672563,720575940630388086,133181
720575941588886014,720575940622309921,88083
720575941457170672,720575940621602047,66013
720575941590200574,720575940628685762,43534
720575941551993735,720575940617779781,78507
720575941577354577,720575940619689024,78087
720575941564283702,720575940625127728,38639
720575941629400802,720575940633333729,67658
720575941512258892,720575940624362227,77177
720575941447874229,720575940644164718,114793
720575941486125008,720575940625631896,58799
720575941511884108,720575940639864565,55041
720575941624176330,720575940629183337,51135
720575941513911043,720575940613821290,27566
720575941478871715,720575940626481964,107858
720575941537147797,720575940613118760,97899
720575941504526396,720575940629082359,50741
720575941550146303,720575940610047698,113218
720575941473084714,720575940606577865,130953
720575941686748172,720575940633212316,83483
720575941691104152,720575940610582852,55238
720575941534695706,720575940622569619,49801
720575941476713322,720575940610202069,82836
720575941609316170,720575940638835800,43094
720575941569353722,720575940621573161,36705
720575941645317793,720575940630464824,72873
720575941679151805,720575940633372129,114444
720575941484828934,720575940634414999,120898
720575941643440033,720575940626510789,97792
720575941657572432,720575940617636609,127542
720575941564383591,720575940626177417,74989
720575941622566908,720575940632640993,40614
720575941571664712,720575940616396703,154065
720575941474068064,720575940631964729,196908
720575941499125217,720575940621107336,54235
720575941668013745,720575940633683757,135185
720575941489902901,720575940625318804,23906
720575941498483425,720575940622713929,24508
720575941546410376,720575940626220588,149027
720575941508476254,720575940607174153,61242
720575941538738813,720575940611297433,53929
720575941643638472,720575940620117268,57041
720575941610569062,720575940638212942,64423
720575941580079993,720575940624999114,66269
720575941630286316,720575940634111167,147779
720575941472966698,720575940636011127,103982
720575941460197190,720575940624013606,31634
720575941641908069,720575940622486057,90856
720575941577894389,720575940633265844,60828
720575941567893550,720575940627047912,30134
720575941689039323,720575940630692906,43979
720575941466743894,720575940627408552,72782
720575941577871953,720575940626953233,51166
720575941478654176,720575940623160757,51180
720575941574513929,720575940640833013,49832
720575941469801739,720575940633283609,52941
720575941504581797,720575940607766229,48857
720575941679394749,720575940623040263,39797
720575941599718697,720575940616865058,69493
720575941483051462,720575940611953635,42897
720575941613674393,720575940623025944,158741
720575941476235316,720575940629784108,122739
720575941553314561,720575940617588198,120019
720575941503613675,720575940631643437,88033
720575941534191041,720575940628541456,154939
720575941478841474,720575940616917772,143604
720575941545489513,720575940612687346,111749
720575941554494948,720575940605398048,107379
720575941448767822,720575940631270556,103460
720575941486434310,720575940630342907,110365
720575941450987335,720575940638806591,136820
720575941540503933,720575940632093800,43630
720575941470086208,720575940623893128,42936
720575941593609767,720575940646245923,134058
720575941547543073,720575940624595893,59911
720575941656914712,720575940619597878,51464
720575941575000841,720575940648819321,85817
720575941662488632,720575940627314009,44184
720575941530553547,720575940635258487,37321
720575941516074586,720575940614723189,55891
720575941610870886,720575940616934203,107117
720575941651136789,720575940624558012,72213
720575941553175194,720575940624140732,60416
720575941429418671,720575940638698880,60673
720575941721494586,720575940611945170,46932
720575941465190998,720575940622280199,51133
720575941688757772,720575940619636206,69999
720575941529294468,720575940629475897,67612
720575941564861494,720575940659358849,49182
720575941570538398,720575940616476884,52274
720575941566351414,720575940634315115,43417
720575941689913051,720575940623917838,549223
720575941431172015,720575940616910749,52194
720575941514243321,720575940626322988,126614
720575941602182585,720575940631816143,127269
720575941488057808,720575940629317436,58459
720575941439849439,720575940607390421,45087
720575941480722050,720575940634431339,53573
720575941489966311,720575940605762406,122016
720575941553927681,720575940626183049,49436
720575941533022808,720575940631256271,56033
720575941454660845,720575940624122908,90523
720575941537408242,720575940612365464,111714
720575941477562474,720575940650450934,85707
720575941572713224,720575940624083470,44716
720575941642499922,720575940622908745,121148
720575941450231418,720575940640217845,32400
720575941485020678,720575940610690709,123842
720575941554589412,720575940642459021,111964
720575941572724637,720575940650521209,101072
720575941475531806,720575940623087498,110386
720575941572717576,720575940631994193,125440
720575941454768877,720575940631186596,132079
720575941572998045,720575940646080803,67003
720575941574951016,720575940618458461,17945
720575941483713021,720575940644151752,110911
720575941653284825,720575940603596972,41769
720575941431404792,720575940628584954,47061
720575941579239413,720575940627558188,113759
720575941558605092,720575940628791573,16748
720575941639521909,720575940627844943,59028
720575941488820937,720575940629109079,44979
720575941643403464,720575940633053847,45329
720575941602236345,720575940624384037,37050
720575941517220780,720575940621334989,50963
720575941552068743,720575940628460968,72214
720575941505726373,720575940615985989,32063
720575941689681560,720575940626233512,20303
720575941351483696,720575940621380011,30585
720575941502000875,720575940608938076,74063
720575941622726396,720575940608165298,47704
720575941624387018,720575940621454501,48546
720575941469404939,720575940631359279,48384
720575941506978433,720575940630119224,37485
720575941476285505,720575940611275310,36421
720575941577785169,720575940618069077,112231
720575941651817745,720575940630088955,41376
720575941391464196,720575940607152085,41881
720575941578850385,720575940645603095,51397
720575941590222590,720575940632851993,57850
720575941639518239,720575940615457851,29119
720575941448513373,720575940612971157,29315
720575941540902941,720575940631187048,28823
720575941544867433,720575940632103251,34582
720575941637298805,720575940613561868,27544
720575941631134405,720575940611055310,225097
720575941539254514,720575940610493809,176841
720575941533468760,720575940607473931,63399
720575941556787620,720575940631694050,53449
720575941486214150,720575940613384562,21120
720575941471603467,720575940629508478,29112
720575941462813328,720575940623160583,31439
720575941456797168,720575940608720137,123386
720575941450770503,720575940615040943,94023
720575941502685122,720575940627685419,136526
720575941511902028,720575940629435497,115065
720575941473135146,720575940623724071,30890
720575941601983990,720575940633697983,107303
720575941496410235,720575940639476864,117105
720575941627499833,720575940646216227,45218
720575941610448742,720575940629592571,48606
720575941688976792,720575940612788008,66612
720575941534616152,720575940624244922,25636
720575941511345362,720575940622946854,36903
720575941651731473,720575940636536238,117871
720575941598547648,720575940615925298,41071
720575941554276068,720575940619496640,42288
720575941613646044,720575940614582765,59515
720575941433341710,720575940625662360,47058
720575941436041490,720575940639103952,95605
720575941516830636,720575940628953559,91204
720575941590560040,720575940618135973,26769
720575941434150432,720575940652611745,22966
720575941565758615,720575940644096366,63665
720575941411607953,720575940638837363,43766
720575941583256159,720575940603672032,60336
720575941461285843,720575940620028737,81292
720575941498895177,720575940621953133,39520
720575941588759038,720575940631902035,44228
720575941444453802,720575940624537240,52597
720575941544540521,720575940619927105,55671
720575941483704829,720575940619390086,66410
720575941559493421,720575940630009339,99161
720575941569401588,720575940615998091,48645
720575941463750413,720575940610219618,45394
720575941643473096,720575940608010453,39388
720575941655632340,720575940626488914,50719
720575941473003562,720575940614052970,46256
720575941429258671,720575940624081852,107583
720575941391084804,720575940627623467,44360
720575941429294985,720575940630577450,59322
720575941609648617,720575940635722597,44638
720575941457388272,720575940617983355,72228
720575941548179060,720575940633298380,82421
720575941650037269,720575940611550426,30566
720575941603740350,720575940622299606,74566
720575941535957731,720575940623928333,36693
720575941565735734,720575940617496896,77255
720575941504327077,720575940634785460,42706
720575941641746533,720575940624611835,146706
720575941521293815,720575940631773523,37612
720575941393503638,720575940622213853,53345
720575941588847870,720575940615481461,72025
720575941552180507,720575940618552806,60371
720575941559541293,720575940615135998,92197
720575941481232070,720575940629524780,41371
720575941391216022,720575940637104710,89255
720575941603197886,720575940624708169,112688
720575941476826929,720575940640289368,58535
720575941686930038,720575940640753104,149903
720575941514153059,720575940625180803,35549
720575941462088973,720575940611118126,61130
720575941590581502,720575940619434432,36867
720575941401613091,720575940632401804,38360
720575941570592670,720575940617226869,100402
720575941541586717,720575940639646022,53419
720575941597126044,720575940605020337,32183
720575941445111978,720575940619978363,48263
720575941506792471,720575940624265511,21993
720575941450859847,720575940634365364,53918
720575941555122771,720575940616004255,27378
720575941595468325,720575940630502162,106223
720575941550260084,720575940618543873,107259
720575941610936553,720575940620179160,86158
720575941572376059,720575940633218863,21336
720575941490904012,720575940634451311,58493
720575941408671791,720575940624186407,26788
720575941554393060,720575940629078011,38881
720575941464975190,720575940628849668,20694
720575941535714280,720575940627675497,32661
720575941589609612,720575940624238640,20874
720575941452076410,720575940623435189,24117
720575941547571517,720575940624961667,33904
720575941595495975,720575940630024259,47109
720575941642903416,720575940619000815,59811
720575941513803217,720575940637545013,30942
720575941491237836,720575940607484939,46698
720575941412622191,720575940617446539,34821
720575941594058353,720575940627349578,77538
720575941503811010,720575940654171809,48297
720575941571827272,720575940614082194,56550
720575941483943421,720575940619276459,29959
720575941436636946,720575940619986676,59999
720575941575823286,720575940610483930,55533
720575941506447013,720575940608076210,37245
720575941611524060,720575940625162754,61099
720575941564904551,720575940625313881,56803
720575941572575240,720575940629161334,54929
720575941519123628,720575940629860815,39422
720575941583985759,720575940624123536,56267
720575941459883460,720575940620332577,32585
720575941668001457,720575940648920953,45606
720575941471191563,720575940620642287,43545
720575941521485815,720575940624672868,49359
720575941411046767,720575940634040312,58178
720575941645251704,720575940604125286,43242
720575941496548731,720575940640369883,51332
720575941436488236,720575940626073098,40726
720575941586720734,720575940615338891,49089
720575941413784977,720575940635051545,42898
720575941568736500,720575940641251792,63110
720575941553709651,720575940606992395,42358
720575941403107952,720575940634821733,57192
720575941562466706,720575940631414223,60635
720575941439711835,720575940624823283,149488
720575941479448143,720575940621281485,69344
720575941609306954,720575940629932547,45914
720575941651152405,720575940638968920,32257
720575941401905955,720575940634331036,40766
720575941547956797,720575940624013287,24253
720575941535055848,720575940614330258,28031
720575941578534645,720575940633378274,112201
720575941481376847,720575940632787863,41152
720575941581807225,720575940614712115,41166
720575941573041929,720575940618445241,128686
720575941603056318,720575940625818501,47504
720575941558311795,720575940637911118,41099
720575941685783535,720575940608581188,62693
720575941504669975,720575940621922925,65915
720575941459601734,720575940609998805,63036
720575941642602360,720575940631086151,47016
720575941538282109,720575940621832630,66086
720575941511647564,720575940628915718,67807
720575941609448937,720575940629531139,80145
720575941553272065,720575940640766336,24114
720575941643454113,720575940623138708,60680
720575941582578527,720575940624790781,21287
720575941479489359,720575940621522458,21165
720575941468551901,720575940618267227,20808
720575941488529461,720575940632429794,97534
720575941636875893,720575940632810652,90987
720575941547689588,720575940634226287,35181
720575941567463412,720575940613386994,33944
720575941512554961,720575940621505404,95985
720575941488835785,720575940624499947,94567
720575941479038371,720575940624142020,49295
720575941459902916,720575940626082855,64906
720575941479379619,720575940616176852,36484
720575941547915581,720575940624712906,63961
720575941533912586,720575940615202134,52386
720575941505689404,720575940603067360,47077
720575941671000743,720575940622084774,53482
720575941514374803,720575940627317507,52741
720575941661790776,720575940614646495,51453
720575941641287269,720575940607573973,56443
720575941513630554,720575940625834554,37835
720575941503803883,720575940627978556,94128
720575941480786630,720575940621582830,61989
720575941571812254,720575940620996357,48086
720575941459202771,720575940615529019,100493
720575941639377695,720575940618275520,25584
720575941525998105,720575940622626539,37941
720575941554464740,720575940615967377,19608
720575941476231530,720575940631087431,79084
720575941573570703,720575940616989964,25463
720575941623777900,720575940609585250,65843
720575941577900377,720575940633219399,40183
720575941412597140,720575940637848179,52314
720575941521223415,720575940628308904,61937
720575941643406024,720575940626489644,103346
720575941535812033,720575940621011696,124458
720575941506654814,720575940626852373,112750
720575941688864475,720575940619453611,125024
720575941526095782,720575940644084503,40298
720575941530832869,720575940623440639,90321
720575941548374388,720575940642908813,96404
720575941441917903,720575940621023526,65682
720575941469487627,720575940636804927,54821
720575941601965814,720575940623116582,112745
720575941558647923,720575940617861755,120943
720575941443321258,720575940626729349,39551
720575941687771375,720575940632435999,133411
720575941611607260,720575940606920578,126710
720575941439947867,720575940627066884,38101
720575941553101569,720575940635093785,126075
720575941563864471,720575940615630934,115673
720575941609795817,720575940619438539,119876
720575941631208389,720575940630706683,122607
720575941643547297,720575940627170250,124468
720575941626692665,720575940617812441,24398
720575941502380887,720575940608074162,104418
720575941533864114,720575940606665564,47404
720575941482001850,720575940615088894,138214
720575941577390417,720575940611591907,43769
720575941688794742,720575940628871276,36932
720575941436293920,720575940607887746,16154
720575941482146499,720575940653299617,25350
720575941448185934,720575940621807599,13574
720575941522572791,720575940638722138,19623
720575941490580021,720575940610499570,16021
720575941487303120,720575940626678035,515064
720575941448025013,720575940631107403,35508
720575941599042089,720575940640425806,27000
720575941590914558,720575940625150443,130534
720575941653043473,720575940618486219,39664
720575941438626645,720575940614180333,94413
720575941433795726,720575940625820293,50243
720575941545234793,720575940620606061,112142
720575941461725840,720575940622926412,48761
720575941564541440,720575940629901328,145374
720575941452382535,720575940629459671,514280
720575941534627610,720575940630065995,63636
720575941578719833,720575940615201675,16590
720575941400457251,720575940628656683,140866
720575941536620314,720575940607718101,54492
720575941592006507,720575940629333868,61771
720575941591359272,720575940628793856,26352
720575941626160748,720575940622783368,78022
720575941593923947,720575940625133770,512536
720575941546666376,720575940645288740,73812
720575941615101081,720575940627471619,13909
720575941450104910,720575940607245186,49449
720575941562476434,720575940627887888,107876
720575941587449924,720575940631212115,47599
720575941475615262,720575940620158384,49643
720575941448907086,720575940629669531,32946
720575941536184330,720575940622240355,29186
720575941530938597,720575940628632064,58228
720575941566793774,720575940625893834,24854
720575941525208141,720575940612499662,22510
720575941470212928,720575940622489235,27211
720575941407316142,720575940634690529,48901
720575941534400010,720575940645308196,20979
720575941666613747,720575940621260052,30714
720575941578246901,720575940616179050,80504
720575941353180976,720575940627400522,24283
720575941655360724,720575940617652180,70262
720575941458278470,720575940615933078,52648
720575941688425484,720575940613830722,58668
720575941551868671,720575940623271894,12240
720575941514237393,720575940621596587,11539
720575941430658007,720575940641626056,24772
720575941564748178,720575940618927892,100103
720575941481537222,720575940628064260,518983
720575941552883774,720575940623652083,34407
720575941409801131,720575940640987776,40633
720575941552888730,720575940612874536,525844
720575941477640257,720575940611439587,62587
720575941568154994,720575940635515232,39947
720575941657211928,720575940609548920,42815
720575941520523447,720575940628163461,514975
720575941574888457,720575940626752655,53344
720575941465715030,720575940610485145,41690
720575941593959531,720575940613337041,53523
720575941721719098,720575940622511507,514123
720575941566705710,720575940624062355,89238
720575941688026607,720575940618064950,84834
720575941593764645,720575940646118276,531187
720575941662014776,720575940627846955,88164
720575941508912656,720575940622280447,515304
720575941565199719,720575940612473640,80835
720575941466046486,720575940637122111,58265
720575941536032232,720575940621337880,47450
720575941451781801,720575940617984212,100316
720575941492002023,720575940626577490,54031
720575941631434437,720575940644521582,535233
720575941409603243,720575940630446970,46745
720575941453181255,720575940622732266,560574
720575941686419439,720575940633272147,110906
720575941553786010,720575940640228736,20499
720575941657318168,720575940643696676,118502
720575941469547485,720575940624063420,107064
720575941577191001,720575940626285872,46414
720575941548168072,720575940623307303,531169
720575941502337111,720575940631760441,64344
720575941536122088,720575940623356040,28217
720575941470024715,720575940615350284,21205
720575941573068701,720575940630429945,80906
720575941642868050,720575940619889729,88922
720575941505868055,720575940619454379,112775
720575941657333016,720575940624489708,102769
720575941411445615,720575940637688639,90900
720575941533800170,720575940622710655,104825
720575941462441997,720575940649361785,118929
720575941553836545,720575940627681103,98425
720575941668426161,720575940641648436,86578
720575941574285711,720575940614147123,104990
720575941575413352,720575940616731665,95390
720575941565345639,720575940640999309,123419
720575941569311858,720575940630420730,88725
720575941578379345,720575940642643252,98193
720575941436975404,720575940625668878,88815
720575941497633353,720575940621617391,86697
720575941687335798,720575940631570733,108099
720575941612821267,720575940629941900,139973
720575941446744596,720575940618961773,70790
720575941430785633,720575940634065433,94669
720575941514691162,720575940618658171,118084
720575941670106279,720575940632593735,108516
720575941513762371,720575940627378965,128149
720575941548210977,720575940631809091,76140
720575941497688033,720575940643192205,134350
720575941541362524,720575940630756712,131070
720575941643990472,720575940632453459,99814
720575941453599027,720575940645524846,84762
720575941533818712,720575940634954009,90763
720575941562723218,720575940654702753,113496
720575941516096003,720575940606212786,58311
720575941476395585,720575940617343557,51640
720575941512563921,720575940621047888,17836
720575941503321138,720575940612775958,109816
720575941654166996,720575940638428998,107945
720575941593996327,720575940627834511,106182
720575941557681572,720575940638421582,27659
720575941490712885,720575940607575051,22102
720575941526801252,720575940623041717,78840
720575941521356791,720575940617145361,111286
720575941558889198,720575940620279131,104607
720575941504964517,720575940640632528,132532
720575941604127478,720575940628844048,165295
720575941475817777,720575940642442184,19820
720575941556172627,720575940627363356,52652
720575941431300088,720575940631612012,516847
720575941439945813,720575940644843118,148364
720575941450704762,720575940628484201,519975
720575941562777234,720575940628708868,36311
720575941453162311,720575940630981796,44126
720575941474364256,720575940629993167,20378
720575941625587308,720575940621042270,28088
720575941654178004,720575940620459284,37305
720575941533149669,720575940608221891,40304
720575941415249948,720575940630545483,23599
720575941552407687,720575940620346305,82042
720575941543536901,720575940612696854,124835
720575941592265579,720575940645786222,126733
720575941408029487,720575940619741131,119570
720575941533806770,720575940612337893,151835
720575941539085005,720575940629107984,123750
720575941593145384,720575940625623994,30436
720575941528556984,720575940645730852,64355
720575941657743184,720575940629329212,46718
720575941670299303,720575940653742753,33185
720575941640487199,720575940623382237,34654
720575941533882858,720575940614755526,30408
720575941602703350,720575940627692677,60028
720575941632353260,720575940622368294,535134
720575941613049308,720575940610581617,53157
720575941505785623,720575940605793894,94737
720575941487110210,720575940610887829,179869
720575941616293845,720575940628105883,32175
720575941427865428,720575940618544208,23363
720575941595334533,720575940608915211,72180
720575941642276453,720575940648290937,33476
720575941438288191,720575940624007056,53897
720575941425791828,720575940632764115,32391
720575941462555917,720575940636563630,140676
720575941510044882,720575940622042662,50415
720575941612891100,720575940642898376,518440
720575941540612221,720575940616325791,529192
720575941553773191,720575940631214556,51252
720575941633181115,720575940633104992,30880
720575941640375071,720575940634073825,55400
720575941442352591,720575940647369507,15804
720575941595873063,720575940632828441,59171
720575941460534227,720575940632124714,79535
720575941506516037,720575940618475992,514996
720575941579387637,720575940626132101,30217
720575941594090023,720575940623428937,95266
720575941533810520,720575940623043307,40947
720575941623027708,720575940622510832,78762
720575941439852479,720575940630454263,119506
720575941536956392,720575940623343613,85070
720575941529160376,720575940627305212,68536
720575941569478394,720575940607854531,32223
720575941520009907,720575940614310627,72364
720575941480941903,720575940629153020,10034
720575941567617582,720575940615974294,107293
720575941402440995,720575940617219933,553895
720575941449518685,720575940630848579,93495
720575941452364103,720575940621712152,64092
720575941554230170,720575940627809960,58593
720575941518650222,720575940629806206,153859
720575941625519468,720575940613876787,88166
720575941594812273,720575940622846099,63612
720575941606494573,720575940621146956,43867
720575941633145541,720575940629568300,37316
720575941516155226,720575940616946900,556376
720575941667125491,720575940627090664,30719
720575941573934331,720575940611229297,76309
720575941594165287,720575940628746490,25084
720575941441336271,720575940626126622,38675
720575941644514642,720575940622556457,130147
720575941478581610,720575940617035521,514004
720575941449355869,720575940607580171,157159
720575941486693517,720575940612335714,23160
720575941549100093,720575940614205708,56087
720575941559350766,720575940627209990,103364
720575941611159213,720575940628433511,50185
720575941492506544,720575940643398180,90296
720575941544884229,720575940632316690,103997
720575941480655746,720575940610545561,159797
720575941559592051,720575940635767524,927157
720575941510759440,720575940614254860,28371
720575941536948456,720575940636807652,45722
720575941574889225,720575940616025750,61849
720575941565761687,720575940624294143,30406
720575941532745347,720575940628716294,12661
720575941461996944,720575940629248374,16432
720575941658318928,720575940609393506,63107
720575941573481211,720575940634103671,46668
720575941654273753,720575940611080410,55845
720575941702419162,720575940613022367,55061
720575941545008901,720575940638563968,57490
720575941563484818,720575940620578645,43698
720575941460509651,720575940629368015,17544
720575941482334662,720575940623706365,44424
720575941574456840,720575940628221227,61796
720575941431973217,720575940621810415,114587
720575941502135691,720575940625755413,68029
720575941559351311,720575940640229437,74205
720575941522667511,720575940637852590,100866
720575941515332675,720575940648768377,144305
720575941627946553,720575940644907543,53885
720575941435309856,720575940627141066,64805
720575941533612931,720575940625045790,242286
720575941546593716,720575940635243182,31183
720575941538378226,720575940621953264,67975
720575941523572471,720575940616333627,42154
720575941631980524,720575940630454867,102366
720575941507619874,720575940613463954,25625
720575941535450817,720575940622431049,69274
720575941470785547,720575940627042308,166832
720575941642853733,720575940627103484,61942
720575941592937579,720575940627261190,43218
720575941539394965,720575940608093449,153713
720575941687985135,720575940631591199,216960
720575941486591810,720575940620717551,518234
720575941534241624,720575940634402411,25700
720575941529216952,720575940624742032,41172
720575941688684812,720575940609905220,84604
720575941519854190,720575940637212894,55164
720575941570053364,720575940618923344,50344
720575941533014245,720575940618551345,72476
720575941550240829,720575940612319155,37275
720575941569534458,720575940609181508,80354
720575941467931414,720575940632842963,136957
720575941439292479,720575940633352929,61177
720575941627477049,720575940651619318,61573
720575941569031674,720575940649865718,204303
720575941491214286,720575940619587520,22140
720575941452943273,720575940625503321,25555
720575941625734538,720575940613803747,54308
720575941537119971,720575940641323405,21207
720575941558369907,720575940609664963,35873
720575941575021725,720575940612293730,63344
720575941401227299,720575940622440486,515653
720575941530757835,720575940628966912,513717
720575941652645873,720575940631586924,36233
720575941545932220,720575940614046687,79913
720575941553887879,720575940628008196,524695
720575941537568488,720575940636242153,21912
720575941652322837,720575940616998668,18542
720575941522706167,720575940620206356,49568
720575941458539935,720575940619737070,43937
720575941514035921,720575940637788605,514994
720575941439430463,720575940639003470,109450
720575941567584302,720575940604643872,518222
720575941476847153,720575940645925508,78501
720575941476858420,720575940629972431,517688
720575941538885013,720575940615677499,520167
720575941556302308,720575940618156381,512269
720575941518633176,720575940614309039,70808
720575941579715409,720575940631684321,147622
720575941572911176,720575940639453555,77225
720575941473302880,720575940624666604,41889
720575941539722109,720575940612173738,82348
720575941467070742,720575940630799161,102974
720575941574145949,720575940632659938,30944
720575941410567083,720575940606039072,57913
720575941538002659,720575940622627466,110291
720575941480383139,720575940646439044,57232
720575941504685762,720575940618184896,116137
720575941690353371,720575940631900845,22857
720575941412846959,720575940626408454,23237
720575941495704775,720575940612031469,17028
720575941579230197,720575940625063098,532451
720575941688180492,720575940615731818,43164
720575941407910574,720575940613664790,107891
720575941462924944,720575940635662510,541628
720575941505877564,720575940630765047,83653
720575941549109281,720575940624429389,28424
720575941474250026,720575940637891049,28868
720575941490923212,720575940636802270,20947
720575941452354887,720575940614581516,77976
720575941538554261,720575940609956547,76432
720575941460805843,720575940639383605,581122
720575941469345245,720575940614300383,542574
720575941626427338,720575940630853663,51717
720575941545978812,720575940623673331,75584
720575941456195309,720575940623295271,71199
720575941560080399,720575940611394730,63637
720575941506676247,720575940619616123,102217
720575941490395081,720575940642839092,52677
720575941506115749,720575940632116687,179020
720575941560404974,720575940611770978,18258
720575941655450068,720575940613047519,62565
720575941503550039,720575940627792401,141509
720575941508132702,720575940620929345,152763
720575941632892320,720575940623165257,159203
720575941549325089,720575940625877178,60190
720575941576455016,720575940625005031,531248
720575941595759655,720575940610171234,147396
720575941547008873,720575940625003582,24899
720575941561914925,720575940622549801,79280
720575941535176882,720575940638689001,26860
720575941536423105,720575940629559034,519695
720575941594779685,720575940619280110,437025
720575941667266547,720575940637949161,154433
720575941567366446,720575940615147788,62660
720575941578638581,720575940616426869,142083
720575941638205557,720575940633710105,106115
720575941680381117,720575940621457577,87697
720575941498627657,720575940612770418,72111
720575941498070857,720575940620537839,94310
720575941479489154,720575940625765306,160889
720575941460719044,720575940619723979,96231
720575941479763363,720575940605431840,125552
720575941438651436,720575940620012321,521384
720575941475968030,720575940620424641,66038
720575941624994459,720575940624537836,46991
720575941485639309,720575940625532689,63097
720575941555280100,720575940617143966,117811
720575941457814768,720575940622776013,92013
720575941542966557,720575940615959252,136581
720575941430048175,720575940628254263,54202
720575941622207228,720575940626999114,147696
720575941568903412,720575940617540838,112697
720575941514915065,720575940638963363,140883
720575941560103795,720575940614183218,88000
720575941415760156,720575940619465904,92679
720575941573030301,720575940632177453,156450
720575941653938905,720575940632745261,95861
720575941458019999,720575940625572240,49545
720575941642797925,720575940629952374,101010
720575941511378130,720575940624713660,83783
720575941550863871,720575940614386738,79690
720575941473055328,720575940629342458,124690
720575941479224288,720575940614784918,130324
720575941644073633,720575940643544224,81143
720575941472819296,720575940626102628,70322
720575941670132913,720575940645344110,127593
720575941514542179,720575940615895858,152548
720575941505379237,720575940629911084,68254
720575941662770044,720575940616121501,130972
720575941505433916,720575940625529477,96721
720575941571498398,720575940629894391,148486
720575941553749402,720575940658321793,66105
720575941505958053,720575940630906179,45259
720575941456337133,720575940608407049,175767
720575941458276255,720575940623231428,136046
720575941352202800,720575940623067114,138439
720575941658216272,720575940622017148,125813
720575941565461607,720575940628755023,101133
720575941468828637,720575940623400189,81233
720575941531609061,720575940615671494,103832
720575941626202267,720575940622013564,47901
720575941573422587,720575940626430339,83576
720575941433505678,720575940610029432,66911
720575941498046177,720575940614887830,75774
720575941522636023,720575940603045804,102283
720575941667452147,720575940635696535,152391
720575941612398044,720575940636430437,136240
720575941413778580,720575940623543303,133214
720575941507532066,720575940627568646,31720
720575941644788168,720575940636159198,74260
720575941554081363,720575940615263903,112040
720575941574649526,720575940621044701,145352
720575941575852136,720575940637810239,70235
720575941438716895,720575940631256168,60172
720575941517637292,720575940654491553,142769
720575941438665746,720575940617849920,50304
720575941608816202,720575940637970665,72032
720575941658032208,720575940629967756,56424
720575941441508815,720575940619895329,59442
720575941585186014,720575940629839863,56284
720575941514525955,720575940623105023,83341
720575941502256834,720575940619967879,106691
720575941627257657,720575940619487414,55998
720575941610869734,720575940649228665,152860
720575941689913240,720575940621334980,52518
720575941688312438,720575940624682426,74368
720575941590623372,720575940620282758,52402
720575941352978224,720575940631624761,51430
720575941466800406,720575940620333958,132649
720575941625541787,720575940630114108,95158
720575941515372025,720575940614822742,524809
720575941430470648,720575940634839487,73296
720575941471299959,720575940628060934,139008
720575941482957309,720575940639733211,20773
720575941625167818,720575940619519909,133671
720575941536465384,720575940634942362,129189
720575941603004406,720575940623679495,51354
720575941446789908,720575940630219055,129903
720575941577571417,720575940619795883,47026
720575941410253995,720575940621017840,83162
720575941595062897,720575940612023983,534786
720575941539895757,720575940626669957,47997
720575941614417305,720575940627367189,123421
720575941660443192,720575940643063200,138335
720575941563183623,720575940617473748,42908
720575941624995995,720575940614200426,112749
720575941595592325,720575940632010567,88655
720575941559323630,720575940611954801,90393
720575941514331203,720575940616284955,145085
720575941536989466,720575940638034751,903298
720575941515283523,720575940631647043,69650
720575941629425446,720575940626216573,53756
720575941501937547,720575940630411894,98901
720575941459644063,720575940643619863,18727
720575941604918718,720575940617864961,12969
720575941549504061,720575940625806996,45943
720575941552688702,720575940612730538,108285
720575941572873737,720575940619518854,23938
720575941471403019,720575940612697714,44097
720575941458912752,720575940626605200,100485
720575941508849281,720575940619882868,46181
720575941536595649,720575940622578985,42040
720575941508526370,720575940639494528,27249
720575941467916310,720575940613219474,40841
720575941414644884,720575940628140309,33937
720575941568703738,720575940639647184,24989
720575941476913457,720575940622462685,47357
720575941431292591,720575940620058433,165691
720575941591369356,720575940613857130,33082
720575941626162331,720575940638192829,156203
720575941574729480,720575940633182092,520343
720575941480353154,720575940613053146,544412
720575941668537331,720575940630570204,52504
720575941412612719,720575940632727577,531312
720575941474099552,720575940636201584,101274
720575941611888358,720575940623874708,30383
720575941723316282,720575940613110703,87927
720575941480613711,720575940623097271,23164
720575941574540296,720575940627134470,543394
720575941461355475,720575940631639567,26570
720575941555334401,720575940627583290,49251
720575941445030314,720575940631759052,138241
720575941569750130,720575940629231159,82165
720575941617858773,720575940636666970,181406
720575941533842307,720575940612494997,516454
720575941500233378,720575940617623350,88007
720575941417049884,720575940630509074,70204
720575941596926853,720575940635681966,144543
720575941491651020,720575940637054554,573061
720575941451172686,720575940629167612,116232
720575941453683881,720575940633227428,65108
720575941575169033,720575940625399275,92581
720575941472299072,720575940621690760,138396
720575941578890585,720575940605393888,172452
720575941514326860,720575940620465172,37783
720575941498876027,720575940622762740,516495
720575941417065756,720575940627852367,58074
720575941523626743,720575940632666649,159249
720575941440779605,720575940638077262,71195
720575941554404123,720575940646050158,93231
720575941515688259,720575940636444479,74478
720575941604088505,720575940614311135,30623
720575941626479724,720575940607964427,60824
720575941633366213,720575940620903412,515831
720575941633363141,720575940640023869,537496
720575941633632672,720575940627959880,37254
720575941503877463,720575940632267112,36190
720575941588536119,720575940628416232,512190
720575941402014499,720575940625334794,518976
720575941519571895,720575940623852996,186081
720575941555942913,720575940629606641,529246
720575941652648177,720575940622787711,63745
